Dj Grams 3-4,#8800FF
0.471000000476837,3.016000000000030
0.528999999523163,3.016000000000030
0.455000000476837,3.016100000000030
0.544999999523163,3.016100000000030
0.456031250000000,3.016100000000030
0.543968750000000,3.016100000000030
0.444500000000000,3.016200000000030
0.555500000000000,3.016200000000030
0.434000000476837,3.016300000000030
0.565999999523163,3.016300000000030
0.435062500000000,3.016300000000030
0.564937500000000,3.016300000000030
0.426000000476837,3.016400000000030
0.573999999523163,3.016400000000030
0.419250000000000,3.016500000000030
0.580750000000000,3.016500000000030
0.583999998569488,3.016500000000030
0.416000001430512,3.016500000000030
0.412500000000000,3.016600000000040
0.587500000000000,3.016600000000040
0.590937500000000,3.016600000000040
0.409062500000000,3.016600000000040
0.406250000000000,3.016700000000040
0.593750000000000,3.016700000000040
0.597999618053436,3.016700000000040
0.402000381946564,3.016700000000040
0.400250000000000,3.016800000000040
0.599750000000000,3.016800000000040
0.604999869823456,3.016800000000040
0.395000130176544,3.016800000000040
0.394500000000000,3.016900000000040
0.605500000000000,3.016900000000040
0.610999449253082,3.016900000000040
0.389000550746918,3.016900000000040
0.388000000476837,3.017000000000040
0.611999999523163,3.017000000000040
0.389125000000000,3.017000000000040
0.610875000000000,3.017000000000040
0.616999906063080,3.017000000000040
0.383000093936920,3.017000000000040
0.383000000476837,3.017100000000040
0.616999999523163,3.017100000000040
0.622999544620514,3.017100000000040
0.377000455379486,3.017100000000040
0.378000000476837,3.017200000000040
0.621999999523163,3.017200000000040
0.627875000000000,3.017200000000040
0.372125000000000,3.017200000000040
0.373000000476837,3.017300000000040
0.626999999523163,3.017300000000040
0.633998064517975,3.017300000000040
0.366001935482025,3.017300000000040
0.368000000476837,3.017400000000040
0.631999999523163,3.017400000000040
0.369062500000000,3.017400000000040
0.630937500000000,3.017400000000040
0.638875000000000,3.017400000000040
0.361125000000000,3.017400000000040
0.364250000000000,3.017500000000040
0.635750000000000,3.017500000000040
0.644999721050262,3.017500000000040
0.355000278949738,3.017500000000040
0.359500000000000,3.017600000000040
0.640500000000000,3.017600000000040
0.649999989986420,3.017600000000040
0.350000010013580,3.017600000000040
0.354000000476837,3.017700000000040
0.645999999523163,3.017700000000040
0.654875000000000,3.017700000000040
0.345125000000000,3.017700000000040
0.350250000000000,3.017800000000040
0.649750000000000,3.017800000000040
0.660998173236847,3.017800000000040
0.339001826763153,3.017800000000040
0.345000000476837,3.017900000000040
0.654999999523163,3.017900000000040
0.665500000000000,3.017900000000040
0.334500000000000,3.017900000000040
0.340000000476837,3.018000000000040
0.659999999523163,3.018000000000040
0.341250000000000,3.018000000000040
0.658750000000000,3.018000000000040
0.670750000000000,3.018000000000040
0.329250000000000,3.018000000000040
0.336500000000000,3.018100000000040
0.663500000000000,3.018100000000040
0.675968750000000,3.018100000000040
0.324031250000000,3.018100000000040
0.676999999523163,3.018100000000040
0.323000000476837,3.018100000000040
0.331000000476837,3.018200000000040
0.668999999523163,3.018200000000040
0.332125000000000,3.018200000000040
0.667875000000000,3.018200000000040
0.681500000000000,3.018200000000040
0.318500000000000,3.018200000000040
0.327500000000000,3.018300000000040
0.672500000000000,3.018300000000040
0.686750000000000,3.018300000000040
0.313250000000000,3.018300000000040
0.322500000000000,3.018400000000040
0.677500000000000,3.018400000000040
0.692984227657318,3.018400000000040
0.307015772342682,3.018400000000040
0.317000000476837,3.018500000000040
0.682999999523163,3.018500000000040
0.318250000000000,3.018500000000040
0.681750000000000,3.018500000000040
0.697750000000000,3.018500000000040
0.302250000000000,3.018500000000040
0.698996213436127,3.018500000000040
0.301003786563873,3.018500000000040
0.312000000476837,3.018600000000040
0.687999999523163,3.018600000000040
0.313250000000000,3.018600000000040
0.686750000000000,3.018600000000040
0.703500000000000,3.018600000000040
0.296500000000000,3.018600000000040
0.308500000000000,3.018700000000040
0.691500000000000,3.018700000000040
0.709999598026275,3.018700000000040
0.290000401973725,3.018700000000040
0.303500000000000,3.018800000000040
0.696500000000000,3.018800000000040
0.714937500000000,3.018800000000040
0.285062500000000,3.018800000000040
0.715999998569488,3.018800000000040
0.284000001430512,3.018800000000040
0.298500000000000,3.018900000000040
0.701500000000000,3.018900000000040
0.720937500000000,3.018900000000040
0.279062500000000,3.018900000000040
0.721994352817535,3.018900000000040
0.278005647182465,3.018900000000040
0.293500000000000,3.019000000000040
0.706500000000000,3.019000000000040
0.727500000000000,3.019000000000040
0.272500000000000,3.019000000000040
0.287000000476837,3.019100000000040
0.712999999523163,3.019100000000040
0.288250000000000,3.019100000000040
0.711750000000000,3.019100000000040
0.733500000000000,3.019100000000040
0.266500000000000,3.019100000000040
0.282500000000000,3.019200000000040
0.717500000000000,3.019200000000040
0.283062500000000,3.019200000000040
0.716937500000000,3.019200000000040
0.739937500000000,3.019200000000040
0.260062500000000,3.019200000000040
0.740956587314606,3.019200000000040
0.259043412685394,3.019200000000040
0.277500000000000,3.019300000000040
0.722500000000000,3.019300000000040
0.746500000000000,3.019300000000040
0.253500000000000,3.019300000000040
0.747973390102387,3.019300000000040
0.252026609897613,3.019300000000040
0.271500000000000,3.019400000000040
0.728500000000000,3.019400000000040
0.753500000000000,3.019400000000040
0.246500000000000,3.019400000000040
0.265000000476837,3.019500000000040
0.734999999523163,3.019500000000040
0.266062500000000,3.019500000000040
0.733937500000000,3.019500000000040
0.760500000000000,3.019500000000040
0.239500000000000,3.019500000000040
0.761982566356659,3.019500000000040
0.238017433643341,3.019500000000040
0.259000000476837,3.019600000000040
0.740999999523163,3.019600000000040
0.260062500000000,3.019600000000040
0.739937500000000,3.019600000000040
0.767750000000000,3.019600000000040
0.232250000000000,3.019600000000040
0.768918206691742,3.019600000000040
0.231081793308258,3.019600000000040
0.253500000000000,3.019700000000040
0.746500000000000,3.019700000000040
0.254062500000000,3.019700000000040
0.745937500000000,3.019700000000040
0.775500000000000,3.019700000000040
0.224500000000000,3.019700000000040
0.776999509334564,3.019700000000040
0.223000490665436,3.019700000000040
0.246000000476837,3.019800000000040
0.753999999523163,3.019800000000040
0.247250000000000,3.019800000000040
0.752750000000000,3.019800000000040
0.783500000000000,3.019800000000040
0.216500000000000,3.019800000000040
0.240500000000000,3.019900000000040
0.759500000000000,3.019900000000040
0.241062500000000,3.019900000000040
0.758937500000000,3.019900000000040
0.791500000000000,3.019900000000040
0.208500000000000,3.019900000000040
0.233500000000000,3.020000000000040
0.766500000000000,3.020000000000040
0.234125000000000,3.020000000000040
0.765875000000000,3.020000000000040
0.799750000000000,3.020000000000040
0.200250000000000,3.020000000000040
0.800918469905853,3.020000000000040
0.199081530094147,3.020000000000040
0.226500000000000,3.020100000000040
0.773500000000000,3.020100000000040
0.227250000000000,3.020100000000040
0.772750000000000,3.020100000000040
0.808500000000000,3.020100000000040
0.191500000000000,3.020100000000040
0.809781032085419,3.020100000000040
0.190218967914581,3.020100000000040
0.218000000476837,3.020200000000040
0.781999999523163,3.020200000000040
0.219500000000000,3.020200000000040
0.780500000000000,3.020200000000040
0.817750000000000,3.020200000000040
0.182250000000000,3.020200000000040
0.818734375000000,3.020200000000040
0.181265625000000,3.020200000000040
0.211500000000000,3.020300000000040
0.788500000000000,3.020300000000040
0.827500000000000,3.020300000000040
0.172500000000000,3.020300000000040
0.828999365329742,3.020300000000040
0.171000634670258,3.020300000000040
0.203500000000000,3.020400000000040
0.796500000000000,3.020400000000040
0.204250000000000,3.020400000000040
0.795750000000000,3.020400000000040
0.837500000000000,3.020400000000040
0.162500000000000,3.020400000000040
0.838876106739044,3.020400000000040
0.161123893260956,3.020400000000040
0.194000000476837,3.020500000000040
0.805999999523163,3.020500000000040
0.195500000000000,3.020500000000040
0.804500000000000,3.020500000000040
0.847875000000000,3.020500000000040
0.152125000000000,3.020500000000040
0.848500000000000,3.020500000000040
0.151500000000000,3.020500000000040
0.185000000476837,3.020600000000040
0.814999999523163,3.020600000000040
0.186500000000000,3.020600000000040
0.813500000000000,3.020600000000040
0.858750000000000,3.020600000000040
0.141250000000000,3.020600000000040
0.860929633617401,3.020600000000040
0.139070366382599,3.020600000000040
0.176000000476837,3.020700000000040
0.823999999523163,3.020700000000040
0.177500000000000,3.020700000000040
0.822500000000000,3.020700000000040
0.870500000000000,3.020700000000040
0.129500000000000,3.020700000000040
0.871500000000000,3.020700000000040
0.128500000000000,3.020700000000040
0.167500000000000,3.020800000000040
0.832500000000000,3.020800000000040
0.168250000000000,3.020800000000040
0.831750000000000,3.020800000000040
0.882500000000000,3.020800000000040
0.117500000000000,3.020800000000040
0.884853004932403,3.020800000000040
0.115146995067597,3.020800000000040
0.157500000000000,3.020900000000040
0.842500000000000,3.020900000000040
0.158250000000000,3.020900000000040
0.841750000000000,3.020900000000040
0.895500000000000,3.020900000000040
0.104500000000000,3.020900000000040
0.896500000000000,3.020900000000040
0.103500000000000,3.020900000000040
0.146500000000000,3.021000000000040
0.853500000000000,3.021000000000040
0.147500000000000,3.021000000000040
0.852500000000000,3.021000000000040
0.908500000000000,3.021000000000040
0.091500000000000,3.021000000000040
0.910500000000000,3.021000000000040
0.089500000000000,3.021000000000040
0.135000000476837,3.021100000000040
0.864999999523163,3.021100000000040
0.136250000000000,3.021100000000040
0.863750000000000,3.021100000000040
0.922750000000000,3.021100000000040
0.077250000000000,3.021100000000040
0.925638782024384,3.021100000000040
0.074361217975617,3.021100000000040
0.123000000476837,3.021200000000040
0.876999999523163,3.021200000000040
0.124500000000000,3.021200000000040
0.875500000000000,3.021200000000040
0.938750000000000,3.021200000000040
0.061250000000000,3.021200000000040
0.940250000000000,3.021200000000040
0.059750000000000,3.021200000000040
0.111500000000000,3.021300000000040
0.888500000000000,3.021300000000040
0.112500000000000,3.021300000000040
0.887500000000000,3.021300000000040
0.953999877929688,3.021300000000040
0.046000122070312,3.021300000000040
0.957750491619110,3.021300000000040
0.042249508380890,3.021300000000040
0.098500000000000,3.021400000000050
0.901500000000000,3.021400000000050
0.099250000000000,3.021400000000050
0.900750000000000,3.021400000000050
0.971750000000000,3.021400000000050
0.028250000000000,3.021400000000050
0.974250000000000,3.021400000000050
0.025750000000000,3.021400000000050
0.083000000476837,3.021500000000050
0.916999999523163,3.021500000000050
0.085250000000000,3.021500000000050
0.914750000000000,3.021500000000050
0.990500000000000,3.021500000000050
0.009500000000000,3.021500000000050
0.993500000000000,3.021500000000050
0.006500000000000,3.021500000000050
0.068000000476837,3.021600000000050
0.931999999523163,3.021600000000050
0.070250000000000,3.021600000000050
0.929750000000000,3.021600000000050
0.052000000476837,3.021700000000050
0.947999999523163,3.021700000000050
0.054500000000000,3.021700000000050
0.945500000000000,3.021700000000050
0.035500000000000,3.021800000000050
0.964500000000000,3.021800000000050
0.036500000000000,3.021800000000050
0.963500000000000,3.021800000000050
0.016500000000000,3.021900000000050
0.983500000000000,3.021900000000050
0.018250000000000,3.021900000000050
0.981750000000000,3.021900000000050
0.942500000000000,3.065300000000140
0.057500000000000,3.065300000000140
0.944500000000000,3.065300000000140
0.055500000000000,3.065300000000140
0.945125000000000,3.065300000000140
0.054875000000000,3.065300000000140
0.966250000000000,3.065300000000140
0.033750000000000,3.065300000000140
0.967500000000000,3.065300000000140
0.032500000000000,3.065300000000140
0.968125000000000,3.065300000000140
0.031875000000000,3.065300000000140
0.185007812500000,3.108600000000230
0.814992187500000,3.108600000000230
0.186500000000000,3.108600000000230
0.813500000000000,3.108600000000230
0.188250000000000,3.108600000000230
0.811750000000000,3.108600000000230
0.213250000000000,3.108600000000230
0.786750000000000,3.108600000000230
0.214750000000000,3.108600000000230
0.785250000000000,3.108600000000230
0.216125000000000,3.108600000000230
0.783875000000000,3.108600000000230
0.217992187500000,3.108600000000230
0.782007812500000,3.108600000000230
0.219250000000000,3.108600000000230
0.780750000000000,3.108600000000230
0.681750000000000,3.108600000000230
0.318250000000000,3.108600000000230
0.682031250000000,3.108600000000230
0.317968750000000,3.108600000000230
0.686750000000000,3.108600000000230
0.313250000000000,3.108600000000230
0.701500000000000,3.108600000000230
0.298500000000000,3.108600000000230
0.702500000000000,3.108600000000230
0.297500000000000,3.108600000000230
0.730250000000000,3.108600000000230
0.269750000000000,3.108600000000230
0.731250000000000,3.108600000000230
0.268750000000000,3.108600000000230
0.732250000000000,3.108600000000230
0.267750000000000,3.108600000000230
0.733250000000000,3.108600000000230
0.266750000000000,3.108600000000230
0.734062500000000,3.108600000000230
0.265937500000000,3.108600000000230
0.736500000000000,3.108600000000230
0.263500000000000,3.108600000000230
0.737500000000000,3.108600000000230
0.262500000000000,3.108600000000230
0.023000244140625,3.108700000000230
0.976999755859375,3.108700000000230
0.043031250000000,3.108700000000230
0.956968750000000,3.108700000000230
0.854750000000000,3.108700000000230
0.145250000000000,3.108700000000230
0.855125000000000,3.108700000000230
0.144875000000000,3.108700000000230
0.861500000000000,3.108700000000230
0.138500000000000,3.108700000000230
0.888500000000000,3.108700000000230
0.111500000000000,3.108700000000230
0.890250000000000,3.108700000000230
0.109750000000000,3.108700000000230
0.892500000000000,3.108700000000230
0.107500000000000,3.108700000000230
0.973996093750000,3.108800000000230
0.026003906250000,3.108800000000230
0.974250000000000,3.108800000000230
0.025750000000000,3.108800000000230
0.976750000000000,3.108800000000230
0.023250000000000,3.108800000000230
0.551000000476837,3.144100000000300
0.448999999523163,3.144100000000300
0.553250000000000,3.144100000000300
0.446750000000000,3.144100000000300
0.643000000476837,3.144200000000300
0.356999999523163,3.144200000000300
0.645125000000000,3.144200000000300
0.354875000000000,3.144200000000300
0.696500000000000,3.144300000000300
0.303500000000000,3.144300000000300
0.697500000000000,3.144300000000300
0.302500000000000,3.144300000000300
0.737000000476837,3.144400000000300
0.262999999523163,3.144400000000300
0.739015625000000,3.144400000000300
0.260984375000000,3.144400000000300
0.771000000476837,3.144500000000300
0.228999999523163,3.144500000000300
0.774125000000000,3.144500000000300
0.225875000000000,3.144500000000300
0.802000000476837,3.144600000000310
0.197999999523163,3.144600000000310
0.804250000000000,3.144600000000310
0.195750000000000,3.144600000000310
0.830500000000000,3.144700000000310
0.169500000000000,3.144700000000310
0.832250000000000,3.144700000000310
0.167750000000000,3.144700000000310
0.856500000000000,3.144800000000310
0.143500000000000,3.144800000000310
0.857500000000000,3.144800000000310
0.142500000000000,3.144800000000310
0.879500000000000,3.144900000000310
0.120500000000000,3.144900000000310
0.881500000000000,3.144900000000310
0.118500000000000,3.144900000000310
0.901000000476837,3.145000000000310
0.098999999523163,3.145000000000310
0.903500000000000,3.145000000000310
0.096500000000000,3.145000000000310
0.922000000476837,3.145100000000310
0.077999999523163,3.145100000000310
0.924250000000000,3.145100000000310
0.075750000000000,3.145100000000310
0.942500000000000,3.145200000000310
0.057500000000000,3.145200000000310
0.944500000000000,3.145200000000310
0.055500000000000,3.145200000000310
0.961500000000000,3.145300000000310
0.038500000000000,3.145300000000310
0.963250000000000,3.145300000000310
0.036750000000000,3.145300000000310
0.979500000000000,3.145400000000310
0.020500000000000,3.145400000000310
0.981125000000000,3.145400000000310
0.018875000000000,3.145400000000310
0.995000000476837,3.145500000000310
0.004999999523163,3.145500000000310
0.998500000000000,3.145500000000310
0.001500000000000,3.145500000000310
0.270250000000000,3.164800000000350
0.729750000000000,3.164800000000350
0.277062500000000,3.164800000000350
0.722937500000000,3.164800000000350
0.726875000000000,3.164800000000350
0.273125000000000,3.164800000000350
0.728250000000000,3.164800000000350
0.271750000000000,3.164800000000350
0.729500000000000,3.164800000000350
0.270500000000000,3.164800000000350
0.745125000000000,3.164800000000350
0.254875000000000,3.164800000000350
0.155125000000000,3.164900000000350
0.844875000000000,3.164900000000350
0.158250000000000,3.164900000000350
0.841750000000000,3.164900000000350
0.844750000000000,3.164900000000350
0.155250000000000,3.164900000000350
0.845062500000000,3.164900000000350
0.154937500000000,3.164900000000350
0.846500000000000,3.164900000000350
0.153500000000000,3.164900000000350
0.859500000000000,3.164900000000350
0.140500000000000,3.164900000000350
0.075000000476837,3.165000000000350
0.924999999523163,3.165000000000350
0.078007812500000,3.165000000000350
0.921992187500000,3.165000000000350
0.924875000000000,3.165000000000350
0.075125000000000,3.165000000000350
0.925500000000000,3.165000000000350
0.074500000000000,3.165000000000350
0.926875000000000,3.165000000000350
0.073125000000000,3.165000000000350
0.940250000000000,3.165000000000350
0.059750000000000,3.165000000000350
0.013000000476837,3.165100000000350
0.986999999523163,3.165100000000350
0.014500000000000,3.165100000000350
0.985500000000000,3.165100000000350
0.987750000000000,3.165100000000350
0.012250000000000,3.165100000000350
0.988250000000000,3.165100000000350
0.011750000000000,3.165100000000350
0.990500000000000,3.165100000000350
0.009500000000000,3.165100000000350
0.995750000000000,3.182100000000380
0.004250000000000,3.182100000000380
0.997500000000000,3.182100000000380
0.002500000000000,3.182100000000380
0.981500000000000,3.182200000000380
0.018500000000000,3.182200000000380
0.983500000000000,3.182200000000380
0.016500000000000,3.182200000000380
0.966500000000000,3.182300000000380
0.033500000000000,3.182300000000380
0.968500000000000,3.182300000000380
0.031500000000000,3.182300000000380
0.950500000000000,3.182400000000380
0.049500000000000,3.182400000000380
0.952500000000000,3.182400000000380
0.047500000000000,3.182400000000380
0.934500000000000,3.182500000000390
0.065500000000000,3.182500000000390
0.935500000000000,3.182500000000390
0.064500000000000,3.182500000000390
0.916875000000000,3.182600000000390
0.083125000000000,3.182600000000390
0.918500000000000,3.182600000000390
0.081500000000000,3.182600000000390
0.898750000000000,3.182700000000390
0.101250000000000,3.182700000000390
0.900500000000000,3.182700000000390
0.099500000000000,3.182700000000390
0.879500000000000,3.182800000000390
0.120500000000000,3.182800000000390
0.881500000000000,3.182800000000390
0.118500000000000,3.182800000000390
0.859500000000000,3.182900000000390
0.140500000000000,3.182900000000390
0.860500000000000,3.182900000000390
0.139500000000000,3.182900000000390
0.837500000000000,3.183000000000390
0.162500000000000,3.183000000000390
0.839490881443024,3.183000000000390
0.160509118556976,3.183000000000390
0.813500000000000,3.183100000000390
0.186500000000000,3.183100000000390
0.815500000000000,3.183100000000390
0.184500000000000,3.183100000000390
0.788500000000000,3.183200000000390
0.211500000000000,3.183200000000390
0.789500000000000,3.183200000000390
0.210500000000000,3.183200000000390
0.759750000000000,3.183300000000390
0.240250000000000,3.183300000000390
0.761943965435028,3.183300000000390
0.238056034564972,3.183300000000390
0.727500000000000,3.183400000000390
0.272500000000000,3.183400000000390
0.728500000000000,3.183400000000390
0.271500000000000,3.183400000000390
0.689500000000000,3.183500000000390
0.310500000000000,3.183500000000390
0.690500000000000,3.183500000000390
0.309500000000000,3.183500000000390
0.640875000000000,3.183600000000390
0.359125000000000,3.183600000000390
0.642935673236847,3.183600000000390
0.357064326763153,3.183600000000390
0.561500000000000,3.183700000000390
0.438500000000000,3.183700000000390
0.562910129070282,3.183700000000390
0.437089870929718,3.183700000000390
0.279500000000000,3.214700000000450
0.720500000000000,3.214700000000450
0.280125000000000,3.214700000000450
0.719875000000000,3.214700000000450
0.281500000000000,3.214700000000450
0.718500000000000,3.214700000000450
0.285500000000000,3.214700000000450
0.714500000000000,3.214700000000450
0.286500000000000,3.214700000000450
0.713500000000000,3.214700000000450
0.324500000000000,3.214700000000450
0.675500000000000,3.214700000000450
0.326750000000000,3.214700000000450
0.673250000000000,3.214700000000450
0.328250000000000,3.214700000000450
0.671750000000000,3.214700000000450
0.331750000000000,3.214700000000450
0.668250000000000,3.214700000000450
0.332062500000000,3.214700000000450
0.667937500000000,3.214700000000450
0.334999984741211,3.214700000000450
0.665000015258789,3.214700000000450
0.335257907390594,3.214700000000450
0.664742092609406,3.214700000000450
0.779500000000000,3.214700000000450
0.220500000000000,3.214700000000450
0.782250000000000,3.214700000000450
0.217750000000000,3.214700000000450
0.784984375000000,3.214700000000450
0.215015625000000,3.214700000000450
0.785500000000000,3.214700000000450
0.214500000000000,3.214700000000450
0.786500000000000,3.214700000000450
0.213500000000000,3.214700000000450
0.787250000000000,3.214700000000450
0.212750000000000,3.214700000000450
0.788992187500000,3.214700000000450
0.211007812500000,3.214700000000450
0.789500000000000,3.214700000000450
0.210500000000000,3.214700000000450
0.790500000000000,3.214700000000450
0.209500000000000,3.214700000000450
0.865500000000000,3.214700000000450
0.134500000000000,3.214700000000450
0.866500000000000,3.214700000000450
0.133500000000000,3.214700000000450
0.867500000000000,3.214700000000450
0.132500000000000,3.214700000000450
0.871031250000000,3.214700000000450
0.128968750000000,3.214700000000450
0.876500000000000,3.214700000000450
0.123500000000000,3.214700000000450
0.877500000000000,3.214700000000450
0.122500000000000,3.214700000000450
0.878125000000000,3.214700000000450
0.121875000000000,3.214700000000450
0.880250000000000,3.214700000000450
0.119750000000000,3.214700000000450
0.881250000000000,3.214700000000450
0.118750000000000,3.214700000000450
0.011031250000000,3.214800000000450
0.988968750000000,3.214800000000450
0.031500000000000,3.214800000000450
0.968500000000000,3.214800000000450
0.033500000000000,3.214800000000450
0.966500000000000,3.214800000000450
0.034500000000000,3.214800000000450
0.965500000000000,3.214800000000450
0.036999023437500,3.214800000000450
0.963000976562500,3.214800000000450
0.037031250000000,3.214800000000450
0.962968750000000,3.214800000000450
0.534000000476837,3.241400000000510
0.465999999523163,3.241400000000510
0.535250000000000,3.241400000000510
0.464750000000000,3.241400000000510
0.580500000000000,3.241500000000510
0.419500000000000,3.241500000000510
0.607000000476837,3.241600000000510
0.392999999523163,3.241600000000510
0.608125000000000,3.241600000000510
0.391875000000000,3.241600000000510
0.629500000000000,3.241700000000510
0.370500000000000,3.241700000000510
0.647500000000000,3.241800000000510
0.352500000000000,3.241800000000510
0.662000000476837,3.241900000000510
0.337999999523163,3.241900000000510
0.663250000000000,3.241900000000510
0.336750000000000,3.241900000000510
0.676000000476837,3.242000000000510
0.323999999523163,3.242000000000510
0.677500000000000,3.242000000000510
0.322500000000000,3.242000000000510
0.689000000476837,3.242100000000510
0.310999999523163,3.242100000000510
0.690250000000000,3.242100000000510
0.309750000000000,3.242100000000510
0.701000000476837,3.242200000000510
0.298999999523163,3.242200000000510
0.702125000000000,3.242200000000510
0.297875000000000,3.242200000000510
0.712000000476837,3.242300000000510
0.287999999523163,3.242300000000510
0.713062500000000,3.242300000000510
0.286937500000000,3.242300000000510
0.722000000476837,3.242400000000510
0.277999999523163,3.242400000000510
0.723250000000000,3.242400000000510
0.276750000000000,3.242400000000510
0.732500000000000,3.242500000000510
0.267500000000000,3.242500000000510
0.741500000000000,3.242600000000510
0.258500000000000,3.242600000000510
0.749000000476837,3.242700000000510
0.250999999523163,3.242700000000510
0.750250000000000,3.242700000000510
0.249750000000000,3.242700000000510
0.757000000476837,3.242800000000510
0.242999999523163,3.242800000000510
0.758250000000000,3.242800000000510
0.241750000000000,3.242800000000510
0.765500000000000,3.242900000000510
0.234500000000000,3.242900000000510
0.766003906250000,3.242900000000510
0.233996093750000,3.242900000000510
0.772500000000000,3.243000000000510
0.227500000000000,3.243000000000510
0.773125000000000,3.243000000000510
0.226875000000000,3.243000000000510
0.779500000000000,3.243100000000510
0.220500000000000,3.243100000000510
0.780125000000000,3.243100000000510
0.219875000000000,3.243100000000510
0.786500000000000,3.243200000000510
0.213500000000000,3.243200000000510
0.792500000000000,3.243300000000510
0.207500000000000,3.243300000000510
0.798500000000000,3.243400000000510
0.201500000000000,3.243400000000510
0.803000000476837,3.243500000000510
0.196999999523163,3.243500000000510
0.804500000000000,3.243500000000510
0.195500000000000,3.243500000000510
0.809500000000000,3.243600000000510
0.190500000000000,3.243600000000510
0.810031250000000,3.243600000000510
0.189968750000000,3.243600000000510
0.814000000476837,3.243700000000510
0.185999999523163,3.243700000000510
0.815250000000000,3.243700000000510
0.184750000000000,3.243700000000510
0.819000000476837,3.243800000000510
0.180999999523163,3.243800000000510
0.820250000000000,3.243800000000510
0.179750000000000,3.243800000000510
0.824500000000000,3.243900000000510
0.175500000000000,3.243900000000510
0.825003906250000,3.243900000000510
0.174996093750000,3.243900000000510
0.828000000476837,3.244000000000510
0.171999999523163,3.244000000000510
0.829500000000000,3.244000000000510
0.170500000000000,3.244000000000510
0.833500000000000,3.244100000000520
0.166500000000000,3.244100000000520
0.834000488281250,3.244100000000520
0.165999511718750,3.244100000000520
0.837500000000000,3.244200000000520
0.162500000000000,3.244200000000520
0.838062500000000,3.244200000000520
0.161937500000000,3.244200000000520
0.841500000000000,3.244300000000520
0.158500000000000,3.244300000000520
0.842062500000000,3.244300000000520
0.157937500000000,3.244300000000520
0.845500000000000,3.244400000000520
0.154500000000000,3.244400000000520
0.848000000476837,3.244500000000520
0.151999999523163,3.244500000000520
0.849500000000000,3.244500000000520
0.150500000000000,3.244500000000520
0.852500000000000,3.244600000000520
0.147500000000000,3.244600000000520
0.855500000000000,3.244700000000520
0.144500000000000,3.244700000000520
0.856125000000000,3.244700000000520
0.143875000000000,3.244700000000520
0.858000000476837,3.244800000000520
0.141999999523163,3.244800000000520
0.859250000000000,3.244800000000520
0.140750000000000,3.244800000000520
0.861000000476837,3.244900000000520
0.138999999523163,3.244900000000520
0.862250000000000,3.244900000000520
0.137750000000000,3.244900000000520
0.864500000000000,3.245000000000520
0.135500000000000,3.245000000000520
0.865125000000000,3.245000000000520
0.134875000000000,3.245000000000520
0.867500000000000,3.245100000000520
0.132500000000000,3.245100000000520
0.869000000476837,3.245200000000520
0.130999999523163,3.245200000000520
0.870250000000000,3.245200000000520
0.129750000000000,3.245200000000520
0.871000000476837,3.245300000000520
0.128999999523163,3.245300000000520
0.872500000000000,3.245300000000520
0.127500000000000,3.245300000000520
0.874500000000000,3.245400000000520
0.125500000000000,3.245400000000520
0.876500000000000,3.245500000000520
0.123500000000000,3.245500000000520
0.878500000000000,3.245600000000520
0.121500000000000,3.245600000000520
0.880500000000000,3.245700000000520
0.119500000000000,3.245700000000520
0.881000000476837,3.245800000000520
0.118999999523163,3.245800000000520
0.882500000000000,3.245800000000520
0.117500000000000,3.245800000000520
0.883500000000000,3.245900000000520
0.116500000000000,3.245900000000520
0.884125000000000,3.245900000000520
0.115875000000000,3.245900000000520
0.884000000476837,3.246000000000520
0.115999999523163,3.246000000000520
0.885500000000000,3.246000000000520
0.114500000000000,3.246000000000520
0.885000000476837,3.246100000000520
0.114999999523163,3.246100000000520
0.886500000000000,3.246100000000520
0.113500000000000,3.246100000000520
0.887500000000000,3.246200000000520
0.112500000000000,3.246200000000520
0.888500000000000,3.246300000000520
0.111500000000000,3.246300000000520
0.889062500000000,3.246300000000520
0.110937500000000,3.246300000000520
0.889500000000000,3.246400000000520
0.110500000000000,3.246400000000520
0.889000000476837,3.246500000000520
0.110999999523163,3.246500000000520
0.890500000000000,3.246500000000520
0.109500000000000,3.246500000000520
0.890000000476837,3.246600000000520
0.109999999523163,3.246600000000520
0.891250000000000,3.246600000000520
0.108750000000000,3.246600000000520
0.890000000476837,3.246700000000520
0.109999999523163,3.246700000000520
0.891500000000000,3.246700000000520
0.108500000000000,3.246700000000520
0.891500000000000,3.246800000000520
0.108500000000000,3.246800000000520
0.892125000000000,3.246800000000520
0.107875000000000,3.246800000000520
0.891000000476837,3.246900000000520
0.108999999523163,3.246900000000520
0.892250000000000,3.246900000000520
0.107750000000000,3.246900000000520
0.891000000476837,3.247000000000520
0.108999999523163,3.247000000000520
0.892500000000000,3.247000000000520
0.107500000000000,3.247000000000520
0.891000000476837,3.247100000000520
0.108999999523163,3.247100000000520
0.892500000000000,3.247100000000520
0.107500000000000,3.247100000000520
0.891000000476837,3.247200000000520
0.108999999523163,3.247200000000520
0.892250000000000,3.247200000000520
0.107750000000000,3.247200000000520
0.891500000000000,3.247300000000520
0.108500000000000,3.247300000000520
0.892125000000000,3.247300000000520
0.107875000000000,3.247300000000520
0.891500000000000,3.247400000000520
0.108500000000000,3.247400000000520
0.890500000000000,3.247500000000520
0.109500000000000,3.247500000000520
0.891250000000000,3.247500000000520
0.108750000000000,3.247500000000520
0.889000000476837,3.247600000000520
0.110999999523163,3.247600000000520
0.890500000000000,3.247600000000520
0.109500000000000,3.247600000000520
0.888000000476837,3.247700000000520
0.111999999523163,3.247700000000520
0.889500000000000,3.247700000000520
0.110500000000000,3.247700000000520
0.887000000476837,3.247800000000520
0.112999999523163,3.247800000000520
0.888500000000000,3.247800000000520
0.111500000000000,3.247800000000520
0.886000000476837,3.247900000000520
0.113999999523163,3.247900000000520
0.887500000000000,3.247900000000520
0.112500000000000,3.247900000000520
0.885000000476837,3.248000000000520
0.114999999523163,3.248000000000520
0.886250000000000,3.248000000000520
0.113750000000000,3.248000000000520
0.884500000000000,3.248100000000520
0.115500000000000,3.248100000000520
0.885062500000000,3.248100000000520
0.114937500000000,3.248100000000520
0.882000000476837,3.248200000000520
0.117999999523163,3.248200000000520
0.883500000000000,3.248200000000520
0.116500000000000,3.248200000000520
0.880000000476837,3.248300000000520
0.119999999523163,3.248300000000520
0.881500000000000,3.248300000000520
0.118500000000000,3.248300000000520
0.878000000476837,3.248400000000520
0.121999999523163,3.248400000000520
0.880062500000000,3.248400000000520
0.119937500000000,3.248400000000520
0.877500000000000,3.248500000000520
0.122500000000000,3.248500000000520
0.878031250000000,3.248500000000520
0.121968750000000,3.248500000000520
0.874000000476837,3.248600000000520
0.125999999523163,3.248600000000520
0.876000976562500,3.248600000000520
0.123999023437500,3.248600000000520
0.872500000000000,3.248700000000520
0.127500000000000,3.248700000000520
0.873500000000000,3.248700000000520
0.126500000000000,3.248700000000520
0.870500000000000,3.248800000000530
0.129500000000000,3.248800000000530
0.871062500000000,3.248800000000530
0.128937500000000,3.248800000000530
0.867000000476837,3.248900000000530
0.132999999523163,3.248900000000530
0.868500000000000,3.248900000000530
0.131500000000000,3.248900000000530
0.864500000000000,3.249000000000530
0.135500000000000,3.249000000000530
0.865250000000000,3.249000000000530
0.134750000000000,3.249000000000530
0.861500000000000,3.249100000000530
0.138500000000000,3.249100000000530
0.862250000000000,3.249100000000530
0.137750000000000,3.249100000000530
0.858500000000000,3.249200000000530
0.141500000000000,3.249200000000530
0.859062500000000,3.249200000000530
0.140937500000000,3.249200000000530
0.854000000476837,3.249300000000530
0.145999999523163,3.249300000000530
0.855500000000000,3.249300000000530
0.144500000000000,3.249300000000530
0.153999991893768,3.249400000000530
0.846000008106232,3.249400000000530
0.850000000476837,3.249400000000530
0.149999999523163,3.249400000000530
0.852031250000000,3.249400000000530
0.147968750000000,3.249400000000530
0.157999961376190,3.249500000000530
0.842000038623810,3.249500000000530
0.847500000000000,3.249500000000530
0.152500000000000,3.249500000000530
0.848031250000000,3.249500000000530
0.151968750000000,3.249500000000530
0.161875000000000,3.249600000000530
0.838125000000000,3.249600000000530
0.842000000476837,3.249600000000530
0.157999999523163,3.249600000000530
0.844031250000000,3.249600000000530
0.155968750000000,3.249600000000530
0.166999963283539,3.249700000000530
0.833000036716461,3.249700000000530
0.838000000476837,3.249700000000530
0.161999999523163,3.249700000000530
0.839500000000000,3.249700000000530
0.160500000000000,3.249700000000530
0.170937500000000,3.249800000000530
0.829062500000000,3.249800000000530
0.834500000000000,3.249800000000530
0.165500000000000,3.249800000000530
0.835125000000000,3.249800000000530
0.164875000000000,3.249800000000530
0.175999535083771,3.249900000000530
0.824000464916229,3.249900000000530
0.829500000000000,3.249900000000530
0.170500000000000,3.249900000000530
0.830125000000000,3.249900000000530
0.169875000000000,3.249900000000530
0.181999876499176,3.250000000000530
0.818000123500824,3.250000000000530
0.823000000476837,3.250000000000530
0.176999999523163,3.250000000000530
0.825062500000000,3.250000000000530
0.174937500000000,3.250000000000530
0.186500000000000,3.250100000000530
0.813500000000000,3.250100000000530
0.818000000476837,3.250100000000530
0.181999999523163,3.250100000000530
0.819500000000000,3.250100000000530
0.180500000000000,3.250100000000530
0.192999921321869,3.250200000000530
0.807000078678131,3.250200000000530
0.813500000000000,3.250200000000530
0.186500000000000,3.250200000000530
0.198999513149262,3.250300000000530
0.801000486850739,3.250300000000530
0.806000000476837,3.250300000000530
0.193999999523163,3.250300000000530
0.807500000000000,3.250300000000530
0.192500000000000,3.250300000000530
0.204937500000000,3.250400000000530
0.795062500000000,3.250400000000530
0.800500000000000,3.250400000000530
0.199500000000000,3.250400000000530
0.801250000000000,3.250400000000530
0.198750000000000,3.250400000000530
0.211750000000000,3.250500000000530
0.788250000000000,3.250500000000530
0.793500000000000,3.250500000000530
0.206500000000000,3.250500000000530
0.794500000000000,3.250500000000530
0.205500000000000,3.250500000000530
0.219999261379242,3.250600000000530
0.780000738620758,3.250600000000530
0.786500000000000,3.250600000000530
0.213500000000000,3.250600000000530
0.787125000000000,3.250600000000530
0.212875000000000,3.250600000000530
0.226750000000000,3.250700000000530
0.773250000000000,3.250700000000530
0.778000000476837,3.250700000000530
0.221999999523163,3.250700000000530
0.779500000000000,3.250700000000530
0.220500000000000,3.250700000000530
0.234968750000000,3.250800000000530
0.765031250000000,3.250800000000530
0.235997072696686,3.250800000000530
0.764002927303314,3.250800000000530
0.770500000000000,3.250800000000530
0.229500000000000,3.250800000000530
0.771250000000000,3.250800000000530
0.228750000000000,3.250800000000530
0.243985065937042,3.250900000000530
0.756014934062958,3.250900000000530
0.761500000000000,3.250900000000530
0.238500000000000,3.250900000000530
0.762250000000000,3.250900000000530
0.237750000000000,3.250900000000530
0.253997951984406,3.251000000000530
0.746002048015594,3.251000000000530
0.752500000000000,3.251000000000530
0.247500000000000,3.251000000000530
0.753125000000000,3.251000000000530
0.246875000000000,3.251000000000530
0.263999862194061,3.251100000000530
0.736000137805939,3.251100000000530
0.742500000000000,3.251100000000530
0.257500000000000,3.251100000000530
0.743250000000000,3.251100000000530
0.256750000000000,3.251100000000530
0.273968750000000,3.251200000000530
0.726031250000000,3.251200000000530
0.274998045444489,3.251200000000530
0.725001954555512,3.251200000000530
0.731500000000000,3.251200000000530
0.268500000000000,3.251200000000530
0.732250000000000,3.251200000000530
0.267750000000000,3.251200000000530
0.285750000000000,3.251300000000530
0.714250000000000,3.251300000000530
0.719500000000000,3.251300000000530
0.280500000000000,3.251300000000530
0.720500000000000,3.251300000000530
0.279500000000000,3.251300000000530
0.298750000000000,3.251400000000530
0.701250000000000,3.251400000000530
0.706000000476837,3.251400000000530
0.293999999523163,3.251400000000530
0.707500000000000,3.251400000000530
0.292500000000000,3.251400000000530
0.312750000000000,3.251500000000530
0.687250000000000,3.251500000000530
0.692000000476837,3.251500000000530
0.307999999523163,3.251500000000530
0.693500000000000,3.251500000000530
0.306500000000000,3.251500000000530
0.328500000000000,3.251600000000530
0.671500000000000,3.251600000000530
0.677500000000000,3.251600000000530
0.322500000000000,3.251600000000530
0.678250000000000,3.251600000000530
0.321750000000000,3.251600000000530
0.345999938964844,3.251700000000530
0.654000061035156,3.251700000000530
0.346976953029633,3.251700000000530
0.653023046970367,3.251700000000530
0.659500000000000,3.251700000000530
0.340500000000000,3.251700000000530
0.660500000000000,3.251700000000530
0.339500000000000,3.251700000000530
0.366750000000000,3.251800000000530
0.633250000000000,3.251800000000530
0.367963859081268,3.251800000000530
0.632036140918732,3.251800000000530
0.638500000000000,3.251800000000530
0.361500000000000,3.251800000000530
0.639500000000000,3.251800000000530
0.360500000000000,3.251800000000530
0.391937500000000,3.251900000000530
0.608062500000000,3.251900000000530
0.392500000000000,3.251900000000530
0.607500000000000,3.251900000000530
0.613500000000000,3.251900000000530
0.386500000000000,3.251900000000530
0.614500000000000,3.251900000000530
0.385500000000000,3.251900000000530
0.426500000000000,3.252000000000530
0.573500000000000,3.252000000000530
0.427250000000000,3.252000000000530
0.572750000000000,3.252000000000530
0.577000000476837,3.252000000000530
0.422999999523163,3.252000000000530
0.580125000000000,3.252000000000530
0.419875000000000,3.252000000000530
0.996500000000000,3.269400000000570
0.003500000000000,3.269400000000570
0.998500000000000,3.269400000000570
0.001500000000000,3.269400000000570
0.976500000000000,3.269500000000570
0.023500000000000,3.269500000000570
0.979709799289703,3.269500000000570
0.020290200710297,3.269500000000570
0.955500000000000,3.269600000000570
0.044500000000000,3.269600000000570
0.957500000000000,3.269600000000570
0.042500000000000,3.269600000000570
0.933500000000000,3.269700000000570
0.066500000000000,3.269700000000570
0.935500000000000,3.269700000000570
0.064500000000000,3.269700000000570
0.910500000000000,3.269800000000570
0.089500000000000,3.269800000000570
0.912500000000000,3.269800000000570
0.087500000000000,3.269800000000570
0.886750000000000,3.269900000000570
0.113250000000000,3.269900000000570
0.888500000000000,3.269900000000570
0.111500000000000,3.269900000000570
0.860984375000000,3.270000000000570
0.139015625000000,3.270000000000570
0.863406026363373,3.270000000000570
0.136593973636627,3.270000000000570
0.833875000000000,3.270100000000570
0.166125000000000,3.270100000000570
0.835250000000000,3.270100000000570
0.164750000000000,3.270100000000570
0.804500000000000,3.270200000000570
0.195500000000000,3.270200000000570
0.806940684795380,3.270200000000570
0.193059315204620,3.270200000000570
0.771500000000000,3.270300000000570
0.228500000000000,3.270300000000570
0.772500000000000,3.270300000000570
0.227500000000000,3.270300000000570
0.733996093750000,3.270400000000570
0.266003906250000,3.270400000000570
0.736924211025238,3.270400000000570
0.263075788974762,3.270400000000570
0.689968750000000,3.270500000000570
0.310031250000000,3.270500000000570
0.691500000000000,3.270500000000570
0.308500000000000,3.270500000000570
0.631998046875000,3.270600000000570
0.368001953125000,3.270600000000570
0.633828125000000,3.270600000000570
0.366171875000000,3.270600000000570
0.960007812500000,3.307400000000650
0.039992187500000,3.307400000000650
0.961500000000000,3.307400000000650
0.038500000000000,3.307400000000650
0.964250000000000,3.307400000000650
0.035750000000000,3.307400000000650
0.965500000000000,3.307400000000650
0.034500000000000,3.307400000000650
0.968003906250000,3.307400000000650
0.031996093750000,3.307400000000650
0.969500000000000,3.307400000000650
0.030500000000000,3.307400000000650
0.970007812500000,3.307400000000650
0.029992187500000,3.307400000000650
0.971500000000000,3.307400000000650
0.028500000000000,3.307400000000650
0.972500000000000,3.307400000000650
0.027500000000000,3.307400000000650
0.014500000000000,3.307500000000650
0.985500000000000,3.307500000000650
0.015250000000000,3.307500000000650
0.984750000000000,3.307500000000650
0.018500000000000,3.307500000000650
0.981500000000000,3.307500000000650
0.023500000000000,3.307500000000650
0.976500000000000,3.307500000000650
0.024500000000000,3.307500000000650
0.975500000000000,3.307500000000650
0.077500000000000,3.307500000000650
0.922500000000000,3.307500000000650
0.079250000000000,3.307500000000650
0.920750000000000,3.307500000000650
0.081500000000000,3.307500000000650
0.918500000000000,3.307500000000650
0.083500000000000,3.307500000000650
0.916500000000000,3.307500000000650
0.084125000000000,3.307500000000650
0.915875000000000,3.307500000000650
0.086500000000000,3.307500000000650
0.913500000000000,3.307500000000650
0.087125000000000,3.307500000000650
0.912875000000000,3.307500000000650
0.088500000000000,3.307500000000650
0.911500000000000,3.307500000000650
0.090015625000000,3.307500000000650
0.909984375000000,3.307500000000650
0.091500000000000,3.307500000000650
0.908500000000000,3.307500000000650
0.092007812500000,3.307500000000650
0.907992187500000,3.307500000000650
0.613000122070313,3.307500000000650
0.386999877929687,3.307500000000650
0.614250000000000,3.307500000000650
0.385750000000000,3.307500000000650
0.618062500000000,3.307500000000650
0.381937500000000,3.307500000000650
0.619500000000000,3.307500000000650
0.380500000000000,3.307500000000650
0.620500000000000,3.307500000000650
0.379500000000000,3.307500000000650
0.621031250000000,3.307500000000650
0.378968750000000,3.307500000000650
0.622250000000000,3.307500000000650
0.377750000000000,3.307500000000650
0.630500000000000,3.307500000000650
0.369500000000000,3.307500000000650
0.631500000000000,3.307500000000650
0.368500000000000,3.307500000000650
0.632500000000000,3.307500000000650
0.367500000000000,3.307500000000650
0.633500000000000,3.307500000000650
0.366500000000000,3.307500000000650
0.710500000000000,3.307500000000650
0.289500000000000,3.307500000000650
0.711750000000000,3.307500000000650
0.288250000000000,3.307500000000650
0.715250000000000,3.307500000000650
0.284750000000000,3.307500000000650
0.718500000000000,3.307500000000650
0.281500000000000,3.307500000000650
0.719062500000000,3.307500000000650
0.280937500000000,3.307500000000650
0.720500000000000,3.307500000000650
0.279500000000000,3.307500000000650
0.722500000000000,3.307500000000650
0.277500000000000,3.307500000000650
0.724968750000000,3.307500000000650
0.275031250000000,3.307500000000650
0.725250000000000,3.307500000000650
0.274750000000000,3.307500000000650
0.727500000000000,3.307500000000650
0.272500000000000,3.307500000000650
0.728500000000000,3.307500000000650
0.271500000000000,3.307500000000650
0.732996093750000,3.307500000000650
0.267003906250000,3.307500000000650
0.733031250000000,3.307500000000650
0.266968750000000,3.307500000000650
0.006750000000000,3.386100000000810
0.993250000000000,3.386100000000810
0.008250000000000,3.386100000000810
0.991750000000000,3.386100000000810
0.027750000000000,3.386200000000820
0.972250000000000,3.386200000000820
0.029250000000000,3.386200000000820
0.970750000000000,3.386200000000820
0.046500000000000,3.386300000000820
0.953500000000000,3.386300000000820
0.048500000000000,3.386300000000820
0.951500000000000,3.386300000000820
0.984000000476837,3.386300000000820
0.015999999523163,3.386300000000820
0.987500000000000,3.386300000000820
0.012500000000000,3.386300000000820
0.064500000000000,3.386400000000820
0.935500000000000,3.386400000000820
0.065500000000000,3.386400000000820
0.934500000000000,3.386400000000820
0.965250000000000,3.386400000000820
0.034750000000000,3.386400000000820
0.968003906250000,3.386400000000820
0.031996093750000,3.386400000000820
0.080500000000000,3.386500000000820
0.919500000000000,3.386500000000820
0.082975232601166,3.386500000000820
0.917024767398834,3.386500000000820
0.947500000000000,3.386500000000820
0.052500000000000,3.386500000000820
0.949500000000000,3.386500000000820
0.050500000000000,3.386500000000820
0.095500000000000,3.386600000000820
0.904500000000000,3.386600000000820
0.096500000000000,3.386600000000820
0.903500000000000,3.386600000000820
0.929000000476837,3.386600000000820
0.070999999523163,3.386600000000820
0.931500000000000,3.386600000000820
0.068500000000000,3.386600000000820
0.109750000000000,3.386700000000820
0.890250000000000,3.386700000000820
0.111890631198883,3.386700000000820
0.888109368801117,3.386700000000820
0.914500000000000,3.386700000000820
0.085500000000000,3.386700000000820
0.916250000000000,3.386700000000820
0.083750000000000,3.386700000000820
0.122750000000000,3.386800000000820
0.877250000000000,3.386800000000820
0.124941957950592,3.386800000000820
0.875058042049408,3.386800000000820
0.899000000476837,3.386800000000820
0.100999999523163,3.386800000000820
0.901500000000000,3.386800000000820
0.098500000000000,3.386800000000820
0.135500000000000,3.386900000000820
0.864500000000000,3.386900000000820
0.136995727062225,3.386900000000820
0.863004272937775,3.386900000000820
0.886500000000000,3.386900000000820
0.113500000000000,3.386900000000820
0.887500000000000,3.386900000000820
0.112500000000000,3.386900000000820
0.146500000000000,3.387000000000820
0.853500000000000,3.387000000000820
0.147500000000000,3.387000000000820
0.852500000000000,3.387000000000820
0.873500000000000,3.387000000000820
0.126500000000000,3.387000000000820
0.874250000000000,3.387000000000820
0.125750000000000,3.387000000000820
0.157500000000000,3.387100000000820
0.842500000000000,3.387100000000820
0.158880464076996,3.387100000000820
0.841119535923004,3.387100000000820
0.861500000000000,3.387100000000820
0.138500000000000,3.387100000000820
0.862500000000000,3.387100000000820
0.137500000000000,3.387100000000820
0.167500000000000,3.387200000000820
0.832500000000000,3.387200000000820
0.168840076923370,3.387200000000820
0.831159923076630,3.387200000000820
0.850500000000000,3.387200000000820
0.149500000000000,3.387200000000820
0.851500000000000,3.387200000000820
0.148500000000000,3.387200000000820
0.177500000000000,3.387300000000820
0.822500000000000,3.387300000000820
0.178919913768768,3.387300000000820
0.821080086231232,3.387300000000820
0.839500000000000,3.387300000000820
0.160500000000000,3.387300000000820
0.840500000000000,3.387300000000820
0.159500000000000,3.387300000000820
0.186500000000000,3.387400000000820
0.813500000000000,3.387400000000820
0.187936019420624,3.387400000000820
0.812063980579376,3.387400000000820
0.829500000000000,3.387400000000820
0.170500000000000,3.387400000000820
0.830250000000000,3.387400000000820
0.169750000000000,3.387400000000820
0.195500000000000,3.387500000000820
0.804500000000000,3.387500000000820
0.820500000000000,3.387500000000820
0.179500000000000,3.387500000000820
0.203500000000000,3.387600000000820
0.796500000000000,3.387600000000820
0.204972646236420,3.387600000000820
0.795027353763580,3.387600000000820
0.810000000476837,3.387600000000820
0.189999999523163,3.387600000000820
0.811500000000000,3.387600000000820
0.188500000000000,3.387600000000820
0.211500000000000,3.387700000000820
0.788500000000000,3.387700000000820
0.802500000000000,3.387700000000820
0.197500000000000,3.387700000000820
0.218937500000000,3.387800000000820
0.781062500000000,3.387800000000820
0.219500000000000,3.387800000000820
0.780500000000000,3.387800000000820
0.793000000476837,3.387800000000820
0.206999999523163,3.387800000000820
0.794500000000000,3.387800000000820
0.205500000000000,3.387800000000820
0.226500000000000,3.387900000000820
0.773500000000000,3.387900000000820
0.786500000000000,3.387900000000820
0.213500000000000,3.387900000000820
0.233500000000000,3.388000000000820
0.766500000000000,3.388000000000820
0.778500000000000,3.388000000000820
0.221500000000000,3.388000000000820
0.779125000000000,3.388000000000820
0.220875000000000,3.388000000000820
0.239750000000000,3.388100000000820
0.760250000000000,3.388100000000820
0.240974605083466,3.388100000000820
0.759025394916534,3.388100000000820
0.771500000000000,3.388100000000820
0.228500000000000,3.388100000000820
0.246500000000000,3.388200000000820
0.753500000000000,3.388200000000820
0.764500000000000,3.388200000000820
0.235500000000000,3.388200000000820
0.252500000000000,3.388300000000820
0.747500000000000,3.388300000000820
0.757000000476837,3.388300000000820
0.242999999523163,3.388300000000820
0.758062500000000,3.388300000000820
0.241937500000000,3.388300000000820
0.258500000000000,3.388400000000820
0.741500000000000,3.388400000000820
0.751500000000000,3.388400000000820
0.248500000000000,3.388400000000820
0.263968750000000,3.388500000000820
0.736031250000000,3.388500000000820
0.264500000000000,3.388500000000820
0.735500000000000,3.388500000000820
0.744000000476837,3.388500000000820
0.255999999523163,3.388500000000820
0.745250000000000,3.388500000000820
0.254750000000000,3.388500000000820
0.269750000000000,3.388600000000820
0.730250000000000,3.388600000000820
0.270996081829071,3.388600000000820
0.729003918170929,3.388600000000820
0.738000000476837,3.388600000000820
0.261999999523163,3.388600000000820
0.739250000000000,3.388600000000820
0.260750000000000,3.388600000000820
0.274937500000000,3.388700000000820
0.725062500000000,3.388700000000820
0.275978555202484,3.388700000000820
0.724021444797516,3.388700000000820
0.732000000476837,3.388700000000820
0.267999999523163,3.388700000000820
0.733250000000000,3.388700000000820
0.266750000000000,3.388700000000820
0.280500000000000,3.388800000000820
0.719500000000000,3.388800000000820
0.727500000000000,3.388800000000820
0.272500000000000,3.388800000000820
0.285500000000000,3.388900000000820
0.714500000000000,3.388900000000820
0.721000000476837,3.388900000000820
0.278999999523163,3.388900000000820
0.722062500000000,3.388900000000820
0.277937500000000,3.388900000000820
0.290500000000000,3.389000000000820
0.709500000000000,3.389000000000820
0.716500000000000,3.389000000000820
0.283500000000000,3.389000000000820
0.295500000000000,3.389100000000820
0.704500000000000,3.389100000000820
0.711250000000000,3.389100000000820
0.288750000000000,3.389100000000820
0.300500000000000,3.389200000000820
0.699500000000000,3.389200000000820
0.705000000476837,3.389200000000820
0.294999999523163,3.389200000000820
0.706250000000000,3.389200000000820
0.293750000000000,3.389200000000820
0.304875000000000,3.389300000000820
0.695125000000000,3.389300000000820
0.305988560199738,3.389300000000820
0.694011439800262,3.389300000000820
0.701125000000000,3.389300000000820
0.298875000000000,3.389300000000820
0.309500000000000,3.389400000000820
0.690500000000000,3.389400000000820
0.695000000476837,3.389400000000820
0.304999999523163,3.389400000000820
0.696125000000000,3.389400000000820
0.303875000000000,3.389400000000820
0.314966795444489,3.389500000000820
0.685033204555511,3.389500000000820
0.691250000000000,3.389500000000820
0.308750000000000,3.389500000000820
0.318750000000000,3.389600000000820
0.681250000000000,3.389600000000820
0.686250000000000,3.389600000000820
0.313750000000000,3.389600000000820
0.323987687587738,3.389700000000820
0.676012312412262,3.389700000000820
0.681500000000000,3.389700000000820
0.318500000000000,3.389700000000820
0.327750000000000,3.389800000000820
0.672250000000000,3.389800000000820
0.676000000476837,3.389800000000820
0.323999999523163,3.389800000000820
0.332984424114227,3.389900000000820
0.667015575885773,3.389900000000820
0.671000000476837,3.389900000000820
0.328999999523163,3.389900000000820
0.672125000000000,3.389900000000820
0.327875000000000,3.389900000000820
0.336500000000000,3.390000000000820
0.663500000000000,3.390000000000820
0.667250000000000,3.390000000000820
0.332750000000000,3.390000000000820
0.341993276119232,3.390100000000820
0.658006723880768,3.390100000000820
0.662500000000000,3.390100000000820
0.337500000000000,3.390100000000820
0.345750000000000,3.390200000000820
0.654250000000000,3.390200000000820
0.657000000476837,3.390200000000820
0.342999999523163,3.390200000000820
0.350988828182220,3.390300000000820
0.649011171817780,3.390300000000820
0.652000000476837,3.390300000000820
0.347999999523163,3.390300000000820
0.653062500000000,3.390300000000820
0.346937500000000,3.390300000000820
0.354875000000000,3.390400000000820
0.645125000000000,3.390400000000820
0.355993934154511,3.390400000000820
0.644006065845489,3.390400000000820
0.648125000000000,3.390400000000820
0.351875000000000,3.390400000000820
0.359500000000000,3.390500000000820
0.640500000000000,3.390500000000820
0.643250000000000,3.390500000000820
0.356750000000000,3.390500000000820
0.364992469310761,3.390600000000820
0.635007530689239,3.390600000000820
0.638250000000000,3.390600000000820
0.361750000000000,3.390600000000820
0.369985837459564,3.390700000000820
0.630014162540436,3.390700000000820
0.633000000476837,3.390700000000820
0.366999999523163,3.390700000000820
0.374984340190887,3.390800000000820
0.625015659809113,3.390800000000820
0.627000000476837,3.390800000000820
0.372999999523163,3.390800000000820
0.379500000000000,3.390900000000820
0.620500000000000,3.390900000000820
0.622000000476837,3.390900000000820
0.377999999523163,3.390900000000820
0.384875000000000,3.391000000000830
0.615125000000000,3.391000000000830
0.385996114253998,3.391000000000830
0.614003885746002,3.391000000000830
0.616000000476837,3.391000000000830
0.383999999523163,3.391000000000830
0.390999903202057,3.391100000000830
0.609000096797943,3.391100000000830
0.610000000476837,3.391100000000830
0.389999999523163,3.391100000000830
0.396500000000000,3.391200000000830
0.603500000000000,3.391200000000830
0.604000000476837,3.391200000000830
0.395999999523163,3.391200000000830
0.402875000000000,3.391300000000830
0.597125000000000,3.391300000000830
0.403999989032745,3.391300000000830
0.596000010967255,3.391300000000830
0.598000000476837,3.391300000000830
0.401999999523163,3.391300000000830
0.409750000000000,3.391400000000830
0.590250000000000,3.391400000000830
0.416937500000000,3.391500000000830
0.583062500000000,3.391500000000830
0.417995962619781,3.391500000000830
0.582004037380219,3.391500000000830
0.424996093750000,3.391600000000830
0.575003906250000,3.391600000000830
0.425997832775116,3.391600000000830
0.574002167224884,3.391600000000830
0.434995659351349,3.391700000000830
0.565004340648651,3.391700000000830
0.444750000000000,3.391800000000830
0.555250000000000,3.391800000000830
0.458999997615814,3.391900000000830
0.541000002384186,3.391900000000830
0.478750000000000,3.392000000000830
0.521250000000000,3.392000000000830
0.592500000000000,3.416900000000880
0.407500000000000,3.416900000000880
0.594500000000000,3.416900000000880
0.405500000000000,3.416900000000880
0.754500000000000,3.417000000000880
0.245500000000000,3.417000000000880
0.759250000000000,3.417000000000880
0.240750000000000,3.417000000000880
0.852250000000000,3.417100000000880
0.147750000000000,3.417100000000880
0.856500000000000,3.417100000000880
0.143500000000000,3.417100000000880
0.930250000000000,3.417200000000880
0.069750000000000,3.417200000000880
0.935250000000000,3.417200000000880
0.064750000000000,3.417200000000880
0.997125000000000,3.417300000000880
0.002875000000000,3.417300000000880
0.086125000000000,3.448200000000950
0.913875000000000,3.448200000000950
0.089500000000000,3.448200000000950
0.910500000000000,3.448200000000950
0.090500000000000,3.448200000000950
0.909500000000000,3.448200000000950
0.091500000000000,3.448200000000950
0.908500000000000,3.448200000000950
0.092500000000000,3.448200000000950
0.907500000000000,3.448200000000950
0.115500000000000,3.448200000000950
0.884500000000000,3.448200000000950
0.116500000000000,3.448200000000950
0.883500000000000,3.448200000000950
0.117500000000000,3.448200000000950
0.882500000000000,3.448200000000950
0.118500000000000,3.448200000000950
0.881500000000000,3.448200000000950
0.120250000000000,3.448200000000950
0.879750000000000,3.448200000000950
0.121500000000000,3.448200000000950
0.878500000000000,3.448200000000950
0.122250000000000,3.448200000000950
0.877750000000000,3.448200000000950
0.587875000000000,3.448200000000950
0.412125000000000,3.448200000000950
0.588500000000000,3.448200000000950
0.411500000000000,3.448200000000950
0.591875000000000,3.448200000000950
0.408125000000000,3.448200000000950
0.593250000000000,3.448200000000950
0.406750000000000,3.448200000000950
0.594500000000000,3.448200000000950
0.405500000000000,3.448200000000950
0.633500000000000,3.448200000000950
0.366500000000000,3.448200000000950
0.635250000000000,3.448200000000950
0.364750000000000,3.448200000000950
0.637250000000000,3.448200000000950
0.362750000000000,3.448200000000950
0.639250000000000,3.448200000000950
0.360750000000000,3.448200000000950
0.640015625000000,3.448200000000950
0.359984375000000,3.448200000000950
0.833937500000000,3.448300000000950
0.166062500000000,3.448300000000950
0.834500000000000,3.448300000000950
0.165500000000000,3.448300000000950
0.835875000000000,3.448300000000950
0.164125000000000,3.448300000000950
0.837500000000000,3.448300000000950
0.162500000000000,3.448300000000950
0.838500000000000,3.448300000000950
0.161500000000000,3.448300000000950
0.869250000000000,3.448300000000950
0.130750000000000,3.448300000000950
0.870250000000000,3.448300000000950
0.129750000000000,3.448300000000950
0.871500000000000,3.448300000000950
0.128500000000000,3.448300000000950
0.985750000000000,3.448400000000950
0.014250000000000,3.448400000000950
0.987062500000000,3.448400000000950
0.012937500000000,3.448400000000950
0.989750000000000,3.448400000000950
0.010250000000000,3.448400000000950
0.736000000476837,3.476600000001010
0.263999999523163,3.476600000001010
0.737000061035156,3.476600000001010
0.262999938964844,3.476600000001010
0.740500000000000,3.476600000001010
0.259500000000000,3.476600000001010
0.747500000000000,3.476600000001010
0.252500000000000,3.476600000001010
0.748500000000000,3.476600000001010
0.251500000000000,3.476600000001010
0.763500000000000,3.476600000001010
0.236500000000000,3.476600000001010
0.764750000000000,3.476600000001010
0.235250000000000,3.476600000001010
0.767250000000000,3.476600000001010
0.232750000000000,3.476600000001010
0.462003906250000,3.503200000001060
0.537996093750000,3.503200000001060
0.463000122070312,3.503200000001060
0.536999877929688,3.503200000001060
0.466500000000000,3.503200000001060
0.533500000000000,3.503200000001060
0.522500000000000,3.503200000001060
0.477500000000000,3.503200000001060
0.523750000000000,3.503200000001060
0.476250000000000,3.503200000001060
0.542500000000000,3.503200000001060
0.457500000000000,3.503200000001060
0.543500000000000,3.503200000001060
0.456500000000000,3.503200000001060
0.550500000000000,3.503200000001060
0.449500000000000,3.503200000001060
0.551500000000000,3.503200000001060
0.448500000000000,3.503200000001060
0.557500000000000,3.503200000001060
0.442500000000000,3.503200000001060
0.558750000000000,3.503200000001060
0.441250000000000,3.503200000001060
0.563500000000000,3.503200000001060
0.436500000000000,3.503200000001060
0.564500000000000,3.503200000001060
0.435500000000000,3.503200000001060
0.566250000000000,3.503200000001060
0.433750000000000,3.503200000001060
0.567500000000000,3.503200000001060
0.432500000000000,3.503200000001060
0.569500000000000,3.503200000001060
0.430500000000000,3.503200000001060
0.570500000000000,3.503200000001060
0.429500000000000,3.503200000001060
0.572500000000000,3.503200000001060
0.427500000000000,3.503200000001060
0.573500000000000,3.503200000001060
0.426500000000000,3.503200000001060
0.585500000000000,3.503200000001060
0.414500000000000,3.503200000001060
0.586500000000000,3.503200000001060
0.413500000000000,3.503200000001060
0.649500000000000,3.503200000001060
0.350500000000000,3.503200000001060
0.650500000000000,3.503200000001060
0.349500000000000,3.503200000001060
0.652031250000000,3.503200000001060
0.347968750000000,3.503200000001060
0.267062500000000,3.503300000001060
0.732937500000000,3.503300000001060
0.278500000000000,3.503300000001060
0.721500000000000,3.503300000001060
0.828996093750000,3.503300000001060
0.171003906250000,3.503300000001060
0.831500000000000,3.503300000001060
0.168500000000000,3.503300000001060
0.832500000000000,3.503300000001060
0.167500000000000,3.503300000001060
0.852250000000000,3.503300000001060
0.147750000000000,3.503300000001060
0.159000000476837,3.503400000001060
0.840999999523163,3.503400000001060
0.167125000000000,3.503400000001060
0.832875000000000,3.503400000001060
0.945937500000000,3.503400000001060
0.054062500000000,3.503400000001060
0.946000976562500,3.503400000001060
0.053999023437500,3.503400000001060
0.949500000000000,3.503400000001060
0.050500000000000,3.503400000001060
0.964500000000000,3.503400000001060
0.035500000000000,3.503400000001060
0.965500000000000,3.503400000001060
0.034500000000000,3.503400000001060
0.966250000000000,3.503400000001060
0.033750000000000,3.503400000001060
0.968500000000000,3.503400000001060
0.031500000000000,3.503400000001060
0.969500000000000,3.503400000001060
0.030500000000000,3.503400000001060
0.076000000476837,3.503500000001060
0.923999999523163,3.503500000001060
0.077500000000000,3.503500000001060
0.922500000000000,3.503500000001060
0.078500000000000,3.503500000001060
0.921500000000000,3.503500000001060
0.082500000000000,3.503500000001060
0.917500000000000,3.503500000001060
0.007000000476837,3.503600000001060
0.992999999523163,3.503600000001060
0.012250000000000,3.503600000001060
0.987750000000000,3.503600000001060
0.780500000000000,3.526100000001110
0.219500000000000,3.526100000001110
0.792062500000000,3.526100000001110
0.207937500000000,3.526100000001110
0.930031250000000,3.526200000001110
0.069968750000000,3.526200000001110
0.946125000000000,3.526200000001110
0.053875000000000,3.526200000001110
0.027750000000000,3.546600000001150
0.972250000000000,3.546600000001150
0.029500000000000,3.546600000001150
0.970500000000000,3.546600000001150
0.070937500000000,3.546700000001150
0.929062500000000,3.546700000001150
0.073250000000000,3.546700000001150
0.926750000000000,3.546700000001150
0.119500000000000,3.546800000001150
0.880500000000000,3.546800000001150
0.123484876155853,3.546800000001150
0.876515123844147,3.546800000001150
0.956500000000000,3.546800000001150
0.043500000000000,3.546800000001150
0.957500000000000,3.546800000001150
0.042500000000000,3.546800000001150
0.958500000000000,3.546800000001150
0.041500000000000,3.546800000001150
0.967500000000000,3.546800000001150
0.032500000000000,3.546800000001150
0.176500000000000,3.546900000001150
0.823500000000000,3.546900000001150
0.179500000000000,3.546900000001150
0.820500000000000,3.546900000001150
0.898500000000000,3.546900000001150
0.101500000000000,3.546900000001150
0.899500000000000,3.546900000001150
0.100500000000000,3.546900000001150
0.900500000000000,3.546900000001150
0.099500000000000,3.546900000001150
0.908500000000000,3.546900000001150
0.091500000000000,3.546900000001150
0.243500000000000,3.547000000001150
0.756500000000000,3.547000000001150
0.249062500000000,3.547000000001150
0.750937500000000,3.547000000001150
0.828500000000000,3.547000000001150
0.171500000000000,3.547000000001150
0.835500000000000,3.547000000001150
0.164500000000000,3.547000000001150
0.836500000000000,3.547000000001150
0.163500000000000,3.547000000001150
0.838250000000000,3.547000000001150
0.161750000000000,3.547000000001150
0.334500000000000,3.547100000001150
0.665500000000000,3.547100000001150
0.344062500000000,3.547100000001150
0.655937500000000,3.547100000001150
0.728062500000000,3.547100000001150
0.271937500000000,3.547100000001150
0.729500000000000,3.547100000001150
0.270500000000000,3.547100000001150
0.730500000000000,3.547100000001150
0.269500000000000,3.547100000001150
0.743500000000000,3.547100000001150
0.256500000000000,3.547100000001150
0.744500000000000,3.547100000001150
0.255500000000000,3.547100000001150
0.745250000000000,3.547100000001150
0.254750000000000,3.547100000001150
0.746500000000000,3.547100000001150
0.253500000000000,3.547100000001150
0.747500000000000,3.547100000001150
0.252500000000000,3.547100000001150
0.961875000000000,3.573000000001210
0.038125000000000,3.573000000001210
0.969866210937500,3.573000000001210
0.030133789062500,3.573000000001210
0.887500000000000,3.573100000001210
0.112500000000000,3.573100000001210
0.892500000000000,3.573100000001210
0.107500000000000,3.573100000001210
0.795500000000000,3.573200000001210
0.204500000000000,3.573200000001210
0.800500000000000,3.573200000001210
0.199500000000000,3.573200000001210
0.658500000000000,3.573300000001210
0.341500000000000,3.573300000001210
0.661500000000000,3.573300000001210
0.338500000000000,3.573300000001210
0.978500000000000,3.605300000001280
0.021500000000000,3.605300000001280
0.992007812500000,3.605300000001280
0.007992187500000,3.605300000001280
0.013875000000000,3.605400000001280
0.986125000000000,3.605400000001280
0.020500000000000,3.605400000001280
0.979500000000000,3.605400000001280
0.914250000000000,3.605400000001280
0.085750000000000,3.605400000001280
0.923500000000000,3.605400000001280
0.076500000000000,3.605400000001280
0.084500000000000,3.605500000001280
0.915500000000000,3.605500000001280
0.089500000000000,3.605500000001280
0.910500000000000,3.605500000001280
0.861500000000000,3.605500000001280
0.138500000000000,3.605500000001280
0.868125000000000,3.605500000001280
0.131875000000000,3.605500000001280
0.142500000000000,3.605600000001280
0.857500000000000,3.605600000001280
0.145500000000000,3.605600000001280
0.854500000000000,3.605600000001280
0.816000000476837,3.605600000001280
0.183999999523163,3.605600000001280
0.823007812500000,3.605600000001280
0.176992187500000,3.605600000001280
0.187750000000000,3.605700000001280
0.812250000000000,3.605700000001280
0.191375000000000,3.605700000001280
0.808625000000000,3.605700000001280
0.780000000476837,3.605700000001280
0.219999999523163,3.605700000001280
0.784500000000000,3.605700000001280
0.215500000000000,3.605700000001280
0.225875000000000,3.605800000001280
0.774125000000000,3.605800000001280
0.228500000000000,3.605800000001280
0.771500000000000,3.605800000001280
0.750500000000000,3.605800000001280
0.249500000000000,3.605800000001280
0.752500000000000,3.605800000001280
0.247500000000000,3.605800000001280
0.258500000000000,3.605900000001280
0.741500000000000,3.605900000001280
0.260250000000000,3.605900000001280
0.739750000000000,3.605900000001280
0.723500000000000,3.605900000001280
0.276500000000000,3.605900000001280
0.725062500000000,3.605900000001280
0.274937500000000,3.605900000001280
0.285937500000000,3.606000000001280
0.714062500000000,3.606000000001280
0.288988147258759,3.606000000001280
0.711011852741241,3.606000000001280
0.699250000000000,3.606000000001280
0.300750000000000,3.606000000001280
0.700500000000000,3.606000000001280
0.299500000000000,3.606000000001280
0.310875000000000,3.606100000001280
0.689125000000000,3.606100000001280
0.312734104633331,3.606100000001280
0.687265895366669,3.606100000001280
0.677000000476837,3.606100000001280
0.322999999523163,3.606100000001280
0.679062500000000,3.606100000001280
0.320937500000000,3.606100000001280
0.333750000000000,3.606200000001280
0.666250000000000,3.606200000001280
0.334500000000000,3.606200000001280
0.665500000000000,3.606200000001280
0.657000000476837,3.606200000001280
0.342999999523163,3.606200000001280
0.658500000000000,3.606200000001280
0.341500000000000,3.606200000001280
0.354500000000000,3.606300000001280
0.645500000000000,3.606300000001280
0.355917203426361,3.606300000001280
0.644082796573639,3.606300000001280
0.639500000000000,3.606300000001280
0.360500000000000,3.606300000001280
0.374750000000000,3.606400000001280
0.625250000000000,3.606400000001280
0.375905424594879,3.606400000001280
0.624094575405121,3.606400000001280
0.620000000476837,3.606400000001280
0.379999999523163,3.606400000001280
0.621125000000000,3.606400000001280
0.378875000000000,3.606400000001280
0.394500000000000,3.606500000001280
0.605500000000000,3.606500000001280
0.395968724727631,3.606500000001280
0.604031275272369,3.606500000001280
0.602500000000000,3.606500000001280
0.397500000000000,3.606500000001280
0.415500000000000,3.606600000001280
0.584500000000000,3.606600000001280
0.582000000476837,3.606600000001280
0.417999999523163,3.606600000001280
0.438937500000000,3.606700000001280
0.561062500000000,3.606700000001280
0.439984186649322,3.606700000001280
0.560015813350678,3.606700000001280
0.560250000000000,3.606700000001280
0.439750000000000,3.606700000001280
0.473500000000000,3.606800000001280
0.526500000000000,3.606800000001280
0.406000000476837,3.676800000001430
0.593999999523163,3.676800000001430
0.407937500000000,3.676800000001430
0.592062500000000,3.676800000001430
0.413000488281250,3.676800000001430
0.586999511718750,3.676800000001430
0.414031250000000,3.676800000001430
0.585968750000000,3.676800000001430
0.420500000000000,3.676800000001430
0.579500000000000,3.676800000001430
0.421125000000000,3.676800000001430
0.578875000000000,3.676800000001430
0.424500000000000,3.676800000001430
0.575500000000000,3.676800000001430
0.428500000000000,3.676800000001430
0.571500000000000,3.676800000001430
0.431062500000000,3.676800000001430
0.568937500000000,3.676800000001430
0.432500000000000,3.676800000001430
0.567500000000000,3.676800000001430
0.433500000000000,3.676800000001430
0.566500000000000,3.676800000001430
0.434500000000000,3.676800000001430
0.565500000000000,3.676800000001430
0.435500000000000,3.676800000001430
0.564500000000000,3.676800000001430
0.436500000000000,3.676800000001430
0.563500000000000,3.676800000001430
0.438500000000000,3.676800000001430
0.561500000000000,3.676800000001430
0.439500000000000,3.676800000001430
0.560500000000000,3.676800000001430
0.440500000000000,3.676800000001430
0.559500000000000,3.676800000001430
0.441500000000000,3.676800000001430
0.558500000000000,3.676800000001430
0.442500000000000,3.676800000001430
0.557500000000000,3.676800000001430
0.443125000000000,3.676800000001430
0.556875000000000,3.676800000001430
0.444500000000000,3.676800000001430
0.555500000000000,3.676800000001430
0.451500000000000,3.676800000001430
0.548500000000000,3.676800000001430
0.452500000000000,3.676800000001430
0.547500000000000,3.676800000001430
0.453500000000000,3.676800000001430
0.546500000000000,3.676800000001430
0.454250000000000,3.676800000001430
0.545750000000000,3.676800000001430
0.458250000000000,3.676800000001430
0.541750000000000,3.676800000001430
0.459500000000000,3.676800000001430
0.540500000000000,3.676800000001430
0.466500000000000,3.676800000001430
0.533500000000000,3.676800000001430
0.467500000000000,3.676800000001430
0.532500000000000,3.676800000001430
0.472500000000000,3.676800000001430
0.527500000000000,3.676800000001430
0.473500000000000,3.676800000001430
0.526500000000000,3.676800000001430
0.618500000000000,3.676800000001430
0.381500000000000,3.676800000001430
0.620500000000000,3.676800000001430
0.379500000000000,3.676800000001430
0.632062500000000,3.676800000001430
0.367937500000000,3.676800000001430
0.633500000000000,3.676800000001430
0.366500000000000,3.676800000001430
0.634250000000000,3.676800000001430
0.365750000000000,3.676800000001430
0.635500000000000,3.676800000001430
0.364500000000000,3.676800000001430
0.637125000000000,3.676800000001430
0.362875000000000,3.676800000001430
0.638500000000000,3.676800000001430
0.361500000000000,3.676800000001430
0.641031250000000,3.676800000001430
0.358968750000000,3.676800000001430
0.645992187500000,3.676800000001430
0.354007812500000,3.676800000001430
0.647250000000000,3.676800000001430
0.352750000000000,3.676800000001430
0.649984375000000,3.676800000001430
0.350015625000000,3.676800000001430
0.650250000000000,3.676800000001430
0.349750000000000,3.676800000001430
0.661984375000000,3.676800000001430
0.338015625000000,3.676800000001430
0.662250000000000,3.676800000001430
0.337750000000000,3.676800000001430
0.912750000000000,3.713400000001510
0.087250000000000,3.713400000001510
0.920500000000000,3.713400000001510
0.079500000000000,3.713400000001510
0.922250000000000,3.713400000001510
0.077750000000000,3.713400000001510
0.923410154819489,3.713400000001510
0.076589845180512,3.713400000001510
0.783996093750000,3.713500000001510
0.216003906250000,3.713500000001510
0.789500000000000,3.713500000001510
0.210500000000000,3.713500000001510
0.595500000000000,3.713600000001510
0.404500000000000,3.713600000001510
0.599250000000000,3.713600000001510
0.400750000000000,3.713600000001510
0.483000000476837,3.729600000001540
0.516999999523163,3.729600000001540
0.472000000476837,3.729700000001540
0.527999999523163,3.729700000001540
0.466000000476837,3.729800000001540
0.533999999523163,3.729800000001540
0.461125000000000,3.729900000001540
0.538875000000000,3.729900000001540
0.457000000476837,3.730000000001540
0.542999999523163,3.730000000001540
0.454125000000000,3.730100000001540
0.545875000000000,3.730100000001540
0.451000000476837,3.730200000001540
0.548999999523163,3.730200000001540
0.449000000476837,3.730300000001540
0.550999999523163,3.730300000001540
0.448500000000000,3.730400000001540
0.551500000000000,3.730400000001540
0.447000000476837,3.730500000001540
0.552999999523163,3.730500000001540
0.447250000000000,3.730600000001540
0.552750000000000,3.730600000001540
0.553999999523163,3.730600000001540
0.446000000476837,3.730600000001540
0.447250000000000,3.730700000001540
0.552750000000000,3.730700000001540
0.553999998569489,3.730700000001540
0.446000001430511,3.730700000001540
0.447000000476837,3.730800000001540
0.552999999523163,3.730800000001540
0.552999927043915,3.730800000001540
0.447000072956085,3.730800000001540
0.448000000476837,3.730900000001540
0.551999999523163,3.730900000001540
0.551996093750000,3.730900000001540
0.448003906250000,3.730900000001540
0.552999999523163,3.730900000001540
0.447000000476837,3.730900000001540
0.449000000476837,3.731000000001540
0.550999999523163,3.731000000001540
0.450031250000000,3.731000000001540
0.549968750000000,3.731000000001540
0.550999986171723,3.731000000001540
0.449000013828277,3.731000000001540
0.451000000476837,3.731100000001540
0.548999999523163,3.731100000001540
0.548999959468842,3.731100000001540
0.451000040531158,3.731100000001540
0.454000000476837,3.731200000001540
0.545999999523163,3.731200000001540
0.546999974727631,3.731200000001540
0.453000025272369,3.731200000001540
0.457500000000000,3.731300000001540
0.542500000000000,3.731300000001540
0.543999582767487,3.731300000001540
0.456000417232513,3.731300000001540
0.461500000000000,3.731400000001540
0.538500000000000,3.731400000001540
0.539999688625336,3.731400000001540
0.460000311374664,3.731400000001540
0.466500000000000,3.731500000001540
0.533500000000000,3.731500000001540
0.534999783039093,3.731500000001540
0.465000216960907,3.731500000001540
0.473000000476837,3.731600000001540
0.526999999523163,3.731600000001540
0.527999963283539,3.731600000001540
0.472000036716461,3.731600000001540
0.483000000476837,3.731700000001540
0.516999999523163,3.731700000001540
0.517993128299713,3.731700000001540
0.482006871700287,3.731700000001540
0.392500000000000,3.745000000001570
0.607500000000000,3.745000000001570
0.406500000000000,3.745000000001570
0.593500000000000,3.745000000001570
0.644998046875000,3.745000000001570
0.355001953125000,3.745000000001570
0.648500000000000,3.745000000001570
0.351500000000000,3.745000000001570
0.649500000000000,3.745000000001570
0.350500000000000,3.745000000001570
0.667250000000000,3.745000000001570
0.332750000000000,3.745000000001570
0.300001953125000,3.745100000001570
0.699998046875000,3.745100000001570
0.311250000000000,3.745100000001570
0.688750000000000,3.745100000001570
0.745500000000000,3.745100000001570
0.254500000000000,3.745100000001570
0.759062500000000,3.745100000001570
0.240937500000000,3.745100000001570
0.233500000000000,3.745200000001570
0.766500000000000,3.745200000001570
0.239500000000000,3.745200000001570
0.760500000000000,3.745200000001570
0.819750000000000,3.745200000001570
0.180250000000000,3.745200000001570
0.831500000000000,3.745200000001570
0.168500000000000,3.745200000001570
0.172500000000000,3.745300000001570
0.827500000000000,3.745300000001570
0.178250000000000,3.745300000001570
0.821750000000000,3.745300000001570
0.882968750000000,3.745300000001570
0.117031250000000,3.745300000001570
0.892500000000000,3.745300000001570
0.107500000000000,3.745300000001570
0.893500000000000,3.745300000001570
0.106500000000000,3.745300000001570
0.897000001907349,3.745300000001570
0.102999998092651,3.745300000001570
0.114500000000000,3.745400000001570
0.885500000000000,3.745400000001570
0.119500000000000,3.745400000001570
0.880500000000000,3.745400000001570
0.943500000000000,3.745400000001570
0.056500000000000,3.745400000001570
0.955500000000000,3.745400000001570
0.044500000000000,3.745400000001570
0.060250000000000,3.745500000001570
0.939750000000000,3.745500000001570
0.065125000000000,3.745500000001570
0.934875000000000,3.745500000001570
0.006500000000000,3.745600000001570
0.993500000000000,3.745600000001570
0.012125000000000,3.745600000001570
0.987875000000000,3.745600000001570
0.675250000000000,3.775400000001640
0.324750000000000,3.775400000001640
0.677250000000000,3.775400000001640
0.322750000000000,3.775400000001640
0.753000000476837,3.775500000001640
0.246999999523163,3.775500000001640
0.757125000000000,3.775500000001640
0.242875000000000,3.775500000001640
0.813000000476837,3.775600000001640
0.186999999523163,3.775600000001640
0.816500000000000,3.775600000001640
0.183500000000000,3.775600000001640
0.863000000476837,3.775700000001640
0.136999999523163,3.775700000001640
0.866500000000000,3.775700000001640
0.133500000000000,3.775700000001640
0.907000000476837,3.775800000001640
0.092999999523163,3.775800000001640
0.910500000000000,3.775800000001640
0.089500000000000,3.775800000001640
0.947500000000000,3.775900000001640
0.052500000000000,3.775900000001640
0.950250000000000,3.775900000001640
0.049750000000000,3.775900000001640
0.982000000476837,3.776000000001640
0.017999999523163,3.776000000001640
0.987015625000000,3.776000000001640
0.012984375000000,3.776000000001640
0.355000000476837,3.795400000001680
0.644999999523163,3.795400000001680
0.360500000000000,3.795400000001680
0.639500000000000,3.795400000001680
0.627750000000000,3.795400000001680
0.372250000000000,3.795400000001680
0.635500000000000,3.795400000001680
0.364500000000000,3.795400000001680
0.279500000000000,3.795500000001680
0.720500000000000,3.795500000001680
0.281500000000000,3.795500000001680
0.718500000000000,3.795500000001680
0.705875000000000,3.795500000001680
0.294125000000000,3.795500000001680
0.711500000000000,3.795500000001680
0.288500000000000,3.795500000001680
0.224000000476837,3.795600000001680
0.775999999523163,3.795600000001680
0.226250000000000,3.795600000001680
0.773750000000000,3.795600000001680
0.760750000000000,3.795600000001680
0.239250000000000,3.795600000001680
0.766250000000000,3.795600000001680
0.233750000000000,3.795600000001680
0.180500000000000,3.795700000001680
0.819500000000000,3.795700000001680
0.182125000000000,3.795700000001680
0.817875000000000,3.795700000001680
0.804750000000000,3.795700000001680
0.195250000000000,3.795700000001680
0.810500000000000,3.795700000001680
0.189500000000000,3.795700000001680
0.142000000476837,3.795800000001680
0.857999999523163,3.795800000001680
0.144125000000000,3.795800000001680
0.855875000000000,3.795800000001680
0.843500000000000,3.795800000001680
0.156500000000000,3.795800000001680
0.847250000000000,3.795800000001680
0.152750000000000,3.795800000001680
0.109000000476837,3.795900000001680
0.890999999523163,3.795900000001680
0.110250000000000,3.795900000001680
0.889750000000000,3.795900000001680
0.875937500000000,3.795900000001680
0.124062500000000,3.795900000001680
0.881250000000000,3.795900000001680
0.118750000000000,3.795900000001680
0.079000000476837,3.796000000001680
0.920999999523163,3.796000000001680
0.080500000000000,3.796000000001680
0.919500000000000,3.796000000001680
0.906750000000000,3.796000000001680
0.093250000000000,3.796000000001680
0.909500000000000,3.796000000001680
0.090500000000000,3.796000000001680
0.052500000000000,3.796100000001680
0.947500000000000,3.796100000001680
0.053250000000000,3.796100000001680
0.946750000000000,3.796100000001680
0.933500000000000,3.796100000001680
0.066500000000000,3.796100000001680
0.937125000000000,3.796100000001680
0.062875000000000,3.796100000001680
0.027500000000000,3.796200000001680
0.972500000000000,3.796200000001680
0.028125000000000,3.796200000001680
0.971875000000000,3.796200000001680
0.958500000000000,3.796200000001680
0.041500000000000,3.796200000001680
0.962500000000000,3.796200000001680
0.037500000000000,3.796200000001680
0.004000000476837,3.796300000001680
0.995999999523163,3.796300000001680
0.005125000000000,3.796300000001680
0.994875000000000,3.796300000001680
0.980500000000000,3.796300000001680
0.019500000000000,3.796300000001680
0.986250000000000,3.796300000001680
0.013750000000000,3.796300000001680
0.986500000000000,3.809500000001710
0.013500000000000,3.809500000001710
0.988250000000000,3.809500000001710
0.011750000000000,3.809500000001710
0.965998046875000,3.809600000001710
0.034001953125000,3.809600000001710
0.966125000000000,3.809600000001710
0.033875000000000,3.809600000001710
0.967500000000000,3.809600000001710
0.032500000000000,3.809600000001710
0.969250000000000,3.809600000001710
0.030750000000000,3.809600000001710
0.945750000000000,3.809700000001710
0.054250000000000,3.809700000001710
0.948125000000000,3.809700000001710
0.051875000000000,3.809700000001710
0.923875000000000,3.809800000001710
0.076125000000000,3.809800000001710
0.926500000000000,3.809800000001710
0.073500000000000,3.809800000001710
0.899875000000000,3.809900000001710
0.100125000000000,3.809900000001710
0.902937737941742,3.809900000001710
0.097062262058258,3.809900000001710
0.873875000000000,3.810000000001710
0.126125000000000,3.810000000001710
0.876855396747589,3.810000000001710
0.123144603252411,3.810000000001710
0.845750000000000,3.810100000001710
0.154250000000000,3.810100000001710
0.847500000000000,3.810100000001710
0.152500000000000,3.810100000001710
0.814500000000000,3.810200000001710
0.185500000000000,3.810200000001710
0.816691711902618,3.810200000001710
0.183308288097382,3.810200000001710
0.777984375000000,3.810300000001710
0.222015625000000,3.810300000001710
0.780624220371246,3.810300000001710
0.219375779628754,3.810300000001710
0.735875000000000,3.810400000001710
0.264125000000000,3.810400000001710
0.737500000000000,3.810400000001710
0.262500000000000,3.810400000001710
0.683500000000000,3.810500000001710
0.316500000000000,3.810500000001710
0.684500000000000,3.810500000001710
0.315500000000000,3.810500000001710
0.604500000000000,3.810600000001710
0.395500000000000,3.810600000001710
0.606745258808136,3.810600000001710
0.393254741191864,3.810600000001710
0.988500000000000,3.831500000001750
0.011500000000000,3.831500000001750
0.074500000000000,3.831600000001750
0.925500000000000,3.831600000001750
0.081250000000000,3.831600000001750
0.918750000000000,3.831600000001750
0.906500000000000,3.831600000001750
0.093500000000000,3.831600000001750
0.922500000000000,3.831600000001750
0.077500000000000,3.831600000001750
0.923968750000000,3.831600000001750
0.076031250000000,3.831600000001750
0.924015625000000,3.831600000001750
0.075984375000000,3.831600000001750
0.175750000000000,3.831700000001760
0.824250000000000,3.831700000001760
0.183250000000000,3.831700000001760
0.816750000000000,3.831700000001760
0.804500000000000,3.831700000001760
0.195500000000000,3.831700000001760
0.821500000000000,3.831700000001760
0.178500000000000,3.831700000001760
0.822500000000000,3.831700000001760
0.177500000000000,3.831700000001760
0.824062500000000,3.831700000001760
0.175937500000000,3.831700000001760
0.319998046875000,3.831800000001760
0.680001953125000,3.831800000001760
0.320250000000000,3.831800000001760
0.679750000000000,3.831800000001760
0.321750000000000,3.831800000001760
0.678250000000000,3.831800000001760
0.324500000000000,3.831800000001760
0.675500000000000,3.831800000001760
0.325500000000000,3.831800000001760
0.674500000000000,3.831800000001760
0.338500000000000,3.831800000001760
0.661500000000000,3.831800000001760
0.339062500000000,3.831800000001760
0.660937500000000,3.831800000001760
0.340125000000000,3.831800000001760
0.659875000000000,3.831800000001760
0.341125000000000,3.831800000001760
0.658875000000000,3.831800000001760
0.342750000000000,3.831800000001760
0.657250000000000,3.831800000001760
0.645125000000000,3.831800000001760
0.354875000000000,3.831800000001760
0.646250000000000,3.831800000001760
0.353750000000000,3.831800000001760
0.647250000000000,3.831800000001760
0.352750000000000,3.831800000001760
0.650500000000000,3.831800000001760
0.349500000000000,3.831800000001760
0.651500000000000,3.831800000001760
0.348500000000000,3.831800000001760
0.673500000000000,3.831800000001760
0.326500000000000,3.831800000001760
0.674500000000000,3.831800000001760
0.325500000000000,3.831800000001760
0.676500000000000,3.831800000001760
0.323500000000000,3.831800000001760
0.893500000000000,3.857800000001810
0.106500000000000,3.857800000001810
0.894062500000000,3.857800000001810
0.105937500000000,3.857800000001810
0.895500000000000,3.857800000001810
0.104500000000000,3.857800000001810
0.899500000000000,3.857800000001810
0.100500000000000,3.857800000001810
0.900500000000000,3.857800000001810
0.099500000000000,3.857800000001810
0.913500000000000,3.857800000001810
0.086500000000000,3.857800000001810
0.914500000000000,3.857800000001810
0.085500000000000,3.857800000001810
0.915500000000000,3.857800000001810
0.084500000000000,3.857800000001810
0.916500000000000,3.857800000001810
0.083500000000000,3.857800000001810
0.917015625000000,3.857800000001810
0.082984375000000,3.857800000001810
0.437250000000000,3.882200000001860
0.562750000000000,3.882200000001860
0.439500000000000,3.882200000001860
0.560500000000000,3.882200000001860
0.443500000000000,3.882200000001860
0.556500000000000,3.882200000001860
0.445125000000000,3.882200000001860
0.554875000000000,3.882200000001860
0.446500000000000,3.882200000001860
0.553500000000000,3.882200000001860
0.455500000000000,3.882200000001860
0.544500000000000,3.882200000001860
0.456500000000000,3.882200000001860
0.543500000000000,3.882200000001860
0.597500000000000,3.882200000001860
0.402500000000000,3.882200000001860
0.598250000000000,3.882200000001860
0.401750000000000,3.882200000001860
0.601500000000000,3.882200000001860
0.398500000000000,3.882200000001860
0.602500000000000,3.882200000001860
0.397500000000000,3.882200000001860
0.604500000000000,3.882200000001860
0.395500000000000,3.882200000001860
0.605250000000000,3.882200000001860
0.394750000000000,3.882200000001860
0.612500000000000,3.882200000001860
0.387500000000000,3.882200000001860
0.613500000000000,3.882200000001860
0.386500000000000,3.882200000001860
0.614500000000000,3.882200000001860
0.385500000000000,3.882200000001860
0.617000000476837,3.882200000001860
0.382999999523163,3.882200000001860
0.618500000000000,3.882200000001860
0.381500000000000,3.882200000001860
0.143500000000000,3.882300000001860
0.856500000000000,3.882300000001860
0.151500000000000,3.882300000001860
0.848500000000000,3.882300000001860
0.152750000000000,3.882300000001860
0.847250000000000,3.882300000001860
0.153500000000000,3.882300000001860
0.846500000000000,3.882300000001860
0.155999877929688,3.882300000001860
0.844000122070312,3.882300000001860
0.156500000000000,3.882300000001860
0.843500000000000,3.882300000001860
0.872984375000000,3.882300000001860
0.127015625000000,3.882300000001860
0.873500000000000,3.882300000001860
0.126500000000000,3.882300000001860
0.875937500000000,3.882300000001860
0.124062500000000,3.882300000001860
0.877500000000000,3.882300000001860
0.122500000000000,3.882300000001860
0.878500000000000,3.882300000001860
0.121500000000000,3.882300000001860
0.899500000000000,3.882300000001860
0.100500000000000,3.882300000001860
0.900500000000000,3.882300000001860
0.099500000000000,3.882300000001860
0.905500000000000,3.882300000001860
0.094500000000000,3.882300000001860
0.906250000000000,3.882300000001860
0.093750000000000,3.882300000001860
0.908125000000000,3.882300000001860
0.091875000000000,3.882300000001860
0.003250000000000,3.882400000001860
0.996750000000000,3.882400000001860
0.004875000000000,3.882400000001860
0.995125000000000,3.882400000001860
0.005062500000000,3.882400000001860
0.994937500000000,3.882400000001860
0.950500000000000,3.904500000001910
0.049500000000000,3.904500000001910
0.951500000000000,3.904500000001910
0.048500000000000,3.904500000001910
0.953750000000000,3.904500000001910
0.046250000000000,3.904500000001910
0.980500000000000,3.904500000001910
0.019500000000000,3.904500000001910
0.981031250000000,3.904500000001910
0.018968750000000,3.904500000001910
0.982000061035156,3.904500000001910
0.017999938964844,3.904500000001910
0.391000000476837,3.927100000001960
0.608999999523163,3.927100000001960
0.396062500000000,3.927100000001960
0.603937500000000,3.927100000001960
0.570968750000000,3.927100000001960
0.429031250000000,3.927100000001960
0.574500000000000,3.927100000001960
0.425500000000000,3.927100000001960
0.348000000476837,3.927200000001960
0.651999999523163,3.927200000001960
0.350500000000000,3.927200000001960
0.649500000000000,3.927200000001960
0.612750000000000,3.927200000001960
0.387250000000000,3.927200000001960
0.616500000000000,3.927200000001960
0.383500000000000,3.927200000001960
0.312000000476837,3.927300000001960
0.687999999523163,3.927300000001960
0.315500000000000,3.927300000001960
0.684500000000000,3.927300000001960
0.645875000000000,3.927300000001960
0.354125000000000,3.927300000001960
0.649250000000000,3.927300000001960
0.350750000000000,3.927300000001960
0.280125000000000,3.927400000001960
0.719875000000000,3.927400000001960
0.283001953125000,3.927400000001960
0.716998046875000,3.927400000001960
0.675750000000000,3.927400000001960
0.324250000000000,3.927400000001960
0.679624989032745,3.927400000001960
0.320375010967255,3.927400000001960
0.248000000476837,3.927500000001960
0.751999999523163,3.927500000001960
0.251031250000000,3.927500000001960
0.748968750000000,3.927500000001960
0.703500000000000,3.927500000001960
0.296500000000000,3.927500000001960
0.706500000000000,3.927500000001960
0.293500000000000,3.927500000001960
0.216500000000000,3.927600000001960
0.783500000000000,3.927600000001960
0.219250000000000,3.927600000001960
0.780750000000000,3.927600000001960
0.730500000000000,3.927600000001960
0.269500000000000,3.927600000001960
0.734843505859375,3.927600000001960
0.265156494140625,3.927600000001960
0.182125000000000,3.927700000001960
0.817875000000000,3.927700000001960
0.185125000000000,3.927700000001960
0.814875000000000,3.927700000001960
0.757750000000000,3.927700000001960
0.242250000000000,3.927700000001960
0.761500000000000,3.927700000001960
0.238500000000000,3.927700000001960
0.143500000000000,3.927800000001960
0.856500000000000,3.927800000001960
0.146500000000000,3.927800000001960
0.853500000000000,3.927800000001960
0.786750000000000,3.927800000001960
0.213250000000000,3.927800000001960
0.791500000000000,3.927800000001960
0.208500000000000,3.927800000001960
0.096500000000000,3.927900000001960
0.903500000000000,3.927900000001960
0.100500000000000,3.927900000001960
0.899500000000000,3.927900000001960
0.818500000000000,3.927900000001960
0.181500000000000,3.927900000001960
0.823500000000000,3.927900000001960
0.176500000000000,3.927900000001960
0.824500000000000,3.927900000001960
0.175500000000000,3.927900000001960
0.825976480007172,3.927900000001960
0.174023519992828,3.927900000001960
0.030500000000000,3.928000000001960
0.969500000000000,3.928000000001960
0.037500000000000,3.928000000001960
0.962500000000000,3.928000000001960
0.854500000000000,3.928000000001960
0.145500000000000,3.928000000001960
0.863031250000000,3.928000000001960
0.136968750000000,3.928000000001960
0.899500000000000,3.928100000001960
0.100500000000000,3.928100000001960
0.907500000000000,3.928100000001960
0.092500000000000,3.928100000001960
0.908500000000000,3.928100000001960
0.091500000000000,3.928100000001960
0.911500000000000,3.928100000001960
0.088500000000000,3.928100000001960
0.965500000000000,3.928200000001960
0.034500000000000,3.928200000001960
0.983500000000000,3.928200000001960
0.016500000000000,3.928200000001960
0.985250000000000,3.928200000001960
0.014750000000000,3.928200000001960
0.986500000000000,3.928200000001960
0.013500000000000,3.928200000001960
0.988125000000000,3.928200000001960
0.011875000000000,3.928200000001960
0.989125000000000,3.928200000001960
0.010875000000000,3.928200000001960
0.516000000476837,3.933000000001970
0.483999999523163,3.933000000001970
0.532000000476837,3.933100000001970
0.467999999523163,3.933100000001970
0.533031250000000,3.933100000001970
0.466968750000000,3.933100000001970
0.457999999523163,3.933200000001970
0.542000000476837,3.933200000001970
0.542250000000000,3.933200000001970
0.457750000000000,3.933200000001970
0.450999784946442,3.933300000001970
0.549000215053558,3.933300000001970
0.548000000476837,3.933300000001970
0.451999999523163,3.933300000001970
0.445999000072479,3.933400000001970
0.554000999927521,3.933400000001970
0.553500000000000,3.933400000001970
0.446500000000000,3.933400000001970
0.442999879360199,3.933500000001970
0.557000120639801,3.933500000001970
0.556000000476837,3.933500000001970
0.443999999523163,3.933500000001970
0.557062500000000,3.933500000001970
0.442937500000000,3.933500000001970
0.439999964237213,3.933600000001970
0.560000035762787,3.933600000001970
0.559500000000000,3.933600000001970
0.440500000000000,3.933600000001970
0.437999693393707,3.933700000001970
0.562000306606293,3.933700000001970
0.561250000000000,3.933700000001970
0.438750000000000,3.933700000001970
0.436999812602997,3.933800000001970
0.563000187397003,3.933800000001970
0.562062500000000,3.933800000001970
0.437937500000000,3.933800000001970
0.436999344348907,3.933900000001970
0.563000655651093,3.933900000001970
0.562250000000000,3.933900000001970
0.437750000000000,3.933900000001970
0.436997850894928,3.934000000001970
0.563002149105072,3.934000000001970
0.561500000000000,3.934000000001970
0.438500000000000,3.934000000001970
0.437750000000000,3.934100000001970
0.562250000000000,3.934100000001970
0.560250000000000,3.934100000001970
0.439750000000000,3.934100000001970
0.439996912479401,3.934200000001970
0.560003087520599,3.934200000001970
0.558250000000000,3.934200000001970
0.441750000000000,3.934200000001970
0.442999893665314,3.934300000001970
0.557000106334686,3.934300000001970
0.555250000000000,3.934300000001970
0.444750000000000,3.934300000001970
0.445984375000000,3.934400000001970
0.554015625000000,3.934400000001970
0.446999483585358,3.934400000001970
0.553000516414642,3.934400000001970
0.551500000000000,3.934400000001970
0.448500000000000,3.934400000001970
0.450875000000000,3.934500000001970
0.549125000000000,3.934500000001970
0.546000000476837,3.934500000001970
0.453999999523163,3.934500000001970
0.457996094226837,3.934600000001970
0.542003905773163,3.934600000001970
0.539000000476837,3.934600000001970
0.460999999523163,3.934600000001970
0.540250000000000,3.934600000001970
0.459750000000000,3.934600000001970
0.465937500000000,3.934700000001970
0.534062500000000,3.934700000001970
0.466994548320770,3.934700000001970
0.533005451679230,3.934700000001970
0.531250000000000,3.934700000001970
0.468750000000000,3.934700000001970
0.480500000000000,3.934800000001970
0.519500000000000,3.934800000001970
0.516500000000000,3.934800000001970
0.483500000000000,3.934800000001970
0.706500000000000,3.956400000002020
0.293500000000000,3.956400000002020
0.721500000000000,3.956400000002020
0.278500000000000,3.956400000002020
0.260937500000000,3.985500000002080
0.739062500000000,3.985500000002080
0.261312500000000,3.985500000002080
0.738687500000000,3.985500000002080
0.262875000000000,3.985500000002080
0.737125000000000,3.985500000002080
0.265031250000000,3.985500000002080
0.734968750000000,3.985500000002080
0.266968750000000,3.985500000002080
0.733031250000000,3.985500000002080
0.269015625000000,3.985500000002080
0.730984375000000,3.985500000002080
0.270875000000000,3.985500000002080
0.729125000000000,3.985500000002080
0.271250000000000,3.985500000002080
0.728750000000000,3.985500000002080
0.272500000000000,3.985500000002080
0.727500000000000,3.985500000002080
0.276500000000000,3.985500000002080
0.723500000000000,3.985500000002080
0.277500000000000,3.985500000002080
0.722500000000000,3.985500000002080
0.324500000000000,3.985500000002080
0.675500000000000,3.985500000002080
0.325500000000000,3.985500000002080
0.674500000000000,3.985500000002080
0.329500000000000,3.985500000002080
0.670500000000000,3.985500000002080
0.330500000000000,3.985500000002080
0.669500000000000,3.985500000002080
0.334500000000000,3.985500000002080
0.665500000000000,3.985500000002080
0.337125000000000,3.985500000002080
0.662875000000000,3.985500000002080
0.338250000000000,3.985500000002080
0.661750000000000,3.985500000002080
0.342062500000000,3.985500000002080
0.657937500000000,3.985500000002080
0.343007812500000,3.985500000002080
0.656992187500000,3.985500000002080
0.840750000000000,3.985600000002080
0.159250000000000,3.985600000002080
0.843500000000000,3.985600000002080
0.156500000000000,3.985600000002080
0.844937500000000,3.985600000002080
0.155062500000000,3.985600000002080
0.846500000000000,3.985600000002080
0.153500000000000,3.985600000002080
0.849500000000000,3.985600000002080
0.150500000000000,3.985600000002080
0.850250000000000,3.985600000002080
0.149750000000000,3.985600000002080
0.852875000000000,3.985600000002080
0.147125000000000,3.985600000002080
0.853500000000000,3.985600000002080
0.146500000000000,3.985600000002080
0.854500000000000,3.985600000002080
0.145500000000000,3.985600000002080
0.856250000000000,3.985600000002080
0.143750000000000,3.985600000002080
0.858500000000000,3.985600000002080
0.141500000000000,3.985600000002080
0.860250000000000,3.985600000002080
0.139750000000000,3.985600000002080
0.861500000000000,3.985600000002080
0.138500000000000,3.985600000002080
0.918500000000000,3.985600000002080
0.081500000000000,3.985600000002080
0.919500000000000,3.985600000002080
0.080500000000000,3.985600000002080
0.920500000000000,3.985600000002080
0.079500000000000,3.985600000002080
0.921500000000000,3.985600000002080
0.078500000000000,3.985600000002080
0.929500000000000,3.985600000002080
0.070500000000000,3.985600000002080
0.930250000000000,3.985600000002080
0.069750000000000,3.985600000002080
0.938500000000000,3.985600000002080
0.061500000000000,3.985600000002080
0.939250000000000,3.985600000002080
0.060750000000000,3.985600000002080
0.944125000000000,3.985600000002080
0.055875000000000,3.985600000002080
0.947125000000000,3.985600000002080
0.052875000000000,3.985600000002080
0.950125000000000,3.985600000002080
0.049875000000000,3.985600000002080
0.951000488281250,3.985600000002080
0.048999511718750,3.985600000002080
0.953998022556305,3.985600000002080
0.046001977443695,3.985600000002080
0.954250000000000,3.985600000002080
0.045750000000000,3.985600000002080
0.955500000000000,3.985600000002080
0.044500000000000,3.985600000002080
0.956062500000000,3.985600000002080
0.043937500000000,3.985600000002080
0.957001953125000,3.985600000002080
0.042998046875000,3.985600000002080
0.962007812500000,3.985600000002080
0.037992187500000,3.985600000002080
0.963985199451447,3.985600000002080
0.036014800548553,3.985600000002080
