IR 3-4,#8800FF
0.499999985694885,3.000000000000000
0.499999985694885,3.000100000000000
0.499999985694885,3.000200000000000
0.499999985694885,3.000300000000000
0.499999985694885,3.000400000000000
0.499999985694885,3.000500000000000
0.499999985694885,3.000600000000000
0.499999985694885,3.000700000000000
0.499999985694885,3.000800000000000
0.499999985694885,3.000900000000000
0.499999985694885,3.001000000000000
0.499999985694885,3.001100000000000
0.499999985694885,3.001200000000000
0.499999985694885,3.001300000000000
0.499999985694885,3.001400000000000
0.499999985694885,3.001500000000000
0.499999985694885,3.001600000000000
0.499999985694885,3.001700000000000
0.499999985694885,3.001800000000000
0.499999985694885,3.001900000000000
0.499999985694885,3.002000000000000
0.499999985694885,3.002100000000000
0.499999985694885,3.002200000000000
0.499999985694885,3.002300000000000
0.499999985694885,3.002400000000010
0.499999985694885,3.002500000000010
0.499999985694885,3.002600000000010
0.499999985694885,3.002700000000010
0.499999985694885,3.002800000000010
0.499999985694885,3.002900000000010
0.499999985694885,3.003000000000010
0.499999985694885,3.003100000000010
0.499999985694885,3.003200000000010
0.499999985694885,3.003300000000010
0.499999985694885,3.003400000000010
0.499999985694885,3.003500000000010
0.499999985694885,3.003600000000010
0.499999985694885,3.003700000000010
0.499999985694885,3.003800000000010
0.499999985694885,3.003900000000010
0.499999985694885,3.004000000000010
0.499999985694885,3.004100000000010
0.499999985694885,3.004200000000010
0.499999985694885,3.004300000000010
0.499999985694885,3.004400000000010
0.499999985694885,3.004500000000010
0.499999985694885,3.004600000000010
0.499999985694885,3.004700000000010
0.499999985694885,3.004800000000010
0.499999985694885,3.004900000000010
0.499999985694885,3.005000000000010
0.499999985694885,3.005100000000010
0.499999985694885,3.005200000000010
0.499999985694885,3.005300000000010
0.499999985694885,3.005400000000010
0.499999985694885,3.005500000000010
0.499999985694885,3.005600000000010
0.499999985694885,3.005700000000010
0.499999985694885,3.005800000000010
0.499999985694885,3.005900000000010
0.499999985694885,3.006000000000010
0.499999985694885,3.006100000000010
0.499999985694885,3.006200000000010
0.499999985694885,3.006300000000010
0.499999985694885,3.006400000000010
0.499999985694885,3.006500000000010
0.499999985694885,3.006600000000010
0.499999985694885,3.006700000000010
0.499999985694885,3.006800000000010
0.499999985694885,3.006900000000010
0.499999985694885,3.007000000000010
0.499999985694885,3.007100000000010
0.499999985694885,3.007200000000020
0.499999985694885,3.007300000000020
0.499999985694885,3.007400000000020
0.499999985694885,3.007500000000020
0.499999985694885,3.007600000000020
0.499999985694885,3.007700000000020
0.499999985694885,3.007800000000020
0.499999985694885,3.007900000000020
0.499999985694885,3.008000000000020
0.499999985694885,3.008100000000020
0.499999985694885,3.008200000000020
0.499999985694885,3.008300000000020
0.499999985694885,3.008400000000020
0.499999985694885,3.008500000000020
0.499999985694885,3.008600000000020
0.499999985694885,3.008700000000020
0.499999985694885,3.008800000000020
0.499999985694885,3.008900000000020
0.499999985694885,3.009000000000020
0.499999985694885,3.009100000000020
0.499999985694885,3.009200000000020
0.499999985694885,3.009300000000020
0.499999985694885,3.009400000000020
0.499999985694885,3.009500000000020
0.499999985694885,3.009600000000020
0.499999985694885,3.009700000000020
0.499999985694885,3.009800000000020
0.499999985694885,3.009900000000020
0.499999985694885,3.010000000000020
0.499999985694885,3.010100000000020
0.499999985694885,3.010200000000020
0.499999955177307,3.010300000000020
0.499999924659729,3.010400000000020
0.492999270439148,3.010500000000020
0.499996050834656,3.010500000000020
0.506427437782288,3.010500000000020
0.446249022483826,3.010600000000020
0.499999955177307,3.010600000000020
0.552999884605408,3.010600000000020
0.424999997138977,3.010700000000020
0.499999985694885,3.010700000000020
0.574777453422546,3.010700000000020
0.408486321449280,3.010800000000020
0.499999985694885,3.010800000000020
0.590999991416931,3.010800000000020
0.338988259315491,3.010900000000020
0.394999995231628,3.010900000000020
0.499999985694885,3.010900000000020
0.604912310600281,3.010900000000020
0.354998513221741,3.011000000000020
0.382999972343445,3.011000000000020
0.499999985694885,3.011000000000020
0.616733759880066,3.011000000000020
0.371999993324280,3.011100000000020
0.499999985694885,3.011100000000020
0.627082795143127,3.011100000000020
0.362543030738831,3.011200000000020
0.499999985694885,3.011200000000020
0.636999995231628,3.011200000000020
0.353685036659241,3.011300000000020
0.499999985694885,3.011300000000020
0.645999997138977,3.011300000000020
0.345143481254578,3.011400000000020
0.499999985694885,3.011400000000020
0.653999955177307,3.011400000000020
0.337693377494812,3.011500000000020
0.499999985694885,3.011500000000020
0.661999970436096,3.011500000000020
0.330139443397522,3.011600000000020
0.499999985694885,3.011600000000020
0.668999999046326,3.011600000000020
0.323444560050964,3.011700000000020
0.499999985694885,3.011700000000020
0.675999909400940,3.011700000000020
0.316999987602234,3.011800000000020
0.499999985694885,3.011800000000020
0.682552725791931,3.011800000000020
0.310999974250793,3.011900000000030
0.499999985694885,3.011900000000030
0.688865929603577,3.011900000000030
0.304999991416931,3.012000000000030
0.499999985694885,3.012000000000030
0.694614142417908,3.012000000000030
0.299205883979797,3.012100000000030
0.499999985694885,3.012100000000030
0.699999958992005,3.012100000000030
0.293999985694885,3.012200000000030
0.499999985694885,3.012200000000030
0.705502003669739,3.012200000000030
0.288999989509583,3.012300000000030
0.499999985694885,3.012300000000030
0.710725457191467,3.012300000000030
0.283999995231628,3.012400000000030
0.499999985694885,3.012400000000030
0.715522139549255,3.012400000000030
0.279057606697083,3.012500000000030
0.499999985694885,3.012500000000030
0.719999939918518,3.012500000000030
0.274999991416931,3.012600000000030
0.499999985694885,3.012600000000030
0.724966794013977,3.012600000000030
0.270340933799744,3.012700000000030
0.499999985694885,3.012700000000030
0.728999941825867,3.012700000000030
0.266002430915833,3.012800000000030
0.499999985694885,3.012800000000030
0.732999951362610,3.012800000000030
0.261999979972839,3.012900000000030
0.499999985694885,3.012900000000030
0.737040251731873,3.012900000000030
0.258236006736755,3.013000000000030
0.499999985694885,3.013000000000030
0.740999966621399,3.013000000000030
0.254797711372375,3.013100000000030
0.499999985694885,3.013100000000030
0.744999974250793,3.013100000000030
0.250999972343445,3.013200000000030
0.499999985694885,3.013200000000030
0.748383492469788,3.013200000000030
0.247713885307312,3.013300000000030
0.499999985694885,3.013300000000030
0.751999943733215,3.013300000000030
0.244048066139221,3.013400000000030
0.499999985694885,3.013400000000030
0.754999964714050,3.013400000000030
0.240999974250793,3.013500000000030
0.499999985694885,3.013500000000030
0.758361489295959,3.013500000000030
0.237999983787537,3.013600000000030
0.499999985694885,3.013600000000030
0.761551648139954,3.013600000000030
0.234999976158142,3.013700000000030
0.499999985694885,3.013700000000030
0.764501660346985,3.013700000000030
0.231999970436096,3.013800000000030
0.499999985694885,3.013800000000030
0.767233521461487,3.013800000000030
0.229232899665833,3.013900000000030
0.499999985694885,3.013900000000030
0.769999951362610,3.013900000000030
0.226916544914246,3.014000000000030
0.499999985694885,3.014000000000030
0.772999913215637,3.014000000000030
0.223999983787537,3.014100000000030
0.499999985694885,3.014100000000030
0.775211543083191,3.014100000000030
0.221866003990173,3.014200000000030
0.499999985694885,3.014200000000030
0.777999966621399,3.014200000000030
0.219122790336609,3.014300000000030
0.499999985694885,3.014300000000030
0.779999941825867,3.014300000000030
0.216999985694885,3.014400000000030
0.499999985694885,3.014400000000030
0.782426506996155,3.014400000000030
0.214999981880188,3.014500000000030
0.499999985694885,3.014500000000030
0.784794777870178,3.014500000000030
0.212999978065491,3.014600000000030
0.499999985694885,3.014600000000030
0.786996632575989,3.014600000000030
0.210984372138977,3.014700000000030
0.499999985694885,3.014700000000030
0.788999945640564,3.014700000000030
0.208999968528748,3.014800000000030
0.499999985694885,3.014800000000030
0.790874451637268,3.014800000000030
0.206999995231628,3.014900000000030
0.499999985694885,3.014900000000030
0.792557805061340,3.014900000000030
0.204999976158142,3.015000000000030
0.499999985694885,3.015000000000030
0.794086306571961,3.015000000000030
0.203554057121277,3.015100000000030
0.499999985694885,3.015100000000030
0.795999974250793,3.015100000000030
0.201999970436096,3.015200000000030
0.499999985694885,3.015200000000030
0.797648102760315,3.015200000000030
0.200299031257629,3.015300000000030
0.499999985694885,3.015300000000030
0.798999995231628,3.015300000000030
0.198999978065491,3.015400000000030
0.499999985694885,3.015400000000030
0.800594538688660,3.015400000000030
0.197657563209534,3.015500000000030
0.499999985694885,3.015500000000030
0.801999957084656,3.015500000000030
0.196066699028015,3.015600000000030
0.499999985694885,3.015600000000030
0.802999943733215,3.015600000000030
0.194999985694885,3.015700000000030
0.499999985694885,3.015700000000030
0.804384678840637,3.015700000000030
0.193999999046326,3.015800000000030
0.499999985694885,3.015800000000030
0.805682868003845,3.015800000000030
0.192999981880188,3.015900000000030
0.468563393592834,3.015900000000030
0.499999985694885,3.015900000000030
0.806836516380310,3.015900000000030
0.191999979972839,3.016000000000030
0.499999985694885,3.016000000000030
0.807851582527161,3.016000000000030
0.190999978065491,3.016100000000030
0.499999985694885,3.016100000000030
0.808719843864441,3.016100000000030
0.189999989509583,3.016200000000030
0.499999985694885,3.016200000000030
0.809451312065125,3.016200000000030
0.188999987602234,3.016300000000030
0.499999985694885,3.016300000000030
0.810038655281067,3.016300000000030
0.188509829521179,3.016400000000030
0.499999985694885,3.016400000000030
0.810999958992004,3.016400000000030
0.187999985694885,3.016500000000030
0.499999985694885,3.016500000000030
0.811800747871399,3.016500000000030
0.187027983665466,3.016600000000040
0.499999985694885,3.016600000000040
0.811999947547913,3.016600000000040
0.186988018989563,3.016700000000040
0.499999985694885,3.016700000000040
0.812999993324280,3.016700000000040
0.186089791297913,3.016800000000040
0.499999985694885,3.016800000000040
0.812999993324280,3.016800000000040
0.185999997138977,3.016900000000040
0.499999985694885,3.016900000000040
0.813677042961121,3.016900000000040
0.185695029258728,3.017000000000040
0.499999985694885,3.017000000000040
0.813999979972839,3.017000000000040
0.185202025413513,3.017100000000040
0.499999985694885,3.017100000000040
0.813999979972839,3.017100000000040
0.184999995231628,3.017200000000040
0.499999985694885,3.017200000000040
0.814156561851501,3.017200000000040
0.184999995231628,3.017300000000040
0.499999985694885,3.017300000000040
0.814379185676575,3.017300000000040
0.184999995231628,3.017400000000040
0.499999985694885,3.017400000000040
0.814466864585877,3.017400000000040
0.184999979972839,3.017500000000040
0.499999985694885,3.017500000000040
0.814419180870056,3.017500000000040
0.184999995231628,3.017600000000040
0.499999985694885,3.017600000000040
0.814235657691956,3.017600000000040
0.185084618568420,3.017700000000040
0.499999985694885,3.017700000000040
0.813999979972839,3.017700000000040
0.185539446830750,3.017800000000040
0.499999985694885,3.017800000000040
0.813999979972839,3.017800000000040
0.185999997138977,3.017900000000040
0.499999985694885,3.017900000000040
0.813869626045227,3.017900000000040
0.185999997138977,3.018000000000040
0.499999985694885,3.018000000000040
0.813141495704651,3.018000000000040
0.186726592063904,3.018100000000040
0.499999985694885,3.018100000000040
0.812999993324280,3.018100000000040
0.186999983787537,3.018200000000040
0.499999985694885,3.018200000000040
0.812269360542297,3.018200000000040
0.187876902580261,3.018300000000040
0.499999985694885,3.018300000000040
0.811999947547913,3.018300000000040
0.188161692619324,3.018400000000040
0.499999985694885,3.018400000000040
0.810999958992004,3.018400000000040
0.188999987602234,3.018500000000040
0.499999985694885,3.018500000000040
0.810411482810974,3.018500000000040
0.189999960899353,3.018600000000040
0.499999985694885,3.018600000000040
0.809844344139099,3.018600000000040
0.190866030693054,3.018700000000040
0.499999985694885,3.018700000000040
0.808999985694885,3.018700000000040
0.191725857734680,3.018800000000040
0.499999985694885,3.018800000000040
0.807999999046326,3.018800000000040
0.192727543830872,3.018900000000040
0.499999985694885,3.018900000000040
0.806999951362610,3.018900000000040
0.193882159233093,3.019000000000040
0.499999985694885,3.019000000000040
0.805999964714050,3.019000000000040
0.194999985694885,3.019100000000040
0.499999985694885,3.019100000000040
0.804818600654602,3.019100000000040
0.195999972343445,3.019200000000040
0.499999985694885,3.019200000000040
0.803361981391907,3.019200000000040
0.197243563652039,3.019300000000040
0.499999985694885,3.019300000000040
0.801999957084656,3.019300000000040
0.198999993324280,3.019400000000040
0.499999985694885,3.019400000000040
0.800997584342957,3.019400000000040
0.199999995231628,3.019500000000040
0.499999985694885,3.019500000000040
0.799073069572449,3.019500000000040
0.201999999046326,3.019600000000040
0.499999985694885,3.019600000000040
0.797994286537170,3.019600000000040
0.203256136894226,3.019700000000040
0.499999985694885,3.019700000000040
0.795999974250793,3.019700000000040
0.204999945640564,3.019800000000040
0.499999985694885,3.019800000000040
0.794337481498718,3.019800000000040
0.206999979972839,3.019900000000040
0.499999985694885,3.019900000000040
0.792751997947693,3.019900000000040
0.208997256278992,3.020000000000040
0.499999985694885,3.020000000000040
0.790999978065491,3.020000000000040
0.210931725502014,3.020100000000040
0.499999985694885,3.020100000000040
0.788999945640564,3.020100000000040
0.212999991416931,3.020200000000040
0.499999985694885,3.020200000000040
0.786963433265686,3.020200000000040
0.214999995231628,3.020300000000040
0.499999985694885,3.020300000000040
0.784675091743469,3.020300000000040
0.216999970436096,3.020400000000040
0.499999985694885,3.020400000000040
0.782188385963440,3.020400000000040
0.219482056617737,3.020500000000040
0.499999985694885,3.020500000000040
0.779999941825867,3.020500000000040
0.221999964714050,3.020600000000040
0.499999985694885,3.020600000000040
0.777639777183533,3.020600000000040
0.224431641578674,3.020700000000040
0.499999985694885,3.020700000000040
0.774999945640564,3.020700000000040
0.226999976158142,3.020800000000040
0.499999985694885,3.020800000000040
0.772277325630188,3.020800000000040
0.229999997138977,3.020900000000040
0.499999985694885,3.020900000000040
0.769781619071961,3.020900000000040
0.232935793876648,3.021000000000040
0.499999985694885,3.021000000000040
0.766999989509582,3.021000000000040
0.235897027015686,3.021100000000040
0.499999985694885,3.021100000000040
0.763999968528748,3.021100000000040
0.238999985694885,3.021200000000040
0.499999985694885,3.021200000000040
0.760918110847473,3.021200000000040
0.241999976158142,3.021300000000040
0.499999985694885,3.021300000000040
0.757471590995789,3.021300000000040
0.245217837333679,3.021400000000050
0.499999985694885,3.021400000000050
0.753999978065491,3.021400000000050
0.248999991416931,3.021500000000050
0.499999985694885,3.021500000000050
0.750812739372253,3.021500000000050
0.252420529365540,3.021600000000050
0.499999985694885,3.021600000000050
0.746999949455261,3.021600000000050
0.255999938011169,3.021700000000050
0.499999985694885,3.021700000000050
0.743059664726257,3.021700000000050
0.259999945640564,3.021800000000050
0.499999985694885,3.021800000000050
0.739213257789612,3.021800000000050
0.263999983787537,3.021900000000050
0.499999985694885,3.021900000000050
0.735066861152649,3.021900000000050
0.268441334724426,3.022000000000050
0.499999985694885,3.022000000000050
0.730999976158142,3.022000000000050
0.272999926567078,3.022100000000050
0.499999985694885,3.022100000000050
0.726718873023987,3.022100000000050
0.277522757530212,3.022200000000050
0.499999985694885,3.022200000000050
0.721999972343445,3.022200000000050
0.282145276069641,3.022300000000050
0.499999955177307,3.022300000000050
0.716999978065491,3.022300000000050
0.287195250511170,3.022400000000050
0.499999985694885,3.022400000000050
0.711999981880188,3.022400000000050
0.292730137825012,3.022500000000050
0.499999985694885,3.022500000000050
0.706999987602234,3.022500000000050
0.297999993324280,3.022600000000050
0.499999955177307,3.022600000000050
0.701266556739807,3.022600000000050
0.303999915122986,3.022700000000050
0.499999985694885,3.022700000000050
0.695685357093811,3.022700000000050
0.309999987602234,3.022800000000050
0.499999985694885,3.022800000000050
0.689549834251404,3.022800000000050
0.316274777412414,3.022900000000050
0.499999985694885,3.022900000000050
0.682999999046326,3.022900000000050
0.322999999046326,3.023000000000050
0.499999985694885,3.023000000000050
0.675999968528748,3.023000000000050
0.688999979972839,3.023000000000050
0.330094651222229,3.023100000000050
0.499999955177307,3.023100000000050
0.668999999046326,3.023100000000050
0.718189150810242,3.023100000000050
0.337999924659729,3.023200000000050
0.499999985694885,3.023200000000050
0.661643713951111,3.023200000000050
0.735997826576233,3.023200000000050
0.345999941825867,3.023300000000050
0.499999985694885,3.023300000000050
0.653365344047546,3.023300000000050
0.750736027717590,3.023300000000050
0.354999825477600,3.023400000000050
0.499999985694885,3.023400000000050
0.644830435752869,3.023400000000050
0.763985127449036,3.023400000000050
0.364137812614441,3.023500000000050
0.499999955177307,3.023500000000050
0.634999960899353,3.023500000000050
0.374948039054871,3.023600000000050
0.499999985694885,3.023600000000050
0.624999970436096,3.023600000000050
0.386010571479797,3.023700000000050
0.499999955177307,3.023700000000050
0.612999945640564,3.023700000000050
0.399145648002625,3.023800000000050
0.499999955177307,3.023800000000050
0.599999934196472,3.023800000000050
0.414847239494324,3.023900000000050
0.499999896049500,3.023900000000050
0.584999949455261,3.023900000000050
0.433999701499939,3.024000000000050
0.499999836921692,3.024000000000050
0.565920025825501,3.024000000000050
0.461999997138977,3.024100000000050
0.499999537467957,3.024100000000050
0.537095517158508,3.024100000000050
0.499999657630920,3.024200000000050
0.499999924659729,3.024300000000050
0.499999955177307,3.024400000000050
0.499999955177307,3.024500000000050
0.499999985694885,3.024600000000050
0.499999955177307,3.024700000000050
0.499999985694885,3.024800000000050
0.499999985694885,3.024900000000050
0.499999955177307,3.025000000000050
0.499999985694885,3.025100000000050
0.499999985694885,3.025200000000050
0.499999955177307,3.025300000000050
0.499999955177307,3.025400000000050
0.499999985694885,3.025500000000050
0.499999985694885,3.025600000000050
0.499999985694885,3.025700000000050
0.499999985694885,3.025800000000050
0.499999985694885,3.025900000000050
0.499999985694885,3.026000000000050
0.499999985694885,3.026100000000060
0.499999985694885,3.026200000000060
0.499999985694885,3.026300000000060
0.499999985694885,3.026400000000060
0.499999985694885,3.026500000000060
0.499999985694885,3.026600000000060
0.499999985694885,3.026700000000060
0.499999985694885,3.026800000000060
0.499999985694885,3.026900000000060
0.499999985694885,3.027000000000060
0.499999985694885,3.027100000000060
0.499999985694885,3.027200000000060
0.499999985694885,3.027300000000060
0.499999985694885,3.027400000000060
0.499999985694885,3.027500000000060
0.499999985694885,3.027600000000060
0.499999985694885,3.027700000000060
0.499999985694885,3.027800000000060
0.499999985694885,3.027900000000060
0.499999985694885,3.028000000000060
0.499999985694885,3.028100000000060
0.499999985694885,3.028200000000060
0.499999985694885,3.028300000000060
0.499999985694885,3.028400000000060
0.499999985694885,3.028500000000060
0.499999985694885,3.028600000000060
0.499999985694885,3.028700000000060
0.499999985694885,3.028800000000060
0.499999985694885,3.028900000000060
0.499999985694885,3.029000000000060
0.499999985694885,3.029100000000060
0.499999985694885,3.029200000000060
0.499999985694885,3.029300000000060
0.499999985694885,3.029400000000060
0.499999985694885,3.029500000000060
0.499999985694885,3.029600000000060
0.499999985694885,3.029700000000060
0.499999985694885,3.029800000000060
0.499999985694885,3.029900000000060
0.499999985694885,3.030000000000060
0.499999985694885,3.030100000000060
0.499999985694885,3.030200000000060
0.499999985694885,3.030300000000060
0.499999985694885,3.030400000000060
0.499999985694885,3.030500000000060
0.499999985694885,3.030600000000060
0.499999985694885,3.030700000000060
0.499999985694885,3.030800000000060
0.499999985694885,3.030900000000070
0.499999985694885,3.031000000000070
0.499999985694885,3.031100000000070
0.499999985694885,3.031200000000070
0.499999985694885,3.031300000000070
0.499999985694885,3.031400000000070
0.499999985694885,3.031500000000070
0.499999985694885,3.031600000000070
0.499999985694885,3.031700000000070
0.499999985694885,3.031800000000070
0.499999985694885,3.031900000000070
0.499999985694885,3.032000000000070
0.499999985694885,3.032100000000070
0.499999985694885,3.032200000000070
0.499999985694885,3.032300000000070
0.499999985694885,3.032400000000070
0.499999985694885,3.032500000000070
0.499999985694885,3.032600000000070
0.499999985694885,3.032700000000070
0.499999985694885,3.032800000000070
0.499999985694885,3.032900000000070
0.499999985694885,3.033000000000070
0.499999985694885,3.033100000000070
0.499999985694885,3.033200000000070
0.499999985694885,3.033300000000070
0.499999985694885,3.033400000000070
0.499999985694885,3.033500000000070
0.499999985694885,3.033600000000070
0.499999985694885,3.033700000000070
0.499999985694885,3.033800000000070
0.499999985694885,3.033900000000070
0.499999985694885,3.034000000000070
0.499999985694885,3.034100000000070
0.499999985694885,3.034200000000070
0.499999985694885,3.034300000000070
0.499999985694885,3.034400000000070
0.499999985694885,3.034500000000070
0.499999985694885,3.034600000000070
0.499999985694885,3.034700000000070
0.499999985694885,3.034800000000070
0.499999985694885,3.034900000000070
0.499999985694885,3.035000000000070
0.499999985694885,3.035100000000070
0.499999985694885,3.035200000000070
0.499999985694885,3.035300000000070
0.499999985694885,3.035400000000070
0.499999985694885,3.035500000000070
0.499999985694885,3.035600000000080
0.499999985694885,3.035700000000080
0.499999985694885,3.035800000000080
0.499999985694885,3.035900000000080
0.499999985694885,3.036000000000080
0.499999955177307,3.036100000000080
0.499999985694885,3.036200000000080
0.499999955177307,3.036300000000080
0.499999985694885,3.036400000000080
0.499999985694885,3.036500000000080
0.499999985694885,3.036600000000080
0.499999985694885,3.036700000000080
0.499999955177307,3.036800000000080
0.499999985694885,3.036900000000080
0.499999955177307,3.037000000000080
0.499999955177307,3.037100000000080
0.499999955177307,3.037200000000080
0.499999955177307,3.037300000000080
0.499999955177307,3.037400000000080
0.499999955177307,3.037500000000080
0.499999985694885,3.037600000000080
0.499999985694885,3.037700000000080
0.499999985694885,3.037800000000080
0.499999985694885,3.037900000000080
0.499999955177307,3.038000000000080
0.499999985694885,3.038100000000080
0.499999985694885,3.038200000000080
0.499999985694885,3.038300000000080
0.499999985694885,3.038400000000080
0.499999955177307,3.038500000000080
0.499999985694885,3.038600000000080
0.499999985694885,3.038700000000080
0.499999985694885,3.038800000000080
0.499999985694885,3.038900000000080
0.499999955177307,3.039000000000080
0.499999985694885,3.039100000000080
0.499999985694885,3.039200000000080
0.499999985694885,3.039300000000080
0.499999985694885,3.039400000000080
0.499999985694885,3.039500000000080
0.499999985694885,3.039600000000080
0.499999955177307,3.039700000000080
0.499999985694885,3.039800000000080
0.499999985694885,3.039900000000080
0.499999985694885,3.040000000000080
0.499999955177307,3.040100000000080
0.499999955177307,3.040200000000080
0.499999985694885,3.040300000000090
0.499999985694885,3.040400000000090
0.499999985694885,3.040500000000090
0.499999985694885,3.040600000000090
0.499999985694885,3.040700000000090
0.499999955177307,3.040800000000090
0.499999985694885,3.040900000000090
0.499999985694885,3.041000000000090
0.499999955177307,3.041100000000090
0.499999985694885,3.041200000000090
0.499999985694885,3.041300000000090
0.499999955177307,3.041400000000090
0.499999985694885,3.041500000000090
0.499999985694885,3.041600000000090
0.499999985694885,3.041700000000090
0.499999985694885,3.041800000000090
0.499999985694885,3.041900000000090
0.499999985694885,3.042000000000090
0.499999985694885,3.042100000000090
0.499999985694885,3.042200000000090
0.499999985694885,3.042300000000090
0.499999955177307,3.042400000000090
0.499999985694885,3.042500000000090
0.499999985694885,3.042600000000090
0.499999985694885,3.042700000000090
0.499999985694885,3.042800000000090
0.499999985694885,3.042900000000090
0.499999985694885,3.043000000000090
0.499999985694885,3.043100000000090
0.499999955177307,3.043200000000090
0.499999985694885,3.043300000000090
0.499999985694885,3.043400000000090
0.499999985694885,3.043500000000090
0.499999985694885,3.043600000000090
0.499999985694885,3.043700000000090
0.499999985694885,3.043800000000090
0.499999985694885,3.043900000000090
0.499999985694885,3.044000000000090
0.499999985694885,3.044100000000090
0.499999985694885,3.044200000000090
0.499999955177307,3.044300000000090
0.499999985694885,3.044400000000090
0.499999985694885,3.044500000000090
0.499999985694885,3.044600000000090
0.499999985694885,3.044700000000090
0.499999985694885,3.044800000000090
0.499999985694885,3.044900000000090
0.499999985694885,3.045000000000090
0.499999985694885,3.045100000000100
0.499999985694885,3.045200000000100
0.499999985694885,3.045300000000100
0.499999985694885,3.045400000000100
0.499999985694885,3.045500000000100
0.499999985694885,3.045600000000100
0.499999985694885,3.045700000000100
0.499999985694885,3.045800000000100
0.499999985694885,3.045900000000100
0.499999985694885,3.046000000000100
0.499999985694885,3.046100000000100
0.499999985694885,3.046200000000100
0.499999985694885,3.046300000000100
0.499999955177307,3.046400000000100
0.499999985694885,3.046500000000100
0.499999985694885,3.046600000000100
0.499999985694885,3.046700000000100
0.499999985694885,3.046800000000100
0.499999985694885,3.046900000000100
0.499999985694885,3.047000000000100
0.499999985694885,3.047100000000100
0.499999985694885,3.047200000000100
0.499999985694885,3.047300000000100
0.499999985694885,3.047400000000100
0.499999985694885,3.047500000000100
0.499999955177307,3.047600000000100
0.499999985694885,3.047700000000100
0.499999985694885,3.047800000000100
0.499999985694885,3.047900000000100
0.499999955177307,3.048000000000100
0.499999955177307,3.048100000000100
0.499999985694885,3.048200000000100
0.499999985694885,3.048300000000100
0.499999985694885,3.048400000000100
0.499999985694885,3.048500000000100
0.499999985694885,3.048600000000100
0.499999985694885,3.048700000000100
0.499999985694885,3.048800000000100
0.499999985694885,3.048900000000100
0.499999985694885,3.049000000000100
0.499999985694885,3.049100000000100
0.499999985694885,3.049200000000100
0.499999985694885,3.049300000000100
0.499999985694885,3.049400000000100
0.499999985694885,3.049500000000100
0.499999985694885,3.049600000000100
0.499999955177307,3.049700000000100
0.499999985694885,3.049800000000110
0.499999985694885,3.049900000000110
0.499999955177307,3.050000000000110
0.499999985694885,3.050100000000110
0.499999985694885,3.050200000000110
0.499999985694885,3.050300000000110
0.499999985694885,3.050400000000110
0.499999985694885,3.050500000000110
0.499999985694885,3.050600000000110
0.499999985694885,3.050700000000110
0.499999985694885,3.050800000000110
0.499999985694885,3.050900000000110
0.499999985694885,3.051000000000110
0.499999985694885,3.051100000000110
0.499999985694885,3.051200000000110
0.499999985694885,3.051300000000110
0.499999985694885,3.051400000000110
0.499999985694885,3.051500000000110
0.499999985694885,3.051600000000110
0.499999985694885,3.051700000000110
0.499999985694885,3.051800000000110
0.499999985694885,3.051900000000110
0.499999985694885,3.052000000000110
0.499999985694885,3.052100000000110
0.499999985694885,3.052200000000110
0.499999985694885,3.052300000000110
0.499999985694885,3.052400000000110
0.499999985694885,3.052500000000110
0.499999985694885,3.052600000000110
0.499999985694885,3.052700000000110
0.499999985694885,3.052800000000110
0.499999985694885,3.052900000000110
0.499999985694885,3.053000000000110
0.499999985694885,3.053100000000110
0.499999985694885,3.053200000000110
0.499999985694885,3.053300000000110
0.499999985694885,3.053400000000110
0.499999985694885,3.053500000000110
0.499999985694885,3.053600000000110
0.499999985694885,3.053700000000110
0.499999985694885,3.053800000000110
0.499999985694885,3.053900000000110
0.499999985694885,3.054000000000110
0.499999985694885,3.054100000000110
0.499999985694885,3.054200000000110
0.499999985694885,3.054300000000110
0.499999985694885,3.054400000000110
0.499999985694885,3.054500000000120
0.499999985694885,3.054600000000120
0.499999985694885,3.054700000000120
0.499999985694885,3.054800000000120
0.499999985694885,3.054900000000120
0.499999985694885,3.055000000000120
0.499999985694885,3.055100000000120
0.499999985694885,3.055200000000120
0.499999985694885,3.055300000000120
0.499999985694885,3.055400000000120
0.499999985694885,3.055500000000120
0.499999985694885,3.055600000000120
0.499999985694885,3.055700000000120
0.499999985694885,3.055800000000120
0.499999985694885,3.055900000000120
0.499999985694885,3.056000000000120
0.499999985694885,3.056100000000120
0.499999985694885,3.056200000000120
0.499999985694885,3.056300000000120
0.499999985694885,3.056400000000120
0.499999985694885,3.056500000000120
0.499999985694885,3.056600000000120
0.499999985694885,3.056700000000120
0.499999985694885,3.056800000000120
0.499999985694885,3.056900000000120
0.499999985694885,3.057000000000120
0.499999985694885,3.057100000000120
0.499999985694885,3.057200000000120
0.499999985694885,3.057300000000120
0.499999985694885,3.057400000000120
0.499999985694885,3.057500000000120
0.499999985694885,3.057600000000120
0.499999985694885,3.057700000000120
0.499999985694885,3.057800000000120
0.499999985694885,3.057900000000120
0.499999985694885,3.058000000000120
0.499999985694885,3.058100000000120
0.499999985694885,3.058200000000120
0.499999985694885,3.058300000000120
0.499999985694885,3.058400000000120
0.499999985694885,3.058500000000120
0.499999985694885,3.058600000000120
0.499999985694885,3.058700000000120
0.499999985694885,3.058800000000120
0.499999985694885,3.058900000000120
0.499999985694885,3.059000000000120
0.499999985694885,3.059100000000120
0.499999985694885,3.059200000000120
0.499999985694885,3.059300000000130
0.499999985694885,3.059400000000130
0.499999985694885,3.059500000000130
0.499999985694885,3.059600000000130
0.499999985694885,3.059700000000130
0.499999985694885,3.059800000000130
0.499999985694885,3.059900000000130
0.499999985694885,3.060000000000130
0.499999985694885,3.060100000000130
0.499999985694885,3.060200000000130
0.499999985694885,3.060300000000130
0.499999985694885,3.060400000000130
0.499999985694885,3.060500000000130
0.499999985694885,3.060600000000130
0.499999985694885,3.060700000000130
0.499999985694885,3.060800000000130
0.499999985694885,3.060900000000130
0.499999985694885,3.061000000000130
0.499999985694885,3.061100000000130
0.499999985694885,3.061200000000130
0.499999985694885,3.061300000000130
0.499999985694885,3.061400000000130
0.499999985694885,3.061500000000130
0.499999985694885,3.061600000000130
0.499999985694885,3.061700000000130
0.499999985694885,3.061800000000130
0.499999985694885,3.061900000000130
0.499999985694885,3.062000000000130
0.499999985694885,3.062100000000130
0.499999985694885,3.062200000000130
0.499999985694885,3.062300000000130
0.499999985694885,3.062400000000130
0.499999985694885,3.062500000000130
0.499999985694885,3.062600000000130
0.499999985694885,3.062700000000130
0.499999985694885,3.062800000000130
0.499999985694885,3.062900000000130
0.499999985694885,3.063000000000130
0.499999985694885,3.063100000000130
0.499999985694885,3.063200000000130
0.499999985694885,3.063300000000130
0.499999985694885,3.063400000000130
0.499999985694885,3.063500000000130
0.499999985694885,3.063600000000130
0.499999985694885,3.063700000000130
0.499999985694885,3.063800000000130
0.499999985694885,3.063900000000130
0.499999985694885,3.064000000000140
0.499999985694885,3.064100000000140
0.499999985694885,3.064200000000140
0.499999985694885,3.064300000000140
0.499999985694885,3.064400000000140
0.499999985694885,3.064500000000140
0.499999985694885,3.064600000000140
0.499999985694885,3.064700000000140
0.499999985694885,3.064800000000140
0.499999985694885,3.064900000000140
0.499999985694885,3.065000000000140
0.499999985694885,3.065100000000140
0.499999985694885,3.065200000000140
0.499999985694885,3.065300000000140
0.499999985694885,3.065400000000140
0.499999985694885,3.065500000000140
0.499999985694885,3.065600000000140
0.499999985694885,3.065700000000140
0.499999985694885,3.065800000000140
0.499999985694885,3.065900000000140
0.499999985694885,3.066000000000140
0.499999985694885,3.066100000000140
0.499999985694885,3.066200000000140
0.499999985694885,3.066300000000140
0.499999985694885,3.066400000000140
0.499999985694885,3.066500000000140
0.499999985694885,3.066600000000140
0.499999985694885,3.066700000000140
0.499999985694885,3.066800000000140
0.499999985694885,3.066900000000140
0.499999985694885,3.067000000000140
0.499999985694885,3.067100000000140
0.499999985694885,3.067200000000140
0.499999985694885,3.067300000000140
0.499999985694885,3.067400000000140
0.499999985694885,3.067500000000140
0.499999985694885,3.067600000000140
0.499999985694885,3.067700000000140
0.499999985694885,3.067800000000140
0.499999985694885,3.067900000000140
0.499999985694885,3.068000000000140
0.499999985694885,3.068100000000140
0.499999985694885,3.068200000000140
0.499999985694885,3.068300000000140
0.499999985694885,3.068400000000140
0.499999985694885,3.068500000000140
0.499999985694885,3.068600000000140
0.499999985694885,3.068700000000140
0.499999985694885,3.068800000000150
0.499999985694885,3.068900000000150
0.499999985694885,3.069000000000150
0.499999985694885,3.069100000000150
0.499999985694885,3.069200000000150
0.499999985694885,3.069300000000150
0.499999985694885,3.069400000000150
0.499999985694885,3.069500000000150
0.499999985694885,3.069600000000150
0.499999985694885,3.069700000000150
0.499999985694885,3.069800000000150
0.499999985694885,3.069900000000150
0.499999985694885,3.070000000000150
0.499999985694885,3.070100000000150
0.499999985694885,3.070200000000150
0.499999985694885,3.070300000000150
0.499999985694885,3.070400000000150
0.499999985694885,3.070500000000150
0.499999985694885,3.070600000000150
0.499999985694885,3.070700000000150
0.499999985694885,3.070800000000150
0.499999985694885,3.070900000000150
0.499999985694885,3.071000000000150
0.499999985694885,3.071100000000150
0.499999985694885,3.071200000000150
0.499999985694885,3.071300000000150
0.499999985694885,3.071400000000150
0.499999985694885,3.071500000000150
0.499999985694885,3.071600000000150
0.499999985694885,3.071700000000150
0.499999985694885,3.071800000000150
0.499999985694885,3.071900000000150
0.499999985694885,3.072000000000150
0.499999985694885,3.072100000000150
0.499999985694885,3.072200000000150
0.499999985694885,3.072300000000150
0.499999985694885,3.072400000000150
0.499999985694885,3.072500000000150
0.499999985694885,3.072600000000150
0.499999985694885,3.072700000000150
0.499999985694885,3.072800000000150
0.499999985694885,3.072900000000150
0.499999985694885,3.073000000000150
0.499999985694885,3.073100000000150
0.499999985694885,3.073200000000150
0.499999985694885,3.073300000000150
0.499999985694885,3.073400000000150
0.499999985694885,3.073500000000160
0.499999985694885,3.073600000000160
0.499999985694885,3.073700000000160
0.499999985694885,3.073800000000160
0.499999985694885,3.073900000000160
0.499999985694885,3.074000000000160
0.499999985694885,3.074100000000160
0.499999985694885,3.074200000000160
0.499999985694885,3.074300000000160
0.499999985694885,3.074400000000160
0.499999985694885,3.074500000000160
0.499999985694885,3.074600000000160
0.499999985694885,3.074700000000160
0.499999985694885,3.074800000000160
0.499999985694885,3.074900000000160
0.499999985694885,3.075000000000160
0.499999985694885,3.075100000000160
0.499999985694885,3.075200000000160
0.499999985694885,3.075300000000160
0.499999985694885,3.075400000000160
0.499999985694885,3.075500000000160
0.499999985694885,3.075600000000160
0.499999985694885,3.075700000000160
0.499999985694885,3.075800000000160
0.499999985694885,3.075900000000160
0.499999985694885,3.076000000000160
0.499999985694885,3.076100000000160
0.499999985694885,3.076200000000160
0.499999985694885,3.076300000000160
0.499999985694885,3.076400000000160
0.499999985694885,3.076500000000160
0.499999985694885,3.076600000000160
0.499999985694885,3.076700000000160
0.499999985694885,3.076800000000160
0.499999985694885,3.076900000000160
0.499999985694885,3.077000000000160
0.499999985694885,3.077100000000160
0.499999985694885,3.077200000000160
0.499999985694885,3.077300000000160
0.499999985694885,3.077400000000160
0.499999985694885,3.077500000000160
0.499999985694885,3.077600000000160
0.499999985694885,3.077700000000160
0.499999985694885,3.077800000000160
0.499999985694885,3.077900000000160
0.499999985694885,3.078000000000160
0.499999985694885,3.078100000000160
0.499999985694885,3.078200000000170
0.499999985694885,3.078300000000170
0.499999985694885,3.078400000000170
0.499999985694885,3.078500000000170
0.499999985694885,3.078600000000170
0.499999985694885,3.078700000000170
0.499999985694885,3.078800000000170
0.499999985694885,3.078900000000170
0.499999985694885,3.079000000000170
0.499999985694885,3.079100000000170
0.499999985694885,3.079200000000170
0.499999985694885,3.079300000000170
0.499999985694885,3.079400000000170
0.499999985694885,3.079500000000170
0.499999985694885,3.079600000000170
0.499999985694885,3.079700000000170
0.499999985694885,3.079800000000170
0.499999985694885,3.079900000000170
0.499999985694885,3.080000000000170
0.499999985694885,3.080100000000170
0.499999985694885,3.080200000000170
0.499999985694885,3.080300000000170
0.499999985694885,3.080400000000170
0.499999985694885,3.080500000000170
0.499999985694885,3.080600000000170
0.499999985694885,3.080700000000170
0.499999985694885,3.080800000000170
0.499999985694885,3.080900000000170
0.499999985694885,3.081000000000170
0.499999985694885,3.081100000000170
0.499999985694885,3.081200000000170
0.499999985694885,3.081300000000170
0.499999985694885,3.081400000000170
0.499999985694885,3.081500000000170
0.499999985694885,3.081600000000170
0.499999985694885,3.081700000000170
0.499999985694885,3.081800000000170
0.499999985694885,3.081900000000170
0.499999985694885,3.082000000000170
0.499999985694885,3.082100000000170
0.499999985694885,3.082200000000170
0.499999985694885,3.082300000000170
0.499999985694885,3.082400000000170
0.499999985694885,3.082500000000170
0.499999985694885,3.082600000000170
0.499999985694885,3.082700000000170
0.499999985694885,3.082800000000170
0.499999985694885,3.082900000000170
0.499999985694885,3.083000000000180
0.499999985694885,3.083100000000180
0.499999985694885,3.083200000000180
0.499999985694885,3.083300000000180
0.499999985694885,3.083400000000180
0.499999985694885,3.083500000000180
0.499999985694885,3.083600000000180
0.499999985694885,3.083700000000180
0.499999985694885,3.083800000000180
0.499999985694885,3.083900000000180
0.499999985694885,3.084000000000180
0.499999985694885,3.084100000000180
0.499999985694885,3.084200000000180
0.499999985694885,3.084300000000180
0.499999985694885,3.084400000000180
0.499999985694885,3.084500000000180
0.499999985694885,3.084600000000180
0.499999985694885,3.084700000000180
0.499999985694885,3.084800000000180
0.499999985694885,3.084900000000180
0.499999985694885,3.085000000000180
0.499999985694885,3.085100000000180
0.499999985694885,3.085200000000180
0.499999985694885,3.085300000000180
0.499999985694885,3.085400000000180
0.499999985694885,3.085500000000180
0.499999985694885,3.085600000000180
0.499999985694885,3.085700000000180
0.499999985694885,3.085800000000180
0.499999985694885,3.085900000000180
0.499999985694885,3.086000000000180
0.499999985694885,3.086100000000180
0.499999985694885,3.086200000000180
0.499999985694885,3.086300000000180
0.499999985694885,3.086400000000180
0.499999985694885,3.086500000000180
0.499999985694885,3.086600000000180
0.499999985694885,3.086700000000180
0.499999985694885,3.086800000000180
0.499999985694885,3.086900000000180
0.499999985694885,3.087000000000180
0.499999985694885,3.087100000000180
0.499999985694885,3.087200000000180
0.499999985694885,3.087300000000180
0.499999985694885,3.087400000000180
0.499999985694885,3.087500000000180
0.499999985694885,3.087600000000180
0.499999985694885,3.087700000000190
0.499999985694885,3.087800000000190
0.499999985694885,3.087900000000190
0.499999985694885,3.088000000000190
0.499999985694885,3.088100000000190
0.499999985694885,3.088200000000190
0.499999985694885,3.088300000000190
0.499999985694885,3.088400000000190
0.499999985694885,3.088500000000190
0.499999985694885,3.088600000000190
0.499999985694885,3.088700000000190
0.499999985694885,3.088800000000190
0.499999985694885,3.088900000000190
0.499999985694885,3.089000000000190
0.499999985694885,3.089100000000190
0.499999985694885,3.089200000000190
0.499999985694885,3.089300000000190
0.499999985694885,3.089400000000190
0.499999985694885,3.089500000000190
0.499999985694885,3.089600000000190
0.499999985694885,3.089700000000190
0.499999985694885,3.089800000000190
0.499999985694885,3.089900000000190
0.499999985694885,3.090000000000190
0.499999985694885,3.090100000000190
0.499999985694885,3.090200000000190
0.499999985694885,3.090300000000190
0.499999985694885,3.090400000000190
0.499999985694885,3.090500000000190
0.499999985694885,3.090600000000190
0.499999985694885,3.090700000000190
0.499999985694885,3.090800000000190
0.499999985694885,3.090900000000190
0.499999985694885,3.091000000000190
0.499999985694885,3.091100000000190
0.499999985694885,3.091200000000190
0.499999985694885,3.091300000000190
0.499999985694885,3.091400000000190
0.499999985694885,3.091500000000190
0.499999985694885,3.091600000000190
0.499999985694885,3.091700000000190
0.499999985694885,3.091800000000190
0.499999985694885,3.091900000000190
0.499999985694885,3.092000000000190
0.499999985694885,3.092100000000190
0.499999985694885,3.092200000000190
0.499999985694885,3.092300000000190
0.499999985694885,3.092400000000190
0.499999985694885,3.092500000000200
0.499999985694885,3.092600000000200
0.499999985694885,3.092700000000200
0.499999985694885,3.092800000000200
0.499999985694885,3.092900000000200
0.499999985694885,3.093000000000200
0.499999985694885,3.093100000000200
0.499999985694885,3.093200000000200
0.499999985694885,3.093300000000200
0.499999985694885,3.093400000000200
0.499999985694885,3.093500000000200
0.499999985694885,3.093600000000200
0.499999985694885,3.093700000000200
0.499999985694885,3.093800000000200
0.499999985694885,3.093900000000200
0.499999985694885,3.094000000000200
0.499999985694885,3.094100000000200
0.499999985694885,3.094200000000200
0.499999985694885,3.094300000000200
0.499999985694885,3.094400000000200
0.499999985694885,3.094500000000200
0.499999985694885,3.094600000000200
0.499999985694885,3.094700000000200
0.499999985694885,3.094800000000200
0.499999985694885,3.094900000000200
0.499999985694885,3.095000000000200
0.499999985694885,3.095100000000200
0.499999985694885,3.095200000000200
0.499999985694885,3.095300000000200
0.499999985694885,3.095400000000200
0.499999985694885,3.095500000000200
0.499999985694885,3.095600000000200
0.499999985694885,3.095700000000200
0.499999985694885,3.095800000000200
0.499999985694885,3.095900000000200
0.499999985694885,3.096000000000200
0.499999985694885,3.096100000000200
0.499999985694885,3.096200000000200
0.499999985694885,3.096300000000200
0.499999985694885,3.096400000000200
0.499999985694885,3.096500000000200
0.499999985694885,3.096600000000200
0.499999985694885,3.096700000000200
0.499999985694885,3.096800000000200
0.499999985694885,3.096900000000200
0.499999985694885,3.097000000000200
0.499999985694885,3.097100000000200
0.499999985694885,3.097200000000210
0.499999985694885,3.097300000000210
0.499999985694885,3.097400000000210
0.499999985694885,3.097500000000210
0.499999985694885,3.097600000000210
0.499999985694885,3.097700000000210
0.499999985694885,3.097800000000210
0.499999985694885,3.097900000000210
0.499999985694885,3.098000000000210
0.499999985694885,3.098100000000210
0.499999985694885,3.098200000000210
0.499999985694885,3.098300000000210
0.499999985694885,3.098400000000210
0.499999985694885,3.098500000000210
0.499999985694885,3.098600000000210
0.499999985694885,3.098700000000210
0.499999985694885,3.098800000000210
0.499999985694885,3.098900000000210
0.499999985694885,3.099000000000210
0.499999985694885,3.099100000000210
0.499999985694885,3.099200000000210
0.499999985694885,3.099300000000210
0.499999985694885,3.099400000000210
0.499999985694885,3.099500000000210
0.499999985694885,3.099600000000210
0.499999985694885,3.099700000000210
0.499999985694885,3.099800000000210
0.499999985694885,3.099900000000210
0.499999985694885,3.100000000000210
0.499999985694885,3.100100000000210
0.499999985694885,3.100200000000210
0.499999985694885,3.100300000000210
0.499999985694885,3.100400000000210
0.499999985694885,3.100500000000210
0.499999985694885,3.100600000000210
0.499999985694885,3.100700000000210
0.499999985694885,3.100800000000210
0.499999985694885,3.100900000000210
0.499999985694885,3.101000000000210
0.499999985694885,3.101100000000210
0.499999985694885,3.101200000000210
0.499999985694885,3.101300000000210
0.499999985694885,3.101400000000210
0.499999985694885,3.101500000000210
0.499999985694885,3.101600000000210
0.499999985694885,3.101700000000210
0.499999985694885,3.101800000000210
0.499999985694885,3.101900000000220
0.499999985694885,3.102000000000220
0.499999985694885,3.102100000000220
0.499999985694885,3.102200000000220
0.499999985694885,3.102300000000220
0.499999985694885,3.102400000000220
0.499999985694885,3.102500000000220
0.499999985694885,3.102600000000220
0.499999985694885,3.102700000000220
0.499999985694885,3.102800000000220
0.499999985694885,3.102900000000220
0.499999985694885,3.103000000000220
0.499999985694885,3.103100000000220
0.499999985694885,3.103200000000220
0.499999985694885,3.103300000000220
0.499999985694885,3.103400000000220
0.499999985694885,3.103500000000220
0.499999985694885,3.103600000000220
0.499999985694885,3.103700000000220
0.499999985694885,3.103800000000220
0.499999985694885,3.103900000000220
0.499999985694885,3.104000000000220
0.499999985694885,3.104100000000220
0.499999985694885,3.104200000000220
0.499999985694885,3.104300000000220
0.499999985694885,3.104400000000220
0.499999985694885,3.104500000000220
0.499999985694885,3.104600000000220
0.499999985694885,3.104700000000220
0.499999985694885,3.104800000000220
0.499999985694885,3.104900000000220
0.499999985694885,3.105000000000220
0.499999985694885,3.105100000000220
0.499999985694885,3.105200000000220
0.499999985694885,3.105300000000220
0.499999985694885,3.105400000000220
0.499999985694885,3.105500000000220
0.499999985694885,3.105600000000220
0.499999985694885,3.105700000000220
0.499999985694885,3.105800000000220
0.499999985694885,3.105900000000220
0.499999985694885,3.106000000000220
0.499999985694885,3.106100000000220
0.499999985694885,3.106200000000220
0.499999985694885,3.106300000000220
0.499999985694885,3.106400000000220
0.499999985694885,3.106500000000220
0.499999985694885,3.106600000000220
0.499999985694885,3.106700000000230
0.499999985694885,3.106800000000230
0.499999985694885,3.106900000000230
0.499999985694885,3.107000000000230
0.499999985694885,3.107100000000230
0.499999985694885,3.107200000000230
0.499999985694885,3.107300000000230
0.499999985694885,3.107400000000230
0.499999985694885,3.107500000000230
0.499999985694885,3.107600000000230
0.499999985694885,3.107700000000230
0.499999985694885,3.107800000000230
0.499999985694885,3.107900000000230
0.499999985694885,3.108000000000230
0.499999985694885,3.108100000000230
0.499999985694885,3.108200000000230
0.499999985694885,3.108300000000230
0.499999985694885,3.108400000000230
0.499999985694885,3.108500000000230
0.499999955177307,3.108600000000230
0.499999985694885,3.108700000000230
0.499999985694885,3.108800000000230
0.499999985694885,3.108900000000230
0.499999985694885,3.109000000000230
0.499999985694885,3.109100000000230
0.499999955177307,3.109200000000230
0.499999955177307,3.109300000000230
0.499999985694885,3.109400000000230
0.499999985694885,3.109500000000230
0.499999985694885,3.109600000000230
0.499999985694885,3.109700000000230
0.499999985694885,3.109800000000230
0.499999985694885,3.109900000000230
0.499999985694885,3.110000000000230
0.499999985694885,3.110100000000230
0.499999985694885,3.110200000000230
0.499999985694885,3.110300000000230
0.499999955177307,3.110400000000230
0.499999985694885,3.110500000000230
0.499999985694885,3.110600000000230
0.499999985694885,3.110700000000230
0.499999985694885,3.110800000000230
0.499999985694885,3.110900000000230
0.499999985694885,3.111000000000230
0.499999985694885,3.111100000000230
0.499999985694885,3.111200000000230
0.499999985694885,3.111300000000230
0.499999985694885,3.111400000000240
0.499999955177307,3.111500000000240
0.499999985694885,3.111600000000240
0.499999955177307,3.111700000000240
0.499999955177307,3.111800000000240
0.499999955177307,3.111900000000240
0.499999985694885,3.112000000000240
0.499999955177307,3.112100000000240
0.499999955177307,3.112200000000240
0.499999985694885,3.112300000000240
0.499999985694885,3.112400000000240
0.499999955177307,3.112500000000240
0.499999955177307,3.112600000000240
0.499999955177307,3.112700000000240
0.499999985694885,3.112800000000240
0.499999985694885,3.112900000000240
0.499999955177307,3.113000000000240
0.499999955177307,3.113100000000240
0.499999955177307,3.113200000000240
0.499999955177307,3.113300000000240
0.499999955177307,3.113400000000240
0.499999985694885,3.113500000000240
0.499999985694885,3.113600000000240
0.499999955177307,3.113700000000240
0.499999985694885,3.113800000000240
0.499999955177307,3.113900000000240
0.499999985694885,3.114000000000240
0.499999955177307,3.114100000000240
0.499999985694885,3.114200000000240
0.499999985694885,3.114300000000240
0.499999955177307,3.114400000000240
0.499999955177307,3.114500000000240
0.499999955177307,3.114600000000240
0.499999985694885,3.114700000000240
0.499999955177307,3.114800000000240
0.499999955177307,3.114900000000240
0.499999985694885,3.115000000000240
0.499999985694885,3.115100000000240
0.499999955177307,3.115200000000240
0.499999955177307,3.115300000000240
0.499999955177307,3.115400000000240
0.499999985694885,3.115500000000240
0.499999985694885,3.115600000000240
0.499999985694885,3.115700000000240
0.499999955177307,3.115800000000240
0.499999985694885,3.115900000000240
0.499999985694885,3.116000000000240
0.499999955177307,3.116100000000250
0.499999955177307,3.116200000000250
0.499999955177307,3.116300000000250
0.499999985694885,3.116400000000250
0.499999955177307,3.116500000000250
0.499999985694885,3.116600000000250
0.499999985694885,3.116700000000250
0.499999955177307,3.116800000000250
0.499999985694885,3.116900000000250
0.499999985694885,3.117000000000250
0.499999985694885,3.117100000000250
0.499999955177307,3.117200000000250
0.499999985694885,3.117300000000250
0.499999985694885,3.117400000000250
0.499999985694885,3.117500000000250
0.499999985694885,3.117600000000250
0.499999985694885,3.117700000000250
0.499999955177307,3.117800000000250
0.499999955177307,3.117900000000250
0.499999955177307,3.118000000000250
0.499999955177307,3.118100000000250
0.499999955177307,3.118200000000250
0.499999985694885,3.118300000000250
0.499999955177307,3.118400000000250
0.499999955177307,3.118500000000250
0.499999985694885,3.118600000000250
0.499999985694885,3.118700000000250
0.499999985694885,3.118800000000250
0.499999955177307,3.118900000000250
0.499999955177307,3.119000000000250
0.499999955177307,3.119100000000250
0.499999985694885,3.119200000000250
0.499999955177307,3.119300000000250
0.499999985694885,3.119400000000250
0.499999985694885,3.119500000000250
0.499999955177307,3.119600000000250
0.499999955177307,3.119700000000250
0.499999985694885,3.119800000000250
0.499999985694885,3.119900000000250
0.499999955177307,3.120000000000250
0.499999985694885,3.120100000000250
0.499999985694885,3.120200000000250
0.499999985694885,3.120300000000250
0.499999955177307,3.120400000000250
0.499999985694885,3.120500000000250
0.499999985694885,3.120600000000250
0.499999985694885,3.120700000000250
0.499999985694885,3.120800000000250
0.499999985694885,3.120900000000260
0.499999955177307,3.121000000000260
0.499999985694885,3.121100000000260
0.499999985694885,3.121200000000260
0.499999985694885,3.121300000000260
0.499999985694885,3.121400000000260
0.499999985694885,3.121500000000260
0.499999985694885,3.121600000000260
0.499999985694885,3.121700000000260
0.499999955177307,3.121800000000260
0.499999985694885,3.121900000000260
0.499999985694885,3.122000000000260
0.499999985694885,3.122100000000260
0.499999955177307,3.122200000000260
0.499999985694885,3.122300000000260
0.499999985694885,3.122400000000260
0.499999955177307,3.122500000000260
0.499999985694885,3.122600000000260
0.499999985694885,3.122700000000260
0.499999985694885,3.122800000000260
0.499999955177307,3.122900000000260
0.499999955177307,3.123000000000260
0.499999955177307,3.123100000000260
0.499999985694885,3.123200000000260
0.499999955177307,3.123300000000260
0.499999985694885,3.123400000000260
0.499999985694885,3.123500000000260
0.499999985694885,3.123600000000260
0.499999955177307,3.123700000000260
0.499999955177307,3.123800000000260
0.499999985694885,3.123900000000260
0.499999985694885,3.124000000000260
0.499999985694885,3.124100000000260
0.499999955177307,3.124200000000260
0.499999985694885,3.124300000000260
0.499999955177307,3.124400000000260
0.499999955177307,3.124500000000260
0.499999985694885,3.124600000000260
0.499999985694885,3.124700000000260
0.499999985694885,3.124800000000260
0.499999985694885,3.124900000000260
0.499999985694885,3.125000000000260
0.499999985694885,3.125100000000260
0.499999955177307,3.125200000000260
0.499999985694885,3.125300000000260
0.499999955177307,3.125400000000260
0.499999955177307,3.125500000000260
0.499999985694885,3.125600000000270
0.499999985694885,3.125700000000270
0.499999985694885,3.125800000000270
0.499999985694885,3.125900000000270
0.499999985694885,3.126000000000270
0.499999985694885,3.126100000000270
0.499999985694885,3.126200000000270
0.499999985694885,3.126300000000270
0.499999985694885,3.126400000000270
0.499999985694885,3.126500000000270
0.499999985694885,3.126600000000270
0.499999985694885,3.126700000000270
0.499999985694885,3.126800000000270
0.499999955177307,3.126900000000270
0.499999985694885,3.127000000000270
0.499999985694885,3.127100000000270
0.499999985694885,3.127200000000270
0.499999985694885,3.127300000000270
0.499999985694885,3.127400000000270
0.499999985694885,3.127500000000270
0.499999955177307,3.127600000000270
0.499999985694885,3.127700000000270
0.499999985694885,3.127800000000270
0.499999985694885,3.127900000000270
0.499999985694885,3.128000000000270
0.499999985694885,3.128100000000270
0.499999985694885,3.128200000000270
0.499999985694885,3.128300000000270
0.499999985694885,3.128400000000270
0.499999985694885,3.128500000000270
0.499999985694885,3.128600000000270
0.499999985694885,3.128700000000270
0.499999985694885,3.128800000000270
0.499999985694885,3.128900000000270
0.499999985694885,3.129000000000270
0.499999985694885,3.129100000000270
0.499999985694885,3.129200000000270
0.499999985694885,3.129300000000270
0.499999985694885,3.129400000000270
0.499999985694885,3.129500000000270
0.499999985694885,3.129600000000270
0.499999985694885,3.129700000000270
0.499999985694885,3.129800000000270
0.499999985694885,3.129900000000270
0.499999985694885,3.130000000000270
0.499999985694885,3.130100000000270
0.499999985694885,3.130200000000270
0.499999985694885,3.130300000000270
0.499999985694885,3.130400000000280
0.499999985694885,3.130500000000280
0.499999985694885,3.130600000000280
0.499999985694885,3.130700000000280
0.499999985694885,3.130800000000280
0.499999985694885,3.130900000000280
0.499999985694885,3.131000000000280
0.499999985694885,3.131100000000280
0.499999985694885,3.131200000000280
0.499999985694885,3.131300000000280
0.499999985694885,3.131400000000280
0.499999985694885,3.131500000000280
0.499999985694885,3.131600000000280
0.499999985694885,3.131700000000280
0.499999985694885,3.131800000000280
0.499999985694885,3.131900000000280
0.499999985694885,3.132000000000280
0.499999985694885,3.132100000000280
0.499999985694885,3.132200000000280
0.499999985694885,3.132300000000280
0.499999985694885,3.132400000000280
0.499999985694885,3.132500000000280
0.499999985694885,3.132600000000280
0.499999985694885,3.132700000000280
0.499999985694885,3.132800000000280
0.499999985694885,3.132900000000280
0.499999985694885,3.133000000000280
0.499999985694885,3.133100000000280
0.499999985694885,3.133200000000280
0.499999985694885,3.133300000000280
0.499999985694885,3.133400000000280
0.499999985694885,3.133500000000280
0.499999985694885,3.133600000000280
0.499999985694885,3.133700000000280
0.499999985694885,3.133800000000280
0.499999985694885,3.133900000000280
0.499999985694885,3.134000000000280
0.499999985694885,3.134100000000280
0.499999985694885,3.134200000000280
0.499999985694885,3.134300000000280
0.499999985694885,3.134400000000280
0.499999985694885,3.134500000000280
0.499999985694885,3.134600000000280
0.499999985694885,3.134700000000280
0.499999985694885,3.134800000000280
0.499999985694885,3.134900000000280
0.499999985694885,3.135000000000280
0.499999985694885,3.135100000000290
0.499999985694885,3.135200000000290
0.499999985694885,3.135300000000290
0.499999985694885,3.135400000000290
0.499999985694885,3.135500000000290
0.499999985694885,3.135600000000290
0.499999985694885,3.135700000000290
0.499999985694885,3.135800000000290
0.499999985694885,3.135900000000290
0.499999985694885,3.136000000000290
0.499999985694885,3.136100000000290
0.499999985694885,3.136200000000290
0.499999985694885,3.136300000000290
0.499999985694885,3.136400000000290
0.499999985694885,3.136500000000290
0.499999985694885,3.136600000000290
0.499999985694885,3.136700000000290
0.499999985694885,3.136800000000290
0.499999985694885,3.136900000000290
0.499999985694885,3.137000000000290
0.499999985694885,3.137100000000290
0.499999985694885,3.137200000000290
0.499999985694885,3.137300000000290
0.499999985694885,3.137400000000290
0.499999985694885,3.137500000000290
0.499999985694885,3.137600000000290
0.499999985694885,3.137700000000290
0.499999985694885,3.137800000000290
0.499999985694885,3.137900000000290
0.499999985694885,3.138000000000290
0.499999985694885,3.138100000000290
0.499999985694885,3.138200000000290
0.499999985694885,3.138300000000290
0.499999985694885,3.138400000000290
0.499999985694885,3.138500000000290
0.499999985694885,3.138600000000290
0.499999985694885,3.138700000000290
0.499999985694885,3.138800000000290
0.499999985694885,3.138900000000290
0.499999985694885,3.139000000000290
0.499999985694885,3.139100000000290
0.499999985694885,3.139200000000290
0.499999985694885,3.139300000000290
0.499999985694885,3.139400000000290
0.499999985694885,3.139500000000290
0.499999985694885,3.139600000000290
0.499999985694885,3.139700000000290
0.499999985694885,3.139800000000300
0.499999985694885,3.139900000000300
0.499999985694885,3.140000000000300
0.499999985694885,3.140100000000300
0.499999985694885,3.140200000000300
0.499999985694885,3.140300000000300
0.499999985694885,3.140400000000300
0.499999985694885,3.140500000000300
0.499999985694885,3.140600000000300
0.499999985694885,3.140700000000300
0.499999985694885,3.140800000000300
0.499999985694885,3.140900000000300
0.499999985694885,3.141000000000300
0.499999985694885,3.141100000000300
0.499999985694885,3.141200000000300
0.499999985694885,3.141300000000300
0.499999985694885,3.141400000000300
0.499999985694885,3.141500000000300
0.499999985694885,3.141600000000300
0.499999985694885,3.141700000000300
0.499999985694885,3.141800000000300
0.499999985694885,3.141900000000300
0.499999985694885,3.142000000000300
0.499999985694885,3.142100000000300
0.499999985694885,3.142200000000300
0.499999985694885,3.142300000000300
0.499999985694885,3.142400000000300
0.499999985694885,3.142500000000300
0.499999985694885,3.142600000000300
0.499999985694885,3.142700000000300
0.499999985694885,3.142800000000300
0.499999985694885,3.142900000000300
0.499999985694885,3.143000000000300
0.499999985694885,3.143100000000300
0.499999985694885,3.143200000000300
0.499999985694885,3.143300000000300
0.499999985694885,3.143400000000300
0.499999985694885,3.143500000000300
0.499999985694885,3.143600000000300
0.499999985694885,3.143700000000300
0.499999985694885,3.143800000000300
0.499999985694885,3.143900000000300
0.499999985694885,3.144000000000300
0.499999985694885,3.144100000000300
0.499999985694885,3.144200000000300
0.499999985694885,3.144300000000300
0.499999985694885,3.144400000000300
0.499999985694885,3.144500000000300
0.499999985694885,3.144600000000310
0.499999985694885,3.144700000000310
0.499999985694885,3.144800000000310
0.499999985694885,3.144900000000310
0.499999985694885,3.145000000000310
0.499999985694885,3.145100000000310
0.499999985694885,3.145200000000310
0.499999985694885,3.145300000000310
0.499999985694885,3.145400000000310
0.499999985694885,3.145500000000310
0.499999985694885,3.145600000000310
0.499999985694885,3.145700000000310
0.499999985694885,3.145800000000310
0.499999985694885,3.145900000000310
0.499999985694885,3.146000000000310
0.499999985694885,3.146100000000310
0.499999985694885,3.146200000000310
0.499999985694885,3.146300000000310
0.499999985694885,3.146400000000310
0.499999985694885,3.146500000000310
0.499999985694885,3.146600000000310
0.499999985694885,3.146700000000310
0.499999985694885,3.146800000000310
0.499999985694885,3.146900000000310
0.499999985694885,3.147000000000310
0.499999985694885,3.147100000000310
0.499999985694885,3.147200000000310
0.499999985694885,3.147300000000310
0.499999985694885,3.147400000000310
0.499999985694885,3.147500000000310
0.499999985694885,3.147600000000310
0.499999985694885,3.147700000000310
0.499999985694885,3.147800000000310
0.499999985694885,3.147900000000310
0.499999985694885,3.148000000000310
0.499999985694885,3.148100000000310
0.499999985694885,3.148200000000310
0.499999985694885,3.148300000000310
0.499999985694885,3.148400000000310
0.499999985694885,3.148500000000310
0.499999985694885,3.148600000000310
0.499999985694885,3.148700000000310
0.499999985694885,3.148800000000310
0.499999985694885,3.148900000000310
0.499999985694885,3.149000000000310
0.499999985694885,3.149100000000310
0.499999985694885,3.149200000000310
0.499999985694885,3.149300000000320
0.499999985694885,3.149400000000320
0.499999985694885,3.149500000000320
0.499999985694885,3.149600000000320
0.499999985694885,3.149700000000320
0.499999985694885,3.149800000000320
0.499999985694885,3.149900000000320
0.499999985694885,3.150000000000320
0.499999985694885,3.150100000000320
0.499999985694885,3.150200000000320
0.499999985694885,3.150300000000320
0.499999985694885,3.150400000000320
0.499999985694885,3.150500000000320
0.499999985694885,3.150600000000320
0.499999985694885,3.150700000000320
0.499999985694885,3.150800000000320
0.499999985694885,3.150900000000320
0.499999985694885,3.151000000000320
0.499999985694885,3.151100000000320
0.499999985694885,3.151200000000320
0.499999985694885,3.151300000000320
0.499999985694885,3.151400000000320
0.499999985694885,3.151500000000320
0.499999985694885,3.151600000000320
0.499999985694885,3.151700000000320
0.499999985694885,3.151800000000320
0.499999985694885,3.151900000000320
0.499999985694885,3.152000000000320
0.499999985694885,3.152100000000320
0.499999985694885,3.152200000000320
0.499999985694885,3.152300000000320
0.499999985694885,3.152400000000320
0.499999985694885,3.152500000000320
0.499999985694885,3.152600000000320
0.499999985694885,3.152700000000320
0.499999985694885,3.152800000000320
0.499999985694885,3.152900000000320
0.499999985694885,3.153000000000320
0.499999985694885,3.153100000000320
0.499999985694885,3.153200000000320
0.499999985694885,3.153300000000320
0.499999985694885,3.153400000000320
0.499999985694885,3.153500000000320
0.499999985694885,3.153600000000320
0.499999985694885,3.153700000000320
0.499999985694885,3.153800000000320
0.499999985694885,3.153900000000320
0.499999985694885,3.154000000000320
0.499999985694885,3.154100000000330
0.499999985694885,3.154200000000330
0.499999985694885,3.154300000000330
0.499999985694885,3.154400000000330
0.499999985694885,3.154500000000330
0.499999985694885,3.154600000000330
0.499999985694885,3.154700000000330
0.499999985694885,3.154800000000330
0.499999985694885,3.154900000000330
0.499999985694885,3.155000000000330
0.499999985694885,3.155100000000330
0.499999985694885,3.155200000000330
0.499999985694885,3.155300000000330
0.499999985694885,3.155400000000330
0.499999985694885,3.155500000000330
0.499999985694885,3.155600000000330
0.499999985694885,3.155700000000330
0.499999985694885,3.155800000000330
0.499999985694885,3.155900000000330
0.499999985694885,3.156000000000330
0.499999985694885,3.156100000000330
0.499999985694885,3.156200000000330
0.499999985694885,3.156300000000330
0.499999985694885,3.156400000000330
0.499999985694885,3.156500000000330
0.499999985694885,3.156600000000330
0.499999985694885,3.156700000000330
0.499999985694885,3.156800000000330
0.499999985694885,3.156900000000330
0.499999985694885,3.157000000000330
0.499999985694885,3.157100000000330
0.499999985694885,3.157200000000330
0.499999985694885,3.157300000000330
0.499999985694885,3.157400000000330
0.499999985694885,3.157500000000330
0.499999985694885,3.157600000000330
0.499999985694885,3.157700000000330
0.499999985694885,3.157800000000330
0.499999985694885,3.157900000000330
0.499999985694885,3.158000000000330
0.499999985694885,3.158100000000330
0.499999955177307,3.158200000000330
0.499999985694885,3.158300000000330
0.499999985694885,3.158400000000330
0.499999955177307,3.158500000000330
0.499999985694885,3.158600000000330
0.499999985694885,3.158700000000330
0.499999985694885,3.158800000000340
0.499999985694885,3.158900000000340
0.499999985694885,3.159000000000340
0.499999955177307,3.159100000000340
0.499999985694885,3.159200000000340
0.499999985694885,3.159300000000340
0.499999985694885,3.159400000000340
0.499999985694885,3.159500000000340
0.499999985694885,3.159600000000340
0.499999985694885,3.159700000000340
0.499999985694885,3.159800000000340
0.499999955177307,3.159900000000340
0.499999955177307,3.160000000000340
0.499999985694885,3.160100000000340
0.499999985694885,3.160200000000340
0.499999985694885,3.160300000000340
0.499999985694885,3.160400000000340
0.499999955177307,3.160500000000340
0.499999985694885,3.160600000000340
0.499999985694885,3.160700000000340
0.499999955177307,3.160800000000340
0.499999985694885,3.160900000000340
0.499999985694885,3.161000000000340
0.499999985694885,3.161100000000340
0.499999985694885,3.161200000000340
0.499999985694885,3.161300000000340
0.499999985694885,3.161400000000340
0.499999985694885,3.161500000000340
0.499999985694885,3.161600000000340
0.499999955177307,3.161700000000340
0.499999985694885,3.161800000000340
0.499999985694885,3.161900000000340
0.499999955177307,3.162000000000340
0.499999985694885,3.162100000000340
0.499999955177307,3.162200000000340
0.499999985694885,3.162300000000340
0.499999985694885,3.162400000000340
0.499999985694885,3.162500000000340
0.499999985694885,3.162600000000340
0.499999985694885,3.162700000000340
0.499999985694885,3.162800000000340
0.499999985694885,3.162900000000340
0.499999985694885,3.163000000000340
0.499999985694885,3.163100000000340
0.499999985694885,3.163200000000340
0.499999985694885,3.163300000000340
0.499999985694885,3.163400000000340
0.499999985694885,3.163500000000350
0.499999985694885,3.163600000000350
0.499999955177307,3.163700000000350
0.499999985694885,3.163800000000350
0.499999985694885,3.163900000000350
0.499999985694885,3.164000000000350
0.499999985694885,3.164100000000350
0.499999985694885,3.164200000000350
0.499999985694885,3.164300000000350
0.499999985694885,3.164400000000350
0.499999985694885,3.164500000000350
0.499999985694885,3.164600000000350
0.499999985694885,3.164700000000350
0.499999955177307,3.164800000000350
0.499999985694885,3.164900000000350
0.499999985694885,3.165000000000350
0.499999985694885,3.165100000000350
0.499999985694885,3.165200000000350
0.499999985694885,3.165300000000350
0.499999985694885,3.165400000000350
0.499999955177307,3.165500000000350
0.499999985694885,3.165600000000350
0.499999955177307,3.165700000000350
0.499999955177307,3.165800000000350
0.499999985694885,3.165900000000350
0.499999955177307,3.166000000000350
0.499999985694885,3.166100000000350
0.499999985694885,3.166200000000350
0.499999985694885,3.166300000000350
0.499999985694885,3.166400000000350
0.499999985694885,3.166500000000350
0.499999985694885,3.166600000000350
0.499999985694885,3.166700000000350
0.499999985694885,3.166800000000350
0.499999985694885,3.166900000000350
0.499999985694885,3.167000000000350
0.499999985694885,3.167100000000350
0.499999985694885,3.167200000000350
0.499999985694885,3.167300000000350
0.499999955177307,3.167400000000350
0.499999985694885,3.167500000000350
0.499999985694885,3.167600000000350
0.499999985694885,3.167700000000350
0.499999985694885,3.167800000000350
0.499999985694885,3.167900000000350
0.499999985694885,3.168000000000350
0.499999985694885,3.168100000000350
0.499999955177307,3.168200000000350
0.499999985694885,3.168300000000360
0.499999985694885,3.168400000000360
0.499999985694885,3.168500000000360
0.499999985694885,3.168600000000360
0.499999985694885,3.168700000000360
0.499999985694885,3.168800000000360
0.499999985694885,3.168900000000360
0.499999985694885,3.169000000000360
0.499999985694885,3.169100000000360
0.499999985694885,3.169200000000360
0.499999985694885,3.169300000000360
0.499999985694885,3.169400000000360
0.499999985694885,3.169500000000360
0.499999985694885,3.169600000000360
0.499999985694885,3.169700000000360
0.499999985694885,3.169800000000360
0.499999985694885,3.169900000000360
0.499999985694885,3.170000000000360
0.499999985694885,3.170100000000360
0.499999985694885,3.170200000000360
0.499999985694885,3.170300000000360
0.499999985694885,3.170400000000360
0.499999985694885,3.170500000000360
0.499999985694885,3.170600000000360
0.499999985694885,3.170700000000360
0.499999985694885,3.170800000000360
0.499999985694885,3.170900000000360
0.499999985694885,3.171000000000360
0.499999985694885,3.171100000000360
0.499999985694885,3.171200000000360
0.499999985694885,3.171300000000360
0.499999985694885,3.171400000000360
0.499999985694885,3.171500000000360
0.499999985694885,3.171600000000360
0.499999985694885,3.171700000000360
0.499999985694885,3.171800000000360
0.499999985694885,3.171900000000360
0.499999985694885,3.172000000000360
0.499999985694885,3.172100000000360
0.499999985694885,3.172200000000360
0.499999985694885,3.172300000000360
0.499999985694885,3.172400000000360
0.499999985694885,3.172500000000360
0.499999985694885,3.172600000000360
0.499999985694885,3.172700000000360
0.499999985694885,3.172800000000360
0.499999985694885,3.172900000000360
0.499999985694885,3.173000000000370
0.499999985694885,3.173100000000370
0.499999985694885,3.173200000000370
0.499999985694885,3.173300000000370
0.499999985694885,3.173400000000370
0.499999985694885,3.173500000000370
0.499999985694885,3.173600000000370
0.499999985694885,3.173700000000370
0.499999985694885,3.173800000000370
0.499999985694885,3.173900000000370
0.499999985694885,3.174000000000370
0.499999985694885,3.174100000000370
0.499999985694885,3.174200000000370
0.499999985694885,3.174300000000370
0.499999985694885,3.174400000000370
0.499999985694885,3.174500000000370
0.499999985694885,3.174600000000370
0.499999985694885,3.174700000000370
0.499999985694885,3.174800000000370
0.499999985694885,3.174900000000370
0.499999985694885,3.175000000000370
0.499999985694885,3.175100000000370
0.499999985694885,3.175200000000370
0.499999985694885,3.175300000000370
0.499999985694885,3.175400000000370
0.499999985694885,3.175500000000370
0.499999985694885,3.175600000000370
0.499999985694885,3.175700000000370
0.499999985694885,3.175800000000370
0.499999985694885,3.175900000000370
0.499999985694885,3.176000000000370
0.499999985694885,3.176100000000370
0.499999985694885,3.176200000000370
0.499999985694885,3.176300000000370
0.499999985694885,3.176400000000370
0.499999985694885,3.176500000000370
0.499999985694885,3.176600000000370
0.499999985694885,3.176700000000370
0.499999985694885,3.176800000000370
0.499999985694885,3.176900000000370
0.499999985694885,3.177000000000370
0.499999985694885,3.177100000000370
0.499999985694885,3.177200000000370
0.499999985694885,3.177300000000370
0.499999985694885,3.177400000000370
0.499999985694885,3.177500000000370
0.499999985694885,3.177600000000370
0.499999985694885,3.177700000000380
0.499999985694885,3.177800000000380
0.499999985694885,3.177900000000380
0.499999985694885,3.178000000000380
0.499999985694885,3.178100000000380
0.499999985694885,3.178200000000380
0.499999985694885,3.178300000000380
0.499999985694885,3.178400000000380
0.499999985694885,3.178500000000380
0.499999985694885,3.178600000000380
0.499999985694885,3.178700000000380
0.499999985694885,3.178800000000380
0.499999985694885,3.178900000000380
0.499999985694885,3.179000000000380
0.499999985694885,3.179100000000380
0.499999985694885,3.179200000000380
0.499999985694885,3.179300000000380
0.499999985694885,3.179400000000380
0.499999985694885,3.179500000000380
0.499999985694885,3.179600000000380
0.499999985694885,3.179700000000380
0.499999985694885,3.179800000000380
0.499999985694885,3.179900000000380
0.499999985694885,3.180000000000380
0.499999985694885,3.180100000000380
0.499999985694885,3.180200000000380
0.499999985694885,3.180300000000380
0.499999985694885,3.180400000000380
0.499999985694885,3.180500000000380
0.499999985694885,3.180600000000380
0.499999985694885,3.180700000000380
0.499999985694885,3.180800000000380
0.499999985694885,3.180900000000380
0.499999985694885,3.181000000000380
0.499999985694885,3.181100000000380
0.499999985694885,3.181200000000380
0.499999985694885,3.181300000000380
0.499999985694885,3.181400000000380
0.499999985694885,3.181500000000380
0.499999985694885,3.181600000000380
0.499999985694885,3.181700000000380
0.499999985694885,3.181800000000380
0.499999985694885,3.181900000000380
0.499999985694885,3.182000000000380
0.499999985694885,3.182100000000380
0.499999985694885,3.182200000000380
0.499999985694885,3.182300000000380
0.499999985694885,3.182400000000380
0.499999985694885,3.182500000000390
0.499999985694885,3.182600000000390
0.499999985694885,3.182700000000390
0.499999985694885,3.182800000000390
0.499999985694885,3.182900000000390
0.499999985694885,3.183000000000390
0.499999985694885,3.183100000000390
0.499999985694885,3.183200000000390
0.499999985694885,3.183300000000390
0.499999985694885,3.183400000000390
0.499999985694885,3.183500000000390
0.499999985694885,3.183600000000390
0.499999985694885,3.183700000000390
0.499999985694885,3.183800000000390
0.499999985694885,3.183900000000390
0.499999985694885,3.184000000000390
0.499999985694885,3.184100000000390
0.499999985694885,3.184200000000390
0.499999985694885,3.184300000000390
0.499999985694885,3.184400000000390
0.499999985694885,3.184500000000390
0.499999985694885,3.184600000000390
0.499999985694885,3.184700000000390
0.499999985694885,3.184800000000390
0.499999985694885,3.184900000000390
0.499999985694885,3.185000000000390
0.499999985694885,3.185100000000390
0.499999985694885,3.185200000000390
0.499999985694885,3.185300000000390
0.499999985694885,3.185400000000390
0.499999985694885,3.185500000000390
0.499999985694885,3.185600000000390
0.499999985694885,3.185700000000390
0.499999985694885,3.185800000000390
0.499999985694885,3.185900000000390
0.499999985694885,3.186000000000390
0.499999985694885,3.186100000000390
0.499999985694885,3.186200000000390
0.499999985694885,3.186300000000390
0.499999985694885,3.186400000000390
0.499999985694885,3.186500000000390
0.499999985694885,3.186600000000390
0.499999985694885,3.186700000000390
0.499999985694885,3.186800000000390
0.499999985694885,3.186900000000390
0.499999985694885,3.187000000000390
0.499999985694885,3.187100000000390
0.499999985694885,3.187200000000400
0.499999985694885,3.187300000000400
0.499999985694885,3.187400000000400
0.499999985694885,3.187500000000400
0.499999985694885,3.187600000000400
0.499999985694885,3.187700000000400
0.499999985694885,3.187800000000400
0.499999985694885,3.187900000000400
0.499999985694885,3.188000000000400
0.499999985694885,3.188100000000400
0.499999985694885,3.188200000000400
0.499999985694885,3.188300000000400
0.499999985694885,3.188400000000400
0.499999985694885,3.188500000000400
0.499999985694885,3.188600000000400
0.499999985694885,3.188700000000400
0.499999985694885,3.188800000000400
0.499999985694885,3.188900000000400
0.499999985694885,3.189000000000400
0.499999985694885,3.189100000000400
0.499999985694885,3.189200000000400
0.499999985694885,3.189300000000400
0.499999985694885,3.189400000000400
0.499999985694885,3.189500000000400
0.499999985694885,3.189600000000400
0.499999985694885,3.189700000000400
0.499999985694885,3.189800000000400
0.499999985694885,3.189900000000400
0.499999985694885,3.190000000000400
0.499999985694885,3.190100000000400
0.499999985694885,3.190200000000400
0.499999985694885,3.190300000000400
0.499999985694885,3.190400000000400
0.499999985694885,3.190500000000400
0.499999985694885,3.190600000000400
0.499999985694885,3.190700000000400
0.499999985694885,3.190800000000400
0.499999985694885,3.190900000000400
0.499999985694885,3.191000000000400
0.499999985694885,3.191100000000400
0.499999985694885,3.191200000000400
0.499999985694885,3.191300000000400
0.499999985694885,3.191400000000400
0.499999985694885,3.191500000000400
0.499999985694885,3.191600000000400
0.499999985694885,3.191700000000400
0.499999985694885,3.191800000000400
0.499999985694885,3.191900000000400
0.499999985694885,3.192000000000410
0.499999985694885,3.192100000000410
0.499999985694885,3.192200000000410
0.499999985694885,3.192300000000410
0.499999985694885,3.192400000000410
0.499999985694885,3.192500000000410
0.499999985694885,3.192600000000410
0.499999985694885,3.192700000000410
0.499999985694885,3.192800000000410
0.499999985694885,3.192900000000410
0.499999985694885,3.193000000000410
0.499999985694885,3.193100000000410
0.499999985694885,3.193200000000410
0.499999985694885,3.193300000000410
0.499999985694885,3.193400000000410
0.499999985694885,3.193500000000410
0.499999985694885,3.193600000000410
0.499999985694885,3.193700000000410
0.499999985694885,3.193800000000410
0.499999985694885,3.193900000000410
0.499999985694885,3.194000000000410
0.499999985694885,3.194100000000410
0.499999985694885,3.194200000000410
0.499999985694885,3.194300000000410
0.499999985694885,3.194400000000410
0.499999985694885,3.194500000000410
0.499999985694885,3.194600000000410
0.499999985694885,3.194700000000410
0.499999985694885,3.194800000000410
0.499999985694885,3.194900000000410
0.499999985694885,3.195000000000410
0.499999985694885,3.195100000000410
0.499999985694885,3.195200000000410
0.499999985694885,3.195300000000410
0.499999985694885,3.195400000000410
0.499999985694885,3.195500000000410
0.499999985694885,3.195600000000410
0.499999985694885,3.195700000000410
0.499999985694885,3.195800000000410
0.499999985694885,3.195900000000410
0.499999985694885,3.196000000000410
0.499999985694885,3.196100000000410
0.499999985694885,3.196200000000410
0.499999985694885,3.196300000000410
0.499999985694885,3.196400000000410
0.499999985694885,3.196500000000410
0.499999985694885,3.196600000000410
0.499999985694885,3.196700000000420
0.499999985694885,3.196800000000420
0.499999985694885,3.196900000000420
0.499999985694885,3.197000000000420
0.499999985694885,3.197100000000420
0.499999985694885,3.197200000000420
0.499999985694885,3.197300000000420
0.499999985694885,3.197400000000420
0.499999985694885,3.197500000000420
0.499999985694885,3.197600000000420
0.499999985694885,3.197700000000420
0.499999985694885,3.197800000000420
0.499999985694885,3.197900000000420
0.499999985694885,3.198000000000420
0.499999985694885,3.198100000000420
0.499999985694885,3.198200000000420
0.499999985694885,3.198300000000420
0.499999985694885,3.198400000000420
0.499999985694885,3.198500000000420
0.499999985694885,3.198600000000420
0.499999985694885,3.198700000000420
0.499999985694885,3.198800000000420
0.499999985694885,3.198900000000420
0.499999985694885,3.199000000000420
0.499999985694885,3.199100000000420
0.499999985694885,3.199200000000420
0.499999985694885,3.199300000000420
0.499999985694885,3.199400000000420
0.499999985694885,3.199500000000420
0.499999985694885,3.199600000000420
0.499999985694885,3.199700000000420
0.499999985694885,3.199800000000420
0.499999985694885,3.199900000000420
0.499999985694885,3.200000000000420
0.499999985694885,3.200100000000420
0.499999985694885,3.200200000000420
0.499999985694885,3.200300000000420
0.499999985694885,3.200400000000420
0.499999985694885,3.200500000000420
0.499999985694885,3.200600000000420
0.499999985694885,3.200700000000420
0.499999985694885,3.200800000000420
0.499999985694885,3.200900000000420
0.499999985694885,3.201000000000420
0.499999985694885,3.201100000000420
0.499999985694885,3.201200000000420
0.499999985694885,3.201300000000420
0.499999985694885,3.201400000000430
0.499999985694885,3.201500000000430
0.499999985694885,3.201600000000430
0.499999985694885,3.201700000000430
0.499999985694885,3.201800000000430
0.499999985694885,3.201900000000430
0.499999985694885,3.202000000000430
0.499999985694885,3.202100000000430
0.499999985694885,3.202200000000430
0.499999985694885,3.202300000000430
0.499999985694885,3.202400000000430
0.499999985694885,3.202500000000430
0.499999985694885,3.202600000000430
0.499999985694885,3.202700000000430
0.499999985694885,3.202800000000430
0.499999985694885,3.202900000000430
0.499999985694885,3.203000000000430
0.499999985694885,3.203100000000430
0.499999985694885,3.203200000000430
0.499999985694885,3.203300000000430
0.499999985694885,3.203400000000430
0.499999985694885,3.203500000000430
0.499999985694885,3.203600000000430
0.499999985694885,3.203700000000430
0.499999985694885,3.203800000000430
0.499999985694885,3.203900000000430
0.499999985694885,3.204000000000430
0.499999985694885,3.204100000000430
0.499999985694885,3.204200000000430
0.499999985694885,3.204300000000430
0.499999985694885,3.204400000000430
0.499999985694885,3.204500000000430
0.499999985694885,3.204600000000430
0.499999985694885,3.204700000000430
0.499999985694885,3.204800000000430
0.499999985694885,3.204900000000430
0.499999985694885,3.205000000000430
0.499999985694885,3.205100000000430
0.499999985694885,3.205200000000430
0.499999985694885,3.205300000000430
0.499999985694885,3.205400000000430
0.499999985694885,3.205500000000430
0.499999985694885,3.205600000000430
0.499999985694885,3.205700000000430
0.499999985694885,3.205800000000430
0.499999985694885,3.205900000000430
0.499999985694885,3.206000000000430
0.499999985694885,3.206100000000430
0.499999985694885,3.206200000000440
0.499999985694885,3.206300000000440
0.499999985694885,3.206400000000440
0.499999985694885,3.206500000000440
0.499999985694885,3.206600000000440
0.499999985694885,3.206700000000440
0.499999985694885,3.206800000000440
0.499999985694885,3.206900000000440
0.499999985694885,3.207000000000440
0.499999985694885,3.207100000000440
0.499999985694885,3.207200000000440
0.499999985694885,3.207300000000440
0.499999985694885,3.207400000000440
0.499999985694885,3.207500000000440
0.499999985694885,3.207600000000440
0.499999985694885,3.207700000000440
0.499999985694885,3.207800000000440
0.499999985694885,3.207900000000440
0.499999985694885,3.208000000000440
0.499999985694885,3.208100000000440
0.499999985694885,3.208200000000440
0.499999985694885,3.208300000000440
0.499999985694885,3.208400000000440
0.499999985694885,3.208500000000440
0.499999985694885,3.208600000000440
0.499999985694885,3.208700000000440
0.499999985694885,3.208800000000440
0.499999985694885,3.208900000000440
0.499999985694885,3.209000000000440
0.499999985694885,3.209100000000440
0.499999985694885,3.209200000000440
0.499999985694885,3.209300000000440
0.499999985694885,3.209400000000440
0.499999985694885,3.209500000000440
0.499999985694885,3.209600000000440
0.499999955177307,3.209700000000440
0.499999985694885,3.209800000000440
0.499999985694885,3.209900000000440
0.499999985694885,3.210000000000440
0.499999955177307,3.210100000000440
0.499999955177307,3.210200000000440
0.499999955177307,3.210300000000440
0.499999985694885,3.210400000000440
0.499999955177307,3.210500000000440
0.499999985694885,3.210600000000440
0.499999985694885,3.210700000000440
0.499999985694885,3.210800000000440
0.499999955177307,3.210900000000450
0.499999955177307,3.211000000000450
0.499999955177307,3.211100000000450
0.499999955177307,3.211200000000450
0.499999985694885,3.211300000000450
0.499999985694885,3.211400000000450
0.499999985694885,3.211500000000450
0.499999955177307,3.211600000000450
0.499999985694885,3.211700000000450
0.499999985694885,3.211800000000450
0.499999985694885,3.211900000000450
0.499999955177307,3.212000000000450
0.499999955177307,3.212100000000450
0.499999955177307,3.212200000000450
0.499999985694885,3.212300000000450
0.499999955177307,3.212400000000450
0.499999985694885,3.212500000000450
0.499999985694885,3.212600000000450
0.499999985694885,3.212700000000450
0.499999985694885,3.212800000000450
0.499999955177307,3.212900000000450
0.499999955177307,3.213000000000450
0.499999985694885,3.213100000000450
0.499999985694885,3.213200000000450
0.499999955177307,3.213300000000450
0.499999985694885,3.213400000000450
0.499999955177307,3.213500000000450
0.499999985694885,3.213600000000450
0.499999985694885,3.213700000000450
0.499999955177307,3.213800000000450
0.499999985694885,3.213900000000450
0.499999955177307,3.214000000000450
0.499999955177307,3.214100000000450
0.499999985694885,3.214200000000450
0.499999955177307,3.214300000000450
0.499999955177307,3.214400000000450
0.499999985694885,3.214500000000450
0.499999955177307,3.214600000000450
0.499999924659729,3.214700000000450
0.499999985694885,3.214800000000450
0.499999985694885,3.214900000000450
0.499999955177307,3.215000000000450
0.499999955177307,3.215100000000450
0.499999955177307,3.215200000000450
0.499999985694885,3.215300000000450
0.499999924659729,3.215400000000450
0.499999985694885,3.215500000000450
0.499999985694885,3.215600000000450
0.499999985694885,3.215700000000460
0.499999985694885,3.215800000000460
0.499999955177307,3.215900000000460
0.499999955177307,3.216000000000460
0.499999985694885,3.216100000000460
0.499999985694885,3.216200000000460
0.499999924659729,3.216300000000460
0.499999985694885,3.216400000000460
0.499999955177307,3.216500000000460
0.499999955177307,3.216600000000460
0.499999985694885,3.216700000000460
0.499999985694885,3.216800000000460
0.499999985694885,3.216900000000460
0.499999955177307,3.217000000000460
0.499999985694885,3.217100000000460
0.499999985694885,3.217200000000460
0.499999985694885,3.217300000000460
0.499999985694885,3.217400000000460
0.499999985694885,3.217500000000460
0.499999985694885,3.217600000000460
0.499999955177307,3.217700000000460
0.499999985694885,3.217800000000460
0.499999955177307,3.217900000000460
0.499999985694885,3.218000000000460
0.499999955177307,3.218100000000460
0.499999924659729,3.218200000000460
0.499999985694885,3.218300000000460
0.499999955177307,3.218400000000460
0.499999985694885,3.218500000000460
0.499999985694885,3.218600000000460
0.499999985694885,3.218700000000460
0.499999985694885,3.218800000000460
0.499999955177307,3.218900000000460
0.499999955177307,3.219000000000460
0.499999985694885,3.219100000000460
0.499999955177307,3.219200000000460
0.499999985694885,3.219300000000460
0.499999955177307,3.219400000000460
0.499999924659729,3.219500000000460
0.499999955177307,3.219600000000460
0.499999955177307,3.219700000000460
0.499999985694885,3.219800000000460
0.499999985694885,3.219900000000460
0.499999985694885,3.220000000000460
0.499999955177307,3.220100000000460
0.499999985694885,3.220200000000460
0.499999985694885,3.220300000000460
0.499999955177307,3.220400000000470
0.499999955177307,3.220500000000470
0.499999955177307,3.220600000000470
0.499999985694885,3.220700000000470
0.499999985694885,3.220800000000470
0.499999985694885,3.220900000000470
0.499999985694885,3.221000000000470
0.499999955177307,3.221100000000470
0.499999985694885,3.221200000000470
0.499999985694885,3.221300000000470
0.499999985694885,3.221400000000470
0.499999955177307,3.221500000000470
0.499999985694885,3.221600000000470
0.499999985694885,3.221700000000470
0.499999985694885,3.221800000000470
0.499999985694885,3.221900000000470
0.499999985694885,3.222000000000470
0.499999985694885,3.222100000000470
0.499999985694885,3.222200000000470
0.499999985694885,3.222300000000470
0.499999955177307,3.222400000000470
0.499999985694885,3.222500000000470
0.499999985694885,3.222600000000470
0.499999985694885,3.222700000000470
0.499999985694885,3.222800000000470
0.499999985694885,3.222900000000470
0.499999985694885,3.223000000000470
0.499999955177307,3.223100000000470
0.499999985694885,3.223200000000470
0.499999985694885,3.223300000000470
0.499999985694885,3.223400000000470
0.499999985694885,3.223500000000470
0.499999985694885,3.223600000000470
0.499999985694885,3.223700000000470
0.499999985694885,3.223800000000470
0.499999985694885,3.223900000000470
0.499999955177307,3.224000000000470
0.499999985694885,3.224100000000470
0.499999985694885,3.224200000000470
0.499999985694885,3.224300000000470
0.499999985694885,3.224400000000470
0.499999985694885,3.224500000000470
0.499999955177307,3.224600000000470
0.499999985694885,3.224700000000470
0.499999955177307,3.224800000000470
0.499999985694885,3.224900000000470
0.499999955177307,3.225000000000470
0.499999985694885,3.225100000000480
0.499999985694885,3.225200000000480
0.499999985694885,3.225300000000480
0.499999985694885,3.225400000000480
0.499999955177307,3.225500000000480
0.499999985694885,3.225600000000480
0.499999985694885,3.225700000000480
0.499999955177307,3.225800000000480
0.499999985694885,3.225900000000480
0.499999985694885,3.226000000000480
0.499999985694885,3.226100000000480
0.499999985694885,3.226200000000480
0.499999985694885,3.226300000000480
0.499999985694885,3.226400000000480
0.499999955177307,3.226500000000480
0.499999955177307,3.226600000000480
0.499999985694885,3.226700000000480
0.499999985694885,3.226800000000480
0.499999985694885,3.226900000000480
0.499999985694885,3.227000000000480
0.499999985694885,3.227100000000480
0.499999985694885,3.227200000000480
0.499999985694885,3.227300000000480
0.499999985694885,3.227400000000480
0.499999985694885,3.227500000000480
0.499999985694885,3.227600000000480
0.499999985694885,3.227700000000480
0.499999985694885,3.227800000000480
0.499999985694885,3.227900000000480
0.499999985694885,3.228000000000480
0.499999985694885,3.228100000000480
0.499999985694885,3.228200000000480
0.499999955177307,3.228300000000480
0.499999985694885,3.228400000000480
0.499999985694885,3.228500000000480
0.499999985694885,3.228600000000480
0.499999985694885,3.228700000000480
0.499999985694885,3.228800000000480
0.499999955177307,3.228900000000480
0.499999985694885,3.229000000000480
0.499999985694885,3.229100000000480
0.499999985694885,3.229200000000480
0.499999955177307,3.229300000000480
0.499999985694885,3.229400000000480
0.499999985694885,3.229500000000480
0.499999985694885,3.229600000000480
0.499999985694885,3.229700000000480
0.499999985694885,3.229800000000480
0.499999985694885,3.229900000000490
0.499999985694885,3.230000000000490
0.499999985694885,3.230100000000490
0.499999985694885,3.230200000000490
0.499999985694885,3.230300000000490
0.499999985694885,3.230400000000490
0.499999985694885,3.230500000000490
0.499999985694885,3.230600000000490
0.499999985694885,3.230700000000490
0.499999985694885,3.230800000000490
0.499999985694885,3.230900000000490
0.499999985694885,3.231000000000490
0.499999985694885,3.231100000000490
0.499999985694885,3.231200000000490
0.499999985694885,3.231300000000490
0.499999985694885,3.231400000000490
0.499999985694885,3.231500000000490
0.499999985694885,3.231600000000490
0.499999985694885,3.231700000000490
0.499999985694885,3.231800000000490
0.499999985694885,3.231900000000490
0.499999985694885,3.232000000000490
0.499999985694885,3.232100000000490
0.499999985694885,3.232200000000490
0.499999985694885,3.232300000000490
0.499999985694885,3.232400000000490
0.499999985694885,3.232500000000490
0.499999985694885,3.232600000000490
0.499999985694885,3.232700000000490
0.499999985694885,3.232800000000490
0.499999985694885,3.232900000000490
0.499999985694885,3.233000000000490
0.499999985694885,3.233100000000490
0.499999985694885,3.233200000000490
0.499999985694885,3.233300000000490
0.499999985694885,3.233400000000490
0.499999985694885,3.233500000000490
0.499999985694885,3.233600000000490
0.499999985694885,3.233700000000490
0.499999985694885,3.233800000000490
0.499999985694885,3.233900000000490
0.499999985694885,3.234000000000490
0.499999985694885,3.234100000000490
0.499999985694885,3.234200000000490
0.499999985694885,3.234300000000490
0.499999985694885,3.234400000000490
0.499999985694885,3.234500000000490
0.499999985694885,3.234600000000500
0.499999985694885,3.234700000000500
0.499999985694885,3.234800000000500
0.499999985694885,3.234900000000500
0.499999985694885,3.235000000000500
0.499999985694885,3.235100000000500
0.499999985694885,3.235200000000500
0.499999985694885,3.235300000000500
0.499999985694885,3.235400000000500
0.499999985694885,3.235500000000500
0.499999985694885,3.235600000000500
0.499999985694885,3.235700000000500
0.499999985694885,3.235800000000500
0.499999985694885,3.235900000000500
0.499999985694885,3.236000000000500
0.499999985694885,3.236100000000500
0.499999985694885,3.236200000000500
0.499999985694885,3.236300000000500
0.499999985694885,3.236400000000500
0.499999985694885,3.236500000000500
0.499999985694885,3.236600000000500
0.499999985694885,3.236700000000500
0.499999985694885,3.236800000000500
0.499999985694885,3.236900000000500
0.499999985694885,3.237000000000500
0.499999985694885,3.237100000000500
0.499999985694885,3.237200000000500
0.499999985694885,3.237300000000500
0.499999985694885,3.237400000000500
0.499999985694885,3.237500000000500
0.499999985694885,3.237600000000500
0.499999985694885,3.237700000000500
0.499999985694885,3.237800000000500
0.499999985694885,3.237900000000500
0.499999985694885,3.238000000000500
0.499999985694885,3.238100000000500
0.499999985694885,3.238200000000500
0.499999985694885,3.238300000000500
0.499999985694885,3.238400000000500
0.499999985694885,3.238500000000500
0.499999985694885,3.238600000000500
0.499999985694885,3.238700000000500
0.499999985694885,3.238800000000500
0.499999985694885,3.238900000000500
0.499999985694885,3.239000000000500
0.499999985694885,3.239100000000500
0.499999985694885,3.239200000000500
0.499999985694885,3.239300000000500
0.499999985694885,3.239400000000510
0.499999985694885,3.239500000000510
0.499999985694885,3.239600000000510
0.499999985694885,3.239700000000510
0.499999985694885,3.239800000000510
0.499999985694885,3.239900000000510
0.499999985694885,3.240000000000510
0.499999985694885,3.240100000000510
0.499999985694885,3.240200000000510
0.499999985694885,3.240300000000510
0.499999985694885,3.240400000000510
0.499999985694885,3.240500000000510
0.499999985694885,3.240600000000510
0.499999985694885,3.240700000000510
0.499999985694885,3.240800000000510
0.499999985694885,3.240900000000510
0.499999985694885,3.241000000000510
0.499999985694885,3.241100000000510
0.499999985694885,3.241200000000510
0.499999985694885,3.241300000000510
0.499999985694885,3.241400000000510
0.499999985694885,3.241500000000510
0.499999985694885,3.241600000000510
0.499999985694885,3.241700000000510
0.499999985694885,3.241800000000510
0.499999985694885,3.241900000000510
0.499999985694885,3.242000000000510
0.499999985694885,3.242100000000510
0.499999985694885,3.242200000000510
0.499999985694885,3.242300000000510
0.499999985694885,3.242400000000510
0.499999985694885,3.242500000000510
0.499999985694885,3.242600000000510
0.499999985694885,3.242700000000510
0.499999985694885,3.242800000000510
0.499999985694885,3.242900000000510
0.499999985694885,3.243000000000510
0.499999985694885,3.243100000000510
0.499999985694885,3.243200000000510
0.499999985694885,3.243300000000510
0.499999985694885,3.243400000000510
0.499999985694885,3.243500000000510
0.499999985694885,3.243600000000510
0.499999985694885,3.243700000000510
0.499999985694885,3.243800000000510
0.499999985694885,3.243900000000510
0.499999985694885,3.244000000000510
0.499999985694885,3.244100000000520
0.499999985694885,3.244200000000520
0.499999985694885,3.244300000000520
0.499999985694885,3.244400000000520
0.499999985694885,3.244500000000520
0.499999985694885,3.244600000000520
0.499999985694885,3.244700000000520
0.499999985694885,3.244800000000520
0.499999985694885,3.244900000000520
0.499999985694885,3.245000000000520
0.499999985694885,3.245100000000520
0.499999985694885,3.245200000000520
0.499999985694885,3.245300000000520
0.499999985694885,3.245400000000520
0.499999985694885,3.245500000000520
0.499999985694885,3.245600000000520
0.499999985694885,3.245700000000520
0.499999985694885,3.245800000000520
0.499999985694885,3.245900000000520
0.499999985694885,3.246000000000520
0.499999985694885,3.246100000000520
0.499999985694885,3.246200000000520
0.499999985694885,3.246300000000520
0.499999985694885,3.246400000000520
0.499999985694885,3.246500000000520
0.499999985694885,3.246600000000520
0.499999985694885,3.246700000000520
0.499999985694885,3.246800000000520
0.499999985694885,3.246900000000520
0.499999985694885,3.247000000000520
0.499999985694885,3.247100000000520
0.499999985694885,3.247200000000520
0.499999985694885,3.247300000000520
0.499999985694885,3.247400000000520
0.499999985694885,3.247500000000520
0.499999985694885,3.247600000000520
0.499999985694885,3.247700000000520
0.499999985694885,3.247800000000520
0.499999985694885,3.247900000000520
0.499999985694885,3.248000000000520
0.499999985694885,3.248100000000520
0.499999985694885,3.248200000000520
0.499999985694885,3.248300000000520
0.499999985694885,3.248400000000520
0.499999985694885,3.248500000000520
0.499999985694885,3.248600000000520
0.499999985694885,3.248700000000520
0.499999985694885,3.248800000000530
0.499999985694885,3.248900000000530
0.499999985694885,3.249000000000530
0.499999985694885,3.249100000000530
0.499999985694885,3.249200000000530
0.499999985694885,3.249300000000530
0.499999985694885,3.249400000000530
0.499999985694885,3.249500000000530
0.499999985694885,3.249600000000530
0.499999985694885,3.249700000000530
0.499999985694885,3.249800000000530
0.499999985694885,3.249900000000530
0.499999985694885,3.250000000000530
0.499999985694885,3.250100000000530
0.499999985694885,3.250200000000530
0.499999985694885,3.250300000000530
0.499999985694885,3.250400000000530
0.499999985694885,3.250500000000530
0.499999985694885,3.250600000000530
0.499999985694885,3.250700000000530
0.499999985694885,3.250800000000530
0.499999985694885,3.250900000000530
0.499999985694885,3.251000000000530
0.499999985694885,3.251100000000530
0.499999985694885,3.251200000000530
0.499999985694885,3.251300000000530
0.499999985694885,3.251400000000530
0.499999985694885,3.251500000000530
0.499999985694885,3.251600000000530
0.499999985694885,3.251700000000530
0.499999985694885,3.251800000000530
0.499999985694885,3.251900000000530
0.499999985694885,3.252000000000530
0.499999985694885,3.252100000000530
0.499999985694885,3.252200000000530
0.499999985694885,3.252300000000530
0.499999985694885,3.252400000000530
0.499999985694885,3.252500000000530
0.499999985694885,3.252600000000530
0.499999985694885,3.252700000000530
0.499999985694885,3.252800000000530
0.499999985694885,3.252900000000530
0.499999985694885,3.253000000000530
0.499999985694885,3.253100000000530
0.499999985694885,3.253200000000530
0.499999985694885,3.253300000000530
0.499999985694885,3.253400000000530
0.499999985694885,3.253500000000530
0.499999985694885,3.253600000000540
0.499999985694885,3.253700000000540
0.499999985694885,3.253800000000540
0.499999985694885,3.253900000000540
0.499999985694885,3.254000000000540
0.499999985694885,3.254100000000540
0.499999985694885,3.254200000000540
0.499999985694885,3.254300000000540
0.499999985694885,3.254400000000540
0.499999985694885,3.254500000000540
0.499999985694885,3.254600000000540
0.499999985694885,3.254700000000540
0.499999985694885,3.254800000000540
0.499999985694885,3.254900000000540
0.499999985694885,3.255000000000540
0.499999985694885,3.255100000000540
0.499999985694885,3.255200000000540
0.499999985694885,3.255300000000540
0.499999985694885,3.255400000000540
0.499999985694885,3.255500000000540
0.499999985694885,3.255600000000540
0.499999985694885,3.255700000000540
0.499999985694885,3.255800000000540
0.499999985694885,3.255900000000540
0.499999985694885,3.256000000000540
0.499999985694885,3.256100000000540
0.499999985694885,3.256200000000540
0.499999985694885,3.256300000000540
0.499999985694885,3.256400000000540
0.499999985694885,3.256500000000540
0.499999985694885,3.256600000000540
0.499999985694885,3.256700000000540
0.499999985694885,3.256800000000540
0.499999985694885,3.256900000000540
0.499999985694885,3.257000000000540
0.499999985694885,3.257100000000540
0.499999985694885,3.257200000000540
0.499999985694885,3.257300000000540
0.499999985694885,3.257400000000540
0.499999985694885,3.257500000000540
0.499999985694885,3.257600000000540
0.499999985694885,3.257700000000540
0.499999985694885,3.257800000000540
0.499999985694885,3.257900000000540
0.499999985694885,3.258000000000540
0.499999985694885,3.258100000000540
0.499999985694885,3.258200000000540
0.499999985694885,3.258300000000550
0.499999985694885,3.258400000000550
0.499999985694885,3.258500000000550
0.499999985694885,3.258600000000550
0.499999985694885,3.258700000000550
0.499999985694885,3.258800000000550
0.499999985694885,3.258900000000550
0.499999985694885,3.259000000000550
0.499999985694885,3.259100000000550
0.499999985694885,3.259200000000550
0.499999985694885,3.259300000000550
0.499999955177307,3.259400000000550
0.110999915122986,3.259500000000550
0.499999924659729,3.259500000000550
0.888792485237122,3.259500000000550
0.344107344627380,3.259600000000550
0.499999001502991,3.259600000000550
0.654999821662903,3.259600000000550
0.499999806404114,3.259700000000550
0.499999865531921,3.259800000000550
0.499999955177307,3.259900000000550
0.499999924659729,3.260000000000550
0.499999955177307,3.260100000000550
0.499999955177307,3.260200000000550
0.499999985694885,3.260300000000550
0.499999985694885,3.260400000000550
0.499999955177307,3.260500000000550
0.499999985694885,3.260600000000550
0.499999985694885,3.260700000000550
0.499999955177307,3.260800000000550
0.499999985694885,3.260900000000550
0.499999985694885,3.261000000000550
0.499999985694885,3.261100000000550
0.499999985694885,3.261200000000550
0.499999985694885,3.261300000000550
0.499999985694885,3.261400000000550
0.499999985694885,3.261500000000550
0.499999985694885,3.261600000000550
0.499999985694885,3.261700000000550
0.499999985694885,3.261800000000550
0.499999985694885,3.261900000000550
0.499999985694885,3.262000000000550
0.499999985694885,3.262100000000550
0.499999985694885,3.262200000000550
0.499999985694885,3.262300000000550
0.499999985694885,3.262400000000550
0.499999985694885,3.262500000000550
0.499999985694885,3.262600000000550
0.499999985694885,3.262700000000550
0.499999985694885,3.262800000000550
0.499999985694885,3.262900000000550
0.499999985694885,3.263000000000560
0.499999985694885,3.263100000000560
0.499999985694885,3.263200000000560
0.499999985694885,3.263300000000560
0.499999985694885,3.263400000000560
0.499999985694885,3.263500000000560
0.499999985694885,3.263600000000560
0.499999985694885,3.263700000000560
0.499999985694885,3.263800000000560
0.499999985694885,3.263900000000560
0.499999985694885,3.264000000000560
0.499999985694885,3.264100000000560
0.499999985694885,3.264200000000560
0.499999985694885,3.264300000000560
0.499999985694885,3.264400000000560
0.499999985694885,3.264500000000560
0.499999985694885,3.264600000000560
0.499999985694885,3.264700000000560
0.499999985694885,3.264800000000560
0.499999985694885,3.264900000000560
0.499999985694885,3.265000000000560
0.499999985694885,3.265100000000560
0.499999985694885,3.265200000000560
0.499999985694885,3.265300000000560
0.499999985694885,3.265400000000560
0.499999985694885,3.265500000000560
0.499999985694885,3.265600000000560
0.499999985694885,3.265700000000560
0.499999985694885,3.265800000000560
0.499999985694885,3.265900000000560
0.499999985694885,3.266000000000560
0.499999985694885,3.266100000000560
0.499999985694885,3.266200000000560
0.499999985694885,3.266300000000560
0.499999985694885,3.266400000000560
0.499999985694885,3.266500000000560
0.499999985694885,3.266600000000560
0.499999985694885,3.266700000000560
0.499999985694885,3.266800000000560
0.499999985694885,3.266900000000560
0.499999985694885,3.267000000000560
0.499999985694885,3.267100000000560
0.499999985694885,3.267200000000560
0.499999985694885,3.267300000000560
0.499999985694885,3.267400000000560
0.499999985694885,3.267500000000560
0.499999985694885,3.267600000000560
0.499999985694885,3.267700000000560
0.499999985694885,3.267800000000570
0.499999985694885,3.267900000000570
0.499999985694885,3.268000000000570
0.499999985694885,3.268100000000570
0.499999985694885,3.268200000000570
0.499999985694885,3.268300000000570
0.499999985694885,3.268400000000570
0.499999985694885,3.268500000000570
0.499999985694885,3.268600000000570
0.499999985694885,3.268700000000570
0.499999985694885,3.268800000000570
0.499999985694885,3.268900000000570
0.499999985694885,3.269000000000570
0.499999985694885,3.269100000000570
0.499999985694885,3.269200000000570
0.499999985694885,3.269300000000570
0.499999985694885,3.269400000000570
0.499999985694885,3.269500000000570
0.499999985694885,3.269600000000570
0.499999985694885,3.269700000000570
0.499999985694885,3.269800000000570
0.499999985694885,3.269900000000570
0.499999985694885,3.270000000000570
0.499999985694885,3.270100000000570
0.499999985694885,3.270200000000570
0.499999985694885,3.270300000000570
0.499999985694885,3.270400000000570
0.499999985694885,3.270500000000570
0.499999985694885,3.270600000000570
0.499999985694885,3.270700000000570
0.499999985694885,3.270800000000570
0.499999985694885,3.270900000000570
0.499999985694885,3.271000000000570
0.499999985694885,3.271100000000570
0.499999985694885,3.271200000000570
0.499999985694885,3.271300000000570
0.499999985694885,3.271400000000570
0.499999985694885,3.271500000000570
0.499999985694885,3.271600000000570
0.499999985694885,3.271700000000570
0.499999985694885,3.271800000000570
0.499999985694885,3.271900000000570
0.499999985694885,3.272000000000570
0.499999985694885,3.272100000000570
0.499999985694885,3.272200000000570
0.499999985694885,3.272300000000570
0.499999985694885,3.272400000000570
0.499999985694885,3.272500000000580
0.499999985694885,3.272600000000580
0.499999985694885,3.272700000000580
0.499999985694885,3.272800000000580
0.499999985694885,3.272900000000580
0.499999985694885,3.273000000000580
0.499999985694885,3.273100000000580
0.499999985694885,3.273200000000580
0.499999985694885,3.273300000000580
0.499999985694885,3.273400000000580
0.499999985694885,3.273500000000580
0.499999985694885,3.273600000000580
0.499999985694885,3.273700000000580
0.499999985694885,3.273800000000580
0.499999985694885,3.273900000000580
0.499999985694885,3.274000000000580
0.499999985694885,3.274100000000580
0.499999985694885,3.274200000000580
0.499999985694885,3.274300000000580
0.499999985694885,3.274400000000580
0.499999985694885,3.274500000000580
0.499999985694885,3.274600000000580
0.499999985694885,3.274700000000580
0.499999985694885,3.274800000000580
0.499999985694885,3.274900000000580
0.499999985694885,3.275000000000580
0.499999985694885,3.275100000000580
0.499999985694885,3.275200000000580
0.499999985694885,3.275300000000580
0.499999985694885,3.275400000000580
0.499999985694885,3.275500000000580
0.499999985694885,3.275600000000580
0.499999985694885,3.275700000000580
0.499999985694885,3.275800000000580
0.499999985694885,3.275900000000580
0.499999985694885,3.276000000000580
0.499999985694885,3.276100000000580
0.499999985694885,3.276200000000580
0.499999985694885,3.276300000000580
0.499999985694885,3.276400000000580
0.499999985694885,3.276500000000580
0.499999985694885,3.276600000000580
0.499999985694885,3.276700000000580
0.499999985694885,3.276800000000580
0.499999985694885,3.276900000000580
0.499999985694885,3.277000000000580
0.499999985694885,3.277100000000580
0.499999985694885,3.277200000000580
0.499999985694885,3.277300000000590
0.499999985694885,3.277400000000590
0.499999985694885,3.277500000000590
0.499999985694885,3.277600000000590
0.499999985694885,3.277700000000590
0.499999985694885,3.277800000000590
0.499999985694885,3.277900000000590
0.499999985694885,3.278000000000590
0.499999985694885,3.278100000000590
0.499999985694885,3.278200000000590
0.499999985694885,3.278300000000590
0.499999985694885,3.278400000000590
0.499999985694885,3.278500000000590
0.499999985694885,3.278600000000590
0.499999985694885,3.278700000000590
0.499999985694885,3.278800000000590
0.499999985694885,3.278900000000590
0.499999955177307,3.279000000000590
0.499999985694885,3.279100000000590
0.499999985694885,3.279200000000590
0.499999985694885,3.279300000000590
0.499999985694885,3.279400000000590
0.499999985694885,3.279500000000590
0.499999985694885,3.279600000000590
0.499999985694885,3.279700000000590
0.499999985694885,3.279800000000590
0.499999955177307,3.279900000000590
0.499999985694885,3.280000000000590
0.499999985694885,3.280100000000590
0.499999985694885,3.280200000000590
0.499999985694885,3.280300000000590
0.499999985694885,3.280400000000590
0.499999985694885,3.280500000000590
0.499999985694885,3.280600000000590
0.499999985694885,3.280700000000590
0.499999985694885,3.280800000000590
0.499999985694885,3.280900000000590
0.499999985694885,3.281000000000590
0.499999985694885,3.281100000000590
0.499999985694885,3.281200000000590
0.499999985694885,3.281300000000590
0.499999985694885,3.281400000000590
0.499999985694885,3.281500000000590
0.499999985694885,3.281600000000590
0.499999955177307,3.281700000000590
0.499999985694885,3.281800000000590
0.499999985694885,3.281900000000590
0.499999985694885,3.282000000000600
0.499999985694885,3.282100000000600
0.499999955177307,3.282200000000600
0.499999955177307,3.282300000000600
0.499999985694885,3.282400000000600
0.499999985694885,3.282500000000600
0.499999985694885,3.282600000000600
0.499999955177307,3.282700000000600
0.499999955177307,3.282800000000600
0.499999985694885,3.282900000000600
0.499999955177307,3.283000000000600
0.499999955177307,3.283100000000600
0.499999985694885,3.283200000000600
0.499999955177307,3.283300000000600
0.499999985694885,3.283400000000600
0.499999985694885,3.283500000000600
0.499999985694885,3.283600000000600
0.499999955177307,3.283700000000600
0.499999955177307,3.283800000000600
0.499999985694885,3.283900000000600
0.499999985694885,3.284000000000600
0.499999955177307,3.284100000000600
0.499999985694885,3.284200000000600
0.499999985694885,3.284300000000600
0.499999985694885,3.284400000000600
0.499999985694885,3.284500000000600
0.499999985694885,3.284600000000600
0.499999955177307,3.284700000000600
0.499999985694885,3.284800000000600
0.499999985694885,3.284900000000600
0.499999985694885,3.285000000000600
0.499999955177307,3.285100000000600
0.499999985694885,3.285200000000600
0.499999955177307,3.285300000000600
0.499999985694885,3.285400000000600
0.499999985694885,3.285500000000600
0.499999985694885,3.285600000000600
0.499999955177307,3.285700000000600
0.499999985694885,3.285800000000600
0.499999985694885,3.285900000000600
0.499999955177307,3.286000000000600
0.499999955177307,3.286100000000600
0.499999985694885,3.286200000000600
0.499999985694885,3.286300000000600
0.499999955177307,3.286400000000600
0.499999955177307,3.286500000000600
0.499999955177307,3.286600000000600
0.499999985694885,3.286700000000610
0.499999985694885,3.286800000000610
0.499999985694885,3.286900000000610
0.499999985694885,3.287000000000610
0.499999985694885,3.287100000000610
0.499999985694885,3.287200000000610
0.499999985694885,3.287300000000610
0.499999985694885,3.287400000000610
0.499999985694885,3.287500000000610
0.499999985694885,3.287600000000610
0.499999985694885,3.287700000000610
0.499999955177307,3.287800000000610
0.499999985694885,3.287900000000610
0.499999955177307,3.288000000000610
0.499999955177307,3.288100000000610
0.499999985694885,3.288200000000610
0.499999985694885,3.288300000000610
0.499999985694885,3.288400000000610
0.499999955177307,3.288500000000610
0.499999985694885,3.288600000000610
0.499999985694885,3.288700000000610
0.499999955177307,3.288800000000610
0.499999955177307,3.288900000000610
0.499999985694885,3.289000000000610
0.499999985694885,3.289100000000610
0.499999955177307,3.289200000000610
0.499999985694885,3.289300000000610
0.499999985694885,3.289400000000610
0.499999985694885,3.289500000000610
0.499999985694885,3.289600000000610
0.499999985694885,3.289700000000610
0.499999985694885,3.289800000000610
0.499999955177307,3.289900000000610
0.499999985694885,3.290000000000610
0.499999985694885,3.290100000000610
0.499999985694885,3.290200000000610
0.499999985694885,3.290300000000610
0.499999955177307,3.290400000000610
0.499999985694885,3.290500000000610
0.499999985694885,3.290600000000610
0.499999955177307,3.290700000000610
0.499999985694885,3.290800000000610
0.499999955177307,3.290900000000610
0.499999985694885,3.291000000000610
0.499999985694885,3.291100000000610
0.499999985694885,3.291200000000610
0.499999955177307,3.291300000000610
0.499999955177307,3.291400000000610
0.499999955177307,3.291500000000620
0.499999955177307,3.291600000000620
0.499999955177307,3.291700000000620
0.499999985694885,3.291800000000620
0.499999985694885,3.291900000000620
0.499999985694885,3.292000000000620
0.499999955177307,3.292100000000620
0.499999955177307,3.292200000000620
0.499999985694885,3.292300000000620
0.499999955177307,3.292400000000620
0.499999985694885,3.292500000000620
0.499999955177307,3.292600000000620
0.499999955177307,3.292700000000620
0.499999924659729,3.292800000000620
0.499999924659729,3.292900000000620
0.499999955177307,3.293000000000620
0.499999985694885,3.293100000000620
0.499999955177307,3.293200000000620
0.499999985694885,3.293300000000620
0.499999985694885,3.293400000000620
0.499999985694885,3.293500000000620
0.499999955177307,3.293600000000620
0.499999985694885,3.293700000000620
0.499999955177307,3.293800000000620
0.499999985694885,3.293900000000620
0.499999985694885,3.294000000000620
0.499999955177307,3.294100000000620
0.499999955177307,3.294200000000620
0.499999985694885,3.294300000000620
0.499999985694885,3.294400000000620
0.499999955177307,3.294500000000620
0.499999985694885,3.294600000000620
0.499999985694885,3.294700000000620
0.499999955177307,3.294800000000620
0.499999985694885,3.294900000000620
0.499999955177307,3.295000000000620
0.499999985694885,3.295100000000620
0.499999985694885,3.295200000000620
0.499999985694885,3.295300000000620
0.499999985694885,3.295400000000620
0.499999985694885,3.295500000000620
0.499999985694885,3.295600000000620
0.499999985694885,3.295700000000620
0.499999985694885,3.295800000000620
0.499999985694885,3.295900000000620
0.499999985694885,3.296000000000620
0.499999985694885,3.296100000000620
0.499999985694885,3.296200000000630
0.499999985694885,3.296300000000630
0.499999955177307,3.296400000000630
0.499999985694885,3.296500000000630
0.499999955177307,3.296600000000630
0.499999985694885,3.296700000000630
0.499999985694885,3.296800000000630
0.499999985694885,3.296900000000630
0.499999985694885,3.297000000000630
0.499999985694885,3.297100000000630
0.499999955177307,3.297200000000630
0.499999985694885,3.297300000000630
0.499999955177307,3.297400000000630
0.499999985694885,3.297500000000630
0.499999985694885,3.297600000000630
0.499999955177307,3.297700000000630
0.499999985694885,3.297800000000630
0.499999955177307,3.297900000000630
0.499999985694885,3.298000000000630
0.499999985694885,3.298100000000630
0.499999985694885,3.298200000000630
0.499999985694885,3.298300000000630
0.499999985694885,3.298400000000630
0.499999985694885,3.298500000000630
0.499999985694885,3.298600000000630
0.499999955177307,3.298700000000630
0.499999985694885,3.298800000000630
0.499999985694885,3.298900000000630
0.499999955177307,3.299000000000630
0.499999985694885,3.299100000000630
0.499999955177307,3.299200000000630
0.499999955177307,3.299300000000630
0.499999985694885,3.299400000000630
0.499999985694885,3.299500000000630
0.499999985694885,3.299600000000630
0.499999985694885,3.299700000000630
0.499999985694885,3.299800000000630
0.499999985694885,3.299900000000630
0.499999985694885,3.300000000000630
0.499999985694885,3.300100000000630
0.499999985694885,3.300200000000630
0.499999985694885,3.300300000000630
0.499999985694885,3.300400000000630
0.499999985694885,3.300500000000630
0.499999985694885,3.300600000000630
0.499999955177307,3.300700000000630
0.499999955177307,3.300800000000630
0.499999985694885,3.300900000000630
0.499999985694885,3.301000000000640
0.499999955177307,3.301100000000640
0.499999985694885,3.301200000000640
0.499999955177307,3.301300000000640
0.499999955177307,3.301400000000640
0.499999985694885,3.301500000000640
0.499999985694885,3.301600000000640
0.499999985694885,3.301700000000640
0.499999955177307,3.301800000000640
0.499999955177307,3.301900000000640
0.499999985694885,3.302000000000640
0.499999985694885,3.302100000000640
0.499999985694885,3.302200000000640
0.499999955177307,3.302300000000640
0.499999985694885,3.302400000000640
0.499999955177307,3.302500000000640
0.499999955177307,3.302600000000640
0.499999955177307,3.302700000000640
0.499999955177307,3.302800000000640
0.499999985694885,3.302900000000640
0.499999985694885,3.303000000000640
0.499999955177307,3.303100000000640
0.499999955177307,3.303200000000640
0.499999985694885,3.303300000000640
0.499999955177307,3.303400000000640
0.499999955177307,3.303500000000640
0.499999955177307,3.303600000000640
0.499999955177307,3.303700000000640
0.499999924659729,3.303800000000640
0.499999924659729,3.303900000000640
0.499999955177307,3.304000000000640
0.499999985694885,3.304100000000640
0.499999955177307,3.304200000000640
0.499999924659729,3.304300000000640
0.499999985694885,3.304400000000640
0.499999924659729,3.304500000000640
0.499999955177307,3.304600000000640
0.499999985694885,3.304700000000640
0.499999985694885,3.304800000000640
0.499999924659729,3.304900000000640
0.499999955177307,3.305000000000640
0.499999955177307,3.305100000000640
0.499999985694885,3.305200000000640
0.499999985694885,3.305300000000640
0.499999955177307,3.305400000000640
0.499999955177307,3.305500000000640
0.499999924659729,3.305600000000640
0.499999985694885,3.305700000000650
0.499999924659729,3.305800000000650
0.499999985694885,3.305900000000650
0.499999955177307,3.306000000000650
0.499999924659729,3.306100000000650
0.499999924659729,3.306200000000650
0.499999924659729,3.306300000000650
0.499999985694885,3.306400000000650
0.499999955177307,3.306500000000650
0.499999955177307,3.306600000000650
0.499999985694885,3.306700000000650
0.499999955177307,3.306800000000650
0.499999955177307,3.306900000000650
0.499999924659729,3.307000000000650
0.499999955177307,3.307100000000650
0.499999924659729,3.307200000000650
0.499999896049500,3.307300000000650
0.499999924659729,3.307400000000650
0.499999955177307,3.307500000000650
0.499999924659729,3.307600000000650
0.499999955177307,3.307700000000650
0.499999985694885,3.307800000000650
0.499999985694885,3.307900000000650
0.499999955177307,3.308000000000650
0.499999955177307,3.308100000000650
0.499999955177307,3.308200000000650
0.499999896049500,3.308300000000650
0.499999924659729,3.308400000000650
0.499999924659729,3.308500000000650
0.499999924659729,3.308600000000650
0.499999924659729,3.308700000000650
0.499999924659729,3.308800000000650
0.499999924659729,3.308900000000650
0.499999955177307,3.309000000000650
0.499999896049500,3.309100000000650
0.499999955177307,3.309200000000650
0.499999924659729,3.309300000000650
0.499999985694885,3.309400000000650
0.499999955177307,3.309500000000650
0.499999985694885,3.309600000000650
0.499999924659729,3.309700000000650
0.499999924659729,3.309800000000650
0.499999955177307,3.309900000000650
0.499999955177307,3.310000000000650
0.499999896049500,3.310100000000650
0.499999955177307,3.310200000000650
0.499999955177307,3.310300000000650
0.499999955177307,3.310400000000660
0.499999985694885,3.310500000000660
0.499999955177307,3.310600000000660
0.499999955177307,3.310700000000660
0.499999924659729,3.310800000000660
0.499999985694885,3.310900000000660
0.499999985694885,3.311000000000660
0.499999985694885,3.311100000000660
0.499999955177307,3.311200000000660
0.499999955177307,3.311300000000660
0.499999955177307,3.311400000000660
0.499999985694885,3.311500000000660
0.499999955177307,3.311600000000660
0.499999985694885,3.311700000000660
0.499999985694885,3.311800000000660
0.499999985694885,3.311900000000660
0.499999985694885,3.312000000000660
0.499999985694885,3.312100000000660
0.499999985694885,3.312200000000660
0.499999924659729,3.312300000000660
0.499999955177307,3.312400000000660
0.499999955177307,3.312500000000660
0.499999985694885,3.312600000000660
0.499999955177307,3.312700000000660
0.499999955177307,3.312800000000660
0.499999924659729,3.312900000000660
0.499999955177307,3.313000000000660
0.499999955177307,3.313100000000660
0.499999985694885,3.313200000000660
0.499999955177307,3.313300000000660
0.499999985694885,3.313400000000660
0.499999985694885,3.313500000000660
0.499999985694885,3.313600000000660
0.499999985694885,3.313700000000660
0.499999985694885,3.313800000000660
0.499999985694885,3.313900000000660
0.499999985694885,3.314000000000660
0.499999985694885,3.314100000000660
0.499999985694885,3.314200000000660
0.499999985694885,3.314300000000660
0.499999985694885,3.314400000000660
0.499999985694885,3.314500000000660
0.499999985694885,3.314600000000660
0.499999985694885,3.314700000000660
0.499999985694885,3.314800000000660
0.499999985694885,3.314900000000660
0.499999985694885,3.315000000000660
0.499999985694885,3.315100000000660
0.499999985694885,3.315200000000670
0.499999985694885,3.315300000000670
0.499999985694885,3.315400000000670
0.499999985694885,3.315500000000670
0.499999985694885,3.315600000000670
0.499999985694885,3.315700000000670
0.499999985694885,3.315800000000670
0.499999985694885,3.315900000000670
0.499999985694885,3.316000000000670
0.499999985694885,3.316100000000670
0.499999985694885,3.316200000000670
0.499999985694885,3.316300000000670
0.499999985694885,3.316400000000670
0.499999985694885,3.316500000000670
0.499999985694885,3.316600000000670
0.499999985694885,3.316700000000670
0.499999985694885,3.316800000000670
0.499999985694885,3.316900000000670
0.499999985694885,3.317000000000670
0.499999985694885,3.317100000000670
0.499999985694885,3.317200000000670
0.499999985694885,3.317300000000670
0.499999985694885,3.317400000000670
0.499999985694885,3.317500000000670
0.499999985694885,3.317600000000670
0.499999985694885,3.317700000000670
0.499999985694885,3.317800000000670
0.499999985694885,3.317900000000670
0.499999985694885,3.318000000000670
0.499999985694885,3.318100000000670
0.499999985694885,3.318200000000670
0.499999985694885,3.318300000000670
0.499999985694885,3.318400000000670
0.499999985694885,3.318500000000670
0.499999985694885,3.318600000000670
0.499999985694885,3.318700000000670
0.499999985694885,3.318800000000670
0.499999985694885,3.318900000000670
0.499999985694885,3.319000000000670
0.499999985694885,3.319100000000670
0.499999985694885,3.319200000000670
0.499999985694885,3.319300000000670
0.499999985694885,3.319400000000670
0.499999985694885,3.319500000000670
0.499999985694885,3.319600000000670
0.499999985694885,3.319700000000670
0.499999985694885,3.319800000000670
0.499999985694885,3.319900000000680
0.499999985694885,3.320000000000680
0.499999985694885,3.320100000000680
0.499999985694885,3.320200000000680
0.499999985694885,3.320300000000680
0.499999985694885,3.320400000000680
0.499999985694885,3.320500000000680
0.499999985694885,3.320600000000680
0.499999985694885,3.320700000000680
0.499999985694885,3.320800000000680
0.499999985694885,3.320900000000680
0.499999985694885,3.321000000000680
0.499999985694885,3.321100000000680
0.499999985694885,3.321200000000680
0.499999985694885,3.321300000000680
0.499999985694885,3.321400000000680
0.499999985694885,3.321500000000680
0.499999985694885,3.321600000000680
0.499999985694885,3.321700000000680
0.499999985694885,3.321800000000680
0.499999985694885,3.321900000000680
0.499999985694885,3.322000000000680
0.499999985694885,3.322100000000680
0.499999985694885,3.322200000000680
0.499999985694885,3.322300000000680
0.499999985694885,3.322400000000680
0.499999985694885,3.322500000000680
0.499999985694885,3.322600000000680
0.499999985694885,3.322700000000680
0.499999985694885,3.322800000000680
0.499999985694885,3.322900000000680
0.499999985694885,3.323000000000680
0.499999985694885,3.323100000000680
0.499999985694885,3.323200000000680
0.499999985694885,3.323300000000680
0.499999985694885,3.323400000000680
0.499999985694885,3.323500000000680
0.499999985694885,3.323600000000680
0.499999985694885,3.323700000000680
0.499999985694885,3.323800000000680
0.499999985694885,3.323900000000680
0.499999985694885,3.324000000000680
0.499999985694885,3.324100000000680
0.499999985694885,3.324200000000680
0.499999985694885,3.324300000000680
0.499999985694885,3.324400000000680
0.499999985694885,3.324500000000680
0.499999985694885,3.324600000000690
0.499999985694885,3.324700000000690
0.499999985694885,3.324800000000690
0.499999985694885,3.324900000000690
0.499999985694885,3.325000000000690
0.499999985694885,3.325100000000690
0.499999985694885,3.325200000000690
0.499999985694885,3.325300000000690
0.499999985694885,3.325400000000690
0.499999985694885,3.325500000000690
0.499999985694885,3.325600000000690
0.499999985694885,3.325700000000690
0.499999985694885,3.325800000000690
0.499999985694885,3.325900000000690
0.499999985694885,3.326000000000690
0.499999985694885,3.326100000000690
0.499999985694885,3.326200000000690
0.499999985694885,3.326300000000690
0.499999985694885,3.326400000000690
0.499999985694885,3.326500000000690
0.499999985694885,3.326600000000690
0.499999985694885,3.326700000000690
0.499999985694885,3.326800000000690
0.499999985694885,3.326900000000690
0.499999985694885,3.327000000000690
0.499999985694885,3.327100000000690
0.499999985694885,3.327200000000690
0.499999985694885,3.327300000000690
0.499999985694885,3.327400000000690
0.499999985694885,3.327500000000690
0.499999985694885,3.327600000000690
0.499999985694885,3.327700000000690
0.499999985694885,3.327800000000690
0.499999985694885,3.327900000000690
0.499999985694885,3.328000000000690
0.499999985694885,3.328100000000690
0.499999985694885,3.328200000000690
0.499999985694885,3.328300000000690
0.499999985694885,3.328400000000690
0.499999985694885,3.328500000000690
0.499999985694885,3.328600000000690
0.499999985694885,3.328700000000690
0.499999985694885,3.328800000000690
0.499999985694885,3.328900000000690
0.499999985694885,3.329000000000690
0.499999985694885,3.329100000000690
0.499999985694885,3.329200000000690
0.499999985694885,3.329300000000690
0.499999985694885,3.329400000000700
0.499999985694885,3.329500000000700
0.499999985694885,3.329600000000700
0.499999985694885,3.329700000000700
0.499999985694885,3.329800000000700
0.499999985694885,3.329900000000700
0.499999985694885,3.330000000000700
0.499999985694885,3.330100000000700
0.499999985694885,3.330200000000700
0.499999985694885,3.330300000000700
0.499999985694885,3.330400000000700
0.499999985694885,3.330500000000700
0.499999985694885,3.330600000000700
0.499999985694885,3.330700000000700
0.499999985694885,3.330800000000700
0.499999985694885,3.330900000000700
0.499999985694885,3.331000000000700
0.499999985694885,3.331100000000700
0.499999985694885,3.331200000000700
0.499999985694885,3.331300000000700
0.499999985694885,3.331400000000700
0.499999985694885,3.331500000000700
0.499999985694885,3.331600000000700
0.499999985694885,3.331700000000700
0.499999985694885,3.331800000000700
0.499999985694885,3.331900000000700
0.499999985694885,3.332000000000700
0.499999985694885,3.332100000000700
0.499999985694885,3.332200000000700
0.499999985694885,3.332300000000700
0.499999985694885,3.332400000000700
0.499999985694885,3.332500000000700
0.499999985694885,3.332600000000700
0.499999985694885,3.332700000000700
0.499999985694885,3.332800000000700
0.499999985694885,3.332900000000700
0.499999985694885,3.333000000000700
0.499999985694885,3.333100000000700
0.499999985694885,3.333200000000700
0.499999985694885,3.333300000000700
0.499999985694885,3.333400000000700
0.499999985694885,3.333500000000700
0.499999985694885,3.333600000000700
0.499999985694885,3.333700000000700
0.499999985694885,3.333800000000700
0.499999985694885,3.333900000000700
0.499999985694885,3.334000000000700
0.499999985694885,3.334100000000710
0.499999985694885,3.334200000000710
0.499999985694885,3.334300000000710
0.499999985694885,3.334400000000710
0.499999985694885,3.334500000000710
0.499999985694885,3.334600000000710
0.499999985694885,3.334700000000710
0.499999985694885,3.334800000000710
0.499999985694885,3.334900000000710
0.499999985694885,3.335000000000710
0.499999985694885,3.335100000000710
0.499999985694885,3.335200000000710
0.499999985694885,3.335300000000710
0.499999985694885,3.335400000000710
0.499999985694885,3.335500000000710
0.499999985694885,3.335600000000710
0.499999985694885,3.335700000000710
0.499999985694885,3.335800000000710
0.499999985694885,3.335900000000710
0.499999985694885,3.336000000000710
0.499999985694885,3.336100000000710
0.499999985694885,3.336200000000710
0.499999985694885,3.336300000000710
0.499999985694885,3.336400000000710
0.499999985694885,3.336500000000710
0.499999985694885,3.336600000000710
0.499999985694885,3.336700000000710
0.499999985694885,3.336800000000710
0.499999985694885,3.336900000000710
0.499999985694885,3.337000000000710
0.499999985694885,3.337100000000710
0.499999985694885,3.337200000000710
0.499999985694885,3.337300000000710
0.499999985694885,3.337400000000710
0.499999985694885,3.337500000000710
0.499999985694885,3.337600000000710
0.499999985694885,3.337700000000710
0.499999985694885,3.337800000000710
0.499999985694885,3.337900000000710
0.499999985694885,3.338000000000710
0.499999985694885,3.338100000000710
0.499999985694885,3.338200000000710
0.499999985694885,3.338300000000710
0.499999985694885,3.338400000000710
0.499999985694885,3.338500000000710
0.499999985694885,3.338600000000710
0.499999985694885,3.338700000000710
0.499999985694885,3.338800000000710
0.499999985694885,3.338900000000720
0.499999985694885,3.339000000000720
0.499999985694885,3.339100000000720
0.499999985694885,3.339200000000720
0.499999985694885,3.339300000000720
0.499999985694885,3.339400000000720
0.499999985694885,3.339500000000720
0.499999985694885,3.339600000000720
0.499999985694885,3.339700000000720
0.499999985694885,3.339800000000720
0.499999985694885,3.339900000000720
0.499999985694885,3.340000000000720
0.499999985694885,3.340100000000720
0.499999985694885,3.340200000000720
0.499999985694885,3.340300000000720
0.499999985694885,3.340400000000720
0.499999985694885,3.340500000000720
0.499999985694885,3.340600000000720
0.499999985694885,3.340700000000720
0.499999985694885,3.340800000000720
0.499999985694885,3.340900000000720
0.499999985694885,3.341000000000720
0.499999985694885,3.341100000000720
0.499999985694885,3.341200000000720
0.499999985694885,3.341300000000720
0.499999985694885,3.341400000000720
0.499999985694885,3.341500000000720
0.499999985694885,3.341600000000720
0.499999985694885,3.341700000000720
0.499999985694885,3.341800000000720
0.499999985694885,3.341900000000720
0.499999985694885,3.342000000000720
0.499999985694885,3.342100000000720
0.499999985694885,3.342200000000720
0.499999985694885,3.342300000000720
0.499999985694885,3.342400000000720
0.499999985694885,3.342500000000720
0.499999985694885,3.342600000000720
0.499999985694885,3.342700000000720
0.499999985694885,3.342800000000720
0.499999985694885,3.342900000000720
0.499999985694885,3.343000000000720
0.499999985694885,3.343100000000720
0.499999985694885,3.343200000000720
0.499999985694885,3.343300000000720
0.499999985694885,3.343400000000720
0.499999985694885,3.343500000000720
0.499999985694885,3.343600000000730
0.499999985694885,3.343700000000730
0.499999985694885,3.343800000000730
0.499999985694885,3.343900000000730
0.499999985694885,3.344000000000730
0.499999985694885,3.344100000000730
0.499999985694885,3.344200000000730
0.499999985694885,3.344300000000730
0.499999985694885,3.344400000000730
0.499999985694885,3.344500000000730
0.499999985694885,3.344600000000730
0.499999985694885,3.344700000000730
0.499999985694885,3.344800000000730
0.499999985694885,3.344900000000730
0.499999985694885,3.345000000000730
0.499999985694885,3.345100000000730
0.499999985694885,3.345200000000730
0.499999985694885,3.345300000000730
0.499999985694885,3.345400000000730
0.499999985694885,3.345500000000730
0.499999985694885,3.345600000000730
0.499999985694885,3.345700000000730
0.499999985694885,3.345800000000730
0.499999985694885,3.345900000000730
0.499999985694885,3.346000000000730
0.499999985694885,3.346100000000730
0.499999985694885,3.346200000000730
0.499999985694885,3.346300000000730
0.499999985694885,3.346400000000730
0.499999985694885,3.346500000000730
0.499999985694885,3.346600000000730
0.499999985694885,3.346700000000730
0.499999985694885,3.346800000000730
0.499999985694885,3.346900000000730
0.499999985694885,3.347000000000730
0.499999985694885,3.347100000000730
0.499999985694885,3.347200000000730
0.499999985694885,3.347300000000730
0.499999985694885,3.347400000000730
0.499999985694885,3.347500000000730
0.499999985694885,3.347600000000730
0.499999985694885,3.347700000000730
0.499999985694885,3.347800000000730
0.499999985694885,3.347900000000730
0.499999985694885,3.348000000000730
0.499999985694885,3.348100000000730
0.499999985694885,3.348200000000730
0.499999985694885,3.348300000000740
0.499999985694885,3.348400000000740
0.499999985694885,3.348500000000740
0.499999985694885,3.348600000000740
0.499999985694885,3.348700000000740
0.499999985694885,3.348800000000740
0.499999985694885,3.348900000000740
0.499999985694885,3.349000000000740
0.499999985694885,3.349100000000740
0.499999985694885,3.349200000000740
0.499999985694885,3.349300000000740
0.499999985694885,3.349400000000740
0.499999985694885,3.349500000000740
0.499999985694885,3.349600000000740
0.499999985694885,3.349700000000740
0.499999985694885,3.349800000000740
0.499999985694885,3.349900000000740
0.499999985694885,3.350000000000740
0.499999985694885,3.350100000000740
0.499999985694885,3.350200000000740
0.499999985694885,3.350300000000740
0.499999985694885,3.350400000000740
0.499999985694885,3.350500000000740
0.499999985694885,3.350600000000740
0.499999985694885,3.350700000000740
0.499999985694885,3.350800000000740
0.499999985694885,3.350900000000740
0.499999985694885,3.351000000000740
0.499999985694885,3.351100000000740
0.499999985694885,3.351200000000740
0.499999985694885,3.351300000000740
0.499999985694885,3.351400000000740
0.499999985694885,3.351500000000740
0.499999985694885,3.351600000000740
0.499999985694885,3.351700000000740
0.499999985694885,3.351800000000740
0.499999985694885,3.351900000000740
0.499999985694885,3.352000000000740
0.499999985694885,3.352100000000740
0.499999985694885,3.352200000000740
0.499999985694885,3.352300000000740
0.499999985694885,3.352400000000740
0.499999985694885,3.352500000000740
0.499999985694885,3.352600000000740
0.499999985694885,3.352700000000740
0.499999985694885,3.352800000000740
0.499999985694885,3.352900000000740
0.499999985694885,3.353000000000740
0.499999985694885,3.353100000000750
0.499999985694885,3.353200000000750
0.499999985694885,3.353300000000750
0.499999985694885,3.353400000000750
0.499999985694885,3.353500000000750
0.499999985694885,3.353600000000750
0.499999985694885,3.353700000000750
0.499999985694885,3.353800000000750
0.499999985694885,3.353900000000750
0.499999985694885,3.354000000000750
0.499999985694885,3.354100000000750
0.499999985694885,3.354200000000750
0.499999985694885,3.354300000000750
0.499999985694885,3.354400000000750
0.499999985694885,3.354500000000750
0.499999985694885,3.354600000000750
0.499999985694885,3.354700000000750
0.499999985694885,3.354800000000750
0.499999985694885,3.354900000000750
0.499999985694885,3.355000000000750
0.499999985694885,3.355100000000750
0.499999985694885,3.355200000000750
0.499999985694885,3.355300000000750
0.499999985694885,3.355400000000750
0.499999985694885,3.355500000000750
0.499999985694885,3.355600000000750
0.499999985694885,3.355700000000750
0.499999985694885,3.355800000000750
0.499999985694885,3.355900000000750
0.499999985694885,3.356000000000750
0.499999985694885,3.356100000000750
0.499999985694885,3.356200000000750
0.499999985694885,3.356300000000750
0.499999985694885,3.356400000000750
0.499999985694885,3.356500000000750
0.499999985694885,3.356600000000750
0.499999985694885,3.356700000000750
0.499999985694885,3.356800000000750
0.499999985694885,3.356900000000750
0.499999985694885,3.357000000000750
0.499999985694885,3.357100000000750
0.499999985694885,3.357200000000750
0.499999985694885,3.357300000000750
0.499999985694885,3.357400000000750
0.499999985694885,3.357500000000750
0.499999985694885,3.357600000000750
0.499999985694885,3.357700000000750
0.499999985694885,3.357800000000760
0.499999985694885,3.357900000000760
0.499999985694885,3.358000000000760
0.499999985694885,3.358100000000760
0.499999985694885,3.358200000000760
0.499999985694885,3.358300000000760
0.499999985694885,3.358400000000760
0.499999985694885,3.358500000000760
0.499999985694885,3.358600000000760
0.499999985694885,3.358700000000760
0.499999985694885,3.358800000000760
0.499999985694885,3.358900000000760
0.499999985694885,3.359000000000760
0.499999985694885,3.359100000000760
0.499999985694885,3.359200000000760
0.499999985694885,3.359300000000760
0.499999985694885,3.359400000000760
0.499999985694885,3.359500000000760
0.499999985694885,3.359600000000760
0.499999985694885,3.359700000000760
0.499999985694885,3.359800000000760
0.499999985694885,3.359900000000760
0.499999985694885,3.360000000000760
0.499999985694885,3.360100000000760
0.499999985694885,3.360200000000760
0.499999985694885,3.360300000000760
0.499999985694885,3.360400000000760
0.499999985694885,3.360500000000760
0.499999985694885,3.360600000000760
0.499999985694885,3.360700000000760
0.499999985694885,3.360800000000760
0.499999985694885,3.360900000000760
0.499999985694885,3.361000000000760
0.499999985694885,3.361100000000760
0.499999985694885,3.361200000000760
0.499999985694885,3.361300000000760
0.499999985694885,3.361400000000760
0.499999985694885,3.361500000000760
0.499999985694885,3.361600000000760
0.499999985694885,3.361700000000760
0.499999985694885,3.361800000000760
0.499999985694885,3.361900000000760
0.499999985694885,3.362000000000760
0.499999985694885,3.362100000000760
0.499999985694885,3.362200000000760
0.499999985694885,3.362300000000760
0.499999985694885,3.362400000000760
0.499999985694885,3.362500000000760
0.499999985694885,3.362600000000770
0.499999985694885,3.362700000000770
0.499999985694885,3.362800000000770
0.499999985694885,3.362900000000770
0.499999985694885,3.363000000000770
0.499999985694885,3.363100000000770
0.499999985694885,3.363200000000770
0.499999985694885,3.363300000000770
0.499999985694885,3.363400000000770
0.499999985694885,3.363500000000770
0.499999985694885,3.363600000000770
0.499999985694885,3.363700000000770
0.499999985694885,3.363800000000770
0.499999985694885,3.363900000000770
0.499999985694885,3.364000000000770
0.499999985694885,3.364100000000770
0.499999985694885,3.364200000000770
0.499999985694885,3.364300000000770
0.499999985694885,3.364400000000770
0.499999985694885,3.364500000000770
0.499999985694885,3.364600000000770
0.499999985694885,3.364700000000770
0.499999985694885,3.364800000000770
0.499999985694885,3.364900000000770
0.499999985694885,3.365000000000770
0.499999985694885,3.365100000000770
0.499999985694885,3.365200000000770
0.499999985694885,3.365300000000770
0.499999985694885,3.365400000000770
0.499999985694885,3.365500000000770
0.499999985694885,3.365600000000770
0.499999985694885,3.365700000000770
0.499999985694885,3.365800000000770
0.499999985694885,3.365900000000770
0.499999985694885,3.366000000000770
0.499999985694885,3.366100000000770
0.499999985694885,3.366200000000770
0.499999985694885,3.366300000000770
0.499999985694885,3.366400000000770
0.499999985694885,3.366500000000770
0.499999985694885,3.366600000000770
0.499999985694885,3.366700000000770
0.499999985694885,3.366800000000770
0.499999985694885,3.366900000000770
0.499999985694885,3.367000000000770
0.499999985694885,3.367100000000770
0.499999985694885,3.367200000000770
0.499999985694885,3.367300000000780
0.499999985694885,3.367400000000780
0.499999985694885,3.367500000000780
0.499999985694885,3.367600000000780
0.499999985694885,3.367700000000780
0.499999985694885,3.367800000000780
0.499999985694885,3.367900000000780
0.499999985694885,3.368000000000780
0.499999985694885,3.368100000000780
0.499999985694885,3.368200000000780
0.499999985694885,3.368300000000780
0.499999985694885,3.368400000000780
0.499999985694885,3.368500000000780
0.499999985694885,3.368600000000780
0.499999985694885,3.368700000000780
0.499999985694885,3.368800000000780
0.499999985694885,3.368900000000780
0.499999985694885,3.369000000000780
0.499999985694885,3.369100000000780
0.499999985694885,3.369200000000780
0.499999985694885,3.369300000000780
0.499999985694885,3.369400000000780
0.499999985694885,3.369500000000780
0.499999985694885,3.369600000000780
0.499999985694885,3.369700000000780
0.499999985694885,3.369800000000780
0.499999985694885,3.369900000000780
0.499999985694885,3.370000000000780
0.499999985694885,3.370100000000780
0.499999985694885,3.370200000000780
0.499999985694885,3.370300000000780
0.499999985694885,3.370400000000780
0.499999985694885,3.370500000000780
0.499999985694885,3.370600000000780
0.499999985694885,3.370700000000780
0.499999985694885,3.370800000000780
0.499999985694885,3.370900000000780
0.499999985694885,3.371000000000780
0.499999985694885,3.371100000000780
0.499999985694885,3.371200000000780
0.499999985694885,3.371300000000780
0.499999955177307,3.371400000000780
0.499999985694885,3.371500000000780
0.499999985694885,3.371600000000780
0.499999985694885,3.371700000000780
0.499999985694885,3.371800000000780
0.499999985694885,3.371900000000780
0.499999985694885,3.372000000000790
0.499999955177307,3.372100000000790
0.499999985694885,3.372200000000790
0.499999985694885,3.372300000000790
0.499999985694885,3.372400000000790
0.499999985694885,3.372500000000790
0.499999985694885,3.372600000000790
0.499999985694885,3.372700000000790
0.499999985694885,3.372800000000790
0.499999985694885,3.372900000000790
0.499999985694885,3.373000000000790
0.499999985694885,3.373100000000790
0.499999985694885,3.373200000000790
0.499999985694885,3.373300000000790
0.499999985694885,3.373400000000790
0.499999985694885,3.373500000000790
0.499999985694885,3.373600000000790
0.499999985694885,3.373700000000790
0.499999985694885,3.373800000000790
0.499999985694885,3.373900000000790
0.499999985694885,3.374000000000790
0.499999985694885,3.374100000000790
0.499999985694885,3.374200000000790
0.499999985694885,3.374300000000790
0.499999985694885,3.374400000000790
0.499999985694885,3.374500000000790
0.499999985694885,3.374600000000790
0.499999985694885,3.374700000000790
0.499999985694885,3.374800000000790
0.499999985694885,3.374900000000790
0.499999985694885,3.375000000000790
0.499999985694885,3.375100000000790
0.499999985694885,3.375200000000790
0.499999985694885,3.375300000000790
0.499999985694885,3.375400000000790
0.499999985694885,3.375500000000790
0.499999985694885,3.375600000000790
0.499999985694885,3.375700000000790
0.499999985694885,3.375800000000790
0.499999985694885,3.375900000000790
0.499999985694885,3.376000000000790
0.499999985694885,3.376100000000790
0.499999985694885,3.376200000000790
0.499999985694885,3.376300000000790
0.499999985694885,3.376400000000790
0.499999985694885,3.376500000000790
0.499999985694885,3.376600000000790
0.499999985694885,3.376700000000790
0.499999985694885,3.376800000000800
0.499999985694885,3.376900000000800
0.499999985694885,3.377000000000800
0.499999985694885,3.377100000000800
0.499999985694885,3.377200000000800
0.499999985694885,3.377300000000800
0.499999985694885,3.377400000000800
0.499999985694885,3.377500000000800
0.499999985694885,3.377600000000800
0.499999985694885,3.377700000000800
0.499999985694885,3.377800000000800
0.499999985694885,3.377900000000800
0.499999985694885,3.378000000000800
0.499999985694885,3.378100000000800
0.499999985694885,3.378200000000800
0.499999985694885,3.378300000000800
0.499999985694885,3.378400000000800
0.499999985694885,3.378500000000800
0.499999985694885,3.378600000000800
0.499999924659729,3.378700000000800
0.499999955177307,3.378800000000800
0.499999985694885,3.378900000000800
0.499999924659729,3.379000000000800
0.499999955177307,3.379100000000800
0.499999896049500,3.379200000000800
0.499999896049500,3.379300000000800
0.499999865531921,3.379400000000800
0.499999924659729,3.379500000000800
0.499999865531921,3.379600000000800
0.499999896049500,3.379700000000800
0.499999865531921,3.379800000000800
0.499999896049500,3.379900000000800
0.499999924659729,3.380000000000800
0.499999924659729,3.380100000000800
0.499999955177307,3.380200000000800
0.499999955177307,3.380300000000800
0.499999955177307,3.380400000000800
0.499999955177307,3.380500000000800
0.499999924659729,3.380600000000800
0.499999924659729,3.380700000000800
0.499999924659729,3.380800000000800
0.499999955177307,3.380900000000800
0.499999865531921,3.381000000000800
0.499999924659729,3.381100000000800
0.499999924659729,3.381200000000800
0.499999924659729,3.381300000000800
0.499999955177307,3.381400000000800
0.499999955177307,3.381500000000810
0.499999896049500,3.381600000000810
0.499999924659729,3.381700000000810
0.499999865531921,3.381800000000810
0.499999924659729,3.381900000000810
0.499999865531921,3.382000000000810
0.499999955177307,3.382100000000810
0.499999924659729,3.382200000000810
0.499999955177307,3.382300000000810
0.499999924659729,3.382400000000810
0.499999955177307,3.382500000000810
0.499999924659729,3.382600000000810
0.499999955177307,3.382700000000810
0.499999985694885,3.382800000000810
0.499999896049500,3.382900000000810
0.499999836921692,3.383000000000810
0.499999865531921,3.383100000000810
0.499999924659729,3.383200000000810
0.499999896049500,3.383300000000810
0.499999865531921,3.383400000000810
0.499999836921692,3.383500000000810
0.499999836921692,3.383600000000810
0.499999836921692,3.383700000000810
0.499999865531921,3.383800000000810
0.499999896049500,3.383900000000810
0.499999806404114,3.384000000000810
0.499999806404114,3.384100000000810
0.499999716758728,3.384200000000810
0.499999032020569,3.384300000000810
0.499997035026550,3.384400000000810
0.458180710792542,3.384500000000810
0.499999032020569,3.384500000000810
0.540998488426208,3.384500000000810
0.428506299018860,3.384600000000810
0.499999447822571,3.384600000000810
0.570999651908875,3.384600000000810
0.407999947547913,3.384700000000810
0.499999537467957,3.384700000000810
0.591189534187317,3.384700000000810
0.391999230384827,3.384800000000810
0.499999567985535,3.384800000000810
0.607787459373474,3.384800000000810
0.377999976158142,3.384900000000810
0.499999775886536,3.384900000000810
0.621678381919861,3.384900000000810
0.365774794578552,3.385000000000810
0.499999865531921,3.385000000000810
0.633999974250793,3.385000000000810
0.354670420646667,3.385100000000810
0.499999716758728,3.385100000000810
0.644999951362610,3.385100000000810
0.344439610481262,3.385200000000810
0.499999716758728,3.385200000000810
0.654999941825867,3.385200000000810
0.334999844551086,3.385300000000810
0.499999836921692,3.385300000000810
0.664175421714783,3.385300000000810
0.326478674888611,3.385400000000810
0.499999865531921,3.385400000000810
0.672999947547913,3.385400000000810
0.318301871299744,3.385500000000810
0.499999985694885,3.385500000000810
0.680999964714050,3.385500000000810
0.310999915122986,3.385600000000810
0.499999865531921,3.385600000000810
0.688934414863586,3.385600000000810
0.303733750343323,3.385700000000810
0.499999924659729,3.385700000000810
0.695999949455261,3.385700000000810
0.296999917030335,3.385800000000810
0.499999924659729,3.385800000000810
0.702825516700745,3.385800000000810
0.290284440040588,3.385900000000810
0.499999985694885,3.385900000000810
0.708999960899353,3.385900000000810
0.284059987068176,3.386000000000810
0.499999985694885,3.386000000000810
0.714999943733215,3.386000000000810
0.278386727333069,3.386100000000810
0.499999955177307,3.386100000000810
0.720999926567078,3.386100000000810
0.272999987602234,3.386200000000820
0.499999985694885,3.386200000000820
0.726720660209656,3.386200000000820
0.267646237373352,3.386300000000820
0.499999985694885,3.386300000000820
0.731999962806702,3.386300000000820
0.262503489494324,3.386400000000820
0.499999955177307,3.386400000000820
0.736999958992004,3.386400000000820
0.257794335365295,3.386500000000820
0.499999955177307,3.386500000000820
0.741999953269959,3.386500000000820
0.252999976158142,3.386600000000820
0.499999955177307,3.386600000000820
0.746526270866394,3.386600000000820
0.248560837745667,3.386700000000820
0.499999985694885,3.386700000000820
0.750999957084656,3.386700000000820
0.243999964714050,3.386800000000820
0.499999985694885,3.386800000000820
0.755003363609314,3.386800000000820
0.239999972343445,3.386900000000820
0.499999955177307,3.386900000000820
0.759203701972961,3.386900000000820
0.235999993324280,3.387000000000820
0.499999985694885,3.387000000000820
0.763089568138122,3.387000000000820
0.232357331275940,3.387100000000820
0.499999985694885,3.387100000000820
0.766999989509582,3.387100000000820
0.228999995231628,3.387200000000820
0.499999955177307,3.387200000000820
0.770909636497498,3.387200000000820
0.225135035514832,3.387300000000820
0.499999955177307,3.387300000000820
0.773999958992004,3.387300000000820
0.221999979972839,3.387400000000820
0.499999985694885,3.387400000000820
0.777544648170471,3.387400000000820
0.218999989509583,3.387500000000820
0.499999985694885,3.387500000000820
0.780969351768493,3.387500000000820
0.215882369041443,3.387600000000820
0.499999985694885,3.387600000000820
0.783999949455261,3.387600000000820
0.212971693992615,3.387700000000820
0.499999985694885,3.387700000000820
0.786999970436096,3.387700000000820
0.209999985694885,3.387800000000820
0.499999985694885,3.387800000000820
0.789680451393127,3.387800000000820
0.206999995231628,3.387900000000820
0.499999985694885,3.387900000000820
0.792106062889099,3.387900000000820
0.204704619407654,3.388000000000820
0.499999955177307,3.388000000000820
0.794999987602234,3.388000000000820
0.201999999046326,3.388100000000820
0.499999985694885,3.388100000000820
0.797255068778992,3.388100000000820
0.199986689567566,3.388200000000820
0.499999985694885,3.388200000000820
0.799999981880188,3.388200000000820
0.197456397056580,3.388300000000820
0.499999985694885,3.388300000000820
0.801999957084656,3.388300000000820
0.195124291419983,3.388400000000820
0.499999985694885,3.388400000000820
0.803999989509583,3.388400000000820
0.193005227088928,3.388500000000820
0.499999985694885,3.388500000000820
0.805999964714050,3.388500000000820
0.191075108528137,3.388600000000820
0.499999985694885,3.388600000000820
0.807999999046326,3.388600000000820
0.189348868370056,3.388700000000820
0.499999985694885,3.388700000000820
0.809999972343445,3.388700000000820
0.187814303398132,3.388800000000820
0.499999985694885,3.388800000000820
0.811999947547913,3.388800000000820
0.185999997138977,3.388900000000820
0.499999985694885,3.388900000000820
0.813536078453064,3.388900000000820
0.184302739143372,3.389000000000820
0.499999985694885,3.389000000000820
0.814999968528748,3.389000000000820
0.182999991416931,3.389100000000820
0.499999985694885,3.389100000000820
0.816680581092834,3.389100000000820
0.181519843101501,3.389200000000820
0.499999985694885,3.389200000000820
0.817999989509583,3.389200000000820
0.179999999046326,3.389300000000820
0.499999985694885,3.389300000000820
0.819217949867249,3.389300000000820
0.178999997138977,3.389400000000820
0.499999985694885,3.389400000000820
0.820559472084045,3.389400000000820
0.177999995231628,3.389500000000820
0.499999985694885,3.389500000000820
0.821826249122620,3.389500000000820
0.176999993324280,3.389600000000820
0.499999985694885,3.389600000000820
0.822932631492615,3.389600000000820
0.175999991416931,3.389700000000820
0.499999985694885,3.389700000000820
0.823865443229675,3.389700000000820
0.174999989509583,3.389800000000820
0.499999985694885,3.389800000000820
0.824635535240173,3.389800000000820
0.173999987602234,3.389900000000820
0.499999985694885,3.389900000000820
0.825236947059631,3.389900000000820
0.173329957008362,3.390000000000820
0.499999985694885,3.390000000000820
0.825999945640564,3.390000000000820
0.172999985694885,3.390100000000820
0.499999985694885,3.390100000000820
0.826941937446594,3.390100000000820
0.171999999046326,3.390200000000820
0.499999985694885,3.390200000000820
0.827053278923035,3.390200000000820
0.171999999046326,3.390300000000820
0.499999985694885,3.390300000000820
0.827999085426331,3.390300000000820
0.171216778755188,3.390400000000820
0.499999985694885,3.390400000000820
0.827999979972839,3.390400000000820
0.170999997138977,3.390500000000820
0.499999985694885,3.390500000000820
0.828412800788879,3.390500000000820
0.170999997138977,3.390600000000820
0.499999985694885,3.390600000000820
0.828878014564514,3.390600000000820
0.170814625740051,3.390700000000820
0.499999985694885,3.390700000000820
0.828999966621399,3.390700000000820
0.170666985511780,3.390800000000820
0.499999985694885,3.390800000000820
0.828999966621399,3.390800000000820
0.170677639961243,3.390900000000820
0.499999985694885,3.390900000000820
0.828999966621399,3.390900000000820
0.170847140312195,3.391000000000830
0.499999985694885,3.391000000000830
0.828999966621399,3.391000000000830
0.170999997138977,3.391100000000830
0.499999985694885,3.391100000000830
0.828824967384338,3.391100000000830
0.170999997138977,3.391200000000830
0.499999985694885,3.391200000000830
0.828337401390076,3.391200000000830
0.171310297966003,3.391300000000830
0.499999985694885,3.391300000000830
0.827999979972839,3.391300000000830
0.171999999046326,3.391400000000830
0.499999985694885,3.391400000000830
0.827883631706238,3.391400000000830
0.172084174156189,3.391500000000830
0.499999985694885,3.391500000000830
0.826999991416931,3.391500000000830
0.172999985694885,3.391600000000830
0.499999985694885,3.391600000000830
0.826792210578918,3.391600000000830
0.173498936653137,3.391700000000830
0.499999985694885,3.391700000000830
0.825999945640564,3.391700000000830
0.173999987602234,3.391800000000830
0.499999985694885,3.391800000000830
0.825052529335022,3.391800000000830
0.174999989509583,3.391900000000830
0.499999985694885,3.391900000000830
0.824435442924500,3.391900000000830
0.175999991416931,3.392000000000830
0.499999985694885,3.392000000000830
0.823657900810242,3.392000000000830
0.176999993324280,3.392100000000830
0.499999985694885,3.392100000000830
0.822710007667542,3.392100000000830
0.177999995231628,3.392200000000830
0.499999985694885,3.392200000000830
0.821599633216858,3.392200000000830
0.178999997138977,3.392300000000830
0.499999985694885,3.392300000000830
0.820320755958557,3.392300000000830
0.180136733055115,3.392400000000830
0.499999985694885,3.392400000000830
0.818999976158142,3.392400000000830
0.181756728172302,3.392500000000830
0.499999985694885,3.392500000000830
0.817999989509583,3.392500000000830
0.182999991416931,3.392600000000830
0.499999985694885,3.392600000000830
0.816440373420715,3.392600000000830
0.184533364295959,3.392700000000830
0.499999985694885,3.392700000000830
0.814999968528748,3.392700000000830
0.185999997138977,3.392800000000830
0.499999985694885,3.392800000000830
0.813307314872742,3.392800000000830
0.187999985694885,3.392900000000830
0.499999985694885,3.392900000000830
0.811973124504090,3.392900000000830
0.499999985694885,3.393000000000830
0.809999972343445,3.393000000000830
0.191262892723083,3.393100000000830
0.499999985694885,3.393100000000830
0.807999999046326,3.393100000000830
0.193161063194275,3.393200000000830
0.499999985694885,3.393200000000830
0.805999964714050,3.393200000000830
0.195262902259827,3.393300000000830
0.499999985694885,3.393300000000830
0.803999989509583,3.393300000000830
0.197553120613098,3.393400000000830
0.499999985694885,3.393400000000830
0.801999957084656,3.393400000000830
0.199999995231628,3.393500000000830
0.499999985694885,3.393500000000830
0.799942523002625,3.393500000000830
0.201999999046326,3.393600000000830
0.499999985694885,3.393600000000830
0.797240584373474,3.393600000000830
0.204673312187195,3.393700000000830
0.499999985694885,3.393700000000830
0.794999987602234,3.393700000000830
0.206999995231628,3.393800000000830
0.499999985694885,3.393800000000830
0.792182951927185,3.393800000000830
0.209999985694885,3.393900000000830
0.499999985694885,3.393900000000830
0.789828389167786,3.393900000000830
0.212769576072693,3.394000000000830
0.499999985694885,3.394000000000830
0.786999970436096,3.394000000000830
0.215590752601624,3.394100000000830
0.499999985694885,3.394100000000830
0.783999949455261,3.394100000000830
0.218669482231140,3.394200000000830
0.499999985694885,3.394200000000830
0.780999987602234,3.394200000000830
0.221985079765320,3.394300000000830
0.499999985694885,3.394300000000830
0.777999966621399,3.394300000000830
0.224999985694885,3.394400000000830
0.499999985694885,3.394400000000830
0.774438828468323,3.394400000000830
0.228423827171326,3.394500000000830
0.499999985694885,3.394500000000830
0.770999997138977,3.394500000000830
0.231999985694885,3.394600000000830
0.499999985694885,3.394600000000830
0.767451674461365,3.394600000000830
0.235982216835022,3.394700000000830
0.499999985694885,3.394700000000830
0.763999968528748,3.394700000000830
0.239702633857727,3.394800000000830
0.499999985694885,3.394800000000830
0.759999960899353,3.394800000000830
0.243759102821350,3.394900000000830
0.499999985694885,3.394900000000830
0.755999953269959,3.394900000000830
0.247999987602234,3.395000000000830
0.499999985694885,3.395000000000830
0.751871258735657,3.395000000000830
0.251999989509583,3.395100000000830
0.499999985694885,3.395100000000830
0.747130305290222,3.395100000000830
0.256955817222595,3.395200000000830
0.499999985694885,3.395200000000830
0.742999941825867,3.395200000000830
0.261432841300964,3.395300000000830
0.499999985694885,3.395300000000830
0.737999945640564,3.395300000000830
0.266345425605774,3.395400000000830
0.499999985694885,3.395400000000830
0.732999951362610,3.395400000000830
0.271672204017639,3.395500000000830
0.499999985694885,3.395500000000830
0.727999955177307,3.395500000000830
0.276999964714050,3.395600000000830
0.499999985694885,3.395600000000830
0.722503811836243,3.395600000000830
0.282799288749695,3.395700000000840
0.499999985694885,3.395700000000840
0.716999978065491,3.395700000000840
0.288676962852478,3.395800000000840
0.499999985694885,3.395800000000840
0.710999995231628,3.395800000000840
0.294999972343445,3.395900000000840
0.499999985694885,3.395900000000840
0.704881220817566,3.395900000000840
0.301211848258972,3.396000000000840
0.499999985694885,3.396000000000840
0.697999983787537,3.396000000000840
0.308051899909973,3.396100000000840
0.499999985694885,3.396100000000840
0.690999955177307,3.396100000000840
0.315649851799011,3.396200000000840
0.499999985694885,3.396200000000840
0.683999985694885,3.396200000000840
0.323185965538025,3.396300000000840
0.499999985694885,3.396300000000840
0.675999968528748,3.396300000000840
0.331697926521301,3.396400000000840
0.499999985694885,3.396400000000840
0.667999953269959,3.396400000000840
0.340433314323425,3.396500000000840
0.499999985694885,3.396500000000840
0.658999949455261,3.396500000000840
0.349999979972839,3.396600000000840
0.499999985694885,3.396600000000840
0.649489909172058,3.396600000000840
0.360258564949036,3.396700000000840
0.499999985694885,3.396700000000840
0.638999968528748,3.396700000000840
0.371999964714050,3.396800000000840
0.499999985694885,3.396800000000840
0.627867848396301,3.396800000000840
0.384648724555969,3.396900000000840
0.499999985694885,3.396900000000840
0.614999979972839,3.396900000000840
0.398999974250793,3.397000000000840
0.499999985694885,3.397000000000840
0.600043267250061,3.397000000000840
0.416855021476746,3.397100000000840
0.499999985694885,3.397100000000840
0.582999974250793,3.397100000000840
0.439374938011170,3.397200000000840
0.499999985694885,3.397200000000840
0.559999913215637,3.397200000000840
0.481604054450989,3.397300000000840
0.499999955177307,3.397300000000840
0.517999737739563,3.397300000000840
0.499999985694885,3.397400000000840
0.499999985694885,3.397500000000840
0.499999985694885,3.397600000000840
0.499999985694885,3.397700000000840
0.499999985694885,3.397800000000840
0.499999985694885,3.397900000000840
0.499999985694885,3.398000000000840
0.499999985694885,3.398100000000840
0.499999985694885,3.398200000000840
0.499999985694885,3.398300000000840
0.499999985694885,3.398400000000840
0.499999985694885,3.398500000000840
0.499999985694885,3.398600000000840
0.499999985694885,3.398700000000840
0.499999985694885,3.398800000000840
0.499999985694885,3.398900000000840
0.499999985694885,3.399000000000840
0.499999985694885,3.399100000000840
0.499999985694885,3.399200000000840
0.499999985694885,3.399300000000840
0.499999985694885,3.399400000000840
0.499999985694885,3.399500000000840
0.499999985694885,3.399600000000840
0.499999985694885,3.399700000000840
0.499999985694885,3.399800000000840
0.499999985694885,3.399900000000840
0.499999985694885,3.400000000000840
0.499999985694885,3.400100000000840
0.499999985694885,3.400200000000840
0.499999985694885,3.400300000000840
0.499999985694885,3.400400000000840
0.499999985694885,3.400500000000850
0.499999985694885,3.400600000000850
0.499999985694885,3.400700000000850
0.499999985694885,3.400800000000850
0.499999985694885,3.400900000000850
0.499999985694885,3.401000000000850
0.499999985694885,3.401100000000850
0.499999985694885,3.401200000000850
0.499999985694885,3.401300000000850
0.499999985694885,3.401400000000850
0.499999985694885,3.401500000000850
0.499999985694885,3.401600000000850
0.499999985694885,3.401700000000850
0.499999985694885,3.401800000000850
0.499999985694885,3.401900000000850
0.499999985694885,3.402000000000850
0.499999985694885,3.402100000000850
0.499999985694885,3.402200000000850
0.499999985694885,3.402300000000850
0.499999985694885,3.402400000000850
0.499999985694885,3.402500000000850
0.499999985694885,3.402600000000850
0.499999985694885,3.402700000000850
0.499999985694885,3.402800000000850
0.499999985694885,3.402900000000850
0.499999985694885,3.403000000000850
0.499999985694885,3.403100000000850
0.499999985694885,3.403200000000850
0.499999985694885,3.403300000000850
0.499999985694885,3.403400000000850
0.499999985694885,3.403500000000850
0.499999985694885,3.403600000000850
0.499999985694885,3.403700000000850
0.499999985694885,3.403800000000850
0.499999985694885,3.403900000000850
0.499999985694885,3.404000000000850
0.499999985694885,3.404100000000850
0.499999985694885,3.404200000000850
0.499999985694885,3.404300000000850
0.499999985694885,3.404400000000850
0.499999985694885,3.404500000000850
0.499999985694885,3.404600000000850
0.499999985694885,3.404700000000850
0.499999985694885,3.404800000000850
0.499999985694885,3.404900000000850
0.499999985694885,3.405000000000850
0.499999985694885,3.405100000000850
0.499999985694885,3.405200000000860
0.499999985694885,3.405300000000860
0.499999985694885,3.405400000000860
0.499999985694885,3.405500000000860
0.499999985694885,3.405600000000860
0.499999985694885,3.405700000000860
0.499999985694885,3.405800000000860
0.499999985694885,3.405900000000860
0.499999985694885,3.406000000000860
0.499999985694885,3.406100000000860
0.499999985694885,3.406200000000860
0.499999985694885,3.406300000000860
0.499999985694885,3.406400000000860
0.499999985694885,3.406500000000860
0.499999985694885,3.406600000000860
0.499999985694885,3.406700000000860
0.499999985694885,3.406800000000860
0.499999985694885,3.406900000000860
0.499999985694885,3.407000000000860
0.499999985694885,3.407100000000860
0.499999985694885,3.407200000000860
0.499999985694885,3.407300000000860
0.499999985694885,3.407400000000860
0.499999985694885,3.407500000000860
0.499999985694885,3.407600000000860
0.499999985694885,3.407700000000860
0.499999985694885,3.407800000000860
0.499999985694885,3.407900000000860
0.499999985694885,3.408000000000860
0.499999985694885,3.408100000000860
0.499999985694885,3.408200000000860
0.499999985694885,3.408300000000860
0.499999985694885,3.408400000000860
0.499999985694885,3.408500000000860
0.499999985694885,3.408600000000860
0.499999985694885,3.408700000000860
0.499999985694885,3.408800000000860
0.499999985694885,3.408900000000860
0.499999985694885,3.409000000000860
0.499999985694885,3.409100000000860
0.499999985694885,3.409200000000860
0.499999985694885,3.409300000000860
0.499999985694885,3.409400000000860
0.499999985694885,3.409500000000860
0.499999985694885,3.409600000000860
0.499999985694885,3.409700000000860
0.499999985694885,3.409800000000860
0.499999985694885,3.409900000000870
0.499999985694885,3.410000000000870
0.499999985694885,3.410100000000870
0.499999985694885,3.410200000000870
0.499999985694885,3.410300000000870
0.499999985694885,3.410400000000870
0.499999985694885,3.410500000000870
0.499999985694885,3.410600000000870
0.499999985694885,3.410700000000870
0.499999985694885,3.410800000000870
0.499999985694885,3.410900000000870
0.499999985694885,3.411000000000870
0.499999985694885,3.411100000000870
0.499999985694885,3.411200000000870
0.499999985694885,3.411300000000870
0.499999985694885,3.411400000000870
0.499999985694885,3.411500000000870
0.499999985694885,3.411600000000870
0.499999985694885,3.411700000000870
0.499999985694885,3.411800000000870
0.499999985694885,3.411900000000870
0.499999985694885,3.412000000000870
0.499999985694885,3.412100000000870
0.499999985694885,3.412200000000870
0.499999985694885,3.412300000000870
0.499999985694885,3.412400000000870
0.499999985694885,3.412500000000870
0.499999985694885,3.412600000000870
0.499999985694885,3.412700000000870
0.499999985694885,3.412800000000870
0.499999985694885,3.412900000000870
0.499999985694885,3.413000000000870
0.499999985694885,3.413100000000870
0.499999985694885,3.413200000000870
0.499999985694885,3.413300000000870
0.499999985694885,3.413400000000870
0.499999985694885,3.413500000000870
0.499999985694885,3.413600000000870
0.499999985694885,3.413700000000870
0.499999985694885,3.413800000000870
0.499999985694885,3.413900000000870
0.499999985694885,3.414000000000870
0.499999985694885,3.414100000000870
0.499999985694885,3.414200000000870
0.499999985694885,3.414300000000870
0.499999985694885,3.414400000000870
0.499999985694885,3.414500000000870
0.499999985694885,3.414600000000870
0.499999985694885,3.414700000000880
0.499999985694885,3.414800000000880
0.499999985694885,3.414900000000880
0.499999985694885,3.415000000000880
0.499999985694885,3.415100000000880
0.499999985694885,3.415200000000880
0.499999985694885,3.415300000000880
0.499999985694885,3.415400000000880
0.499999985694885,3.415500000000880
0.499999985694885,3.415600000000880
0.499999985694885,3.415700000000880
0.499999985694885,3.415800000000880
0.499999985694885,3.415900000000880
0.499999985694885,3.416000000000880
0.499999985694885,3.416100000000880
0.499999985694885,3.416200000000880
0.499999985694885,3.416300000000880
0.499999985694885,3.416400000000880
0.499999985694885,3.416500000000880
0.499999985694885,3.416600000000880
0.499999985694885,3.416700000000880
0.499999985694885,3.416800000000880
0.499999985694885,3.416900000000880
0.499999985694885,3.417000000000880
0.499999985694885,3.417100000000880
0.499999985694885,3.417200000000880
0.499999985694885,3.417300000000880
0.499999985694885,3.417400000000880
0.499999985694885,3.417500000000880
0.499999985694885,3.417600000000880
0.499999985694885,3.417700000000880
0.499999985694885,3.417800000000880
0.499999985694885,3.417900000000880
0.499999985694885,3.418000000000880
0.499999985694885,3.418100000000880
0.499999985694885,3.418200000000880
0.499999985694885,3.418300000000880
0.499999985694885,3.418400000000880
0.499999985694885,3.418500000000880
0.499999985694885,3.418600000000880
0.499999985694885,3.418700000000880
0.499999985694885,3.418800000000880
0.499999985694885,3.418900000000880
0.499999985694885,3.419000000000880
0.499999985694885,3.419100000000880
0.499999985694885,3.419200000000880
0.499999985694885,3.419300000000880
0.499999985694885,3.419400000000890
0.499999985694885,3.419500000000890
0.499999985694885,3.419600000000890
0.499999985694885,3.419700000000890
0.499999985694885,3.419800000000890
0.499999985694885,3.419900000000890
0.499999985694885,3.420000000000890
0.499999985694885,3.420100000000890
0.499999985694885,3.420200000000890
0.499999985694885,3.420300000000890
0.499999985694885,3.420400000000890
0.499999985694885,3.420500000000890
0.499999985694885,3.420600000000890
0.499999985694885,3.420700000000890
0.499999985694885,3.420800000000890
0.499999985694885,3.420900000000890
0.499999985694885,3.421000000000890
0.499999985694885,3.421100000000890
0.499999985694885,3.421200000000890
0.499999985694885,3.421300000000890
0.499999985694885,3.421400000000890
0.499999985694885,3.421500000000890
0.499999985694885,3.421600000000890
0.499999985694885,3.421700000000890
0.499999985694885,3.421800000000890
0.499999985694885,3.421900000000890
0.499999985694885,3.422000000000890
0.499999985694885,3.422100000000890
0.499999985694885,3.422200000000890
0.499999985694885,3.422300000000890
0.499999985694885,3.422400000000890
0.499999985694885,3.422500000000890
0.499999985694885,3.422600000000890
0.499999985694885,3.422700000000890
0.499999985694885,3.422800000000890
0.499999985694885,3.422900000000890
0.499999985694885,3.423000000000890
0.499999985694885,3.423100000000890
0.499999985694885,3.423200000000890
0.499999985694885,3.423300000000890
0.499999985694885,3.423400000000890
0.499999985694885,3.423500000000890
0.499999985694885,3.423600000000890
0.499999985694885,3.423700000000890
0.499999985694885,3.423800000000890
0.499999985694885,3.423900000000890
0.499999985694885,3.424000000000890
0.499999985694885,3.424100000000890
0.499999985694885,3.424200000000900
0.499999985694885,3.424300000000900
0.499999985694885,3.424400000000900
0.499999985694885,3.424500000000900
0.499999985694885,3.424600000000900
0.499999985694885,3.424700000000900
0.499999985694885,3.424800000000900
0.499999985694885,3.424900000000900
0.499999985694885,3.425000000000900
0.499999985694885,3.425100000000900
0.499999985694885,3.425200000000900
0.499999985694885,3.425300000000900
0.499999985694885,3.425400000000900
0.499999985694885,3.425500000000900
0.499999985694885,3.425600000000900
0.499999985694885,3.425700000000900
0.499999985694885,3.425800000000900
0.499999985694885,3.425900000000900
0.499999985694885,3.426000000000900
0.499999985694885,3.426100000000900
0.499999985694885,3.426200000000900
0.499999985694885,3.426300000000900
0.499999985694885,3.426400000000900
0.499999985694885,3.426500000000900
0.499999985694885,3.426600000000900
0.499999985694885,3.426700000000900
0.499999985694885,3.426800000000900
0.499999985694885,3.426900000000900
0.499999985694885,3.427000000000900
0.499999985694885,3.427100000000900
0.499999985694885,3.427200000000900
0.499999985694885,3.427300000000900
0.499999985694885,3.427400000000900
0.499999985694885,3.427500000000900
0.499999985694885,3.427600000000900
0.499999985694885,3.427700000000900
0.499999985694885,3.427800000000900
0.499999985694885,3.427900000000900
0.499999985694885,3.428000000000900
0.499999985694885,3.428100000000900
0.499999985694885,3.428200000000900
0.499999985694885,3.428300000000900
0.499999985694885,3.428400000000900
0.499999985694885,3.428500000000900
0.499999985694885,3.428600000000900
0.499999985694885,3.428700000000900
0.499999985694885,3.428800000000900
0.499999985694885,3.428900000000910
0.499999985694885,3.429000000000910
0.499999985694885,3.429100000000910
0.499999985694885,3.429200000000910
0.499999985694885,3.429300000000910
0.499999985694885,3.429400000000910
0.499999985694885,3.429500000000910
0.499999985694885,3.429600000000910
0.499999985694885,3.429700000000910
0.499999985694885,3.429800000000910
0.499999985694885,3.429900000000910
0.499999985694885,3.430000000000910
0.499999985694885,3.430100000000910
0.499999985694885,3.430200000000910
0.499999985694885,3.430300000000910
0.499999985694885,3.430400000000910
0.499999985694885,3.430500000000910
0.499999985694885,3.430600000000910
0.499999985694885,3.430700000000910
0.499999985694885,3.430800000000910
0.499999985694885,3.430900000000910
0.499999985694885,3.431000000000910
0.499999985694885,3.431100000000910
0.499999985694885,3.431200000000910
0.499999985694885,3.431300000000910
0.499999985694885,3.431400000000910
0.499999985694885,3.431500000000910
0.499999985694885,3.431600000000910
0.499999985694885,3.431700000000910
0.499999985694885,3.431800000000910
0.499999985694885,3.431900000000910
0.499999985694885,3.432000000000910
0.499999985694885,3.432100000000910
0.499999985694885,3.432200000000910
0.499999985694885,3.432300000000910
0.499999985694885,3.432400000000910
0.499999985694885,3.432500000000910
0.499999955177307,3.432600000000910
0.499999985694885,3.432700000000910
0.499999985694885,3.432800000000910
0.499999955177307,3.432900000000910
0.499999985694885,3.433000000000910
0.499999985694885,3.433100000000910
0.499999985694885,3.433200000000910
0.499999985694885,3.433300000000910
0.499999985694885,3.433400000000910
0.499999985694885,3.433500000000910
0.499999985694885,3.433600000000920
0.499999985694885,3.433700000000920
0.499999985694885,3.433800000000920
0.499999985694885,3.433900000000920
0.499999985694885,3.434000000000920
0.499999955177307,3.434100000000920
0.499999985694885,3.434200000000920
0.499999985694885,3.434300000000920
0.499999985694885,3.434400000000920
0.499999985694885,3.434500000000920
0.499999955177307,3.434600000000920
0.499999985694885,3.434700000000920
0.499999985694885,3.434800000000920
0.499999985694885,3.434900000000920
0.499999985694885,3.435000000000920
0.499999985694885,3.435100000000920
0.499999985694885,3.435200000000920
0.499999985694885,3.435300000000920
0.499999985694885,3.435400000000920
0.499999985694885,3.435500000000920
0.499999985694885,3.435600000000920
0.499999985694885,3.435700000000920
0.499999985694885,3.435800000000920
0.499999985694885,3.435900000000920
0.499999985694885,3.436000000000920
0.499999985694885,3.436100000000920
0.499999985694885,3.436200000000920
0.499999955177307,3.436300000000920
0.499999985694885,3.436400000000920
0.499999985694885,3.436500000000920
0.499999985694885,3.436600000000920
0.499999985694885,3.436700000000920
0.499999955177307,3.436800000000920
0.499999955177307,3.436900000000920
0.499999955177307,3.437000000000920
0.499999955177307,3.437100000000920
0.499999985694885,3.437200000000920
0.499999955177307,3.437300000000920
0.499999955177307,3.437400000000920
0.499999955177307,3.437500000000920
0.499999985694885,3.437600000000920
0.499999985694885,3.437700000000920
0.499999985694885,3.437800000000920
0.499999985694885,3.437900000000920
0.499999985694885,3.438000000000920
0.499999955177307,3.438100000000920
0.499999985694885,3.438200000000920
0.499999955177307,3.438300000000920
0.499999985694885,3.438400000000930
0.499999955177307,3.438500000000930
0.499999985694885,3.438600000000930
0.499999985694885,3.438700000000930
0.499999955177307,3.438800000000930
0.499999985694885,3.438900000000930
0.499999985694885,3.439000000000930
0.499999985694885,3.439100000000930
0.499999985694885,3.439200000000930
0.499999985694885,3.439300000000930
0.499999985694885,3.439400000000930
0.499999985694885,3.439500000000930
0.499999955177307,3.439600000000930
0.499999955177307,3.439700000000930
0.499999985694885,3.439800000000930
0.499999985694885,3.439900000000930
0.499999955177307,3.440000000000930
0.499999955177307,3.440100000000930
0.499999985694885,3.440200000000930
0.499999985694885,3.440300000000930
0.499999985694885,3.440400000000930
0.499999985694885,3.440500000000930
0.499999955177307,3.440600000000930
0.499999985694885,3.440700000000930
0.499999985694885,3.440800000000930
0.499999985694885,3.440900000000930
0.499999955177307,3.441000000000930
0.499999924659729,3.441100000000930
0.499999924659729,3.441200000000930
0.499999985694885,3.441300000000930
0.499999985694885,3.441400000000930
0.499999955177307,3.441500000000930
0.499999985694885,3.441600000000930
0.499999955177307,3.441700000000930
0.499999985694885,3.441800000000930
0.499999924659729,3.441900000000930
0.499999985694885,3.442000000000930
0.499999985694885,3.442100000000930
0.499999985694885,3.442200000000930
0.499999955177307,3.442300000000930
0.499999955177307,3.442400000000930
0.499999955177307,3.442500000000930
0.499999955177307,3.442600000000930
0.499999955177307,3.442700000000930
0.499999955177307,3.442800000000930
0.499999924659729,3.442900000000930
0.499999955177307,3.443000000000930
0.499999924659729,3.443100000000940
0.499999955177307,3.443200000000940
0.499999985694885,3.443300000000940
0.499999955177307,3.443400000000940
0.499999955177307,3.443500000000940
0.499999985694885,3.443600000000940
0.499999985694885,3.443700000000940
0.499999985694885,3.443800000000940
0.499999955177307,3.443900000000940
0.499999924659729,3.444000000000940
0.499999955177307,3.444100000000940
0.499999985694885,3.444200000000940
0.499999985694885,3.444300000000940
0.499999955177307,3.444400000000940
0.499999955177307,3.444500000000940
0.499999985694885,3.444600000000940
0.499999985694885,3.444700000000940
0.499999985694885,3.444800000000940
0.499999985694885,3.444900000000940
0.499999985694885,3.445000000000940
0.499999985694885,3.445100000000940
0.499999985694885,3.445200000000940
0.499999985694885,3.445300000000940
0.499999955177307,3.445400000000940
0.499999955177307,3.445500000000940
0.499999985694885,3.445600000000940
0.499999955177307,3.445700000000940
0.499999955177307,3.445800000000940
0.499999955177307,3.445900000000940
0.499999955177307,3.446000000000940
0.499999985694885,3.446100000000940
0.499999955177307,3.446200000000940
0.499999985694885,3.446300000000940
0.499999955177307,3.446400000000940
0.499999955177307,3.446500000000940
0.499999985694885,3.446600000000940
0.499999924659729,3.446700000000940
0.499999985694885,3.446800000000940
0.499999955177307,3.446900000000940
0.499999955177307,3.447000000000940
0.499999955177307,3.447100000000940
0.499999985694885,3.447200000000940
0.499999955177307,3.447300000000940
0.499999985694885,3.447400000000940
0.499999985694885,3.447500000000940
0.499999985694885,3.447600000000940
0.499999955177307,3.447700000000940
0.499999985694885,3.447800000000940
0.499999955177307,3.447900000000950
0.499999985694885,3.448000000000950
0.499999955177307,3.448100000000950
0.499999924659729,3.448200000000950
0.499999985694885,3.448300000000950
0.499999955177307,3.448400000000950
0.499999955177307,3.448500000000950
0.499999955177307,3.448600000000950
0.499999985694885,3.448700000000950
0.499999985694885,3.448800000000950
0.499999955177307,3.448900000000950
0.499999985694885,3.449000000000950
0.499999955177307,3.449100000000950
0.499999985694885,3.449200000000950
0.499999985694885,3.449300000000950
0.499999955177307,3.449400000000950
0.499999955177307,3.449500000000950
0.499999955177307,3.449600000000950
0.499999955177307,3.449700000000950
0.499999924659729,3.449800000000950
0.499999955177307,3.449900000000950
0.499999955177307,3.450000000000950
0.499999955177307,3.450100000000950
0.499999985694885,3.450200000000950
0.499999985694885,3.450300000000950
0.499999985694885,3.450400000000950
0.499999985694885,3.450500000000950
0.499999955177307,3.450600000000950
0.499999985694885,3.450700000000950
0.499999985694885,3.450800000000950
0.499999985694885,3.450900000000950
0.499999955177307,3.451000000000950
0.499999985694885,3.451100000000950
0.499999924659729,3.451200000000950
0.499999985694885,3.451300000000950
0.499999985694885,3.451400000000950
0.499999955177307,3.451500000000950
0.499999985694885,3.451600000000950
0.499999985694885,3.451700000000950
0.499999955177307,3.451800000000950
0.499999985694885,3.451900000000950
0.499999955177307,3.452000000000950
0.499999985694885,3.452100000000950
0.499999955177307,3.452200000000950
0.499999985694885,3.452300000000950
0.499999955177307,3.452400000000950
0.499999955177307,3.452500000000950
0.499999955177307,3.452600000000960
0.499999924659729,3.452700000000960
0.499999955177307,3.452800000000960
0.499999985694885,3.452900000000960
0.499999985694885,3.453000000000960
0.499999955177307,3.453100000000960
0.499999985694885,3.453200000000960
0.499999955177307,3.453300000000960
0.499999955177307,3.453400000000960
0.499999985694885,3.453500000000960
0.499999955177307,3.453600000000960
0.499999985694885,3.453700000000960
0.499999985694885,3.453800000000960
0.499999985694885,3.453900000000960
0.499999985694885,3.454000000000960
0.499999985694885,3.454100000000960
0.499999985694885,3.454200000000960
0.499999955177307,3.454300000000960
0.499999985694885,3.454400000000960
0.499999985694885,3.454500000000960
0.499999985694885,3.454600000000960
0.499999985694885,3.454700000000960
0.499999985694885,3.454800000000960
0.499999985694885,3.454900000000960
0.499999985694885,3.455000000000960
0.499999985694885,3.455100000000960
0.499999985694885,3.455200000000960
0.499999985694885,3.455300000000960
0.499999985694885,3.455400000000960
0.499999955177307,3.455500000000960
0.499999985694885,3.455600000000960
0.499999985694885,3.455700000000960
0.499999955177307,3.455800000000960
0.499999985694885,3.455900000000960
0.499999985694885,3.456000000000960
0.499999985694885,3.456100000000960
0.499999985694885,3.456200000000960
0.499999985694885,3.456300000000960
0.499999985694885,3.456400000000960
0.499999985694885,3.456500000000960
0.499999985694885,3.456600000000960
0.499999985694885,3.456700000000960
0.499999985694885,3.456800000000960
0.499999985694885,3.456900000000960
0.499999985694885,3.457000000000960
0.499999985694885,3.457100000000960
0.499999985694885,3.457200000000960
0.499999985694885,3.457300000000970
0.499999985694885,3.457400000000970
0.499999985694885,3.457500000000970
0.499999985694885,3.457600000000970
0.499999985694885,3.457700000000970
0.499999985694885,3.457800000000970
0.499999985694885,3.457900000000970
0.499999985694885,3.458000000000970
0.499999985694885,3.458100000000970
0.499999985694885,3.458200000000970
0.499999985694885,3.458300000000970
0.499999985694885,3.458400000000970
0.499999985694885,3.458500000000970
0.499999985694885,3.458600000000970
0.499999985694885,3.458700000000970
0.499999985694885,3.458800000000970
0.499999985694885,3.458900000000970
0.499999985694885,3.459000000000970
0.499999985694885,3.459100000000970
0.499999985694885,3.459200000000970
0.499999985694885,3.459300000000970
0.499999985694885,3.459400000000970
0.499999985694885,3.459500000000970
0.499999985694885,3.459600000000970
0.499999985694885,3.459700000000970
0.499999985694885,3.459800000000970
0.499999985694885,3.459900000000970
0.499999985694885,3.460000000000970
0.499999985694885,3.460100000000970
0.499999985694885,3.460200000000970
0.499999985694885,3.460300000000970
0.499999985694885,3.460400000000970
0.499999985694885,3.460500000000970
0.499999985694885,3.460600000000970
0.499999985694885,3.460700000000970
0.499999985694885,3.460800000000970
0.499999985694885,3.460900000000970
0.499999985694885,3.461000000000970
0.499999985694885,3.461100000000970
0.499999985694885,3.461200000000970
0.499999985694885,3.461300000000970
0.499999985694885,3.461400000000970
0.499999985694885,3.461500000000970
0.499999985694885,3.461600000000970
0.499999985694885,3.461700000000970
0.499999985694885,3.461800000000970
0.499999985694885,3.461900000000970
0.499999985694885,3.462000000000970
0.499999985694885,3.462100000000980
0.499999985694885,3.462200000000980
0.499999985694885,3.462300000000980
0.499999985694885,3.462400000000980
0.499999985694885,3.462500000000980
0.499999985694885,3.462600000000980
0.499999985694885,3.462700000000980
0.499999985694885,3.462800000000980
0.499999985694885,3.462900000000980
0.499999985694885,3.463000000000980
0.499999985694885,3.463100000000980
0.499999985694885,3.463200000000980
0.499999985694885,3.463300000000980
0.499999985694885,3.463400000000980
0.499999985694885,3.463500000000980
0.499999985694885,3.463600000000980
0.499999985694885,3.463700000000980
0.499999985694885,3.463800000000980
0.499999985694885,3.463900000000980
0.499999985694885,3.464000000000980
0.499999985694885,3.464100000000980
0.499999985694885,3.464200000000980
0.499999985694885,3.464300000000980
0.499999985694885,3.464400000000980
0.499999985694885,3.464500000000980
0.499999985694885,3.464600000000980
0.499999985694885,3.464700000000980
0.499999985694885,3.464800000000980
0.499999985694885,3.464900000000980
0.499999985694885,3.465000000000980
0.499999985694885,3.465100000000980
0.499999985694885,3.465200000000980
0.499999985694885,3.465300000000980
0.499999985694885,3.465400000000980
0.499999985694885,3.465500000000980
0.499999985694885,3.465600000000980
0.499999985694885,3.465700000000980
0.499999985694885,3.465800000000980
0.499999985694885,3.465900000000980
0.499999985694885,3.466000000000980
0.499999985694885,3.466100000000980
0.499999985694885,3.466200000000980
0.499999985694885,3.466300000000980
0.499999985694885,3.466400000000980
0.499999985694885,3.466500000000980
0.499999985694885,3.466600000000980
0.499999985694885,3.466700000000980
0.499999985694885,3.466800000000990
0.499999985694885,3.466900000000990
0.499999985694885,3.467000000000990
0.499999985694885,3.467100000000990
0.499999985694885,3.467200000000990
0.499999985694885,3.467300000000990
0.499999985694885,3.467400000000990
0.499999985694885,3.467500000000990
0.499999985694885,3.467600000000990
0.499999985694885,3.467700000000990
0.499999985694885,3.467800000000990
0.499999985694885,3.467900000000990
0.499999985694885,3.468000000000990
0.499999985694885,3.468100000000990
0.499999985694885,3.468200000000990
0.499999985694885,3.468300000000990
0.499999985694885,3.468400000000990
0.499999985694885,3.468500000000990
0.499999985694885,3.468600000000990
0.499999985694885,3.468700000000990
0.499999985694885,3.468800000000990
0.499999985694885,3.468900000000990
0.499999985694885,3.469000000000990
0.499999985694885,3.469100000000990
0.499999985694885,3.469200000000990
0.499999985694885,3.469300000000990
0.499999985694885,3.469400000000990
0.499999985694885,3.469500000000990
0.499999985694885,3.469600000000990
0.499999985694885,3.469700000000990
0.499999985694885,3.469800000000990
0.499999985694885,3.469900000000990
0.499999985694885,3.470000000000990
0.499999985694885,3.470100000000990
0.499999985694885,3.470200000000990
0.499999985694885,3.470300000000990
0.499999985694885,3.470400000000990
0.499999985694885,3.470500000000990
0.499999985694885,3.470600000000990
0.499999985694885,3.470700000000990
0.499999985694885,3.470800000000990
0.499999985694885,3.470900000000990
0.499999985694885,3.471000000000990
0.499999985694885,3.471100000000990
0.499999985694885,3.471200000000990
0.499999985694885,3.471300000000990
0.499999985694885,3.471400000000990
0.499999985694885,3.471500000001000
0.499999985694885,3.471600000001000
0.499999985694885,3.471700000001000
0.499999985694885,3.471800000001000
0.499999985694885,3.471900000001000
0.499999985694885,3.472000000001000
0.499999985694885,3.472100000001000
0.499999985694885,3.472200000001000
0.499999985694885,3.472300000001000
0.499999985694885,3.472400000001000
0.499999985694885,3.472500000001000
0.499999985694885,3.472600000001000
0.499999985694885,3.472700000001000
0.499999985694885,3.472800000001000
0.499999985694885,3.472900000001000
0.499999985694885,3.473000000001000
0.499999985694885,3.473100000001000
0.499999985694885,3.473200000001000
0.499999985694885,3.473300000001000
0.499999985694885,3.473400000001000
0.499999985694885,3.473500000001000
0.499999985694885,3.473600000001000
0.499999985694885,3.473700000001000
0.499999985694885,3.473800000001000
0.499999985694885,3.473900000001000
0.499999985694885,3.474000000001000
0.499999985694885,3.474100000001000
0.499999985694885,3.474200000001000
0.499999985694885,3.474300000001000
0.499999985694885,3.474400000001000
0.499999985694885,3.474500000001000
0.499999985694885,3.474600000001000
0.499999985694885,3.474700000001000
0.499999985694885,3.474800000001000
0.499999985694885,3.474900000001000
0.499999985694885,3.475000000001000
0.499999985694885,3.475100000001000
0.499999985694885,3.475200000001000
0.499999985694885,3.475300000001000
0.499999985694885,3.475400000001000
0.499999985694885,3.475500000001000
0.499999985694885,3.475600000001000
0.499999985694885,3.475700000001000
0.499999985694885,3.475800000001000
0.499999985694885,3.475900000001000
0.499999985694885,3.476000000001000
0.499999985694885,3.476100000001000
0.499999985694885,3.476200000001000
0.499999985694885,3.476300000001010
0.499999985694885,3.476400000001010
0.499999985694885,3.476500000001010
0.499999985694885,3.476600000001010
0.499999985694885,3.476700000001010
0.499999985694885,3.476800000001010
0.499999985694885,3.476900000001010
0.499999985694885,3.477000000001010
0.499999985694885,3.477100000001010
0.499999985694885,3.477200000001010
0.499999985694885,3.477300000001010
0.499999985694885,3.477400000001010
0.499999985694885,3.477500000001010
0.499999985694885,3.477600000001010
0.499999985694885,3.477700000001010
0.499999985694885,3.477800000001010
0.499999985694885,3.477900000001010
0.499999985694885,3.478000000001010
0.499999985694885,3.478100000001010
0.499999985694885,3.478200000001010
0.499999985694885,3.478300000001010
0.499999985694885,3.478400000001010
0.499999985694885,3.478500000001010
0.499999985694885,3.478600000001010
0.499999985694885,3.478700000001010
0.499999985694885,3.478800000001010
0.499999985694885,3.478900000001010
0.499999985694885,3.479000000001010
0.499999985694885,3.479100000001010
0.499999985694885,3.479200000001010
0.499999985694885,3.479300000001010
0.499999985694885,3.479400000001010
0.499999985694885,3.479500000001010
0.499999985694885,3.479600000001010
0.499999985694885,3.479700000001010
0.499999985694885,3.479800000001010
0.499999985694885,3.479900000001010
0.499999985694885,3.480000000001010
0.499999985694885,3.480100000001010
0.499999985694885,3.480200000001010
0.499999985694885,3.480300000001010
0.499999985694885,3.480400000001010
0.499999985694885,3.480500000001010
0.499999985694885,3.480600000001010
0.499999985694885,3.480700000001010
0.499999985694885,3.480800000001010
0.499999985694885,3.480900000001010
0.499999985694885,3.481000000001020
0.499999985694885,3.481100000001020
0.499999985694885,3.481200000001020
0.499999985694885,3.481300000001020
0.499999985694885,3.481400000001020
0.499999985694885,3.481500000001020
0.499999985694885,3.481600000001020
0.499999985694885,3.481700000001020
0.499999985694885,3.481800000001020
0.499999985694885,3.481900000001020
0.499999985694885,3.482000000001020
0.499999985694885,3.482100000001020
0.499999985694885,3.482200000001020
0.499999985694885,3.482300000001020
0.499999985694885,3.482400000001020
0.499999985694885,3.482500000001020
0.499999985694885,3.482600000001020
0.499999985694885,3.482700000001020
0.499999985694885,3.482800000001020
0.499999985694885,3.482900000001020
0.499999985694885,3.483000000001020
0.499999985694885,3.483100000001020
0.499999985694885,3.483200000001020
0.499999985694885,3.483300000001020
0.499999985694885,3.483400000001020
0.499999985694885,3.483500000001020
0.499999985694885,3.483600000001020
0.499999985694885,3.483700000001020
0.499999985694885,3.483800000001020
0.499999985694885,3.483900000001020
0.499999985694885,3.484000000001020
0.499999985694885,3.484100000001020
0.499999985694885,3.484200000001020
0.499999985694885,3.484300000001020
0.499999985694885,3.484400000001020
0.499999985694885,3.484500000001020
0.499999985694885,3.484600000001020
0.499999985694885,3.484700000001020
0.499999985694885,3.484800000001020
0.499999985694885,3.484900000001020
0.499999985694885,3.485000000001020
0.499999985694885,3.485100000001020
0.499999985694885,3.485200000001020
0.499999985694885,3.485300000001020
0.499999985694885,3.485400000001020
0.499999985694885,3.485500000001020
0.499999985694885,3.485600000001020
0.499999985694885,3.485700000001020
0.499999985694885,3.485800000001030
0.499999985694885,3.485900000001030
0.499999985694885,3.486000000001030
0.499999985694885,3.486100000001030
0.499999985694885,3.486200000001030
0.499999985694885,3.486300000001030
0.499999985694885,3.486400000001030
0.499999985694885,3.486500000001030
0.499999985694885,3.486600000001030
0.499999985694885,3.486700000001030
0.499999985694885,3.486800000001030
0.499999985694885,3.486900000001030
0.499999985694885,3.487000000001030
0.499999985694885,3.487100000001030
0.499999985694885,3.487200000001030
0.499999985694885,3.487300000001030
0.499999985694885,3.487400000001030
0.499999985694885,3.487500000001030
0.499999985694885,3.487600000001030
0.499999985694885,3.487700000001030
0.499999985694885,3.487800000001030
0.499999985694885,3.487900000001030
0.499999985694885,3.488000000001030
0.499999985694885,3.488100000001030
0.499999985694885,3.488200000001030
0.499999985694885,3.488300000001030
0.499999985694885,3.488400000001030
0.499999985694885,3.488500000001030
0.499999985694885,3.488600000001030
0.499999985694885,3.488700000001030
0.499999985694885,3.488800000001030
0.499999985694885,3.488900000001030
0.499999985694885,3.489000000001030
0.499999985694885,3.489100000001030
0.499999985694885,3.489200000001030
0.499999985694885,3.489300000001030
0.499999985694885,3.489400000001030
0.499999985694885,3.489500000001030
0.499999985694885,3.489600000001030
0.499999985694885,3.489700000001030
0.499999985694885,3.489800000001030
0.499999985694885,3.489900000001030
0.499999985694885,3.490000000001030
0.499999985694885,3.490100000001030
0.499999985694885,3.490200000001030
0.499999985694885,3.490300000001030
0.499999985694885,3.490400000001030
0.499999985694885,3.490500000001040
0.499999985694885,3.490600000001040
0.499999985694885,3.490700000001040
0.499999985694885,3.490800000001040
0.499999985694885,3.490900000001040
0.499999985694885,3.491000000001040
0.499999985694885,3.491100000001040
0.499999985694885,3.491200000001040
0.499999985694885,3.491300000001040
0.499999985694885,3.491400000001040
0.499999985694885,3.491500000001040
0.499999985694885,3.491600000001040
0.499999985694885,3.491700000001040
0.499999985694885,3.491800000001040
0.499999985694885,3.491900000001040
0.499999985694885,3.492000000001040
0.499999985694885,3.492100000001040
0.499999985694885,3.492200000001040
0.499999985694885,3.492300000001040
0.499999985694885,3.492400000001040
0.499999985694885,3.492500000001040
0.499999985694885,3.492600000001040
0.499999985694885,3.492700000001040
0.499999955177307,3.492800000001040
0.499999985694885,3.492900000001040
0.499999955177307,3.493000000001040
0.499999985694885,3.493100000001040
0.499999955177307,3.493200000001040
0.499999955177307,3.493300000001040
0.499999985694885,3.493400000001040
0.499999985694885,3.493500000001040
0.499999955177307,3.493600000001040
0.499999955177307,3.493700000001040
0.499999955177307,3.493800000001040
0.499999955177307,3.493900000001040
0.499999955177307,3.494000000001040
0.499999985694885,3.494100000001040
0.499999955177307,3.494200000001040
0.499999985694885,3.494300000001040
0.499999955177307,3.494400000001040
0.499999955177307,3.494500000001040
0.499999985694885,3.494600000001040
0.499999985694885,3.494700000001040
0.499999985694885,3.494800000001040
0.499999985694885,3.494900000001040
0.499999985694885,3.495000000001040
0.499999985694885,3.495100000001040
0.499999955177307,3.495200000001050
0.499999985694885,3.495300000001050
0.499999985694885,3.495400000001050
0.499999985694885,3.495500000001050
0.499999955177307,3.495600000001050
0.499999955177307,3.495700000001050
0.499999985694885,3.495800000001050
0.499999985694885,3.495900000001050
0.499999955177307,3.496000000001050
0.499999985694885,3.496100000001050
0.499999985694885,3.496200000001050
0.499999985694885,3.496300000001050
0.499999955177307,3.496400000001050
0.499999985694885,3.496500000001050
0.499999985694885,3.496600000001050
0.499999985694885,3.496700000001050
0.499999955177307,3.496800000001050
0.499999955177307,3.496900000001050
0.499999955177307,3.497000000001050
0.499999985694885,3.497100000001050
0.499999985694885,3.497200000001050
0.499999985694885,3.497300000001050
0.499999985694885,3.497400000001050
0.499999985694885,3.497500000001050
0.499999985694885,3.497600000001050
0.499999985694885,3.497700000001050
0.499999985694885,3.497800000001050
0.499999985694885,3.497900000001050
0.499999985694885,3.498000000001050
0.499999985694885,3.498100000001050
0.499999985694885,3.498200000001050
0.499999985694885,3.498300000001050
0.499999955177307,3.498400000001050
0.499999955177307,3.498500000001050
0.499999985694885,3.498600000001050
0.499999985694885,3.498700000001050
0.499999985694885,3.498800000001050
0.499999985694885,3.498900000001050
0.499999955177307,3.499000000001050
0.499999985694885,3.499100000001050
0.499999955177307,3.499200000001050
0.499999985694885,3.499300000001050
0.499999955177307,3.499400000001050
0.499999985694885,3.499500000001050
0.499999985694885,3.499600000001050
0.499999955177307,3.499700000001050
0.499999955177307,3.499800000001050
0.499999985694885,3.499900000001050
0.499999985694885,3.500000000001060
0.499999985694885,3.500100000001060
0.499999985694885,3.500200000001060
0.499999955177307,3.500300000001060
0.499999985694885,3.500400000001060
0.499999985694885,3.500500000001060
0.499999985694885,3.500600000001060
0.499999985694885,3.500700000001060
0.499999955177307,3.500800000001060
0.499999985694885,3.500900000001060
0.499999985694885,3.501000000001060
0.499999985694885,3.501100000001060
0.499999955177307,3.501200000001060
0.499999985694885,3.501300000001060
0.499999985694885,3.501400000001060
0.499999985694885,3.501500000001060
0.499999985694885,3.501600000001060
0.499999985694885,3.501700000001060
0.499999985694885,3.501800000001060
0.499999985694885,3.501900000001060
0.499999985694885,3.502000000001060
0.499999985694885,3.502100000001060
0.499999985694885,3.502200000001060
0.499999985694885,3.502300000001060
0.499999985694885,3.502400000001060
0.499999985694885,3.502500000001060
0.499999985694885,3.502600000001060
0.499999985694885,3.502700000001060
0.499999985694885,3.502800000001060
0.499999985694885,3.502900000001060
0.499999985694885,3.503000000001060
0.499999985694885,3.503100000001060
0.499999985694885,3.503200000001060
0.499999985694885,3.503300000001060
0.499999985694885,3.503400000001060
0.499999985694885,3.503500000001060
0.499999985694885,3.503600000001060
0.499999985694885,3.503700000001060
0.499999985694885,3.503800000001060
0.499999985694885,3.503900000001060
0.499999985694885,3.504000000001060
0.499999985694885,3.504100000001060
0.499999985694885,3.504200000001060
0.499999985694885,3.504300000001060
0.499999985694885,3.504400000001060
0.499999985694885,3.504500000001060
0.499999985694885,3.504600000001060
0.499999985694885,3.504700000001070
0.499999985694885,3.504800000001070
0.499999985694885,3.504900000001070
0.499999985694885,3.505000000001070
0.499999985694885,3.505100000001070
0.499999985694885,3.505200000001070
0.499999985694885,3.505300000001070
0.499999985694885,3.505400000001070
0.499999985694885,3.505500000001070
0.499999985694885,3.505600000001070
0.499999985694885,3.505700000001070
0.499999985694885,3.505800000001070
0.499999985694885,3.505900000001070
0.499999985694885,3.506000000001070
0.499999985694885,3.506100000001070
0.499999985694885,3.506200000001070
0.499999985694885,3.506300000001070
0.499999985694885,3.506400000001070
0.499999985694885,3.506500000001070
0.499999985694885,3.506600000001070
0.499999985694885,3.506700000001070
0.499999985694885,3.506800000001070
0.499999985694885,3.506900000001070
0.499999985694885,3.507000000001070
0.499999985694885,3.507100000001070
0.499999985694885,3.507200000001070
0.499999985694885,3.507300000001070
0.499999985694885,3.507400000001070
0.499999985694885,3.507500000001070
0.499999985694885,3.507600000001070
0.499999985694885,3.507700000001070
0.499999985694885,3.507800000001070
0.499999985694885,3.507900000001070
0.499999985694885,3.508000000001070
0.499999985694885,3.508100000001070
0.499999985694885,3.508200000001070
0.499999985694885,3.508300000001070
0.499999985694885,3.508400000001070
0.499999985694885,3.508500000001070
0.499999985694885,3.508600000001070
0.499999985694885,3.508700000001070
0.499999985694885,3.508800000001070
0.499999985694885,3.508900000001070
0.499999985694885,3.509000000001070
0.499999985694885,3.509100000001070
0.499999985694885,3.509200000001070
0.499999985694885,3.509300000001070
0.499999985694885,3.509400000001070
0.499999985694885,3.509500000001080
0.499999985694885,3.509600000001080
0.499999985694885,3.509700000001080
0.499999985694885,3.509800000001080
0.499999985694885,3.509900000001080
0.499999985694885,3.510000000001080
0.499999985694885,3.510100000001080
0.499999985694885,3.510200000001080
0.499999985694885,3.510300000001080
0.499999985694885,3.510400000001080
0.499999985694885,3.510500000001080
0.499999985694885,3.510600000001080
0.499999985694885,3.510700000001080
0.499999985694885,3.510800000001080
0.499999985694885,3.510900000001080
0.499999985694885,3.511000000001080
0.499999985694885,3.511100000001080
0.499999985694885,3.511200000001080
0.499999985694885,3.511300000001080
0.499999985694885,3.511400000001080
0.499999985694885,3.511500000001080
0.499999985694885,3.511600000001080
0.499999985694885,3.511700000001080
0.499999985694885,3.511800000001080
0.499999985694885,3.511900000001080
0.499999985694885,3.512000000001080
0.499999985694885,3.512100000001080
0.499999985694885,3.512200000001080
0.499999985694885,3.512300000001080
0.499999985694885,3.512400000001080
0.499999985694885,3.512500000001080
0.499999985694885,3.512600000001080
0.499999985694885,3.512700000001080
0.499999985694885,3.512800000001080
0.499999985694885,3.512900000001080
0.499999985694885,3.513000000001080
0.499999985694885,3.513100000001080
0.499999985694885,3.513200000001080
0.499999985694885,3.513300000001080
0.499999985694885,3.513400000001080
0.499999985694885,3.513500000001080
0.499999985694885,3.513600000001080
0.499999985694885,3.513700000001080
0.499999985694885,3.513800000001080
0.499999985694885,3.513900000001080
0.499999985694885,3.514000000001080
0.499999985694885,3.514100000001080
0.499999985694885,3.514200000001090
0.499999985694885,3.514300000001090
0.499999985694885,3.514400000001090
0.499999985694885,3.514500000001090
0.499999985694885,3.514600000001090
0.499999985694885,3.514700000001090
0.499999985694885,3.514800000001090
0.499999985694885,3.514900000001090
0.499999985694885,3.515000000001090
0.499999985694885,3.515100000001090
0.499999985694885,3.515200000001090
0.499999985694885,3.515300000001090
0.499999985694885,3.515400000001090
0.499999985694885,3.515500000001090
0.499999985694885,3.515600000001090
0.499999985694885,3.515700000001090
0.499999985694885,3.515800000001090
0.499999985694885,3.515900000001090
0.499999985694885,3.516000000001090
0.499999985694885,3.516100000001090
0.499999985694885,3.516200000001090
0.499999985694885,3.516300000001090
0.499999985694885,3.516400000001090
0.499999985694885,3.516500000001090
0.499999985694885,3.516600000001090
0.499999985694885,3.516700000001090
0.499999985694885,3.516800000001090
0.499999985694885,3.516900000001090
0.499999985694885,3.517000000001090
0.499999985694885,3.517100000001090
0.499999985694885,3.517200000001090
0.499999985694885,3.517300000001090
0.499999985694885,3.517400000001090
0.499999985694885,3.517500000001090
0.499999985694885,3.517600000001090
0.499999985694885,3.517700000001090
0.499999985694885,3.517800000001090
0.499999985694885,3.517900000001090
0.499999985694885,3.518000000001090
0.499999985694885,3.518100000001090
0.499999985694885,3.518200000001090
0.499999985694885,3.518300000001090
0.499999985694885,3.518400000001090
0.499999985694885,3.518500000001090
0.499999985694885,3.518600000001090
0.499999985694885,3.518700000001090
0.499999985694885,3.518800000001090
0.499999985694885,3.518900000001100
0.499999985694885,3.519000000001100
0.499999985694885,3.519100000001100
0.499999985694885,3.519200000001100
0.499999985694885,3.519300000001100
0.499999985694885,3.519400000001100
0.499999985694885,3.519500000001100
0.499999985694885,3.519600000001100
0.499999985694885,3.519700000001100
0.499999985694885,3.519800000001100
0.499999985694885,3.519900000001100
0.499999985694885,3.520000000001100
0.499999985694885,3.520100000001100
0.499999985694885,3.520200000001100
0.499999985694885,3.520300000001100
0.499999985694885,3.520400000001100
0.499999985694885,3.520500000001100
0.499999985694885,3.520600000001100
0.499999985694885,3.520700000001100
0.499999985694885,3.520800000001100
0.499999985694885,3.520900000001100
0.499999985694885,3.521000000001100
0.499999985694885,3.521100000001100
0.499999985694885,3.521200000001100
0.499999985694885,3.521300000001100
0.499999985694885,3.521400000001100
0.499999985694885,3.521500000001100
0.499999985694885,3.521600000001100
0.499999985694885,3.521700000001100
0.499999985694885,3.521800000001100
0.499999985694885,3.521900000001100
0.499999985694885,3.522000000001100
0.499999985694885,3.522100000001100
0.499999985694885,3.522200000001100
0.499999985694885,3.522300000001100
0.499999985694885,3.522400000001100
0.499999985694885,3.522500000001100
0.499999985694885,3.522600000001100
0.499999985694885,3.522700000001100
0.499999985694885,3.522800000001100
0.499999985694885,3.522900000001100
0.499999985694885,3.523000000001100
0.499999985694885,3.523100000001100
0.499999985694885,3.523200000001100
0.499999985694885,3.523300000001100
0.499999985694885,3.523400000001100
0.499999985694885,3.523500000001100
0.499999985694885,3.523600000001100
0.499999985694885,3.523700000001110
0.499999985694885,3.523800000001110
0.499999985694885,3.523900000001110
0.499999985694885,3.524000000001110
0.499999985694885,3.524100000001110
0.499999985694885,3.524200000001110
0.499999985694885,3.524300000001110
0.499999985694885,3.524400000001110
0.499999985694885,3.524500000001110
0.499999985694885,3.524600000001110
0.499999985694885,3.524700000001110
0.499999985694885,3.524800000001110
0.499999985694885,3.524900000001110
0.499999985694885,3.525000000001110
0.499999985694885,3.525100000001110
0.499999985694885,3.525200000001110
0.499999985694885,3.525300000001110
0.499999985694885,3.525400000001110
0.499999985694885,3.525500000001110
0.499999985694885,3.525600000001110
0.499999985694885,3.525700000001110
0.499999985694885,3.525800000001110
0.499999985694885,3.525900000001110
0.499999985694885,3.526000000001110
0.499999985694885,3.526100000001110
0.499999985694885,3.526200000001110
0.499999985694885,3.526300000001110
0.499999985694885,3.526400000001110
0.499999985694885,3.526500000001110
0.499999985694885,3.526600000001110
0.499999985694885,3.526700000001110
0.499999985694885,3.526800000001110
0.499999985694885,3.526900000001110
0.499999985694885,3.527000000001110
0.499999985694885,3.527100000001110
0.499999985694885,3.527200000001110
0.499999985694885,3.527300000001110
0.499999985694885,3.527400000001110
0.499999985694885,3.527500000001110
0.499999985694885,3.527600000001110
0.499999985694885,3.527700000001110
0.499999985694885,3.527800000001110
0.499999985694885,3.527900000001110
0.499999985694885,3.528000000001110
0.499999985694885,3.528100000001110
0.499999985694885,3.528200000001110
0.499999985694885,3.528300000001110
0.499999985694885,3.528400000001120
0.499999985694885,3.528500000001120
0.499999985694885,3.528600000001120
0.499999985694885,3.528700000001120
0.499999985694885,3.528800000001120
0.499999985694885,3.528900000001120
0.499999985694885,3.529000000001120
0.499999985694885,3.529100000001120
0.499999985694885,3.529200000001120
0.499999985694885,3.529300000001120
0.499999985694885,3.529400000001120
0.499999985694885,3.529500000001120
0.499999985694885,3.529600000001120
0.499999985694885,3.529700000001120
0.499999985694885,3.529800000001120
0.499999985694885,3.529900000001120
0.499999985694885,3.530000000001120
0.499999985694885,3.530100000001120
0.499999985694885,3.530200000001120
0.499999985694885,3.530300000001120
0.499999985694885,3.530400000001120
0.499999985694885,3.530500000001120
0.499999985694885,3.530600000001120
0.499999985694885,3.530700000001120
0.499999985694885,3.530800000001120
0.499999985694885,3.530900000001120
0.499999985694885,3.531000000001120
0.499999985694885,3.531100000001120
0.499999985694885,3.531200000001120
0.499999985694885,3.531300000001120
0.499999985694885,3.531400000001120
0.499999985694885,3.531500000001120
0.499999985694885,3.531600000001120
0.499999985694885,3.531700000001120
0.499999985694885,3.531800000001120
0.499999985694885,3.531900000001120
0.499999985694885,3.532000000001120
0.499999985694885,3.532100000001120
0.499999985694885,3.532200000001120
0.499999985694885,3.532300000001120
0.499999985694885,3.532400000001120
0.499999985694885,3.532500000001120
0.499999985694885,3.532600000001120
0.499999985694885,3.532700000001120
0.499999985694885,3.532800000001120
0.499999985694885,3.532900000001120
0.499999985694885,3.533000000001120
0.499999985694885,3.533100000001130
0.499999985694885,3.533200000001130
0.499999985694885,3.533300000001130
0.499999985694885,3.533400000001130
0.499999985694885,3.533500000001130
0.499999985694885,3.533600000001130
0.499999985694885,3.533700000001130
0.499999985694885,3.533800000001130
0.499999985694885,3.533900000001130
0.499999985694885,3.534000000001130
0.499999985694885,3.534100000001130
0.499999985694885,3.534200000001130
0.499999985694885,3.534300000001130
0.499999985694885,3.534400000001130
0.499999985694885,3.534500000001130
0.499999985694885,3.534600000001130
0.499999985694885,3.534700000001130
0.499999985694885,3.534800000001130
0.499999985694885,3.534900000001130
0.499999985694885,3.535000000001130
0.499999985694885,3.535100000001130
0.499999985694885,3.535200000001130
0.499999985694885,3.535300000001130
0.499999985694885,3.535400000001130
0.499999985694885,3.535500000001130
0.499999985694885,3.535600000001130
0.499999985694885,3.535700000001130
0.499999985694885,3.535800000001130
0.499999985694885,3.535900000001130
0.499999985694885,3.536000000001130
0.499999985694885,3.536100000001130
0.499999985694885,3.536200000001130
0.499999985694885,3.536300000001130
0.499999985694885,3.536400000001130
0.499999985694885,3.536500000001130
0.499999985694885,3.536600000001130
0.499999985694885,3.536700000001130
0.499999985694885,3.536800000001130
0.499999985694885,3.536900000001130
0.499999985694885,3.537000000001130
0.499999985694885,3.537100000001130
0.499999985694885,3.537200000001130
0.499999985694885,3.537300000001130
0.499999955177307,3.537400000001130
0.499999985694885,3.537500000001130
0.499999985694885,3.537600000001130
0.499999985694885,3.537700000001130
0.499999985694885,3.537800000001130
0.499999985694885,3.537900000001140
0.499999955177307,3.538000000001140
0.499999985694885,3.538100000001140
0.499999985694885,3.538200000001140
0.499999985694885,3.538300000001140
0.499999955177307,3.538400000001140
0.499999985694885,3.538500000001140
0.499999955177307,3.538600000001140
0.499999955177307,3.538700000001140
0.499999955177307,3.538800000001140
0.499999985694885,3.538900000001140
0.499999985694885,3.539000000001140
0.499999955177307,3.539100000001140
0.499999955177307,3.539200000001140
0.499999985694885,3.539300000001140
0.499999985694885,3.539400000001140
0.499999955177307,3.539500000001140
0.499999955177307,3.539600000001140
0.499999955177307,3.539700000001140
0.499999924659729,3.539800000001140
0.499999924659729,3.539900000001140
0.499999985694885,3.540000000001140
0.499999955177307,3.540100000001140
0.499999985694885,3.540200000001140
0.499999955177307,3.540300000001140
0.499999985694885,3.540400000001140
0.499999985694885,3.540500000001140
0.499999985694885,3.540600000001140
0.499999985694885,3.540700000001140
0.499999985694885,3.540800000001140
0.499999985694885,3.540900000001140
0.499999985694885,3.541000000001140
0.499999985694885,3.541100000001140
0.499999985694885,3.541200000001140
0.499999985694885,3.541300000001140
0.499999955177307,3.541400000001140
0.499999955177307,3.541500000001140
0.499999955177307,3.541600000001140
0.499999955177307,3.541700000001140
0.499999985694885,3.541800000001140
0.499999985694885,3.541900000001140
0.499999955177307,3.542000000001140
0.499999985694885,3.542100000001140
0.499999985694885,3.542200000001140
0.499999955177307,3.542300000001140
0.499999985694885,3.542400000001140
0.499999955177307,3.542500000001140
0.499999985694885,3.542600000001150
0.499999985694885,3.542700000001150
0.499999985694885,3.542800000001150
0.499999985694885,3.542900000001150
0.499999985694885,3.543000000001150
0.499999985694885,3.543100000001150
0.499999985694885,3.543200000001150
0.499999985694885,3.543300000001150
0.499999985694885,3.543400000001150
0.499999985694885,3.543500000001150
0.499999985694885,3.543600000001150
0.499999985694885,3.543700000001150
0.499999985694885,3.543800000001150
0.499999985694885,3.543900000001150
0.499999985694885,3.544000000001150
0.499999985694885,3.544100000001150
0.499999985694885,3.544200000001150
0.499999985694885,3.544300000001150
0.499999985694885,3.544400000001150
0.499999985694885,3.544500000001150
0.499999985694885,3.544600000001150
0.499999985694885,3.544700000001150
0.499999985694885,3.544800000001150
0.499999985694885,3.544900000001150
0.499999985694885,3.545000000001150
0.499999985694885,3.545100000001150
0.499999985694885,3.545200000001150
0.499999985694885,3.545300000001150
0.499999985694885,3.545400000001150
0.499999985694885,3.545500000001150
0.499999985694885,3.545600000001150
0.499999985694885,3.545700000001150
0.499999985694885,3.545800000001150
0.499999985694885,3.545900000001150
0.499999985694885,3.546000000001150
0.499999985694885,3.546100000001150
0.499999985694885,3.546200000001150
0.499999985694885,3.546300000001150
0.499999985694885,3.546400000001150
0.499999985694885,3.546500000001150
0.499999985694885,3.546600000001150
0.499999985694885,3.546700000001150
0.499999985694885,3.546800000001150
0.499999985694885,3.546900000001150
0.499999985694885,3.547000000001150
0.499999985694885,3.547100000001150
0.499999985694885,3.547200000001150
0.499999985694885,3.547300000001150
0.499999985694885,3.547400000001160
0.499999985694885,3.547500000001160
0.499999985694885,3.547600000001160
0.499999985694885,3.547700000001160
0.499999985694885,3.547800000001160
0.499999985694885,3.547900000001160
0.499999985694885,3.548000000001160
0.499999985694885,3.548100000001160
0.499999985694885,3.548200000001160
0.499999985694885,3.548300000001160
0.499999985694885,3.548400000001160
0.499999985694885,3.548500000001160
0.499999985694885,3.548600000001160
0.499999985694885,3.548700000001160
0.499999985694885,3.548800000001160
0.499999985694885,3.548900000001160
0.499999985694885,3.549000000001160
0.499999985694885,3.549100000001160
0.499999985694885,3.549200000001160
0.499999985694885,3.549300000001160
0.499999985694885,3.549400000001160
0.499999985694885,3.549500000001160
0.499999985694885,3.549600000001160
0.499999985694885,3.549700000001160
0.499999985694885,3.549800000001160
0.499999985694885,3.549900000001160
0.499999985694885,3.550000000001160
0.499999985694885,3.550100000001160
0.499999985694885,3.550200000001160
0.499999985694885,3.550300000001160
0.499999985694885,3.550400000001160
0.499999985694885,3.550500000001160
0.499999985694885,3.550600000001160
0.499999985694885,3.550700000001160
0.499999985694885,3.550800000001160
0.499999985694885,3.550900000001160
0.499999985694885,3.551000000001160
0.499999985694885,3.551100000001160
0.499999985694885,3.551200000001160
0.499999985694885,3.551300000001160
0.499999985694885,3.551400000001160
0.499999985694885,3.551500000001160
0.499999985694885,3.551600000001160
0.499999985694885,3.551700000001160
0.499999985694885,3.551800000001160
0.499999985694885,3.551900000001160
0.499999985694885,3.552000000001160
0.499999985694885,3.552100000001170
0.499999985694885,3.552200000001170
0.499999985694885,3.552300000001170
0.499999985694885,3.552400000001170
0.499999985694885,3.552500000001170
0.499999985694885,3.552600000001170
0.499999985694885,3.552700000001170
0.499999985694885,3.552800000001170
0.499999985694885,3.552900000001170
0.499999985694885,3.553000000001170
0.499999985694885,3.553100000001170
0.499999985694885,3.553200000001170
0.499999985694885,3.553300000001170
0.499999985694885,3.553400000001170
0.499999985694885,3.553500000001170
0.499999985694885,3.553600000001170
0.499999985694885,3.553700000001170
0.499999985694885,3.553800000001170
0.499999985694885,3.553900000001170
0.499999985694885,3.554000000001170
0.499999985694885,3.554100000001170
0.499999985694885,3.554200000001170
0.499999985694885,3.554300000001170
0.499999985694885,3.554400000001170
0.499999985694885,3.554500000001170
0.499999985694885,3.554600000001170
0.499999985694885,3.554700000001170
0.499999985694885,3.554800000001170
0.499999985694885,3.554900000001170
0.499999985694885,3.555000000001170
0.499999985694885,3.555100000001170
0.499999985694885,3.555200000001170
0.499999985694885,3.555300000001170
0.499999985694885,3.555400000001170
0.499999985694885,3.555500000001170
0.499999985694885,3.555600000001170
0.499999985694885,3.555700000001170
0.499999985694885,3.555800000001170
0.499999985694885,3.555900000001170
0.499999985694885,3.556000000001170
0.499999985694885,3.556100000001170
0.499999985694885,3.556200000001170
0.499999985694885,3.556300000001170
0.499999985694885,3.556400000001170
0.499999985694885,3.556500000001170
0.499999985694885,3.556600000001170
0.499999985694885,3.556700000001170
0.499999985694885,3.556800000001180
0.499999985694885,3.556900000001180
0.499999985694885,3.557000000001180
0.499999985694885,3.557100000001180
0.499999985694885,3.557200000001180
0.499999985694885,3.557300000001180
0.499999985694885,3.557400000001180
0.499999985694885,3.557500000001180
0.499999985694885,3.557600000001180
0.499999985694885,3.557700000001180
0.499999985694885,3.557800000001180
0.499999985694885,3.557900000001180
0.499999985694885,3.558000000001180
0.499999985694885,3.558100000001180
0.499999985694885,3.558200000001180
0.499999985694885,3.558300000001180
0.499999985694885,3.558400000001180
0.499999985694885,3.558500000001180
0.499999985694885,3.558600000001180
0.499999985694885,3.558700000001180
0.499999985694885,3.558800000001180
0.499999985694885,3.558900000001180
0.499999985694885,3.559000000001180
0.499999985694885,3.559100000001180
0.499999985694885,3.559200000001180
0.499999985694885,3.559300000001180
0.499999985694885,3.559400000001180
0.499999985694885,3.559500000001180
0.499999985694885,3.559600000001180
0.499999985694885,3.559700000001180
0.499999985694885,3.559800000001180
0.499999985694885,3.559900000001180
0.499999985694885,3.560000000001180
0.499999985694885,3.560100000001180
0.499999985694885,3.560200000001180
0.499999985694885,3.560300000001180
0.499999985694885,3.560400000001180
0.499999985694885,3.560500000001180
0.499999985694885,3.560600000001180
0.499999985694885,3.560700000001180
0.499999985694885,3.560800000001180
0.499999985694885,3.560900000001180
0.499999985694885,3.561000000001180
0.499999985694885,3.561100000001180
0.499999985694885,3.561200000001180
0.499999985694885,3.561300000001180
0.499999985694885,3.561400000001180
0.499999985694885,3.561500000001180
0.499999985694885,3.561600000001190
0.499999985694885,3.561700000001190
0.499999985694885,3.561800000001190
0.499999985694885,3.561900000001190
0.499999985694885,3.562000000001190
0.499999985694885,3.562100000001190
0.499999985694885,3.562200000001190
0.499999985694885,3.562300000001190
0.499999985694885,3.562400000001190
0.499999985694885,3.562500000001190
0.499999985694885,3.562600000001190
0.499999985694885,3.562700000001190
0.499999985694885,3.562800000001190
0.499999985694885,3.562900000001190
0.499999985694885,3.563000000001190
0.499999985694885,3.563100000001190
0.499999985694885,3.563200000001190
0.499999985694885,3.563300000001190
0.499999985694885,3.563400000001190
0.499999985694885,3.563500000001190
0.499999985694885,3.563600000001190
0.499999985694885,3.563700000001190
0.499999985694885,3.563800000001190
0.499999985694885,3.563900000001190
0.499999985694885,3.564000000001190
0.499999985694885,3.564100000001190
0.499999985694885,3.564200000001190
0.499999985694885,3.564300000001190
0.499999985694885,3.564400000001190
0.499999985694885,3.564500000001190
0.499999985694885,3.564600000001190
0.499999985694885,3.564700000001190
0.499999985694885,3.564800000001190
0.499999985694885,3.564900000001190
0.499999985694885,3.565000000001190
0.499999985694885,3.565100000001190
0.499999985694885,3.565200000001190
0.499999985694885,3.565300000001190
0.499999985694885,3.565400000001190
0.499999985694885,3.565500000001190
0.499999985694885,3.565600000001190
0.499999985694885,3.565700000001190
0.499999985694885,3.565800000001190
0.499999985694885,3.565900000001190
0.499999985694885,3.566000000001190
0.499999985694885,3.566100000001190
0.499999985694885,3.566200000001190
0.499999985694885,3.566300000001200
0.499999985694885,3.566400000001200
0.499999985694885,3.566500000001200
0.499999985694885,3.566600000001200
0.499999985694885,3.566700000001200
0.499999985694885,3.566800000001200
0.499999985694885,3.566900000001200
0.499999985694885,3.567000000001200
0.499999985694885,3.567100000001200
0.499999985694885,3.567200000001200
0.499999985694885,3.567300000001200
0.499999985694885,3.567400000001200
0.499999985694885,3.567500000001200
0.499999985694885,3.567600000001200
0.499999985694885,3.567700000001200
0.499999985694885,3.567800000001200
0.499999985694885,3.567900000001200
0.499999985694885,3.568000000001200
0.499999985694885,3.568100000001200
0.499999985694885,3.568200000001200
0.499999985694885,3.568300000001200
0.499999985694885,3.568400000001200
0.499999985694885,3.568500000001200
0.499999985694885,3.568600000001200
0.499999985694885,3.568700000001200
0.499999985694885,3.568800000001200
0.499999985694885,3.568900000001200
0.499999985694885,3.569000000001200
0.499999985694885,3.569100000001200
0.499999985694885,3.569200000001200
0.499999985694885,3.569300000001200
0.499999985694885,3.569400000001200
0.499999985694885,3.569500000001200
0.499999985694885,3.569600000001200
0.499999985694885,3.569700000001200
0.499999985694885,3.569800000001200
0.499999985694885,3.569900000001200
0.499999985694885,3.570000000001200
0.499999985694885,3.570100000001200
0.499999985694885,3.570200000001200
0.499999985694885,3.570300000001200
0.499999985694885,3.570400000001200
0.499999985694885,3.570500000001200
0.499999985694885,3.570600000001200
0.499999985694885,3.570700000001200
0.499999985694885,3.570800000001200
0.499999985694885,3.570900000001200
0.499999985694885,3.571000000001200
0.499999985694885,3.571100000001210
0.499999985694885,3.571200000001210
0.499999985694885,3.571300000001210
0.499999985694885,3.571400000001210
0.499999985694885,3.571500000001210
0.499999985694885,3.571600000001210
0.499999985694885,3.571700000001210
0.499999985694885,3.571800000001210
0.499999985694885,3.571900000001210
0.499999985694885,3.572000000001210
0.499999985694885,3.572100000001210
0.499999985694885,3.572200000001210
0.499999985694885,3.572300000001210
0.499999985694885,3.572400000001210
0.499999985694885,3.572500000001210
0.499999985694885,3.572600000001210
0.499999985694885,3.572700000001210
0.499999985694885,3.572800000001210
0.499999985694885,3.572900000001210
0.499999985694885,3.573000000001210
0.499999985694885,3.573100000001210
0.499999985694885,3.573200000001210
0.499999985694885,3.573300000001210
0.499999985694885,3.573400000001210
0.499999985694885,3.573500000001210
0.499999985694885,3.573600000001210
0.499999985694885,3.573700000001210
0.499999985694885,3.573800000001210
0.499999985694885,3.573900000001210
0.499999985694885,3.574000000001210
0.499999985694885,3.574100000001210
0.499999985694885,3.574200000001210
0.499999985694885,3.574300000001210
0.499999985694885,3.574400000001210
0.499999985694885,3.574500000001210
0.499999985694885,3.574600000001210
0.499999985694885,3.574700000001210
0.499999985694885,3.574800000001210
0.499999985694885,3.574900000001210
0.499999985694885,3.575000000001210
0.499999985694885,3.575100000001210
0.499999985694885,3.575200000001210
0.499999985694885,3.575300000001210
0.499999985694885,3.575400000001210
0.499999985694885,3.575500000001210
0.499999985694885,3.575600000001210
0.499999985694885,3.575700000001210
0.499999985694885,3.575800000001220
0.499999985694885,3.575900000001220
0.499999985694885,3.576000000001220
0.499999985694885,3.576100000001220
0.499999985694885,3.576200000001220
0.499999985694885,3.576300000001220
0.499999985694885,3.576400000001220
0.499999985694885,3.576500000001220
0.499999985694885,3.576600000001220
0.499999985694885,3.576700000001220
0.499999985694885,3.576800000001220
0.499999985694885,3.576900000001220
0.499999985694885,3.577000000001220
0.499999985694885,3.577100000001220
0.499999985694885,3.577200000001220
0.499999985694885,3.577300000001220
0.499999985694885,3.577400000001220
0.499999985694885,3.577500000001220
0.499999985694885,3.577600000001220
0.499999985694885,3.577700000001220
0.499999985694885,3.577800000001220
0.499999985694885,3.577900000001220
0.499999985694885,3.578000000001220
0.499999985694885,3.578100000001220
0.499999985694885,3.578200000001220
0.499999985694885,3.578300000001220
0.499999985694885,3.578400000001220
0.499999985694885,3.578500000001220
0.499999985694885,3.578600000001220
0.499999985694885,3.578700000001220
0.499999985694885,3.578800000001220
0.499999985694885,3.578900000001220
0.499999985694885,3.579000000001220
0.499999985694885,3.579100000001220
0.499999985694885,3.579200000001220
0.499999985694885,3.579300000001220
0.499999985694885,3.579400000001220
0.499999985694885,3.579500000001220
0.499999985694885,3.579600000001220
0.499999985694885,3.579700000001220
0.499999985694885,3.579800000001220
0.499999985694885,3.579900000001220
0.499999985694885,3.580000000001220
0.499999985694885,3.580100000001220
0.499999985694885,3.580200000001220
0.499999985694885,3.580300000001220
0.499999985694885,3.580400000001220
0.499999985694885,3.580500000001230
0.499999985694885,3.580600000001230
0.499999985694885,3.580700000001230
0.499999985694885,3.580800000001230
0.499999985694885,3.580900000001230
0.499999985694885,3.581000000001230
0.499999985694885,3.581100000001230
0.499999985694885,3.581200000001230
0.499999985694885,3.581300000001230
0.499999985694885,3.581400000001230
0.499999985694885,3.581500000001230
0.499999985694885,3.581600000001230
0.499999985694885,3.581700000001230
0.499999985694885,3.581800000001230
0.499999985694885,3.581900000001230
0.499999985694885,3.582000000001230
0.499999985694885,3.582100000001230
0.499999985694885,3.582200000001230
0.499999985694885,3.582300000001230
0.499999985694885,3.582400000001230
0.499999985694885,3.582500000001230
0.499999985694885,3.582600000001230
0.499999985694885,3.582700000001230
0.499999985694885,3.582800000001230
0.499999985694885,3.582900000001230
0.499999985694885,3.583000000001230
0.499999985694885,3.583100000001230
0.499999985694885,3.583200000001230
0.499999985694885,3.583300000001230
0.499999985694885,3.583400000001230
0.499999985694885,3.583500000001230
0.499999955177307,3.583600000001230
0.499999985694885,3.583700000001230
0.499999985694885,3.583800000001230
0.499999985694885,3.583900000001230
0.499999955177307,3.584000000001230
0.499999955177307,3.584100000001230
0.499999985694885,3.584200000001230
0.499999955177307,3.584300000001230
0.499999985694885,3.584400000001230
0.499999985694885,3.584500000001230
0.499999985694885,3.584600000001230
0.499999985694885,3.584700000001230
0.499999985694885,3.584800000001230
0.499999955177307,3.584900000001230
0.499999985694885,3.585000000001230
0.499999985694885,3.585100000001230
0.499999985694885,3.585200000001230
0.499999985694885,3.585300000001240
0.499999985694885,3.585400000001240
0.499999985694885,3.585500000001240
0.499999955177307,3.585600000001240
0.499999955177307,3.585700000001240
0.499999985694885,3.585800000001240
0.499999985694885,3.585900000001240
0.499999985694885,3.586000000001240
0.499999985694885,3.586100000001240
0.499999985694885,3.586200000001240
0.499999955177307,3.586300000001240
0.499999955177307,3.586400000001240
0.499999985694885,3.586500000001240
0.499999955177307,3.586600000001240
0.499999955177307,3.586700000001240
0.499999985694885,3.586800000001240
0.499999985694885,3.586900000001240
0.499999955177307,3.587000000001240
0.499999985694885,3.587100000001240
0.499999985694885,3.587200000001240
0.499999985694885,3.587300000001240
0.499999985694885,3.587400000001240
0.499999955177307,3.587500000001240
0.499999955177307,3.587600000001240
0.499999985694885,3.587700000001240
0.499999985694885,3.587800000001240
0.499999985694885,3.587900000001240
0.499999985694885,3.588000000001240
0.499999955177307,3.588100000001240
0.499999985694885,3.588200000001240
0.499999955177307,3.588300000001240
0.499999985694885,3.588400000001240
0.499999955177307,3.588500000001240
0.499999985694885,3.588600000001240
0.499999985694885,3.588700000001240
0.499999985694885,3.588800000001240
0.499999985694885,3.588900000001240
0.499999985694885,3.589000000001240
0.499999955177307,3.589100000001240
0.499999985694885,3.589200000001240
0.499999985694885,3.589300000001240
0.499999985694885,3.589400000001240
0.499999985694885,3.589500000001240
0.499999985694885,3.589600000001240
0.499999985694885,3.589700000001240
0.499999955177307,3.589800000001240
0.499999985694885,3.589900000001240
0.499999985694885,3.590000000001250
0.499999985694885,3.590100000001250
0.499999955177307,3.590200000001250
0.499999985694885,3.590300000001250
0.499999985694885,3.590400000001250
0.499999955177307,3.590500000001250
0.499999985694885,3.590600000001250
0.499999985694885,3.590700000001250
0.499999985694885,3.590800000001250
0.499999955177307,3.590900000001250
0.499999985694885,3.591000000001250
0.499999985694885,3.591100000001250
0.499999955177307,3.591200000001250
0.499999985694885,3.591300000001250
0.499999985694885,3.591400000001250
0.499999955177307,3.591500000001250
0.499999955177307,3.591600000001250
0.499999985694885,3.591700000001250
0.499999955177307,3.591800000001250
0.499999985694885,3.591900000001250
0.499999955177307,3.592000000001250
0.499999985694885,3.592100000001250
0.499999985694885,3.592200000001250
0.499999985694885,3.592300000001250
0.499999985694885,3.592400000001250
0.499999985694885,3.592500000001250
0.499999985694885,3.592600000001250
0.499999955177307,3.592700000001250
0.499999985694885,3.592800000001250
0.499999985694885,3.592900000001250
0.499999985694885,3.593000000001250
0.499999985694885,3.593100000001250
0.499999985694885,3.593200000001250
0.499999985694885,3.593300000001250
0.499999985694885,3.593400000001250
0.499999985694885,3.593500000001250
0.499999985694885,3.593600000001250
0.499999985694885,3.593700000001250
0.499999985694885,3.593800000001250
0.499999985694885,3.593900000001250
0.499999985694885,3.594000000001250
0.499999955177307,3.594100000001250
0.499999985694885,3.594200000001250
0.499999985694885,3.594300000001250
0.499999985694885,3.594400000001250
0.499999955177307,3.594500000001250
0.499999955177307,3.594600000001250
0.499999924659729,3.594700000001260
0.499999955177307,3.594800000001260
0.499999985694885,3.594900000001260
0.499999985694885,3.595000000001260
0.499999985694885,3.595100000001260
0.499999985694885,3.595200000001260
0.499999955177307,3.595300000001260
0.499999985694885,3.595400000001260
0.499999985694885,3.595500000001260
0.499999985694885,3.595600000001260
0.499999955177307,3.595700000001260
0.499999985694885,3.595800000001260
0.499999985694885,3.595900000001260
0.499999955177307,3.596000000001260
0.499999985694885,3.596100000001260
0.499999985694885,3.596200000001260
0.499999985694885,3.596300000001260
0.499999985694885,3.596400000001260
0.499999955177307,3.596500000001260
0.499999985694885,3.596600000001260
0.499999985694885,3.596700000001260
0.499999985694885,3.596800000001260
0.499999985694885,3.596900000001260
0.499999955177307,3.597000000001260
0.499999985694885,3.597100000001260
0.499999985694885,3.597200000001260
0.499999955177307,3.597300000001260
0.499999985694885,3.597400000001260
0.499999955177307,3.597500000001260
0.499999955177307,3.597600000001260
0.499999985694885,3.597700000001260
0.499999955177307,3.597800000001260
0.499999985694885,3.597900000001260
0.499999955177307,3.598000000001260
0.499999955177307,3.598100000001260
0.499999955177307,3.598200000001260
0.499999985694885,3.598300000001260
0.499999985694885,3.598400000001260
0.499999955177307,3.598500000001260
0.499999924659729,3.598600000001260
0.499999924659729,3.598700000001260
0.499999985694885,3.598800000001260
0.499999985694885,3.598900000001260
0.499999955177307,3.599000000001260
0.499999985694885,3.599100000001260
0.499999985694885,3.599200000001260
0.499999924659729,3.599300000001260
0.499999924659729,3.599400000001260
0.499999985694885,3.599500000001270
0.499999955177307,3.599600000001270
0.499999924659729,3.599700000001270
0.499999955177307,3.599800000001270
0.499999924659729,3.599900000001270
0.499999924659729,3.600000000001270
0.499999955177307,3.600100000001270
0.499999955177307,3.600200000001270
0.499999955177307,3.600300000001270
0.499999985694885,3.600400000001270
0.499999985694885,3.600500000001270
0.499999924659729,3.600600000001270
0.499999955177307,3.600700000001270
0.499999955177307,3.600800000001270
0.499999985694885,3.600900000001270
0.499999924659729,3.601000000001270
0.499999955177307,3.601100000001270
0.499999955177307,3.601200000001270
0.499999985694885,3.601300000001270
0.499999955177307,3.601400000001270
0.499999985694885,3.601500000001270
0.499999985694885,3.601600000001270
0.499999985694885,3.601700000001270
0.499999985694885,3.601800000001270
0.499999924659729,3.601900000001270
0.499999924659729,3.602000000001270
0.499999896049500,3.602100000001270
0.499999924659729,3.602200000001270
0.499999955177307,3.602300000001270
0.499999955177307,3.602400000001270
0.499999836921692,3.602500000001270
0.499999955177307,3.602600000001270
0.499999896049500,3.602700000001270
0.499999955177307,3.602800000001270
0.499999775886536,3.602900000001270
0.499999567985535,3.603000000001270
0.474602326393127,3.603100000001270
0.499998047828674,3.603100000001270
0.524998337745666,3.603100000001270
0.446065947532654,3.603200000001270
0.499999419212341,3.603200000001270
0.552999466896057,3.603200000001270
0.428999945640564,3.603300000001270
0.499999836921692,3.603300000001270
0.570903212547302,3.603300000001270
0.414999947547913,3.603400000001270
0.499999865531921,3.603400000001270
0.584096343040466,3.603400000001270
0.403999909400940,3.603500000001270
0.499999865531921,3.603500000001270
0.595929057121277,3.603500000001270
0.393999949455261,3.603600000001270
0.499999955177307,3.603600000001270
0.605842501640320,3.603600000001270
0.384999915122986,3.603700000001270
0.499999865531921,3.603700000001270
0.614518315315247,3.603700000001270
0.376999930381775,3.603800000001270
0.499999985694885,3.603800000001270
0.622518568992615,3.603800000001270
0.369917199134827,3.603900000001270
0.499999985694885,3.603900000001270
0.629999964714050,3.603900000001270
0.362999991416931,3.604000000001270
0.499999955177307,3.604000000001270
0.636500508308411,3.604000000001270
0.356999949455261,3.604100000001270
0.499999955177307,3.604100000001270
0.642878741264344,3.604100000001270
0.350999995231628,3.604200000001280
0.499999955177307,3.604200000001280
0.648370057106018,3.604200000001280
0.345894143104553,3.604300000001280
0.499999985694885,3.604300000001280
0.653999955177307,3.604300000001280
0.340892539024353,3.604400000001280
0.499999985694885,3.604400000001280
0.658999949455261,3.604400000001280
0.335999951362610,3.604500000001280
0.499999985694885,3.604500000001280
0.663488238334656,3.604500000001280
0.331738873481751,3.604600000001280
0.499999985694885,3.604600000001280
0.667999953269959,3.604600000001280
0.327491835594177,3.604700000001280
0.499999985694885,3.604700000001280
0.671999960899353,3.604700000001280
0.323768391609192,3.604800000001280
0.499999985694885,3.604800000001280
0.675999968528748,3.604800000001280
0.319999978065491,3.604900000001280
0.499999985694885,3.604900000001280
0.679480046272278,3.604900000001280
0.316697314262390,3.605000000001280
0.499999985694885,3.605000000001280
0.682999999046326,3.605000000001280
0.313314721107483,3.605100000001280
0.499999985694885,3.605100000001280
0.685999958992004,3.605100000001280
0.310316369056702,3.605200000001280
0.499999985694885,3.605200000001280
0.688999979972839,3.605200000001280
0.307712241172790,3.605300000001280
0.499999985694885,3.605300000001280
0.691999941825867,3.605300000001280
0.304999991416931,3.605400000001280
0.499999985694885,3.605400000001280
0.694535046577454,3.605400000001280
0.302575186729431,3.605500000001280
0.499999985694885,3.605500000001280
0.696999997138977,3.605500000001280
0.300017491340637,3.605600000001280
0.499999985694885,3.605600000001280
0.297999993324280,3.605700000001280
0.499999985694885,3.605700000001280
0.701221018791199,3.605700000001280
0.295999989509583,3.605800000001280
0.499999985694885,3.605800000001280
0.703121453285217,3.605800000001280
0.294280007362366,3.605900000001280
0.499999985694885,3.605900000001280
0.704999953269958,3.605900000001280
0.292979851722717,3.606000000001280
0.499999985694885,3.606000000001280
0.706999987602234,3.606000000001280
0.290999993324280,3.606100000001280
0.499999985694885,3.606100000001280
0.708034962654114,3.606100000001280
0.289999976158142,3.606200000001280
0.499999985694885,3.606200000001280
0.709751994132996,3.606200000001280
0.288804932594299,3.606300000001280
0.499999985694885,3.606300000001280
0.710999995231628,3.606300000001280
0.287644431114197,3.606400000001280
0.499999985694885,3.606400000001280
0.711999981880188,3.606400000001280
0.286755963325501,3.606500000001280
0.499999985694885,3.606500000001280
0.712999970436096,3.606500000001280
0.285999999046326,3.606600000001280
0.499999985694885,3.606600000001280
0.713867098808289,3.606600000001280
0.284999981880188,3.606700000001280
0.499999985694885,3.606700000001280
0.714219481468201,3.606700000001280
0.284689263343811,3.606800000001280
0.499999985694885,3.606800000001280
0.714999943733215,3.606800000001280
0.283999995231628,3.606900000001280
0.499999985694885,3.606900000001280
0.715136736869812,3.606900000001280
0.283999995231628,3.607000000001280
0.499999985694885,3.607000000001280
0.715704052925110,3.607000000001280
0.283990338325501,3.607100000001280
0.499999985694885,3.607100000001280
0.715999991416931,3.607100000001280
0.283944205284119,3.607200000001280
0.499999985694885,3.607200000001280
0.715999991416931,3.607200000001280
0.283999995231628,3.607300000001280
0.499999985694885,3.607300000001280
0.715841620445251,3.607300000001280
0.283999995231628,3.607400000001280
0.499999985694885,3.607400000001280
0.715367228507996,3.607400000001280
0.284369185447693,3.607500000001280
0.499999985694885,3.607500000001280
0.714999943733215,3.607500000001280
0.284999981880188,3.607600000001280
0.499999985694885,3.607600000001280
0.714632481575012,3.607600000001280
0.285633131980896,3.607700000001280
0.499999985694885,3.607700000001280
0.713999957084656,3.607700000001280
0.286161705970764,3.607800000001280
0.499999985694885,3.607800000001280
0.712999970436096,3.607800000001280
0.286999985694885,3.607900000001280
0.499999985694885,3.607900000001280
0.712034195899963,3.607900000001280
0.288035883903503,3.608000000001280
0.499999985694885,3.608000000001280
0.710999995231628,3.608000000001280
0.289390370368958,3.608100000001280
0.499999985694885,3.608100000001280
0.709999949455261,3.608100000001280
0.290999993324280,3.608200000001280
0.499999985694885,3.608200000001280
0.708960144996643,3.608200000001280
0.292012557029724,3.608300000001280
0.499999985694885,3.608300000001280
0.707033186912537,3.608300000001280
0.293999985694885,3.608400000001280
0.499999985694885,3.608400000001280
0.705806582450867,3.608400000001280
0.295717522621155,3.608500000001280
0.499999985694885,3.608500000001280
0.703999966621399,3.608500000001280
0.297551884651184,3.608600000001280
0.499999985694885,3.608600000001280
0.701999991416931,3.608600000001280
0.299713030815125,3.608700000001280
0.499999985694885,3.608700000001280
0.699999958992005,3.608700000001280
0.301999970436096,3.608800000001280
0.499999985694885,3.608800000001280
0.697804957389832,3.608800000001280
0.304038866996765,3.608900000001280
0.499999985694885,3.608900000001280
0.694999962806702,3.608900000001280
0.306999997138977,3.609000000001290
0.499999985694885,3.609000000001290
0.692790181159973,3.609000000001290
0.309771582603455,3.609100000001290
0.499999985694885,3.609100000001290
0.689999968528748,3.609100000001290
0.312706007957459,3.609200000001290
0.499999985694885,3.609200000001290
0.686999947547913,3.609200000001290
0.315999999046326,3.609300000001290
0.499999985694885,3.609300000001290
0.683955937385559,3.609300000001290
0.318999991416931,3.609400000001290
0.499999985694885,3.609400000001290
0.680172949790955,3.609400000001290
0.322999999046326,3.609500000001290
0.499999985694885,3.609500000001290
0.676958472251892,3.609500000001290
0.326756314277649,3.609600000001290
0.499999955177307,3.609600000001290
0.672999947547913,3.609600000001290
0.330964640617371,3.609700000001290
0.499999955177307,3.609700000001290
0.668999939918518,3.609700000001290
0.334999993324280,3.609800000001290
0.499999955177307,3.609800000001290
0.664252549171447,3.609800000001290
0.339999989509583,3.609900000001290
0.499999985694885,3.609900000001290
0.659896939277649,3.609900000001290
0.344999983787537,3.610000000001290
0.499999924659729,3.610000000001290
0.654889077186585,3.610000000001290
0.349999979972839,3.610100000001290
0.499999924659729,3.610100000001290
0.649135739326477,3.610100000001290
0.355999960899353,3.610200000001290
0.499999955177307,3.610200000001290
0.643614857673645,3.610200000001290
0.361999974250793,3.610300000001290
0.499999955177307,3.610300000001290
0.637161581993103,3.610300000001290
0.368999943733215,3.610400000001290
0.499999955177307,3.610400000001290
0.630715697288513,3.610400000001290
0.375999972343445,3.610500000001290
0.499999896049500,3.610500000001290
0.623033314704895,3.610500000001290
0.384036465644836,3.610600000001290
0.499999955177307,3.610600000001290
0.614999979972839,3.610600000001290
0.392999932289123,3.610700000001290
0.499999747276306,3.610700000001290
0.606157629966736,3.610700000001290
0.402999953269959,3.610800000001290
0.499999924659729,3.610800000001290
0.596070439338684,3.610800000001290
0.414977684974670,3.610900000001290
0.499999896049500,3.610900000001290
0.584999949455261,3.610900000001290
0.428574547767639,3.611000000001290
0.499999686241150,3.611000000001290
0.570999890327454,3.611000000001290
0.445999636650085,3.611100000001290
0.499999896049500,3.611100000001290
0.553007037162781,3.611100000001290
0.475352183341980,3.611200000001290
0.499998673439026,3.611200000001290
0.523998171806336,3.611200000001290
0.499999360084534,3.611300000001290
0.499999686241150,3.611400000001290
0.499999598503113,3.611500000001290
0.499999865531921,3.611600000001290
0.499999865531921,3.611700000001290
0.499999896049500,3.611800000001290
0.499999747276306,3.611900000001290
0.499999955177307,3.612000000001290
0.499999836921692,3.612100000001290
0.499999924659729,3.612200000001290
0.499999985694885,3.612300000001290
0.499999955177307,3.612400000001290
0.499999865531921,3.612500000001290
0.499999896049500,3.612600000001290
0.499999955177307,3.612700000001290
0.499999985694885,3.612800000001290
0.499999896049500,3.612900000001290
0.499999955177307,3.613000000001290
0.499999985694885,3.613100000001290
0.499999985694885,3.613200000001290
0.499999955177307,3.613300000001290
0.499999955177307,3.613400000001290
0.499999985694885,3.613500000001290
0.499999955177307,3.613600000001290
0.499999955177307,3.613700000001300
0.499999985694885,3.613800000001300
0.499999955177307,3.613900000001300
0.499999985694885,3.614000000001300
0.499999985694885,3.614100000001300
0.499999985694885,3.614200000001300
0.499999955177307,3.614300000001300
0.499999985694885,3.614400000001300
0.499999985694885,3.614500000001300
0.499999985694885,3.614600000001300
0.499999955177307,3.614700000001300
0.499999985694885,3.614800000001300
0.499999985694885,3.614900000001300
0.499999985694885,3.615000000001300
0.499999985694885,3.615100000001300
0.499999985694885,3.615200000001300
0.499999985694885,3.615300000001300
0.499999985694885,3.615400000001300
0.499999985694885,3.615500000001300
0.499999955177307,3.615600000001300
0.499999985694885,3.615700000001300
0.499999985694885,3.615800000001300
0.499999985694885,3.615900000001300
0.499999985694885,3.616000000001300
0.499999985694885,3.616100000001300
0.499999985694885,3.616200000001300
0.499999985694885,3.616300000001300
0.499999985694885,3.616400000001300
0.499999985694885,3.616500000001300
0.499999985694885,3.616600000001300
0.499999985694885,3.616700000001300
0.499999985694885,3.616800000001300
0.499999985694885,3.616900000001300
0.499999985694885,3.617000000001300
0.499999985694885,3.617100000001300
0.499999985694885,3.617200000001300
0.499999985694885,3.617300000001300
0.499999985694885,3.617400000001300
0.499999985694885,3.617500000001300
0.499999985694885,3.617600000001300
0.499999985694885,3.617700000001300
0.499999985694885,3.617800000001300
0.499999985694885,3.617900000001300
0.499999985694885,3.618000000001300
0.499999985694885,3.618100000001300
0.499999985694885,3.618200000001300
0.499999985694885,3.618300000001300
0.499999985694885,3.618400000001310
0.499999985694885,3.618500000001310
0.499999985694885,3.618600000001310
0.499999985694885,3.618700000001310
0.499999985694885,3.618800000001310
0.499999985694885,3.618900000001310
0.499999985694885,3.619000000001310
0.499999985694885,3.619100000001310
0.499999985694885,3.619200000001310
0.499999985694885,3.619300000001310
0.499999985694885,3.619400000001310
0.499999985694885,3.619500000001310
0.499999985694885,3.619600000001310
0.499999985694885,3.619700000001310
0.499999985694885,3.619800000001310
0.499999985694885,3.619900000001310
0.499999985694885,3.620000000001310
0.499999985694885,3.620100000001310
0.499999985694885,3.620200000001310
0.499999985694885,3.620300000001310
0.499999985694885,3.620400000001310
0.499999985694885,3.620500000001310
0.499999985694885,3.620600000001310
0.499999985694885,3.620700000001310
0.499999985694885,3.620800000001310
0.499999985694885,3.620900000001310
0.499999985694885,3.621000000001310
0.499999985694885,3.621100000001310
0.499999985694885,3.621200000001310
0.499999985694885,3.621300000001310
0.499999985694885,3.621400000001310
0.499999985694885,3.621500000001310
0.499999985694885,3.621600000001310
0.499999985694885,3.621700000001310
0.499999985694885,3.621800000001310
0.499999985694885,3.621900000001310
0.499999985694885,3.622000000001310
0.499999985694885,3.622100000001310
0.499999985694885,3.622200000001310
0.499999985694885,3.622300000001310
0.499999985694885,3.622400000001310
0.499999985694885,3.622500000001310
0.499999985694885,3.622600000001310
0.499999985694885,3.622700000001310
0.499999985694885,3.622800000001310
0.499999985694885,3.622900000001310
0.499999985694885,3.623000000001310
0.499999985694885,3.623100000001310
0.499999985694885,3.623200000001320
0.499999985694885,3.623300000001320
0.499999985694885,3.623400000001320
0.499999985694885,3.623500000001320
0.499999985694885,3.623600000001320
0.499999985694885,3.623700000001320
0.499999985694885,3.623800000001320
0.499999985694885,3.623900000001320
0.499999985694885,3.624000000001320
0.499999985694885,3.624100000001320
0.499999985694885,3.624200000001320
0.499999985694885,3.624300000001320
0.499999985694885,3.624400000001320
0.499999985694885,3.624500000001320
0.499999985694885,3.624600000001320
0.499999985694885,3.624700000001320
0.499999985694885,3.624800000001320
0.499999985694885,3.624900000001320
0.499999985694885,3.625000000001320
0.499999985694885,3.625100000001320
0.499999985694885,3.625200000001320
0.499999985694885,3.625300000001320
0.499999985694885,3.625400000001320
0.499999985694885,3.625500000001320
0.499999985694885,3.625600000001320
0.499999985694885,3.625700000001320
0.499999985694885,3.625800000001320
0.499999985694885,3.625900000001320
0.499999985694885,3.626000000001320
0.499999985694885,3.626100000001320
0.499999985694885,3.626200000001320
0.499999985694885,3.626300000001320
0.499999985694885,3.626400000001320
0.499999985694885,3.626500000001320
0.499999985694885,3.626600000001320
0.499999985694885,3.626700000001320
0.499999985694885,3.626800000001320
0.499999985694885,3.626900000001320
0.499999985694885,3.627000000001320
0.499999985694885,3.627100000001320
0.499999985694885,3.627200000001320
0.499999985694885,3.627300000001320
0.499999985694885,3.627400000001320
0.499999985694885,3.627500000001320
0.499999985694885,3.627600000001320
0.499999985694885,3.627700000001320
0.499999985694885,3.627800000001320
0.499999985694885,3.627900000001330
0.499999985694885,3.628000000001330
0.499999985694885,3.628100000001330
0.499999985694885,3.628200000001330
0.499999985694885,3.628300000001330
0.499999985694885,3.628400000001330
0.499999985694885,3.628500000001330
0.499999985694885,3.628600000001330
0.499999985694885,3.628700000001330
0.499999985694885,3.628800000001330
0.499999985694885,3.628900000001330
0.499999985694885,3.629000000001330
0.499999985694885,3.629100000001330
0.499999985694885,3.629200000001330
0.499999985694885,3.629300000001330
0.499999985694885,3.629400000001330
0.499999985694885,3.629500000001330
0.499999985694885,3.629600000001330
0.499999985694885,3.629700000001330
0.499999985694885,3.629800000001330
0.499999985694885,3.629900000001330
0.499999985694885,3.630000000001330
0.499999985694885,3.630100000001330
0.499999985694885,3.630200000001330
0.499999985694885,3.630300000001330
0.499999985694885,3.630400000001330
0.499999985694885,3.630500000001330
0.499999985694885,3.630600000001330
0.499999985694885,3.630700000001330
0.499999985694885,3.630800000001330
0.499999985694885,3.630900000001330
0.499999985694885,3.631000000001330
0.499999985694885,3.631100000001330
0.499999985694885,3.631200000001330
0.499999985694885,3.631300000001330
0.499999985694885,3.631400000001330
0.499999985694885,3.631500000001330
0.499999985694885,3.631600000001330
0.499999985694885,3.631700000001330
0.499999985694885,3.631800000001330
0.499999985694885,3.631900000001330
0.499999985694885,3.632000000001330
0.499999985694885,3.632100000001330
0.499999985694885,3.632200000001330
0.499999985694885,3.632300000001330
0.499999985694885,3.632400000001330
0.499999985694885,3.632500000001330
0.499999985694885,3.632600000001330
0.499999985694885,3.632700000001340
0.499999985694885,3.632800000001340
0.499999985694885,3.632900000001340
0.499999985694885,3.633000000001340
0.499999985694885,3.633100000001340
0.499999985694885,3.633200000001340
0.499999985694885,3.633300000001340
0.499999985694885,3.633400000001340
0.499999985694885,3.633500000001340
0.499999985694885,3.633600000001340
0.499999985694885,3.633700000001340
0.499999985694885,3.633800000001340
0.499999985694885,3.633900000001340
0.499999985694885,3.634000000001340
0.499999985694885,3.634100000001340
0.499999985694885,3.634200000001340
0.499999985694885,3.634300000001340
0.499999985694885,3.634400000001340
0.499999985694885,3.634500000001340
0.499999985694885,3.634600000001340
0.499999985694885,3.634700000001340
0.499999985694885,3.634800000001340
0.499999985694885,3.634900000001340
0.499999985694885,3.635000000001340
0.499999985694885,3.635100000001340
0.499999985694885,3.635200000001340
0.499999985694885,3.635300000001340
0.499999985694885,3.635400000001340
0.499999985694885,3.635500000001340
0.499999985694885,3.635600000001340
0.499999985694885,3.635700000001340
0.499999985694885,3.635800000001340
0.499999985694885,3.635900000001340
0.499999985694885,3.636000000001340
0.499999985694885,3.636100000001340
0.499999985694885,3.636200000001340
0.499999985694885,3.636300000001340
0.499999985694885,3.636400000001340
0.499999985694885,3.636500000001340
0.499999985694885,3.636600000001340
0.499999985694885,3.636700000001340
0.499999985694885,3.636800000001340
0.499999985694885,3.636900000001340
0.499999985694885,3.637000000001340
0.499999985694885,3.637100000001340
0.499999985694885,3.637200000001340
0.499999985694885,3.637300000001340
0.499999985694885,3.637400000001350
0.499999985694885,3.637500000001350
0.499999985694885,3.637600000001350
0.499999985694885,3.637700000001350
0.499999985694885,3.637800000001350
0.499999985694885,3.637900000001350
0.499999985694885,3.638000000001350
0.499999985694885,3.638100000001350
0.499999985694885,3.638200000001350
0.499999985694885,3.638300000001350
0.499999985694885,3.638400000001350
0.499999985694885,3.638500000001350
0.499999985694885,3.638600000001350
0.499999985694885,3.638700000001350
0.499999985694885,3.638800000001350
0.499999985694885,3.638900000001350
0.499999985694885,3.639000000001350
0.499999985694885,3.639100000001350
0.499999985694885,3.639200000001350
0.499999985694885,3.639300000001350
0.499999985694885,3.639400000001350
0.499999985694885,3.639500000001350
0.499999985694885,3.639600000001350
0.499999985694885,3.639700000001350
0.499999985694885,3.639800000001350
0.499999985694885,3.639900000001350
0.499999985694885,3.640000000001350
0.499999985694885,3.640100000001350
0.499999985694885,3.640200000001350
0.499999985694885,3.640300000001350
0.499999985694885,3.640400000001350
0.499999985694885,3.640500000001350
0.499999985694885,3.640600000001350
0.499999985694885,3.640700000001350
0.499999985694885,3.640800000001350
0.499999985694885,3.640900000001350
0.499999985694885,3.641000000001350
0.499999985694885,3.641100000001350
0.499999985694885,3.641200000001350
0.499999985694885,3.641300000001350
0.499999985694885,3.641400000001350
0.499999985694885,3.641500000001350
0.499999985694885,3.641600000001350
0.499999985694885,3.641700000001350
0.499999985694885,3.641800000001350
0.499999985694885,3.641900000001350
0.499999985694885,3.642000000001350
0.499999985694885,3.642100000001360
0.499999985694885,3.642200000001360
0.499999985694885,3.642300000001360
0.499999985694885,3.642400000001360
0.499999985694885,3.642500000001360
0.499999985694885,3.642600000001360
0.499999985694885,3.642700000001360
0.499999985694885,3.642800000001360
0.499999985694885,3.642900000001360
0.499999985694885,3.643000000001360
0.499999985694885,3.643100000001360
0.499999985694885,3.643200000001360
0.499999985694885,3.643300000001360
0.499999985694885,3.643400000001360
0.499999985694885,3.643500000001360
0.499999985694885,3.643600000001360
0.499999985694885,3.643700000001360
0.499999985694885,3.643800000001360
0.499999985694885,3.643900000001360
0.499999985694885,3.644000000001360
0.499999985694885,3.644100000001360
0.499999985694885,3.644200000001360
0.499999985694885,3.644300000001360
0.499999985694885,3.644400000001360
0.499999985694885,3.644500000001360
0.499999985694885,3.644600000001360
0.499999985694885,3.644700000001360
0.499999985694885,3.644800000001360
0.499999985694885,3.644900000001360
0.499999985694885,3.645000000001360
0.499999985694885,3.645100000001360
0.499999985694885,3.645200000001360
0.499999985694885,3.645300000001360
0.499999985694885,3.645400000001360
0.499999985694885,3.645500000001360
0.499999985694885,3.645600000001360
0.499999985694885,3.645700000001360
0.499999985694885,3.645800000001360
0.499999985694885,3.645900000001360
0.499999985694885,3.646000000001360
0.499999985694885,3.646100000001360
0.499999985694885,3.646200000001360
0.499999985694885,3.646300000001360
0.499999985694885,3.646400000001360
0.499999985694885,3.646500000001360
0.499999985694885,3.646600000001360
0.499999985694885,3.646700000001360
0.499999985694885,3.646800000001360
0.499999985694885,3.646900000001370
0.499999985694885,3.647000000001370
0.499999985694885,3.647100000001370
0.499999985694885,3.647200000001370
0.499999985694885,3.647300000001370
0.499999985694885,3.647400000001370
0.499999985694885,3.647500000001370
0.499999985694885,3.647600000001370
0.499999985694885,3.647700000001370
0.499999985694885,3.647800000001370
0.499999985694885,3.647900000001370
0.499999985694885,3.648000000001370
0.499999985694885,3.648100000001370
0.499999985694885,3.648200000001370
0.499999985694885,3.648300000001370
0.499999985694885,3.648400000001370
0.499999985694885,3.648500000001370
0.499999985694885,3.648600000001370
0.499999985694885,3.648700000001370
0.499999985694885,3.648800000001370
0.499999985694885,3.648900000001370
0.499999985694885,3.649000000001370
0.499999985694885,3.649100000001370
0.499999985694885,3.649200000001370
0.499999985694885,3.649300000001370
0.499999985694885,3.649400000001370
0.499999985694885,3.649500000001370
0.499999985694885,3.649600000001370
0.499999985694885,3.649700000001370
0.499999985694885,3.649800000001370
0.499999985694885,3.649900000001370
0.499999985694885,3.650000000001370
0.499999985694885,3.650100000001370
0.499999985694885,3.650200000001370
0.499999985694885,3.650300000001370
0.499999985694885,3.650400000001370
0.499999985694885,3.650500000001370
0.499999985694885,3.650600000001370
0.499999985694885,3.650700000001370
0.499999985694885,3.650800000001370
0.499999985694885,3.650900000001370
0.499999985694885,3.651000000001370
0.499999985694885,3.651100000001370
0.499999985694885,3.651200000001370
0.499999985694885,3.651300000001370
0.499999985694885,3.651400000001370
0.499999985694885,3.651500000001370
0.499999985694885,3.651600000001380
0.499999985694885,3.651700000001380
0.499999985694885,3.651800000001380
0.499999985694885,3.651900000001380
0.499999985694885,3.652000000001380
0.499999985694885,3.652100000001380
0.499999985694885,3.652200000001380
0.499999985694885,3.652300000001380
0.499999985694885,3.652400000001380
0.499999955177307,3.652500000001380
0.499999985694885,3.652600000001380
0.499999985694885,3.652700000001380
0.499999985694885,3.652800000001380
0.499999985694885,3.652900000001380
0.499999985694885,3.653000000001380
0.499999955177307,3.653100000001380
0.499999985694885,3.653200000001380
0.499999985694885,3.653300000001380
0.499999985694885,3.653400000001380
0.499999985694885,3.653500000001380
0.499999955177307,3.653600000001380
0.499999985694885,3.653700000001380
0.499999985694885,3.653800000001380
0.499999985694885,3.653900000001380
0.499999985694885,3.654000000001380
0.499999985694885,3.654100000001380
0.499999985694885,3.654200000001380
0.499999955177307,3.654300000001380
0.499999985694885,3.654400000001380
0.499999985694885,3.654500000001380
0.499999955177307,3.654600000001380
0.499999985694885,3.654700000001380
0.499999955177307,3.654800000001380
0.499999985694885,3.654900000001380
0.499999985694885,3.655000000001380
0.499999985694885,3.655100000001380
0.499999985694885,3.655200000001380
0.499999985694885,3.655300000001380
0.499999985694885,3.655400000001380
0.499999955177307,3.655500000001380
0.499999985694885,3.655600000001380
0.499999985694885,3.655700000001380
0.499999985694885,3.655800000001380
0.499999985694885,3.655900000001380
0.499999985694885,3.656000000001380
0.499999985694885,3.656100000001380
0.499999985694885,3.656200000001380
0.499999985694885,3.656300000001380
0.499999985694885,3.656400000001390
0.499999955177307,3.656500000001390
0.499999955177307,3.656600000001390
0.499999985694885,3.656700000001390
0.499999985694885,3.656800000001390
0.499999985694885,3.656900000001390
0.499999985694885,3.657000000001390
0.499999985694885,3.657100000001390
0.499999985694885,3.657200000001390
0.499999985694885,3.657300000001390
0.499999985694885,3.657400000001390
0.499999985694885,3.657500000001390
0.499999985694885,3.657600000001390
0.499999985694885,3.657700000001390
0.499999985694885,3.657800000001390
0.499999985694885,3.657900000001390
0.499999985694885,3.658000000001390
0.499999985694885,3.658100000001390
0.499999985694885,3.658200000001390
0.499999985694885,3.658300000001390
0.499999985694885,3.658400000001390
0.499999985694885,3.658500000001390
0.499999985694885,3.658600000001390
0.499999985694885,3.658700000001390
0.499999985694885,3.658800000001390
0.499999985694885,3.658900000001390
0.499999985694885,3.659000000001390
0.499999985694885,3.659100000001390
0.499999985694885,3.659200000001390
0.499999985694885,3.659300000001390
0.499999985694885,3.659400000001390
0.499999985694885,3.659500000001390
0.499999985694885,3.659600000001390
0.499999985694885,3.659700000001390
0.499999985694885,3.659800000001390
0.499999985694885,3.659900000001390
0.499999985694885,3.660000000001390
0.499999985694885,3.660100000001390
0.499999985694885,3.660200000001390
0.499999985694885,3.660300000001390
0.499999985694885,3.660400000001390
0.499999955177307,3.660500000001390
0.499999985694885,3.660600000001390
0.499999985694885,3.660700000001390
0.499999985694885,3.660800000001390
0.499999985694885,3.660900000001390
0.499999985694885,3.661000000001390
0.499999985694885,3.661100000001400
0.499999985694885,3.661200000001400
0.499999985694885,3.661300000001400
0.499999985694885,3.661400000001400
0.499999985694885,3.661500000001400
0.499999985694885,3.661600000001400
0.499999955177307,3.661700000001400
0.499999985694885,3.661800000001400
0.499999985694885,3.661900000001400
0.499999985694885,3.662000000001400
0.499999955177307,3.662100000001400
0.499999985694885,3.662200000001400
0.499999985694885,3.662300000001400
0.499999985694885,3.662400000001400
0.499999985694885,3.662500000001400
0.499999985694885,3.662600000001400
0.499999955177307,3.662700000001400
0.499999955177307,3.662800000001400
0.499999985694885,3.662900000001400
0.499999985694885,3.663000000001400
0.499999985694885,3.663100000001400
0.499999985694885,3.663200000001400
0.499999985694885,3.663300000001400
0.499999985694885,3.663400000001400
0.499999985694885,3.663500000001400
0.499999985694885,3.663600000001400
0.499999985694885,3.663700000001400
0.499999985694885,3.663800000001400
0.499999985694885,3.663900000001400
0.499999985694885,3.664000000001400
0.499999985694885,3.664100000001400
0.499999985694885,3.664200000001400
0.499999985694885,3.664300000001400
0.499999985694885,3.664400000001400
0.499999985694885,3.664500000001400
0.499999985694885,3.664600000001400
0.499999985694885,3.664700000001400
0.499999985694885,3.664800000001400
0.499999985694885,3.664900000001400
0.499999985694885,3.665000000001400
0.499999985694885,3.665100000001400
0.499999985694885,3.665200000001400
0.499999985694885,3.665300000001400
0.499999985694885,3.665400000001400
0.499999985694885,3.665500000001400
0.499999985694885,3.665600000001400
0.499999985694885,3.665700000001400
0.499999985694885,3.665800000001410
0.499999985694885,3.665900000001410
0.499999985694885,3.666000000001410
0.499999985694885,3.666100000001410
0.499999985694885,3.666200000001410
0.499999985694885,3.666300000001410
0.499999985694885,3.666400000001410
0.499999985694885,3.666500000001410
0.499999985694885,3.666600000001410
0.499999985694885,3.666700000001410
0.499999985694885,3.666800000001410
0.499999985694885,3.666900000001410
0.499999985694885,3.667000000001410
0.499999985694885,3.667100000001410
0.499999985694885,3.667200000001410
0.499999985694885,3.667300000001410
0.499999985694885,3.667400000001410
0.499999985694885,3.667500000001410
0.499999985694885,3.667600000001410
0.499999985694885,3.667700000001410
0.499999985694885,3.667800000001410
0.499999985694885,3.667900000001410
0.499999985694885,3.668000000001410
0.499999985694885,3.668100000001410
0.499999985694885,3.668200000001410
0.499999985694885,3.668300000001410
0.499999985694885,3.668400000001410
0.499999985694885,3.668500000001410
0.499999985694885,3.668600000001410
0.499999985694885,3.668700000001410
0.499999985694885,3.668800000001410
0.499999985694885,3.668900000001410
0.499999985694885,3.669000000001410
0.499999985694885,3.669100000001410
0.499999985694885,3.669200000001410
0.499999985694885,3.669300000001410
0.499999985694885,3.669400000001410
0.499999985694885,3.669500000001410
0.499999985694885,3.669600000001410
0.499999985694885,3.669700000001410
0.499999985694885,3.669800000001410
0.499999985694885,3.669900000001410
0.499999985694885,3.670000000001410
0.499999985694885,3.670100000001410
0.499999985694885,3.670200000001410
0.499999985694885,3.670300000001410
0.499999985694885,3.670400000001410
0.499999955177307,3.670500000001410
0.499999924659729,3.670600000001420
0.499999955177307,3.670700000001420
0.499999955177307,3.670800000001420
0.499999955177307,3.670900000001420
0.499999955177307,3.671000000001420
0.499999955177307,3.671100000001420
0.499999924659729,3.671200000001420
0.499999924659729,3.671300000001420
0.499999924659729,3.671400000001420
0.499999985694885,3.671500000001420
0.499999985694885,3.671600000001420
0.499999924659729,3.671700000001420
0.499999955177307,3.671800000001420
0.499999924659729,3.671900000001420
0.499999985694885,3.672000000001420
0.499999955177307,3.672100000001420
0.499999985694885,3.672200000001420
0.499999955177307,3.672300000001420
0.499999985694885,3.672400000001420
0.499999955177307,3.672500000001420
0.499999985694885,3.672600000001420
0.499999985694885,3.672700000001420
0.499999985694885,3.672800000001420
0.499999985694885,3.672900000001420
0.499999985694885,3.673000000001420
0.499999955177307,3.673100000001420
0.499999985694885,3.673200000001420
0.499999985694885,3.673300000001420
0.499999985694885,3.673400000001420
0.499999985694885,3.673500000001420
0.499999955177307,3.673600000001420
0.499999985694885,3.673700000001420
0.499999955177307,3.673800000001420
0.499999985694885,3.673900000001420
0.499999955177307,3.674000000001420
0.499999955177307,3.674100000001420
0.499999985694885,3.674200000001420
0.499999985694885,3.674300000001420
0.499999985694885,3.674400000001420
0.499999985694885,3.674500000001420
0.499999985694885,3.674600000001420
0.499999985694885,3.674700000001420
0.499999955177307,3.674800000001420
0.499999955177307,3.674900000001420
0.499999955177307,3.675000000001420
0.499999985694885,3.675100000001420
0.499999985694885,3.675200000001420
0.499999985694885,3.675300000001430
0.499999985694885,3.675400000001430
0.499999985694885,3.675500000001430
0.499999985694885,3.675600000001430
0.499999985694885,3.675700000001430
0.499999985694885,3.675800000001430
0.499999985694885,3.675900000001430
0.499999985694885,3.676000000001430
0.499999924659729,3.676100000001430
0.499999985694885,3.676200000001430
0.499999955177307,3.676300000001430
0.499999955177307,3.676400000001430
0.499999985694885,3.676500000001430
0.499999955177307,3.676600000001430
0.499999955177307,3.676700000001430
0.499999985694885,3.676800000001430
0.499999985694885,3.676900000001430
0.499999985694885,3.677000000001430
0.499999985694885,3.677100000001430
0.499999985694885,3.677200000001430
0.499999985694885,3.677300000001430
0.499999955177307,3.677400000001430
0.499999955177307,3.677500000001430
0.499999985694885,3.677600000001430
0.499999955177307,3.677700000001430
0.499999955177307,3.677800000001430
0.499999985694885,3.677900000001430
0.499999985694885,3.678000000001430
0.499999955177307,3.678100000001430
0.499999955177307,3.678200000001430
0.499999955177307,3.678300000001430
0.499999955177307,3.678400000001430
0.499999955177307,3.678500000001430
0.499999985694885,3.678600000001430
0.499999985694885,3.678700000001430
0.499999985694885,3.678800000001430
0.499999985694885,3.678900000001430
0.499999985694885,3.679000000001430
0.499999985694885,3.679100000001430
0.499999985694885,3.679200000001430
0.499999985694885,3.679300000001430
0.499999985694885,3.679400000001430
0.499999985694885,3.679500000001430
0.499999955177307,3.679600000001430
0.499999985694885,3.679700000001430
0.499999955177307,3.679800000001430
0.499999955177307,3.679900000001430
0.499999985694885,3.680000000001440
0.499999985694885,3.680100000001440
0.499999985694885,3.680200000001440
0.499999985694885,3.680300000001440
0.499999985694885,3.680400000001440
0.499999985694885,3.680500000001440
0.499999985694885,3.680600000001440
0.499999985694885,3.680700000001440
0.499999985694885,3.680800000001440
0.499999985694885,3.680900000001440
0.499999985694885,3.681000000001440
0.499999955177307,3.681100000001440
0.499999985694885,3.681200000001440
0.499999985694885,3.681300000001440
0.499999985694885,3.681400000001440
0.499999985694885,3.681500000001440
0.499999985694885,3.681600000001440
0.499999955177307,3.681700000001440
0.499999985694885,3.681800000001440
0.499999985694885,3.681900000001440
0.499999985694885,3.682000000001440
0.499999985694885,3.682100000001440
0.499999985694885,3.682200000001440
0.499999985694885,3.682300000001440
0.499999985694885,3.682400000001440
0.499999985694885,3.682500000001440
0.499999985694885,3.682600000001440
0.499999985694885,3.682700000001440
0.499999985694885,3.682800000001440
0.499999985694885,3.682900000001440
0.499999955177307,3.683000000001440
0.499999955177307,3.683100000001440
0.499999955177307,3.683200000001440
0.499999955177307,3.683300000001440
0.499999985694885,3.683400000001440
0.499999955177307,3.683500000001440
0.499999955177307,3.683600000001440
0.499999985694885,3.683700000001440
0.499999924659729,3.683800000001440
0.499999985694885,3.683900000001440
0.499999955177307,3.684000000001440
0.499999955177307,3.684100000001440
0.499999955177307,3.684200000001440
0.499999985694885,3.684300000001440
0.499999955177307,3.684400000001440
0.499999955177307,3.684500000001440
0.499999985694885,3.684600000001440
0.499999955177307,3.684700000001440
0.499999955177307,3.684800000001450
0.499999955177307,3.684900000001450
0.499999985694885,3.685000000001450
0.499999985694885,3.685100000001450
0.499999985694885,3.685200000001450
0.499999985694885,3.685300000001450
0.499999985694885,3.685400000001450
0.499999955177307,3.685500000001450
0.499999985694885,3.685600000001450
0.499999985694885,3.685700000001450
0.499999985694885,3.685800000001450
0.499999955177307,3.685900000001450
0.499999955177307,3.686000000001450
0.499999985694885,3.686100000001450
0.499999985694885,3.686200000001450
0.499999985694885,3.686300000001450
0.499999985694885,3.686400000001450
0.499999985694885,3.686500000001450
0.499999985694885,3.686600000001450
0.499999955177307,3.686700000001450
0.499999985694885,3.686800000001450
0.499999985694885,3.686900000001450
0.499999985694885,3.687000000001450
0.499999985694885,3.687100000001450
0.499999955177307,3.687200000001450
0.499999955177307,3.687300000001450
0.499999955177307,3.687400000001450
0.499999985694885,3.687500000001450
0.499999955177307,3.687600000001450
0.499999985694885,3.687700000001450
0.499999985694885,3.687800000001450
0.499999985694885,3.687900000001450
0.499999955177307,3.688000000001450
0.499999985694885,3.688100000001450
0.499999985694885,3.688200000001450
0.499999955177307,3.688300000001450
0.499999985694885,3.688400000001450
0.499999955177307,3.688500000001450
0.499999985694885,3.688600000001450
0.499999955177307,3.688700000001450
0.499999955177307,3.688800000001450
0.499999955177307,3.688900000001450
0.499999985694885,3.689000000001450
0.499999985694885,3.689100000001450
0.499999985694885,3.689200000001450
0.499999985694885,3.689300000001450
0.499999955177307,3.689400000001450
0.499999985694885,3.689500000001460
0.499999985694885,3.689600000001460
0.499999955177307,3.689700000001460
0.499999955177307,3.689800000001460
0.499999985694885,3.689900000001460
0.499999985694885,3.690000000001460
0.499999985694885,3.690100000001460
0.499999985694885,3.690200000001460
0.499999985694885,3.690300000001460
0.499999985694885,3.690400000001460
0.499999955177307,3.690500000001460
0.499999985694885,3.690600000001460
0.499999985694885,3.690700000001460
0.499999985694885,3.690800000001460
0.499999955177307,3.690900000001460
0.499999985694885,3.691000000001460
0.499999985694885,3.691100000001460
0.499999985694885,3.691200000001460
0.499999955177307,3.691300000001460
0.499999955177307,3.691400000001460
0.499999955177307,3.691500000001460
0.499999955177307,3.691600000001460
0.499999985694885,3.691700000001460
0.499999985694885,3.691800000001460
0.499999955177307,3.691900000001460
0.499999955177307,3.692000000001460
0.499999955177307,3.692100000001460
0.499999955177307,3.692200000001460
0.499999985694885,3.692300000001460
0.499999985694885,3.692400000001460
0.499999955177307,3.692500000001460
0.499999985694885,3.692600000001460
0.499999985694885,3.692700000001460
0.499999985694885,3.692800000001460
0.499999985694885,3.692900000001460
0.499999985694885,3.693000000001460
0.499999985694885,3.693100000001460
0.499999985694885,3.693200000001460
0.499999985694885,3.693300000001460
0.499999985694885,3.693400000001460
0.499999985694885,3.693500000001460
0.499999985694885,3.693600000001460
0.499999985694885,3.693700000001460
0.499999985694885,3.693800000001460
0.499999985694885,3.693900000001460
0.499999955177307,3.694000000001460
0.499999985694885,3.694100000001460
0.499999955177307,3.694200000001460
0.499999985694885,3.694300000001470
0.499999985694885,3.694400000001470
0.499999985694885,3.694500000001470
0.499999985694885,3.694600000001470
0.499999985694885,3.694700000001470
0.499999955177307,3.694800000001470
0.499999985694885,3.694900000001470
0.499999955177307,3.695000000001470
0.499999955177307,3.695100000001470
0.499999985694885,3.695200000001470
0.499999955177307,3.695300000001470
0.499999985694885,3.695400000001470
0.499999955177307,3.695500000001470
0.499999985694885,3.695600000001470
0.499999985694885,3.695700000001470
0.499999955177307,3.695800000001470
0.499999955177307,3.695900000001470
0.499999955177307,3.696000000001470
0.499999955177307,3.696100000001470
0.499999955177307,3.696200000001470
0.499999985694885,3.696300000001470
0.499999985694885,3.696400000001470
0.499999985694885,3.696500000001470
0.499999985694885,3.696600000001470
0.499999955177307,3.696700000001470
0.499999955177307,3.696800000001470
0.499999985694885,3.696900000001470
0.499999985694885,3.697000000001470
0.499999985694885,3.697100000001470
0.499999955177307,3.697200000001470
0.499999985694885,3.697300000001470
0.499999955177307,3.697400000001470
0.499999955177307,3.697500000001470
0.499999985694885,3.697600000001470
0.499999955177307,3.697700000001470
0.499999985694885,3.697800000001470
0.499999985694885,3.697900000001470
0.499999985694885,3.698000000001470
0.499999985694885,3.698100000001470
0.499999985694885,3.698200000001470
0.499999955177307,3.698300000001470
0.499999985694885,3.698400000001470
0.499999985694885,3.698500000001470
0.499999955177307,3.698600000001470
0.499999985694885,3.698700000001470
0.499999955177307,3.698800000001470
0.499999955177307,3.698900000001470
0.499999985694885,3.699000000001480
0.499999985694885,3.699100000001480
0.499999955177307,3.699200000001480
0.499999955177307,3.699300000001480
0.499999985694885,3.699400000001480
0.499999985694885,3.699500000001480
0.499999985694885,3.699600000001480
0.499999985694885,3.699700000001480
0.499999985694885,3.699800000001480
0.499999985694885,3.699900000001480
0.499999955177307,3.700000000001480
0.499999985694885,3.700100000001480
0.499999985694885,3.700200000001480
0.499999985694885,3.700300000001480
0.499999985694885,3.700400000001480
0.499999985694885,3.700500000001480
0.499999985694885,3.700600000001480
0.499999985694885,3.700700000001480
0.499999985694885,3.700800000001480
0.499999985694885,3.700900000001480
0.499999985694885,3.701000000001480
0.499999985694885,3.701100000001480
0.499999985694885,3.701200000001480
0.499999985694885,3.701300000001480
0.499999985694885,3.701400000001480
0.499999985694885,3.701500000001480
0.499999985694885,3.701600000001480
0.499999985694885,3.701700000001480
0.499999985694885,3.701800000001480
0.499999985694885,3.701900000001480
0.499999985694885,3.702000000001480
0.499999985694885,3.702100000001480
0.499999985694885,3.702200000001480
0.499999985694885,3.702300000001480
0.499999985694885,3.702400000001480
0.499999985694885,3.702500000001480
0.499999985694885,3.702600000001480
0.499999985694885,3.702700000001480
0.499999985694885,3.702800000001480
0.499999985694885,3.702900000001480
0.499999985694885,3.703000000001480
0.499999985694885,3.703100000001480
0.499999985694885,3.703200000001480
0.499999985694885,3.703300000001480
0.499999985694885,3.703400000001480
0.499999985694885,3.703500000001480
0.499999985694885,3.703600000001480
0.499999985694885,3.703700000001490
0.499999985694885,3.703800000001490
0.499999985694885,3.703900000001490
0.499999985694885,3.704000000001490
0.499999985694885,3.704100000001490
0.499999985694885,3.704200000001490
0.499999985694885,3.704300000001490
0.499999985694885,3.704400000001490
0.499999985694885,3.704500000001490
0.499999985694885,3.704600000001490
0.499999985694885,3.704700000001490
0.499999985694885,3.704800000001490
0.499999985694885,3.704900000001490
0.499999985694885,3.705000000001490
0.499999985694885,3.705100000001490
0.499999985694885,3.705200000001490
0.499999985694885,3.705300000001490
0.499999985694885,3.705400000001490
0.499999985694885,3.705500000001490
0.499999985694885,3.705600000001490
0.499999985694885,3.705700000001490
0.499999985694885,3.705800000001490
0.499999985694885,3.705900000001490
0.499999985694885,3.706000000001490
0.499999985694885,3.706100000001490
0.499999985694885,3.706200000001490
0.499999985694885,3.706300000001490
0.499999985694885,3.706400000001490
0.499999985694885,3.706500000001490
0.499999985694885,3.706600000001490
0.499999985694885,3.706700000001490
0.499999985694885,3.706800000001490
0.499999985694885,3.706900000001490
0.499999985694885,3.707000000001490
0.499999985694885,3.707100000001490
0.499999985694885,3.707200000001490
0.499999985694885,3.707300000001490
0.499999985694885,3.707400000001490
0.499999985694885,3.707500000001490
0.499999985694885,3.707600000001490
0.499999985694885,3.707700000001490
0.499999985694885,3.707800000001490
0.499999985694885,3.707900000001490
0.499999985694885,3.708000000001490
0.499999985694885,3.708100000001490
0.499999985694885,3.708200000001490
0.499999985694885,3.708300000001490
0.499999985694885,3.708400000001490
0.499999985694885,3.708500000001500
0.499999985694885,3.708600000001500
0.499999985694885,3.708700000001500
0.499999985694885,3.708800000001500
0.499999985694885,3.708900000001500
0.499999985694885,3.709000000001500
0.499999985694885,3.709100000001500
0.499999985694885,3.709200000001500
0.499999985694885,3.709300000001500
0.499999985694885,3.709400000001500
0.499999985694885,3.709500000001500
0.499999985694885,3.709600000001500
0.499999985694885,3.709700000001500
0.499999985694885,3.709800000001500
0.499999985694885,3.709900000001500
0.499999985694885,3.710000000001500
0.499999985694885,3.710100000001500
0.499999985694885,3.710200000001500
0.499999985694885,3.710300000001500
0.499999985694885,3.710400000001500
0.499999985694885,3.710500000001500
0.499999985694885,3.710600000001500
0.499999985694885,3.710700000001500
0.499999985694885,3.710800000001500
0.499999985694885,3.710900000001500
0.499999985694885,3.711000000001500
0.499999985694885,3.711100000001500
0.499999985694885,3.711200000001500
0.499999985694885,3.711300000001500
0.499999985694885,3.711400000001500
0.499999985694885,3.711500000001500
0.499999985694885,3.711600000001500
0.499999985694885,3.711700000001500
0.499999985694885,3.711800000001500
0.499999985694885,3.711900000001500
0.499999985694885,3.712000000001500
0.499999985694885,3.712100000001500
0.499999985694885,3.712200000001500
0.499999985694885,3.712300000001500
0.499999985694885,3.712400000001500
0.499999985694885,3.712500000001500
0.499999985694885,3.712600000001500
0.499999985694885,3.712700000001500
0.499999985694885,3.712800000001500
0.499999985694885,3.712900000001500
0.499999985694885,3.713000000001500
0.499999985694885,3.713100000001500
0.499999985694885,3.713200000001510
0.499999985694885,3.713300000001510
0.499999985694885,3.713400000001510
0.499999985694885,3.713500000001510
0.499999985694885,3.713600000001510
0.499999985694885,3.713700000001510
0.499999985694885,3.713800000001510
0.499999985694885,3.713900000001510
0.499999985694885,3.714000000001510
0.499999985694885,3.714100000001510
0.499999985694885,3.714200000001510
0.499999985694885,3.714300000001510
0.499999985694885,3.714400000001510
0.499999985694885,3.714500000001510
0.499999985694885,3.714600000001510
0.499999985694885,3.714700000001510
0.499999985694885,3.714800000001510
0.499999985694885,3.714900000001510
0.499999985694885,3.715000000001510
0.499999985694885,3.715100000001510
0.499999985694885,3.715200000001510
0.499999985694885,3.715300000001510
0.499999985694885,3.715400000001510
0.499999985694885,3.715500000001510
0.499999985694885,3.715600000001510
0.499999985694885,3.715700000001510
0.499999985694885,3.715800000001510
0.499999985694885,3.715900000001510
0.499999985694885,3.716000000001510
0.499999985694885,3.716100000001510
0.499999985694885,3.716200000001510
0.499999985694885,3.716300000001510
0.499999985694885,3.716400000001510
0.499999985694885,3.716500000001510
0.499999985694885,3.716600000001510
0.499999985694885,3.716700000001510
0.499999985694885,3.716800000001510
0.499999985694885,3.716900000001510
0.499999985694885,3.717000000001510
0.499999985694885,3.717100000001510
0.499999985694885,3.717200000001510
0.499999985694885,3.717300000001510
0.499999985694885,3.717400000001510
0.499999985694885,3.717500000001510
0.499999985694885,3.717600000001510
0.499999985694885,3.717700000001510
0.499999985694885,3.717800000001510
0.499999985694885,3.717900000001510
0.499999985694885,3.718000000001520
0.499999985694885,3.718100000001520
0.499999985694885,3.718200000001520
0.499999985694885,3.718300000001520
0.499999985694885,3.718400000001520
0.499999985694885,3.718500000001520
0.499999985694885,3.718600000001520
0.499999985694885,3.718700000001520
0.499999985694885,3.718800000001520
0.499999985694885,3.718900000001520
0.499999985694885,3.719000000001520
0.499999985694885,3.719100000001520
0.499999985694885,3.719200000001520
0.499999985694885,3.719300000001520
0.499999985694885,3.719400000001520
0.499999985694885,3.719500000001520
0.499999985694885,3.719600000001520
0.499999985694885,3.719700000001520
0.499999985694885,3.719800000001520
0.499999985694885,3.719900000001520
0.499999985694885,3.720000000001520
0.499999985694885,3.720100000001520
0.499999985694885,3.720200000001520
0.499999985694885,3.720300000001520
0.499999985694885,3.720400000001520
0.499999985694885,3.720500000001520
0.499999985694885,3.720600000001520
0.499999985694885,3.720700000001520
0.499999985694885,3.720800000001520
0.499999985694885,3.720900000001520
0.499999985694885,3.721000000001520
0.499999985694885,3.721100000001520
0.499999985694885,3.721200000001520
0.499999985694885,3.721300000001520
0.499999985694885,3.721400000001520
0.499999985694885,3.721500000001520
0.499999985694885,3.721600000001520
0.499999985694885,3.721700000001520
0.499999985694885,3.721800000001520
0.499999985694885,3.721900000001520
0.499999985694885,3.722000000001520
0.499999985694885,3.722100000001520
0.499999985694885,3.722200000001520
0.499999985694885,3.722300000001520
0.499999985694885,3.722400000001520
0.499999985694885,3.722500000001520
0.499999985694885,3.722600000001520
0.499999985694885,3.722700000001530
0.499999985694885,3.722800000001530
0.499999985694885,3.722900000001530
0.499999985694885,3.723000000001530
0.499999985694885,3.723100000001530
0.499999985694885,3.723200000001530
0.499999985694885,3.723300000001530
0.499999985694885,3.723400000001530
0.499999985694885,3.723500000001530
0.499999985694885,3.723600000001530
0.499999985694885,3.723700000001530
0.499999985694885,3.723800000001530
0.499999985694885,3.723900000001530
0.499999985694885,3.724000000001530
0.499999985694885,3.724100000001530
0.499999985694885,3.724200000001530
0.499999985694885,3.724300000001530
0.499999985694885,3.724400000001530
0.499999985694885,3.724500000001530
0.499999985694885,3.724600000001530
0.499999955177307,3.724700000001530
0.499999985694885,3.724800000001530
0.499999955177307,3.724900000001530
0.499999985694885,3.725000000001530
0.499999985694885,3.725100000001530
0.499999985694885,3.725200000001530
0.499999985694885,3.725300000001530
0.499999955177307,3.725400000001530
0.499999806404114,3.725500000001530
0.499999806404114,3.725600000001530
0.499996499061584,3.725700000001530
0.448999539375305,3.725800000001530
0.499999955177307,3.725800000001530
0.550367920875549,3.725800000001530
0.426236674308777,3.725900000001530
0.499999924659729,3.725900000001530
0.572999983787537,3.725900000001530
0.409558192253113,3.726000000001530
0.499999924659729,3.726000000001530
0.589999943733215,3.726000000001530
0.395961567878723,3.726100000001530
0.499999955177307,3.726100000001530
0.603999941825867,3.726100000001530
0.383999987602234,3.726200000001530
0.499999985694885,3.726200000001530
0.615846901893616,3.726200000001530
0.373161717414856,3.726300000001530
0.499999985694885,3.726300000001530
0.625999957084656,3.726300000001530
0.363999978065491,3.726400000001530
0.499999985694885,3.726400000001530
0.635723381996155,3.726400000001530
0.355058745384216,3.726500000001530
0.499999985694885,3.726500000001530
0.643999964714050,3.726500000001530
0.347288474082947,3.726600000001530
0.499999985694885,3.726600000001530
0.651999979972839,3.726600000001530
0.339999989509583,3.726700000001530
0.499999985694885,3.726700000001530
0.659312636375427,3.726700000001530
0.333167656898499,3.726800000001530
0.499999985694885,3.726800000001530
0.665999978065491,3.726800000001530
0.326999978065491,3.726900000001530
0.499999985694885,3.726900000001530
0.672463805198670,3.726900000001530
0.320999995231628,3.727000000001530
0.499999985694885,3.727000000001530
0.678238480567932,3.727000000001530
0.315728739738464,3.727100000001530
0.499999985694885,3.727100000001530
0.683999985694885,3.727100000001530
0.310353234291077,3.727200000001530
0.499999985694885,3.727200000001530
0.688999979972839,3.727200000001530
0.305625424385071,3.727300000001530
0.499999985694885,3.727300000001530
0.693999976158142,3.727300000001530
0.300999983787537,3.727400000001540
0.499999985694885,3.727400000001540
0.698544175148010,3.727400000001540
0.296847626686096,3.727500000001540
0.499999985694885,3.727500000001540
0.702999979972839,3.727500000001540
0.292726740837097,3.727600000001540
0.499999985694885,3.727600000001540
0.706999987602234,3.727600000001540
0.288999989509583,3.727700000001540
0.499999985694885,3.727700000001540
0.710898190498352,3.727700000001540
0.284999981880188,3.727800000001540
0.499999985694885,3.727800000001540
0.714070826530456,3.727800000001540
0.281999989509583,3.727900000001540
0.499999985694885,3.727900000001540
0.717832774162293,3.727900000001540
0.278832003593445,3.728000000001540
0.499999985694885,3.728000000001540
0.720999985694885,3.728000000001540
0.275874600410461,3.728100000001540
0.499999985694885,3.728100000001540
0.723999947547913,3.728100000001540
0.272999987602234,3.728200000001540
0.499999985694885,3.728200000001540
0.726691872596741,3.728200000001540
0.270093665122986,3.728300000001540
0.499999985694885,3.728300000001540
0.728999941825867,3.728300000001540
0.267999991416931,3.728400000001540
0.499999985694885,3.728400000001540
0.731761067390442,3.728400000001540
0.265725388526917,3.728500000001540
0.499999985694885,3.728500000001540
0.733999997138977,3.728500000001540
0.263532027244568,3.728600000001540
0.499999985694885,3.728600000001540
0.735999972343445,3.728600000001540
0.261669501304626,3.728700000001540
0.499999985694885,3.728700000001540
0.737999945640564,3.728700000001540
0.259999976158142,3.728800000001540
0.499999985694885,3.728800000001540
0.739887923240662,3.728800000001540
0.257999972343445,3.728900000001540
0.499999985694885,3.728900000001540
0.741130143165589,3.728900000001540
0.256921425819397,3.729000000001540
0.499999985694885,3.729000000001540
0.742999941825867,3.729000000001540
0.255275650978088,3.729100000001540
0.499999985694885,3.729100000001540
0.743999987602234,3.729100000001540
0.253999993324280,3.729200000001540
0.499999985694885,3.729200000001540
0.745082110404968,3.729200000001540
0.252999976158142,3.729300000001540
0.499999985694885,3.729300000001540
0.746157378196716,3.729300000001540
0.252056851387024,3.729400000001540
0.499999985694885,3.729400000001540
0.746999949455261,3.729400000001540
0.251544966697693,3.729500000001540
0.499999985694885,3.729500000001540
0.747999995231628,3.729500000001540
0.250999972343445,3.729600000001540
0.499999985694885,3.729600000001540
0.748686045646668,3.729600000001540
0.250356659889221,3.729700000001540
0.499999985694885,3.729700000001540
0.748999983787537,3.729700000001540
0.249999993324280,3.729800000001540
0.499999985694885,3.729800000001540
0.749328763008118,3.729800000001540
0.249999993324280,3.729900000001540
0.499999985694885,3.729900000001540
0.749735682487488,3.729900000001540
0.249999993324280,3.730000000001540
0.499999985694885,3.730000000001540
0.749873370170594,3.730000000001540
0.249999993324280,3.730100000001540
0.499999985694885,3.730100000001540
0.749735087394714,3.730100000001540
0.249999993324280,3.730200000001540
0.499999985694885,3.730200000001540
0.749323040962219,3.730200000001540
0.250346198081970,3.730300000001540
0.499999985694885,3.730300000001540
0.748999983787537,3.730300000001540
0.250999972343445,3.730400000001540
0.499999985694885,3.730400000001540
0.748695700645447,3.730400000001540
0.251529797554016,3.730500000001540
0.499999985694885,3.730500000001540
0.747999995231628,3.730500000001540
0.252021864891052,3.730600000001540
0.499999985694885,3.730600000001540
0.746999949455261,3.730600000001540
0.252999976158142,3.730700000001540
0.499999985694885,3.730700000001540
0.746166855812072,3.730700000001540
0.253999993324280,3.730800000001540
0.499999985694885,3.730800000001540
0.745096415519714,3.730800000001540
0.255274966239929,3.730900000001540
0.499999985694885,3.730900000001540
0.743999987602234,3.730900000001540
0.256911561012268,3.731000000001540
0.499999985694885,3.731000000001540
0.742999941825867,3.731000000001540
0.257999972343445,3.731100000001540
0.499999985694885,3.731100000001540
0.741133004188538,3.731100000001540
0.259999976158142,3.731200000001540
0.499999985694885,3.731200000001540
0.739888756752014,3.731200000001540
0.261676356315613,3.731300000001540
0.499999985694885,3.731300000001540
0.737999945640564,3.731300000001540
0.263548121452332,3.731400000001540
0.499999985694885,3.731400000001540
0.735999972343445,3.731400000001540
0.265740885734558,3.731500000001540
0.499999985694885,3.731500000001540
0.733999997138977,3.731500000001540
0.267999991416931,3.731600000001540
0.499999985694885,3.731600000001540
0.731722384452820,3.731600000001540
0.270150736808777,3.731700000001540
0.499999985694885,3.731700000001540
0.728999941825867,3.731700000001540
0.272999987602234,3.731800000001540
0.499999985694885,3.731800000001540
0.726619570732117,3.731800000001540
0.275967494010925,3.731900000001540
0.499999985694885,3.731900000001540
0.723999947547913,3.731900000001540
0.278949185371399,3.732000000001540
0.499999985694885,3.732000000001540
0.720999985694885,3.732000000001540
0.281999989509583,3.732100000001540
0.499999985694885,3.732100000001540
0.717687338829041,3.732100000001540
0.285093262672424,3.732200000001550
0.499999985694885,3.732200000001550
0.713999957084656,3.732200000001550
0.288999989509583,3.732300000001550
0.499999985694885,3.732300000001550
0.710684449195862,3.732300000001550
0.292981192588806,3.732400000001550
0.499999985694885,3.732400000001550
0.706999987602234,3.732400000001550
0.296999976158142,3.732500000001550
0.499999985694885,3.732500000001550
0.702850789070129,3.732500000001550
0.300999983787537,3.732600000001550
0.499999985694885,3.732600000001550
0.698187678337097,3.732600000001550
0.305999979972839,3.732700000001550
0.499999985694885,3.732700000001550
0.693960219383240,3.732700000001550
0.310834870338440,3.732800000001550
0.499999985694885,3.732800000001550
0.688999979972839,3.732800000001550
0.315999999046326,3.732900000001550
0.499999985694885,3.732900000001550
0.683736533164978,3.732900000001550
0.321410462379456,3.733000000001550
0.499999985694885,3.733000000001550
0.677999943733215,3.733000000001550
0.327287360191345,3.733100000001550
0.499999985694885,3.733100000001550
0.671999960899353,3.733100000001550
0.333999976158142,3.733200000001550
0.499999985694885,3.733200000001550
0.665970295906067,3.733200000001550
0.340685025215149,3.733300000001550
0.499999985694885,3.733300000001550
0.658999949455261,3.733300000001550
0.347999974250793,3.733400000001550
0.499999985694885,3.733400000001550
0.651557654380798,3.733400000001550
0.355999991416931,3.733500000001550
0.499999924659729,3.733500000001550
0.643604605674744,3.733500000001550
0.364796444892883,3.733600000001550
0.499999924659729,3.733600000001550
0.634999960899353,3.733600000001550
0.374002442359924,3.733700000001550
0.499999985694885,3.733700000001550
0.624999970436096,3.733700000001550
0.384999915122986,3.733800000001550
0.499999924659729,3.733800000001550
0.614659935951233,3.733800000001550
0.396999970436096,3.733900000001550
0.499999985694885,3.733900000001550
0.602382391929626,3.733900000001550
0.410999909400940,3.734000000001550
0.499999747276306,3.734000000001550
0.588110178947449,3.734000000001550
0.428684010505676,3.734100000001550
0.499999478340149,3.734100000001550
0.570999772071838,3.734100000001550
0.452729865074158,3.734200000001550
0.499999775886536,3.734200000001550
0.546999960899353,3.734200000001550
0.499996081352234,3.734300000001550
0.499999419212341,3.734400000001550
0.499999806404114,3.734500000001550
0.499999955177307,3.734600000001550
0.499999985694885,3.734700000001550
0.499999836921692,3.734800000001550
0.499999896049500,3.734900000001550
0.499999955177307,3.735000000001550
0.499999955177307,3.735100000001550
0.499999924659729,3.735200000001550
0.499999747276306,3.735300000001550
0.499999955177307,3.735400000001550
0.499999865531921,3.735500000001550
0.499999806404114,3.735600000001550
0.499999955177307,3.735700000001550
0.499999896049500,3.735800000001550
0.499999896049500,3.735900000001550
0.499999896049500,3.736000000001550
0.499999985694885,3.736100000001550
0.499999924659729,3.736200000001550
0.499999955177307,3.736300000001550
0.499999985694885,3.736400000001550
0.499999865531921,3.736500000001550
0.499999924659729,3.736600000001550
0.499999896049500,3.736700000001550
0.499999985694885,3.736800000001550
0.499999955177307,3.736900000001560
0.499999985694885,3.737000000001560
0.499999924659729,3.737100000001560
0.499999924659729,3.737200000001560
0.499999955177307,3.737300000001560
0.499999896049500,3.737400000001560
0.499999955177307,3.737500000001560
0.499999985694885,3.737600000001560
0.499999955177307,3.737700000001560
0.499999924659729,3.737800000001560
0.499999924659729,3.737900000001560
0.499999955177307,3.738000000001560
0.499999955177307,3.738100000001560
0.499999924659729,3.738200000001560
0.499999924659729,3.738300000001560
0.499999955177307,3.738400000001560
0.499999924659729,3.738500000001560
0.499999955177307,3.738600000001560
0.499999955177307,3.738700000001560
0.499999955177307,3.738800000001560
0.499999955177307,3.738900000001560
0.499999985694885,3.739000000001560
0.499999985694885,3.739100000001560
0.499999985694885,3.739200000001560
0.499999985694885,3.739300000001560
0.499999955177307,3.739400000001560
0.499999985694885,3.739500000001560
0.499999955177307,3.739600000001560
0.499999955177307,3.739700000001560
0.499999955177307,3.739800000001560
0.499999924659729,3.739900000001560
0.499999985694885,3.740000000001560
0.499999985694885,3.740100000001560
0.499999955177307,3.740200000001560
0.499999985694885,3.740300000001560
0.499999955177307,3.740400000001560
0.499999985694885,3.740500000001560
0.499999955177307,3.740600000001560
0.499999985694885,3.740700000001560
0.499999924659729,3.740800000001560
0.499999955177307,3.740900000001560
0.499999955177307,3.741000000001560
0.499999985694885,3.741100000001560
0.499999985694885,3.741200000001560
0.499999985694885,3.741300000001560
0.499999924659729,3.741400000001560
0.499999985694885,3.741500000001560
0.499999955177307,3.741600000001570
0.499999955177307,3.741700000001570
0.499999985694885,3.741800000001570
0.499999955177307,3.741900000001570
0.499999985694885,3.742000000001570
0.499999985694885,3.742100000001570
0.499999985694885,3.742200000001570
0.499999985694885,3.742300000001570
0.499999985694885,3.742400000001570
0.499999955177307,3.742500000001570
0.499999955177307,3.742600000001570
0.499999955177307,3.742700000001570
0.499999985694885,3.742800000001570
0.499999924659729,3.742900000001570
0.499999955177307,3.743000000001570
0.499999955177307,3.743100000001570
0.499999985694885,3.743200000001570
0.499999955177307,3.743300000001570
0.499999985694885,3.743400000001570
0.499999955177307,3.743500000001570
0.499999985694885,3.743600000001570
0.499999985694885,3.743700000001570
0.499999985694885,3.743800000001570
0.499999955177307,3.743900000001570
0.499999985694885,3.744000000001570
0.499999985694885,3.744100000001570
0.499999985694885,3.744200000001570
0.499999985694885,3.744300000001570
0.499999924659729,3.744400000001570
0.499999985694885,3.744500000001570
0.499999955177307,3.744600000001570
0.499999955177307,3.744700000001570
0.499999985694885,3.744800000001570
0.499999985694885,3.744900000001570
0.499999985694885,3.745000000001570
0.499999985694885,3.745100000001570
0.499999985694885,3.745200000001570
0.499999985694885,3.745300000001570
0.499999985694885,3.745400000001570
0.499999985694885,3.745500000001570
0.499999985694885,3.745600000001570
0.499999985694885,3.745700000001570
0.499999985694885,3.745800000001570
0.499999955177307,3.745900000001570
0.499999985694885,3.746000000001570
0.499999985694885,3.746100000001570
0.499999955177307,3.746200000001570
0.499999985694885,3.746300000001570
0.499999955177307,3.746400000001580
0.499999985694885,3.746500000001580
0.499999924659729,3.746600000001580
0.499999955177307,3.746700000001580
0.499999955177307,3.746800000001580
0.499999985694885,3.746900000001580
0.499999985694885,3.747000000001580
0.499999985694885,3.747100000001580
0.499999955177307,3.747200000001580
0.499999955177307,3.747300000001580
0.499999955177307,3.747400000001580
0.499999924659729,3.747500000001580
0.499999985694885,3.747600000001580
0.499999985694885,3.747700000001580
0.499999924659729,3.747800000001580
0.499999985694885,3.747900000001580
0.499999924659729,3.748000000001580
0.499999985694885,3.748100000001580
0.499999955177307,3.748200000001580
0.499999955177307,3.748300000001580
0.499999985694885,3.748400000001580
0.499999955177307,3.748500000001580
0.499999985694885,3.748600000001580
0.499999985694885,3.748700000001580
0.499999985694885,3.748800000001580
0.499999985694885,3.748900000001580
0.499999985694885,3.749000000001580
0.499999985694885,3.749100000001580
0.499999985694885,3.749200000001580
0.499999955177307,3.749300000001580
0.499999985694885,3.749400000001580
0.499999985694885,3.749500000001580
0.499999985694885,3.749600000001580
0.499999955177307,3.749700000001580
0.499999955177307,3.749800000001580
0.499999985694885,3.749900000001580
0.499999924659729,3.750000000001580
0.499999985694885,3.750100000001580
0.499999985694885,3.750200000001580
0.499999955177307,3.750300000001580
0.499999955177307,3.750400000001580
0.499999985694885,3.750500000001580
0.499999924659729,3.750600000001580
0.499999955177307,3.750700000001580
0.499999985694885,3.750800000001580
0.499999955177307,3.750900000001580
0.499999985694885,3.751000000001580
0.499999985694885,3.751100000001590
0.499999985694885,3.751200000001590
0.499999955177307,3.751300000001590
0.499999985694885,3.751400000001590
0.499999955177307,3.751500000001590
0.499999985694885,3.751600000001590
0.499999985694885,3.751700000001590
0.499999985694885,3.751800000001590
0.499999985694885,3.751900000001590
0.499999955177307,3.752000000001590
0.499999985694885,3.752100000001590
0.499999985694885,3.752200000001590
0.499999985694885,3.752300000001590
0.499999955177307,3.752400000001590
0.499999955177307,3.752500000001590
0.499999985694885,3.752600000001590
0.499999985694885,3.752700000001590
0.499999985694885,3.752800000001590
0.499999985694885,3.752900000001590
0.499999985694885,3.753000000001590
0.499999985694885,3.753100000001590
0.499999985694885,3.753200000001590
0.499999955177307,3.753300000001590
0.499999955177307,3.753400000001590
0.499999985694885,3.753500000001590
0.499999955177307,3.753600000001590
0.499999985694885,3.753700000001590
0.499999985694885,3.753800000001590
0.499999985694885,3.753900000001590
0.499999955177307,3.754000000001590
0.499999985694885,3.754100000001590
0.499999985694885,3.754200000001590
0.499999985694885,3.754300000001590
0.499999985694885,3.754400000001590
0.499999985694885,3.754500000001590
0.499999985694885,3.754600000001590
0.499999985694885,3.754700000001590
0.499999985694885,3.754800000001590
0.499999985694885,3.754900000001590
0.499999985694885,3.755000000001590
0.499999985694885,3.755100000001590
0.499999985694885,3.755200000001590
0.499999985694885,3.755300000001590
0.499999955177307,3.755400000001590
0.499999985694885,3.755500000001590
0.499999985694885,3.755600000001590
0.499999985694885,3.755700000001590
0.499999985694885,3.755800000001590
0.499999985694885,3.755900000001600
0.499999985694885,3.756000000001600
0.499999985694885,3.756100000001600
0.499999985694885,3.756200000001600
0.499999985694885,3.756300000001600
0.499999985694885,3.756400000001600
0.499999985694885,3.756500000001600
0.499999985694885,3.756600000001600
0.499999985694885,3.756700000001600
0.499999985694885,3.756800000001600
0.499999985694885,3.756900000001600
0.499999985694885,3.757000000001600
0.499999985694885,3.757100000001600
0.499999985694885,3.757200000001600
0.499999985694885,3.757300000001600
0.499999985694885,3.757400000001600
0.499999985694885,3.757500000001600
0.499999985694885,3.757600000001600
0.499999985694885,3.757700000001600
0.499999985694885,3.757800000001600
0.499999985694885,3.757900000001600
0.499999955177307,3.758000000001600
0.499999924659729,3.758100000001600
0.499999896049500,3.758200000001600
0.499999806404114,3.758300000001600
0.499999478340149,3.758400000001600
0.183999798774719,3.758500000001600
0.499999121665955,3.758500000001600
0.815758139610291,3.758500000001600
0.499999836921692,3.758600000001600
0.499999836921692,3.758700000001600
0.499999924659729,3.758800000001600
0.499999865531921,3.758900000001600
0.499999955177307,3.759000000001600
0.499999955177307,3.759100000001600
0.499999955177307,3.759200000001600
0.499999924659729,3.759300000001600
0.499999955177307,3.759400000001600
0.499999955177307,3.759500000001600
0.499999955177307,3.759600000001600
0.499999924659729,3.759700000001600
0.499999955177307,3.759800000001600
0.499999985694885,3.759900000001600
0.499999985694885,3.760000000001600
0.499999985694885,3.760100000001600
0.499999924659729,3.760200000001600
0.499999985694885,3.760300000001600
0.499999955177307,3.760400000001600
0.499999985694885,3.760500000001600
0.499999985694885,3.760600000001610
0.499999955177307,3.760700000001610
0.499999985694885,3.760800000001610
0.499999985694885,3.760900000001610
0.499999924659729,3.761000000001610
0.499999955177307,3.761100000001610
0.499999985694885,3.761200000001610
0.499999985694885,3.761300000001610
0.499999955177307,3.761400000001610
0.499999985694885,3.761500000001610
0.499999955177307,3.761600000001610
0.499999955177307,3.761700000001610
0.499999955177307,3.761800000001610
0.499999985694885,3.761900000001610
0.499999955177307,3.762000000001610
0.499999955177307,3.762100000001610
0.499999985694885,3.762200000001610
0.499999985694885,3.762300000001610
0.499999985694885,3.762400000001610
0.499999985694885,3.762500000001610
0.499999985694885,3.762600000001610
0.499999985694885,3.762700000001610
0.499999985694885,3.762800000001610
0.499999985694885,3.762900000001610
0.499999955177307,3.763000000001610
0.499999985694885,3.763100000001610
0.499999985694885,3.763200000001610
0.499999985694885,3.763300000001610
0.499999985694885,3.763400000001610
0.499999955177307,3.763500000001610
0.499999985694885,3.763600000001610
0.499999985694885,3.763700000001610
0.499999985694885,3.763800000001610
0.499999985694885,3.763900000001610
0.499999985694885,3.764000000001610
0.499999955177307,3.764100000001610
0.499999985694885,3.764200000001610
0.499999985694885,3.764300000001610
0.499999985694885,3.764400000001610
0.499999985694885,3.764500000001610
0.499999985694885,3.764600000001610
0.499999985694885,3.764700000001610
0.499999985694885,3.764800000001610
0.499999985694885,3.764900000001610
0.499999985694885,3.765000000001610
0.499999985694885,3.765100000001610
0.499999985694885,3.765200000001610
0.499999985694885,3.765300000001620
0.499999985694885,3.765400000001620
0.499999985694885,3.765500000001620
0.499999985694885,3.765600000001620
0.499999985694885,3.765700000001620
0.499999985694885,3.765800000001620
0.499999985694885,3.765900000001620
0.499999985694885,3.766000000001620
0.499999985694885,3.766100000001620
0.499999985694885,3.766200000001620
0.499999985694885,3.766300000001620
0.499999985694885,3.766400000001620
0.499999985694885,3.766500000001620
0.499999985694885,3.766600000001620
0.499999985694885,3.766700000001620
0.499999985694885,3.766800000001620
0.499999985694885,3.766900000001620
0.499999985694885,3.767000000001620
0.499999985694885,3.767100000001620
0.499999985694885,3.767200000001620
0.499999985694885,3.767300000001620
0.499999985694885,3.767400000001620
0.499999985694885,3.767500000001620
0.499999985694885,3.767600000001620
0.499999985694885,3.767700000001620
0.499999985694885,3.767800000001620
0.499999985694885,3.767900000001620
0.499999985694885,3.768000000001620
0.499999985694885,3.768100000001620
0.499999985694885,3.768200000001620
0.499999985694885,3.768300000001620
0.499999985694885,3.768400000001620
0.499999985694885,3.768500000001620
0.499999985694885,3.768600000001620
0.499999985694885,3.768700000001620
0.499999985694885,3.768800000001620
0.499999985694885,3.768900000001620
0.499999985694885,3.769000000001620
0.499999985694885,3.769100000001620
0.499999985694885,3.769200000001620
0.499999985694885,3.769300000001620
0.499999985694885,3.769400000001620
0.499999985694885,3.769500000001620
0.499999985694885,3.769600000001620
0.499999985694885,3.769700000001620
0.499999985694885,3.769800000001620
0.499999985694885,3.769900000001620
0.499999985694885,3.770000000001620
0.499999985694885,3.770100000001630
0.499999985694885,3.770200000001630
0.499999985694885,3.770300000001630
0.499999985694885,3.770400000001630
0.499999985694885,3.770500000001630
0.499999985694885,3.770600000001630
0.499999985694885,3.770700000001630
0.499999985694885,3.770800000001630
0.499999985694885,3.770900000001630
0.499999985694885,3.771000000001630
0.499999985694885,3.771100000001630
0.499999985694885,3.771200000001630
0.499999985694885,3.771300000001630
0.499999985694885,3.771400000001630
0.499999985694885,3.771500000001630
0.499999985694885,3.771600000001630
0.499999985694885,3.771700000001630
0.499999985694885,3.771800000001630
0.499999985694885,3.771900000001630
0.499999985694885,3.772000000001630
0.499999985694885,3.772100000001630
0.499999985694885,3.772200000001630
0.499999985694885,3.772300000001630
0.499999985694885,3.772400000001630
0.499999985694885,3.772500000001630
0.499999985694885,3.772600000001630
0.499999985694885,3.772700000001630
0.499999985694885,3.772800000001630
0.499999985694885,3.772900000001630
0.499999985694885,3.773000000001630
0.499999985694885,3.773100000001630
0.499999985694885,3.773200000001630
0.499999985694885,3.773300000001630
0.499999985694885,3.773400000001630
0.499999985694885,3.773500000001630
0.499999985694885,3.773600000001630
0.499999985694885,3.773700000001630
0.499999985694885,3.773800000001630
0.499999985694885,3.773900000001630
0.499999985694885,3.774000000001630
0.499999985694885,3.774100000001630
0.499999985694885,3.774200000001630
0.499999985694885,3.774300000001630
0.499999985694885,3.774400000001630
0.499999985694885,3.774500000001630
0.499999985694885,3.774600000001630
0.499999985694885,3.774700000001630
0.499999985694885,3.774800000001640
0.499999985694885,3.774900000001640
0.499999985694885,3.775000000001640
0.499999985694885,3.775100000001640
0.499999985694885,3.775200000001640
0.499999985694885,3.775300000001640
0.499999985694885,3.775400000001640
0.499999985694885,3.775500000001640
0.499999985694885,3.775600000001640
0.499999985694885,3.775700000001640
0.499999985694885,3.775800000001640
0.499999985694885,3.775900000001640
0.499999985694885,3.776000000001640
0.499999985694885,3.776100000001640
0.499999985694885,3.776200000001640
0.499999985694885,3.776300000001640
0.499999985694885,3.776400000001640
0.499999985694885,3.776500000001640
0.499999985694885,3.776600000001640
0.499999985694885,3.776700000001640
0.499999985694885,3.776800000001640
0.499999985694885,3.776900000001640
0.499999985694885,3.777000000001640
0.499999985694885,3.777100000001640
0.499999985694885,3.777200000001640
0.499999985694885,3.777300000001640
0.499999985694885,3.777400000001640
0.499999985694885,3.777500000001640
0.499999985694885,3.777600000001640
0.499999985694885,3.777700000001640
0.499999985694885,3.777800000001640
0.499999985694885,3.777900000001640
0.499999985694885,3.778000000001640
0.499999985694885,3.778100000001640
0.499999985694885,3.778200000001640
0.499999985694885,3.778300000001640
0.499999985694885,3.778400000001640
0.499999985694885,3.778500000001640
0.499999985694885,3.778600000001640
0.499999985694885,3.778700000001640
0.499999985694885,3.778800000001640
0.499999985694885,3.778900000001640
0.499999985694885,3.779000000001640
0.499999985694885,3.779100000001640
0.499999985694885,3.779200000001640
0.499999985694885,3.779300000001640
0.499999985694885,3.779400000001640
0.499999985694885,3.779500000001640
0.499999985694885,3.779600000001650
0.499999985694885,3.779700000001650
0.499999985694885,3.779800000001650
0.499999985694885,3.779900000001650
0.499999985694885,3.780000000001650
0.499999985694885,3.780100000001650
0.499999985694885,3.780200000001650
0.499999985694885,3.780300000001650
0.499999985694885,3.780400000001650
0.499999985694885,3.780500000001650
0.499999985694885,3.780600000001650
0.499999985694885,3.780700000001650
0.499999985694885,3.780800000001650
0.499999985694885,3.780900000001650
0.499999985694885,3.781000000001650
0.499999985694885,3.781100000001650
0.499999985694885,3.781200000001650
0.499999985694885,3.781300000001650
0.499999985694885,3.781400000001650
0.499999985694885,3.781500000001650
0.499999985694885,3.781600000001650
0.499999985694885,3.781700000001650
0.499999985694885,3.781800000001650
0.499999985694885,3.781900000001650
0.499999985694885,3.782000000001650
0.499999985694885,3.782100000001650
0.499999985694885,3.782200000001650
0.499999985694885,3.782300000001650
0.499999985694885,3.782400000001650
0.499999985694885,3.782500000001650
0.499999985694885,3.782600000001650
0.499999985694885,3.782700000001650
0.499999985694885,3.782800000001650
0.499999985694885,3.782900000001650
0.499999985694885,3.783000000001650
0.499999985694885,3.783100000001650
0.499999985694885,3.783200000001650
0.499999985694885,3.783300000001650
0.499999985694885,3.783400000001650
0.499999985694885,3.783500000001650
0.499999985694885,3.783600000001650
0.499999985694885,3.783700000001650
0.499999985694885,3.783800000001650
0.499999985694885,3.783900000001650
0.499999985694885,3.784000000001650
0.499999985694885,3.784100000001650
0.499999985694885,3.784200000001650
0.499999985694885,3.784300000001660
0.499999985694885,3.784400000001660
0.499999985694885,3.784500000001660
0.499999985694885,3.784600000001660
0.499999985694885,3.784700000001660
0.499999985694885,3.784800000001660
0.499999985694885,3.784900000001660
0.499999985694885,3.785000000001660
0.499999985694885,3.785100000001660
0.499999985694885,3.785200000001660
0.499999985694885,3.785300000001660
0.499999985694885,3.785400000001660
0.499999985694885,3.785500000001660
0.499999985694885,3.785600000001660
0.499999985694885,3.785700000001660
0.499999985694885,3.785800000001660
0.499999985694885,3.785900000001660
0.499999985694885,3.786000000001660
0.499999985694885,3.786100000001660
0.499999985694885,3.786200000001660
0.499999985694885,3.786300000001660
0.499999985694885,3.786400000001660
0.499999985694885,3.786500000001660
0.499999985694885,3.786600000001660
0.499999985694885,3.786700000001660
0.499999985694885,3.786800000001660
0.499999985694885,3.786900000001660
0.499999985694885,3.787000000001660
0.499999985694885,3.787100000001660
0.499999985694885,3.787200000001660
0.499999985694885,3.787300000001660
0.499999985694885,3.787400000001660
0.499999985694885,3.787500000001660
0.499999985694885,3.787600000001660
0.499999985694885,3.787700000001660
0.499999985694885,3.787800000001660
0.499999985694885,3.787900000001660
0.499999985694885,3.788000000001660
0.499999985694885,3.788100000001660
0.499999985694885,3.788200000001660
0.499999985694885,3.788300000001660
0.499999985694885,3.788400000001660
0.499999985694885,3.788500000001660
0.499999985694885,3.788600000001660
0.499999985694885,3.788700000001660
0.499999985694885,3.788800000001660
0.499999985694885,3.788900000001660
0.499999985694885,3.789000000001670
0.499999985694885,3.789100000001670
0.499999985694885,3.789200000001670
0.499999985694885,3.789300000001670
0.499999985694885,3.789400000001670
0.499999985694885,3.789500000001670
0.499999985694885,3.789600000001670
0.499999985694885,3.789700000001670
0.499999985694885,3.789800000001670
0.499999985694885,3.789900000001670
0.499999985694885,3.790000000001670
0.499999985694885,3.790100000001670
0.499999985694885,3.790200000001670
0.499999985694885,3.790300000001670
0.499999985694885,3.790400000001670
0.499999985694885,3.790500000001670
0.499999985694885,3.790600000001670
0.499999985694885,3.790700000001670
0.499999985694885,3.790800000001670
0.499999985694885,3.790900000001670
0.499999985694885,3.791000000001670
0.499999985694885,3.791100000001670
0.499999985694885,3.791200000001670
0.499999985694885,3.791300000001670
0.499999985694885,3.791400000001670
0.499999985694885,3.791500000001670
0.499999985694885,3.791600000001670
0.499999985694885,3.791700000001670
0.499999985694885,3.791800000001670
0.499999985694885,3.791900000001670
0.499999985694885,3.792000000001670
0.499999985694885,3.792100000001670
0.499999985694885,3.792200000001670
0.499999985694885,3.792300000001670
0.499999985694885,3.792400000001670
0.499999985694885,3.792500000001670
0.499999985694885,3.792600000001670
0.499999985694885,3.792700000001670
0.499999985694885,3.792800000001670
0.499999985694885,3.792900000001670
0.499999985694885,3.793000000001670
0.499999985694885,3.793100000001670
0.499999985694885,3.793200000001670
0.499999985694885,3.793300000001670
0.499999985694885,3.793400000001670
0.499999985694885,3.793500000001670
0.499999985694885,3.793600000001670
0.499999985694885,3.793700000001670
0.499999985694885,3.793800000001680
0.499999985694885,3.793900000001680
0.499999985694885,3.794000000001680
0.499999985694885,3.794100000001680
0.499999985694885,3.794200000001680
0.499999985694885,3.794300000001680
0.499999985694885,3.794400000001680
0.499999985694885,3.794500000001680
0.499999985694885,3.794600000001680
0.499999985694885,3.794700000001680
0.499999985694885,3.794800000001680
0.499999985694885,3.794900000001680
0.499999985694885,3.795000000001680
0.499999985694885,3.795100000001680
0.499999985694885,3.795200000001680
0.499999985694885,3.795300000001680
0.499999985694885,3.795400000001680
0.499999985694885,3.795500000001680
0.499999985694885,3.795600000001680
0.499999985694885,3.795700000001680
0.499999985694885,3.795800000001680
0.499999985694885,3.795900000001680
0.499999985694885,3.796000000001680
0.499999985694885,3.796100000001680
0.499999985694885,3.796200000001680
0.499999985694885,3.796300000001680
0.499999985694885,3.796400000001680
0.499999985694885,3.796500000001680
0.499999985694885,3.796600000001680
0.499999985694885,3.796700000001680
0.499999985694885,3.796800000001680
0.499999985694885,3.796900000001680
0.499999985694885,3.797000000001680
0.499999985694885,3.797100000001680
0.499999985694885,3.797200000001680
0.499999985694885,3.797300000001680
0.499999985694885,3.797400000001680
0.499999985694885,3.797500000001680
0.499999985694885,3.797600000001680
0.499999985694885,3.797700000001680
0.499999985694885,3.797800000001680
0.499999985694885,3.797900000001680
0.499999985694885,3.798000000001680
0.499999985694885,3.798100000001680
0.499999985694885,3.798200000001680
0.499999985694885,3.798300000001680
0.499999985694885,3.798400000001680
0.499999985694885,3.798500000001690
0.499999955177307,3.798600000001690
0.499999985694885,3.798700000001690
0.499999985694885,3.798800000001690
0.499999985694885,3.798900000001690
0.499999985694885,3.799000000001690
0.499999985694885,3.799100000001690
0.499999955177307,3.799200000001690
0.499999985694885,3.799300000001690
0.499999985694885,3.799400000001690
0.499999985694885,3.799500000001690
0.499999985694885,3.799600000001690
0.499999955177307,3.799700000001690
0.499999985694885,3.799800000001690
0.499999985694885,3.799900000001690
0.499999985694885,3.800000000001690
0.499999985694885,3.800100000001690
0.499999985694885,3.800200000001690
0.499999985694885,3.800300000001690
0.499999985694885,3.800400000001690
0.499999985694885,3.800500000001690
0.499999985694885,3.800600000001690
0.499999985694885,3.800700000001690
0.499999985694885,3.800800000001690
0.499999985694885,3.800900000001690
0.499999985694885,3.801000000001690
0.499999985694885,3.801100000001690
0.499999985694885,3.801200000001690
0.499999985694885,3.801300000001690
0.499999985694885,3.801400000001690
0.499999985694885,3.801500000001690
0.499999985694885,3.801600000001690
0.499999985694885,3.801700000001690
0.499999985694885,3.801800000001690
0.499999985694885,3.801900000001690
0.499999985694885,3.802000000001690
0.499999985694885,3.802100000001690
0.499999985694885,3.802200000001690
0.499999985694885,3.802300000001690
0.499999985694885,3.802400000001690
0.499999985694885,3.802500000001690
0.499999985694885,3.802600000001690
0.499999985694885,3.802700000001690
0.499999985694885,3.802800000001690
0.499999985694885,3.802900000001690
0.499999985694885,3.803000000001690
0.499999985694885,3.803100000001690
0.499999985694885,3.803200000001700
0.499999985694885,3.803300000001700
0.499999985694885,3.803400000001700
0.499999985694885,3.803500000001700
0.499999985694885,3.803600000001700
0.499999985694885,3.803700000001700
0.499999985694885,3.803800000001700
0.499999985694885,3.803900000001700
0.499999985694885,3.804000000001700
0.499999985694885,3.804100000001700
0.499999985694885,3.804200000001700
0.499999985694885,3.804300000001700
0.499999985694885,3.804400000001700
0.499999985694885,3.804500000001700
0.499999985694885,3.804600000001700
0.499999985694885,3.804700000001700
0.499999985694885,3.804800000001700
0.499999985694885,3.804900000001700
0.499999985694885,3.805000000001700
0.499999985694885,3.805100000001700
0.499999985694885,3.805200000001700
0.499999985694885,3.805300000001700
0.499999985694885,3.805400000001700
0.499999985694885,3.805500000001700
0.499999985694885,3.805600000001700
0.499999985694885,3.805700000001700
0.499999985694885,3.805800000001700
0.499999985694885,3.805900000001700
0.499999985694885,3.806000000001700
0.499999985694885,3.806100000001700
0.499999985694885,3.806200000001700
0.499999985694885,3.806300000001700
0.499999985694885,3.806400000001700
0.499999985694885,3.806500000001700
0.499999985694885,3.806600000001700
0.499999985694885,3.806700000001700
0.499999985694885,3.806800000001700
0.499999985694885,3.806900000001700
0.499999985694885,3.807000000001700
0.499999985694885,3.807100000001700
0.499999985694885,3.807200000001700
0.499999985694885,3.807300000001700
0.499999985694885,3.807400000001700
0.499999985694885,3.807500000001700
0.499999985694885,3.807600000001700
0.499999985694885,3.807700000001700
0.499999985694885,3.807800000001700
0.499999985694885,3.807900000001700
0.499999985694885,3.808000000001710
0.499999985694885,3.808100000001710
0.499999985694885,3.808200000001710
0.499999985694885,3.808300000001710
0.499999985694885,3.808400000001710
0.499999985694885,3.808500000001710
0.499999985694885,3.808600000001710
0.499999985694885,3.808700000001710
0.499999985694885,3.808800000001710
0.499999985694885,3.808900000001710
0.499999985694885,3.809000000001710
0.499999985694885,3.809100000001710
0.499999985694885,3.809200000001710
0.499999985694885,3.809300000001710
0.499999985694885,3.809400000001710
0.499999985694885,3.809500000001710
0.499999985694885,3.809600000001710
0.499999985694885,3.809700000001710
0.499999985694885,3.809800000001710
0.499999985694885,3.809900000001710
0.499999985694885,3.810000000001710
0.499999985694885,3.810100000001710
0.499999985694885,3.810200000001710
0.499999985694885,3.810300000001710
0.499999985694885,3.810400000001710
0.499999985694885,3.810500000001710
0.499999985694885,3.810600000001710
0.499999985694885,3.810700000001710
0.499999985694885,3.810800000001710
0.499999985694885,3.810900000001710
0.499999985694885,3.811000000001710
0.499999985694885,3.811100000001710
0.499999985694885,3.811200000001710
0.499999985694885,3.811300000001710
0.499999985694885,3.811400000001710
0.499999985694885,3.811500000001710
0.499999985694885,3.811600000001710
0.499999985694885,3.811700000001710
0.499999985694885,3.811800000001710
0.499999985694885,3.811900000001710
0.499999985694885,3.812000000001710
0.499999985694885,3.812100000001710
0.499999985694885,3.812200000001710
0.499999985694885,3.812300000001710
0.499999985694885,3.812400000001710
0.499999985694885,3.812500000001710
0.499999985694885,3.812600000001710
0.499999985694885,3.812700000001720
0.499999985694885,3.812800000001720
0.499999985694885,3.812900000001720
0.499999985694885,3.813000000001720
0.499999985694885,3.813100000001720
0.499999985694885,3.813200000001720
0.499999985694885,3.813300000001720
0.499999985694885,3.813400000001720
0.499999985694885,3.813500000001720
0.499999985694885,3.813600000001720
0.499999985694885,3.813700000001720
0.499999985694885,3.813800000001720
0.499999985694885,3.813900000001720
0.499999985694885,3.814000000001720
0.499999985694885,3.814100000001720
0.499999985694885,3.814200000001720
0.499999985694885,3.814300000001720
0.499999985694885,3.814400000001720
0.499999985694885,3.814500000001720
0.499999985694885,3.814600000001720
0.499999985694885,3.814700000001720
0.499999985694885,3.814800000001720
0.499999985694885,3.814900000001720
0.499999985694885,3.815000000001720
0.499999985694885,3.815100000001720
0.499999985694885,3.815200000001720
0.499999985694885,3.815300000001720
0.499999985694885,3.815400000001720
0.499999985694885,3.815500000001720
0.499999985694885,3.815600000001720
0.499999985694885,3.815700000001720
0.499999985694885,3.815800000001720
0.499999985694885,3.815900000001720
0.499999985694885,3.816000000001720
0.499999985694885,3.816100000001720
0.499999985694885,3.816200000001720
0.499999985694885,3.816300000001720
0.499999985694885,3.816400000001720
0.499999985694885,3.816500000001720
0.499999985694885,3.816600000001720
0.499999985694885,3.816700000001720
0.499999985694885,3.816800000001720
0.499999985694885,3.816900000001720
0.499999985694885,3.817000000001720
0.499999985694885,3.817100000001720
0.499999985694885,3.817200000001720
0.499999985694885,3.817300000001720
0.499999985694885,3.817400000001720
0.499999985694885,3.817500000001730
0.499999985694885,3.817600000001730
0.499999985694885,3.817700000001730
0.499999985694885,3.817800000001730
0.499999985694885,3.817900000001730
0.499999985694885,3.818000000001730
0.499999985694885,3.818100000001730
0.499999985694885,3.818200000001730
0.499999985694885,3.818300000001730
0.499999985694885,3.818400000001730
0.499999985694885,3.818500000001730
0.499999985694885,3.818600000001730
0.499999985694885,3.818700000001730
0.499999985694885,3.818800000001730
0.499999985694885,3.818900000001730
0.499999985694885,3.819000000001730
0.499999985694885,3.819100000001730
0.499999985694885,3.819200000001730
0.499999985694885,3.819300000001730
0.499999985694885,3.819400000001730
0.499999985694885,3.819500000001730
0.499999985694885,3.819600000001730
0.499999985694885,3.819700000001730
0.499999985694885,3.819800000001730
0.499999985694885,3.819900000001730
0.499999985694885,3.820000000001730
0.499999985694885,3.820100000001730
0.499999985694885,3.820200000001730
0.499999985694885,3.820300000001730
0.499999985694885,3.820400000001730
0.499999985694885,3.820500000001730
0.499999985694885,3.820600000001730
0.499999985694885,3.820700000001730
0.499999985694885,3.820800000001730
0.499999985694885,3.820900000001730
0.499999985694885,3.821000000001730
0.499999985694885,3.821100000001730
0.499999985694885,3.821200000001730
0.499999985694885,3.821300000001730
0.499999985694885,3.821400000001730
0.499999985694885,3.821500000001730
0.499999985694885,3.821600000001730
0.499999985694885,3.821700000001730
0.499999985694885,3.821800000001730
0.499999985694885,3.821900000001730
0.499999985694885,3.822000000001730
0.499999985694885,3.822100000001730
0.499999985694885,3.822200000001740
0.499999985694885,3.822300000001740
0.499999985694885,3.822400000001740
0.499999985694885,3.822500000001740
0.499999985694885,3.822600000001740
0.499999985694885,3.822700000001740
0.499999985694885,3.822800000001740
0.499999985694885,3.822900000001740
0.499999985694885,3.823000000001740
0.499999985694885,3.823100000001740
0.499999985694885,3.823200000001740
0.499999985694885,3.823300000001740
0.499999985694885,3.823400000001740
0.499999985694885,3.823500000001740
0.499999985694885,3.823600000001740
0.499999985694885,3.823700000001740
0.499999985694885,3.823800000001740
0.499999985694885,3.823900000001740
0.499999985694885,3.824000000001740
0.499999985694885,3.824100000001740
0.499999985694885,3.824200000001740
0.499999985694885,3.824300000001740
0.499999985694885,3.824400000001740
0.499999985694885,3.824500000001740
0.499999985694885,3.824600000001740
0.499999985694885,3.824700000001740
0.499999985694885,3.824800000001740
0.499999985694885,3.824900000001740
0.499999955177307,3.825000000001740
0.499999985694885,3.825100000001740
0.499999985694885,3.825200000001740
0.499999985694885,3.825300000001740
0.499999985694885,3.825400000001740
0.499999985694885,3.825500000001740
0.499999985694885,3.825600000001740
0.499999955177307,3.825700000001740
0.499999985694885,3.825800000001740
0.499999985694885,3.825900000001740
0.499999985694885,3.826000000001740
0.499999985694885,3.826100000001740
0.499999985694885,3.826200000001740
0.499999985694885,3.826300000001740
0.499999985694885,3.826400000001740
0.499999985694885,3.826500000001740
0.499999985694885,3.826600000001740
0.499999985694885,3.826700000001740
0.499999985694885,3.826800000001740
0.499999985694885,3.826900000001750
0.499999955177307,3.827000000001750
0.499999955177307,3.827100000001750
0.499999985694885,3.827200000001750
0.499999985694885,3.827300000001750
0.499999985694885,3.827400000001750
0.499999985694885,3.827500000001750
0.499999985694885,3.827600000001750
0.499999985694885,3.827700000001750
0.499999955177307,3.827800000001750
0.499999985694885,3.827900000001750
0.499999955177307,3.828000000001750
0.499999985694885,3.828100000001750
0.499999955177307,3.828200000001750
0.499999985694885,3.828300000001750
0.499999985694885,3.828400000001750
0.499999985694885,3.828500000001750
0.499999985694885,3.828600000001750
0.499999985694885,3.828700000001750
0.499999985694885,3.828800000001750
0.499999985694885,3.828900000001750
0.499999985694885,3.829000000001750
0.499999985694885,3.829100000001750
0.499999985694885,3.829200000001750
0.499999955177307,3.829300000001750
0.499999955177307,3.829400000001750
0.499999955177307,3.829500000001750
0.499999985694885,3.829600000001750
0.499999985694885,3.829700000001750
0.499999985694885,3.829800000001750
0.499999985694885,3.829900000001750
0.499999955177307,3.830000000001750
0.499999955177307,3.830100000001750
0.499999955177307,3.830200000001750
0.499999985694885,3.830300000001750
0.499999985694885,3.830400000001750
0.499999985694885,3.830500000001750
0.499999955177307,3.830600000001750
0.499999985694885,3.830700000001750
0.499999955177307,3.830800000001750
0.499999985694885,3.830900000001750
0.499999985694885,3.831000000001750
0.499999985694885,3.831100000001750
0.499999985694885,3.831200000001750
0.499999985694885,3.831300000001750
0.499999985694885,3.831400000001750
0.499999985694885,3.831500000001750
0.499999985694885,3.831600000001750
0.499999955177307,3.831700000001760
0.499999985694885,3.831800000001760
0.499999985694885,3.831900000001760
0.499999955177307,3.832000000001760
0.499999985694885,3.832100000001760
0.499999985694885,3.832200000001760
0.499999985694885,3.832300000001760
0.499999985694885,3.832400000001760
0.499999955177307,3.832500000001760
0.499999985694885,3.832600000001760
0.499999985694885,3.832700000001760
0.499999955177307,3.832800000001760
0.499999985694885,3.832900000001760
0.499999985694885,3.833000000001760
0.499999985694885,3.833100000001760
0.499999955177307,3.833200000001760
0.499999955177307,3.833300000001760
0.499999985694885,3.833400000001760
0.499999985694885,3.833500000001760
0.499999985694885,3.833600000001760
0.499999955177307,3.833700000001760
0.499999985694885,3.833800000001760
0.499999985694885,3.833900000001760
0.499999985694885,3.834000000001760
0.499999985694885,3.834100000001760
0.499999985694885,3.834200000001760
0.499999985694885,3.834300000001760
0.499999985694885,3.834400000001760
0.499999985694885,3.834500000001760
0.499999985694885,3.834600000001760
0.499999985694885,3.834700000001760
0.499999985694885,3.834800000001760
0.499999985694885,3.834900000001760
0.499999985694885,3.835000000001760
0.499999985694885,3.835100000001760
0.499999985694885,3.835200000001760
0.499999985694885,3.835300000001760
0.499999985694885,3.835400000001760
0.499999985694885,3.835500000001760
0.499999985694885,3.835600000001760
0.499999985694885,3.835700000001760
0.499999985694885,3.835800000001760
0.499999985694885,3.835900000001760
0.499999985694885,3.836000000001760
0.499999985694885,3.836100000001760
0.499999985694885,3.836200000001760
0.499999985694885,3.836300000001760
0.499999985694885,3.836400000001770
0.499999985694885,3.836500000001770
0.499999985694885,3.836600000001770
0.499999985694885,3.836700000001770
0.499999985694885,3.836800000001770
0.499999985694885,3.836900000001770
0.499999985694885,3.837000000001770
0.499999985694885,3.837100000001770
0.499999985694885,3.837200000001770
0.499999955177307,3.837300000001770
0.499999985694885,3.837400000001770
0.499999985694885,3.837500000001770
0.499999955177307,3.837600000001770
0.499999985694885,3.837700000001770
0.499999985694885,3.837800000001770
0.499999985694885,3.837900000001770
0.499999985694885,3.838000000001770
0.499999985694885,3.838100000001770
0.499999985694885,3.838200000001770
0.499999985694885,3.838300000001770
0.499999955177307,3.838400000001770
0.499999985694885,3.838500000001770
0.499999985694885,3.838600000001770
0.499999985694885,3.838700000001770
0.499999955177307,3.838800000001770
0.499999985694885,3.838900000001770
0.499999985694885,3.839000000001770
0.499999985694885,3.839100000001770
0.499999985694885,3.839200000001770
0.499999985694885,3.839300000001770
0.499999985694885,3.839400000001770
0.499999985694885,3.839500000001770
0.499999985694885,3.839600000001770
0.499999985694885,3.839700000001770
0.499999955177307,3.839800000001770
0.499999955177307,3.839900000001770
0.499999955177307,3.840000000001770
0.499999985694885,3.840100000001770
0.499999985694885,3.840200000001770
0.499999955177307,3.840300000001770
0.499999955177307,3.840400000001770
0.499999985694885,3.840500000001770
0.499999985694885,3.840600000001770
0.499999955177307,3.840700000001770
0.499999955177307,3.840800000001770
0.499999955177307,3.840900000001770
0.499999955177307,3.841000000001770
0.499999955177307,3.841100000001770
0.499999955177307,3.841200000001780
0.499999985694885,3.841300000001780
0.499999985694885,3.841400000001780
0.499999985694885,3.841500000001780
0.499999985694885,3.841600000001780
0.499999985694885,3.841700000001780
0.499999985694885,3.841800000001780
0.499999955177307,3.841900000001780
0.499999955177307,3.842000000001780
0.499999985694885,3.842100000001780
0.499999955177307,3.842200000001780
0.499999955177307,3.842300000001780
0.499999985694885,3.842400000001780
0.499999985694885,3.842500000001780
0.499999985694885,3.842600000001780
0.499999985694885,3.842700000001780
0.499999985694885,3.842800000001780
0.499999955177307,3.842900000001780
0.499999955177307,3.843000000001780
0.499999985694885,3.843100000001780
0.499999985694885,3.843200000001780
0.499999985694885,3.843300000001780
0.499999985694885,3.843400000001780
0.499999985694885,3.843500000001780
0.499999985694885,3.843600000001780
0.499999985694885,3.843700000001780
0.499999985694885,3.843800000001780
0.499999985694885,3.843900000001780
0.499999985694885,3.844000000001780
0.499999985694885,3.844100000001780
0.499999985694885,3.844200000001780
0.499999985694885,3.844300000001780
0.499999985694885,3.844400000001780
0.499999985694885,3.844500000001780
0.499999985694885,3.844600000001780
0.499999985694885,3.844700000001780
0.499999985694885,3.844800000001780
0.499999985694885,3.844900000001780
0.499999985694885,3.845000000001780
0.499999985694885,3.845100000001780
0.499999985694885,3.845200000001780
0.499999985694885,3.845300000001780
0.499999985694885,3.845400000001780
0.499999985694885,3.845500000001780
0.499999985694885,3.845600000001780
0.499999985694885,3.845700000001780
0.499999985694885,3.845800000001780
0.499999985694885,3.845900000001790
0.499999985694885,3.846000000001790
0.499999985694885,3.846100000001790
0.499999985694885,3.846200000001790
0.499999985694885,3.846300000001790
0.499999985694885,3.846400000001790
0.499999985694885,3.846500000001790
0.499999985694885,3.846600000001790
0.499999985694885,3.846700000001790
0.499999985694885,3.846800000001790
0.499999985694885,3.846900000001790
0.499999985694885,3.847000000001790
0.499999985694885,3.847100000001790
0.499999985694885,3.847200000001790
0.499999985694885,3.847300000001790
0.499999985694885,3.847400000001790
0.499999985694885,3.847500000001790
0.499999985694885,3.847600000001790
0.499999985694885,3.847700000001790
0.499999985694885,3.847800000001790
0.499999985694885,3.847900000001790
0.499999985694885,3.848000000001790
0.499999985694885,3.848100000001790
0.499999985694885,3.848200000001790
0.499999985694885,3.848300000001790
0.499999985694885,3.848400000001790
0.499999985694885,3.848500000001790
0.499999985694885,3.848600000001790
0.499999985694885,3.848700000001790
0.499999985694885,3.848800000001790
0.499999985694885,3.848900000001790
0.499999985694885,3.849000000001790
0.499999985694885,3.849100000001790
0.499999985694885,3.849200000001790
0.499999985694885,3.849300000001790
0.499999985694885,3.849400000001790
0.499999985694885,3.849500000001790
0.499999985694885,3.849600000001790
0.499999985694885,3.849700000001790
0.499999985694885,3.849800000001790
0.499999985694885,3.849900000001790
0.499999985694885,3.850000000001790
0.499999985694885,3.850100000001790
0.499999985694885,3.850200000001790
0.499999985694885,3.850300000001790
0.499999985694885,3.850400000001790
0.499999985694885,3.850500000001790
0.499999985694885,3.850600000001800
0.499999985694885,3.850700000001800
0.499999985694885,3.850800000001800
0.499999985694885,3.850900000001800
0.499999985694885,3.851000000001800
0.499999985694885,3.851100000001800
0.499999985694885,3.851200000001800
0.499999985694885,3.851300000001800
0.499999985694885,3.851400000001800
0.499999985694885,3.851500000001800
0.499999985694885,3.851600000001800
0.499999985694885,3.851700000001800
0.499999985694885,3.851800000001800
0.499999985694885,3.851900000001800
0.499999985694885,3.852000000001800
0.499999985694885,3.852100000001800
0.499999985694885,3.852200000001800
0.499999985694885,3.852300000001800
0.499999985694885,3.852400000001800
0.499999985694885,3.852500000001800
0.499999985694885,3.852600000001800
0.499999985694885,3.852700000001800
0.499999985694885,3.852800000001800
0.499999985694885,3.852900000001800
0.499999985694885,3.853000000001800
0.499999985694885,3.853100000001800
0.499999985694885,3.853200000001800
0.499999985694885,3.853300000001800
0.499999985694885,3.853400000001800
0.499999985694885,3.853500000001800
0.499999985694885,3.853600000001800
0.499999985694885,3.853700000001800
0.499999985694885,3.853800000001800
0.499999985694885,3.853900000001800
0.499999985694885,3.854000000001800
0.499999985694885,3.854100000001800
0.499999985694885,3.854200000001800
0.499999985694885,3.854300000001800
0.499999985694885,3.854400000001800
0.499999985694885,3.854500000001800
0.499999985694885,3.854600000001800
0.499999985694885,3.854700000001800
0.499999985694885,3.854800000001800
0.499999985694885,3.854900000001800
0.499999985694885,3.855000000001800
0.499999985694885,3.855100000001800
0.499999985694885,3.855200000001800
0.499999985694885,3.855300000001800
0.499999985694885,3.855400000001810
0.499999985694885,3.855500000001810
0.499999985694885,3.855600000001810
0.499999985694885,3.855700000001810
0.499999985694885,3.855800000001810
0.499999985694885,3.855900000001810
0.499999985694885,3.856000000001810
0.499999985694885,3.856100000001810
0.499999985694885,3.856200000001810
0.499999985694885,3.856300000001810
0.499999985694885,3.856400000001810
0.499999985694885,3.856500000001810
0.499999985694885,3.856600000001810
0.499999985694885,3.856700000001810
0.499999985694885,3.856800000001810
0.499999985694885,3.856900000001810
0.499999985694885,3.857000000001810
0.499999985694885,3.857100000001810
0.499999985694885,3.857200000001810
0.499999985694885,3.857300000001810
0.499999985694885,3.857400000001810
0.499999985694885,3.857500000001810
0.499999985694885,3.857600000001810
0.499999985694885,3.857700000001810
0.499999985694885,3.857800000001810
0.499999985694885,3.857900000001810
0.499999985694885,3.858000000001810
0.499999985694885,3.858100000001810
0.499999985694885,3.858200000001810
0.499999985694885,3.858300000001810
0.499999985694885,3.858400000001810
0.499999985694885,3.858500000001810
0.499999985694885,3.858600000001810
0.499999985694885,3.858700000001810
0.499999985694885,3.858800000001810
0.499999985694885,3.858900000001810
0.499999985694885,3.859000000001810
0.499999985694885,3.859100000001810
0.499999985694885,3.859200000001810
0.499999985694885,3.859300000001810
0.499999985694885,3.859400000001810
0.499999985694885,3.859500000001810
0.499999985694885,3.859600000001810
0.499999985694885,3.859700000001810
0.499999985694885,3.859800000001810
0.499999985694885,3.859900000001810
0.499999985694885,3.860000000001810
0.499999985694885,3.860100000001820
0.499999985694885,3.860200000001820
0.499999985694885,3.860300000001820
0.499999985694885,3.860400000001820
0.499999985694885,3.860500000001820
0.499999985694885,3.860600000001820
0.499999985694885,3.860700000001820
0.499999985694885,3.860800000001820
0.499999985694885,3.860900000001820
0.499999985694885,3.861000000001820
0.499999985694885,3.861100000001820
0.499999985694885,3.861200000001820
0.499999985694885,3.861300000001820
0.499999985694885,3.861400000001820
0.499999985694885,3.861500000001820
0.499999985694885,3.861600000001820
0.499999985694885,3.861700000001820
0.499999985694885,3.861800000001820
0.499999985694885,3.861900000001820
0.499999985694885,3.862000000001820
0.499999985694885,3.862100000001820
0.499999985694885,3.862200000001820
0.499999985694885,3.862300000001820
0.499999985694885,3.862400000001820
0.499999985694885,3.862500000001820
0.499999985694885,3.862600000001820
0.499999985694885,3.862700000001820
0.499999985694885,3.862800000001820
0.499999985694885,3.862900000001820
0.499999985694885,3.863000000001820
0.499999985694885,3.863100000001820
0.499999985694885,3.863200000001820
0.499999985694885,3.863300000001820
0.499999985694885,3.863400000001820
0.499999985694885,3.863500000001820
0.499999985694885,3.863600000001820
0.499999985694885,3.863700000001820
0.499999985694885,3.863800000001820
0.499999985694885,3.863900000001820
0.499999985694885,3.864000000001820
0.499999985694885,3.864100000001820
0.499999985694885,3.864200000001820
0.499999985694885,3.864300000001820
0.499999985694885,3.864400000001820
0.499999985694885,3.864500000001820
0.499999985694885,3.864600000001820
0.499999985694885,3.864700000001820
0.499999985694885,3.864800000001820
0.499999985694885,3.864900000001830
0.499999985694885,3.865000000001830
0.499999985694885,3.865100000001830
0.499999985694885,3.865200000001830
0.499999985694885,3.865300000001830
0.499999985694885,3.865400000001830
0.499999985694885,3.865500000001830
0.499999985694885,3.865600000001830
0.499999985694885,3.865700000001830
0.499999985694885,3.865800000001830
0.499999985694885,3.865900000001830
0.499999985694885,3.866000000001830
0.499999985694885,3.866100000001830
0.499999985694885,3.866200000001830
0.499999985694885,3.866300000001830
0.499999985694885,3.866400000001830
0.499999985694885,3.866500000001830
0.499999985694885,3.866600000001830
0.499999985694885,3.866700000001830
0.499999985694885,3.866800000001830
0.499999985694885,3.866900000001830
0.499999985694885,3.867000000001830
0.499999985694885,3.867100000001830
0.499999985694885,3.867200000001830
0.499999985694885,3.867300000001830
0.499999985694885,3.867400000001830
0.499999985694885,3.867500000001830
0.499999985694885,3.867600000001830
0.499999985694885,3.867700000001830
0.499999985694885,3.867800000001830
0.499999985694885,3.867900000001830
0.499999985694885,3.868000000001830
0.499999985694885,3.868100000001830
0.499999985694885,3.868200000001830
0.499999985694885,3.868300000001830
0.499999985694885,3.868400000001830
0.499999985694885,3.868500000001830
0.499999985694885,3.868600000001830
0.499999985694885,3.868700000001830
0.499999985694885,3.868800000001830
0.499999985694885,3.868900000001830
0.499999985694885,3.869000000001830
0.499999985694885,3.869100000001830
0.499999985694885,3.869200000001830
0.499999985694885,3.869300000001830
0.499999985694885,3.869400000001830
0.499999985694885,3.869500000001830
0.499999985694885,3.869600000001840
0.499999985694885,3.869700000001840
0.499999985694885,3.869800000001840
0.499999985694885,3.869900000001840
0.499999985694885,3.870000000001840
0.499999985694885,3.870100000001840
0.499999985694885,3.870200000001840
0.499999985694885,3.870300000001840
0.499999985694885,3.870400000001840
0.499999985694885,3.870500000001840
0.499999985694885,3.870600000001840
0.499999985694885,3.870700000001840
0.499999985694885,3.870800000001840
0.499999985694885,3.870900000001840
0.499999985694885,3.871000000001840
0.499999985694885,3.871100000001840
0.499999985694885,3.871200000001840
0.499999985694885,3.871300000001840
0.499999985694885,3.871400000001840
0.499999985694885,3.871500000001840
0.499999985694885,3.871600000001840
0.499999985694885,3.871700000001840
0.499999985694885,3.871800000001840
0.499999985694885,3.871900000001840
0.499999985694885,3.872000000001840
0.499999985694885,3.872100000001840
0.499999985694885,3.872200000001840
0.499999985694885,3.872300000001840
0.499999985694885,3.872400000001840
0.499999985694885,3.872500000001840
0.499999985694885,3.872600000001840
0.499999955177307,3.872700000001840
0.499999985694885,3.872800000001840
0.499999985694885,3.872900000001840
0.499999985694885,3.873000000001840
0.499999985694885,3.873100000001840
0.499999985694885,3.873200000001840
0.499999985694885,3.873300000001840
0.499999985694885,3.873400000001840
0.499999985694885,3.873500000001840
0.499999985694885,3.873600000001840
0.499999985694885,3.873700000001840
0.499999955177307,3.873800000001840
0.499999985694885,3.873900000001840
0.499999985694885,3.874000000001840
0.499999985694885,3.874100000001840
0.499999985694885,3.874200000001840
0.499999985694885,3.874300000001850
0.499999955177307,3.874400000001850
0.499999985694885,3.874500000001850
0.499999955177307,3.874600000001850
0.499999985694885,3.874700000001850
0.499999985694885,3.874800000001850
0.499999985694885,3.874900000001850
0.499999955177307,3.875000000001850
0.499999985694885,3.875100000001850
0.499999985694885,3.875200000001850
0.499999985694885,3.875300000001850
0.499999955177307,3.875400000001850
0.499999955177307,3.875500000001850
0.499999985694885,3.875600000001850
0.499999985694885,3.875700000001850
0.499999985694885,3.875800000001850
0.499999985694885,3.875900000001850
0.499999985694885,3.876000000001850
0.499999955177307,3.876100000001850
0.499999955177307,3.876200000001850
0.499999985694885,3.876300000001850
0.499999985694885,3.876400000001850
0.499999985694885,3.876500000001850
0.499999985694885,3.876600000001850
0.499999985694885,3.876700000001850
0.499999985694885,3.876800000001850
0.499999955177307,3.876900000001850
0.499999955177307,3.877000000001850
0.499999955177307,3.877100000001850
0.499999985694885,3.877200000001850
0.499999955177307,3.877300000001850
0.499999985694885,3.877400000001850
0.499999955177307,3.877500000001850
0.499999985694885,3.877600000001850
0.499999955177307,3.877700000001850
0.499999985694885,3.877800000001850
0.499999955177307,3.877900000001850
0.499999985694885,3.878000000001850
0.499999985694885,3.878100000001850
0.499999955177307,3.878200000001850
0.499999985694885,3.878300000001850
0.499999955177307,3.878400000001850
0.499999985694885,3.878500000001850
0.499999985694885,3.878600000001850
0.499999985694885,3.878700000001850
0.499999985694885,3.878800000001850
0.499999955177307,3.878900000001850
0.499999985694885,3.879000000001850
0.499999985694885,3.879100000001860
0.499999985694885,3.879200000001860
0.499999985694885,3.879300000001860
0.499999985694885,3.879400000001860
0.499999985694885,3.879500000001860
0.499999955177307,3.879600000001860
0.499999985694885,3.879700000001860
0.499999985694885,3.879800000001860
0.499999955177307,3.879900000001860
0.499999955177307,3.880000000001860
0.499999924659729,3.880100000001860
0.499999955177307,3.880200000001860
0.499999985694885,3.880300000001860
0.499999985694885,3.880400000001860
0.499999985694885,3.880500000001860
0.499999985694885,3.880600000001860
0.499999985694885,3.880700000001860
0.499999985694885,3.880800000001860
0.499999985694885,3.880900000001860
0.499999955177307,3.881000000001860
0.499999985694885,3.881100000001860
0.499999985694885,3.881200000001860
0.499999955177307,3.881300000001860
0.499999985694885,3.881400000001860
0.499999985694885,3.881500000001860
0.499999955177307,3.881600000001860
0.499999955177307,3.881700000001860
0.499999985694885,3.881800000001860
0.499999955177307,3.881900000001860
0.499999955177307,3.882000000001860
0.499999985694885,3.882100000001860
0.499999955177307,3.882200000001860
0.499999955177307,3.882300000001860
0.499999985694885,3.882400000001860
0.499999955177307,3.882500000001860
0.499999985694885,3.882600000001860
0.499999955177307,3.882700000001860
0.499999955177307,3.882800000001860
0.499999955177307,3.882900000001860
0.499999955177307,3.883000000001860
0.499999955177307,3.883100000001860
0.499999985694885,3.883200000001860
0.499999924659729,3.883300000001860
0.499999985694885,3.883400000001860
0.499999985694885,3.883500000001860
0.499999985694885,3.883600000001860
0.499999985694885,3.883700000001860
0.499999985694885,3.883800000001870
0.499999955177307,3.883900000001870
0.499999985694885,3.884000000001870
0.499999985694885,3.884100000001870
0.499999985694885,3.884200000001870
0.499999985694885,3.884300000001870
0.499999985694885,3.884400000001870
0.499999955177307,3.884500000001870
0.499999955177307,3.884600000001870
0.499999985694885,3.884700000001870
0.499999985694885,3.884800000001870
0.499999985694885,3.884900000001870
0.499999985694885,3.885000000001870
0.499999985694885,3.885100000001870
0.499999955177307,3.885200000001870
0.499999985694885,3.885300000001870
0.499999955177307,3.885400000001870
0.499999985694885,3.885500000001870
0.499999985694885,3.885600000001870
0.499999985694885,3.885700000001870
0.499999985694885,3.885800000001870
0.499999985694885,3.885900000001870
0.499999985694885,3.886000000001870
0.499999985694885,3.886100000001870
0.499999955177307,3.886200000001870
0.499999955177307,3.886300000001870
0.499999955177307,3.886400000001870
0.499999985694885,3.886500000001870
0.499999955177307,3.886600000001870
0.499999985694885,3.886700000001870
0.499999955177307,3.886800000001870
0.499999924659729,3.886900000001870
0.499999955177307,3.887000000001870
0.499999985694885,3.887100000001870
0.499999985694885,3.887200000001870
0.499999985694885,3.887300000001870
0.499999985694885,3.887400000001870
0.499999955177307,3.887500000001870
0.499999985694885,3.887600000001870
0.499999985694885,3.887700000001870
0.499999985694885,3.887800000001870
0.499999985694885,3.887900000001870
0.499999985694885,3.888000000001870
0.499999985694885,3.888100000001870
0.499999955177307,3.888200000001870
0.499999985694885,3.888300000001870
0.499999955177307,3.888400000001870
0.499999985694885,3.888500000001880
0.499999955177307,3.888600000001880
0.499999985694885,3.888700000001880
0.499999985694885,3.888800000001880
0.499999985694885,3.888900000001880
0.499999985694885,3.889000000001880
0.499999985694885,3.889100000001880
0.499999985694885,3.889200000001880
0.499999985694885,3.889300000001880
0.499999985694885,3.889400000001880
0.499999985694885,3.889500000001880
0.499999985694885,3.889600000001880
0.499999985694885,3.889700000001880
0.499999985694885,3.889800000001880
0.499999985694885,3.889900000001880
0.499999985694885,3.890000000001880
0.499999985694885,3.890100000001880
0.499999985694885,3.890200000001880
0.499999985694885,3.890300000001880
0.499999985694885,3.890400000001880
0.499999985694885,3.890500000001880
0.499999985694885,3.890600000001880
0.499999985694885,3.890700000001880
0.499999985694885,3.890800000001880
0.499999985694885,3.890900000001880
0.499999985694885,3.891000000001880
0.499999985694885,3.891100000001880
0.499999985694885,3.891200000001880
0.499999985694885,3.891300000001880
0.499999985694885,3.891400000001880
0.499999985694885,3.891500000001880
0.499999985694885,3.891600000001880
0.499999985694885,3.891700000001880
0.499999985694885,3.891800000001880
0.499999985694885,3.891900000001880
0.499999985694885,3.892000000001880
0.499999985694885,3.892100000001880
0.499999985694885,3.892200000001880
0.499999985694885,3.892300000001880
0.499999985694885,3.892400000001880
0.499999985694885,3.892500000001880
0.499999985694885,3.892600000001880
0.499999985694885,3.892700000001880
0.499999985694885,3.892800000001880
0.499999985694885,3.892900000001880
0.499999985694885,3.893000000001880
0.499999985694885,3.893100000001880
0.499999985694885,3.893200000001880
0.499999985694885,3.893300000001890
0.499999985694885,3.893400000001890
0.499999985694885,3.893500000001890
0.499999985694885,3.893600000001890
0.499999985694885,3.893700000001890
0.499999985694885,3.893800000001890
0.499999985694885,3.893900000001890
0.499999985694885,3.894000000001890
0.499999985694885,3.894100000001890
0.499999985694885,3.894200000001890
0.499999985694885,3.894300000001890
0.499999985694885,3.894400000001890
0.499999985694885,3.894500000001890
0.499999985694885,3.894600000001890
0.499999985694885,3.894700000001890
0.499999985694885,3.894800000001890
0.499999985694885,3.894900000001890
0.499999985694885,3.895000000001890
0.499999985694885,3.895100000001890
0.499999985694885,3.895200000001890
0.499999985694885,3.895300000001890
0.499999985694885,3.895400000001890
0.499999985694885,3.895500000001890
0.499999985694885,3.895600000001890
0.499999985694885,3.895700000001890
0.499999985694885,3.895800000001890
0.499999985694885,3.895900000001890
0.499999985694885,3.896000000001890
0.499999985694885,3.896100000001890
0.499999985694885,3.896200000001890
0.499999985694885,3.896300000001890
0.499999985694885,3.896400000001890
0.499999985694885,3.896500000001890
0.499999985694885,3.896600000001890
0.499999985694885,3.896700000001890
0.499999985694885,3.896800000001890
0.499999985694885,3.896900000001890
0.499999985694885,3.897000000001890
0.499999985694885,3.897100000001890
0.499999985694885,3.897200000001890
0.499999985694885,3.897300000001890
0.499999985694885,3.897400000001890
0.499999985694885,3.897500000001890
0.499999985694885,3.897600000001890
0.499999985694885,3.897700000001890
0.499999985694885,3.897800000001890
0.499999985694885,3.897900000001890
0.499999985694885,3.898000000001900
0.499999985694885,3.898100000001900
0.499999985694885,3.898200000001900
0.499999985694885,3.898300000001900
0.499999985694885,3.898400000001900
0.499999985694885,3.898500000001900
0.499999985694885,3.898600000001900
0.499999985694885,3.898700000001900
0.499999985694885,3.898800000001900
0.499999985694885,3.898900000001900
0.499999985694885,3.899000000001900
0.499999985694885,3.899100000001900
0.499999985694885,3.899200000001900
0.499999985694885,3.899300000001900
0.499999985694885,3.899400000001900
0.499999985694885,3.899500000001900
0.499999985694885,3.899600000001900
0.499999985694885,3.899700000001900
0.499999985694885,3.899800000001900
0.499999985694885,3.899900000001900
0.499999985694885,3.900000000001900
0.499999985694885,3.900100000001900
0.499999985694885,3.900200000001900
0.499999985694885,3.900300000001900
0.499999985694885,3.900400000001900
0.499999985694885,3.900500000001900
0.499999985694885,3.900600000001900
0.499999985694885,3.900700000001900
0.499999985694885,3.900800000001900
0.499999985694885,3.900900000001900
0.499999985694885,3.901000000001900
0.499999985694885,3.901100000001900
0.499999985694885,3.901200000001900
0.499999985694885,3.901300000001900
0.499999985694885,3.901400000001900
0.499999985694885,3.901500000001900
0.499999985694885,3.901600000001900
0.499999985694885,3.901700000001900
0.499999985694885,3.901800000001900
0.499999985694885,3.901900000001900
0.499999985694885,3.902000000001900
0.499999985694885,3.902100000001900
0.499999985694885,3.902200000001900
0.499999985694885,3.902300000001900
0.499999985694885,3.902400000001900
0.499999985694885,3.902500000001900
0.499999985694885,3.902600000001900
0.499999985694885,3.902700000001900
0.499999985694885,3.902800000001910
0.499999985694885,3.902900000001910
0.499999985694885,3.903000000001910
0.499999985694885,3.903100000001910
0.499999985694885,3.903200000001910
0.499999985694885,3.903300000001910
0.499999985694885,3.903400000001910
0.499999985694885,3.903500000001910
0.499999985694885,3.903600000001910
0.499999985694885,3.903700000001910
0.499999985694885,3.903800000001910
0.499999985694885,3.903900000001910
0.499999985694885,3.904000000001910
0.499999985694885,3.904100000001910
0.499999985694885,3.904200000001910
0.499999985694885,3.904300000001910
0.499999985694885,3.904400000001910
0.499999985694885,3.904500000001910
0.499999985694885,3.904600000001910
0.499999985694885,3.904700000001910
0.499999985694885,3.904800000001910
0.499999985694885,3.904900000001910
0.499999985694885,3.905000000001910
0.499999985694885,3.905100000001910
0.499999985694885,3.905200000001910
0.499999985694885,3.905300000001910
0.499999985694885,3.905400000001910
0.499999985694885,3.905500000001910
0.499999985694885,3.905600000001910
0.499999985694885,3.905700000001910
0.499999985694885,3.905800000001910
0.499999985694885,3.905900000001910
0.499999985694885,3.906000000001910
0.499999985694885,3.906100000001910
0.499999985694885,3.906200000001910
0.499999985694885,3.906300000001910
0.499999985694885,3.906400000001910
0.499999985694885,3.906500000001910
0.499999985694885,3.906600000001910
0.499999985694885,3.906700000001910
0.499999985694885,3.906800000001910
0.499999985694885,3.906900000001910
0.499999985694885,3.907000000001910
0.499999985694885,3.907100000001910
0.499999985694885,3.907200000001910
0.499999985694885,3.907300000001910
0.499999985694885,3.907400000001910
0.499999985694885,3.907500000001920
0.499999985694885,3.907600000001920
0.499999985694885,3.907700000001920
0.499999985694885,3.907800000001920
0.499999985694885,3.907900000001920
0.499999985694885,3.908000000001920
0.499999985694885,3.908100000001920
0.499999985694885,3.908200000001920
0.499999985694885,3.908300000001920
0.499999985694885,3.908400000001920
0.499999985694885,3.908500000001920
0.499999985694885,3.908600000001920
0.499999985694885,3.908700000001920
0.499999985694885,3.908800000001920
0.499999985694885,3.908900000001920
0.499999985694885,3.909000000001920
0.499999985694885,3.909100000001920
0.499999985694885,3.909200000001920
0.499999985694885,3.909300000001920
0.499999985694885,3.909400000001920
0.499999985694885,3.909500000001920
0.499999985694885,3.909600000001920
0.499999985694885,3.909700000001920
0.499999985694885,3.909800000001920
0.499999985694885,3.909900000001920
0.499999985694885,3.910000000001920
0.499999985694885,3.910100000001920
0.499999985694885,3.910200000001920
0.499999985694885,3.910300000001920
0.499999985694885,3.910400000001920
0.499999985694885,3.910500000001920
0.499999985694885,3.910600000001920
0.499999985694885,3.910700000001920
0.499999985694885,3.910800000001920
0.499999985694885,3.910900000001920
0.499999985694885,3.911000000001920
0.499999985694885,3.911100000001920
0.499999985694885,3.911200000001920
0.499999985694885,3.911300000001920
0.499999985694885,3.911400000001920
0.499999985694885,3.911500000001920
0.499999985694885,3.911600000001920
0.499999985694885,3.911700000001920
0.499999985694885,3.911800000001920
0.499999985694885,3.911900000001920
0.499999985694885,3.912000000001920
0.499999985694885,3.912100000001920
0.499999985694885,3.912200000001930
0.499999985694885,3.912300000001930
0.499999985694885,3.912400000001930
0.499999985694885,3.912500000001930
0.499999985694885,3.912600000001930
0.499999985694885,3.912700000001930
0.499999985694885,3.912800000001930
0.499999985694885,3.912900000001930
0.499999985694885,3.913000000001930
0.499999985694885,3.913100000001930
0.499999985694885,3.913200000001930
0.499999985694885,3.913300000001930
0.499999985694885,3.913400000001930
0.499999985694885,3.913500000001930
0.499999985694885,3.913600000001930
0.499999985694885,3.913700000001930
0.499999985694885,3.913800000001930
0.499999985694885,3.913900000001930
0.499999985694885,3.914000000001930
0.499999985694885,3.914100000001930
0.499999985694885,3.914200000001930
0.499999985694885,3.914300000001930
0.499999985694885,3.914400000001930
0.499999985694885,3.914500000001930
0.499999985694885,3.914600000001930
0.499999985694885,3.914700000001930
0.499999985694885,3.914800000001930
0.499999985694885,3.914900000001930
0.499999985694885,3.915000000001930
0.499999985694885,3.915100000001930
0.499999985694885,3.915200000001930
0.499999985694885,3.915300000001930
0.499999985694885,3.915400000001930
0.499999985694885,3.915500000001930
0.499999985694885,3.915600000001930
0.499999985694885,3.915700000001930
0.499999985694885,3.915800000001930
0.499999985694885,3.915900000001930
0.499999985694885,3.916000000001930
0.499999985694885,3.916100000001930
0.499999985694885,3.916200000001930
0.499999985694885,3.916300000001930
0.499999985694885,3.916400000001930
0.499999985694885,3.916500000001930
0.499999985694885,3.916600000001930
0.499999985694885,3.916700000001930
0.499999985694885,3.916800000001930
0.499999985694885,3.916900000001930
0.499999985694885,3.917000000001940
0.499999985694885,3.917100000001940
0.499999985694885,3.917200000001940
0.499999985694885,3.917300000001940
0.499999985694885,3.917400000001940
0.499999985694885,3.917500000001940
0.499999985694885,3.917600000001940
0.499999985694885,3.917700000001940
0.499999985694885,3.917800000001940
0.499999985694885,3.917900000001940
0.499999985694885,3.918000000001940
0.499999985694885,3.918100000001940
0.499999985694885,3.918200000001940
0.499999985694885,3.918300000001940
0.499999985694885,3.918400000001940
0.499999985694885,3.918500000001940
0.499999985694885,3.918600000001940
0.499999985694885,3.918700000001940
0.499999985694885,3.918800000001940
0.499999985694885,3.918900000001940
0.499999985694885,3.919000000001940
0.499999985694885,3.919100000001940
0.499999985694885,3.919200000001940
0.499999985694885,3.919300000001940
0.499999985694885,3.919400000001940
0.499999985694885,3.919500000001940
0.499999985694885,3.919600000001940
0.499999985694885,3.919700000001940
0.499999985694885,3.919800000001940
0.499999985694885,3.919900000001940
0.499999985694885,3.920000000001940
0.499999985694885,3.920100000001940
0.499999985694885,3.920200000001940
0.499999985694885,3.920300000001940
0.499999985694885,3.920400000001940
0.499999985694885,3.920500000001940
0.499999985694885,3.920600000001940
0.499999985694885,3.920700000001940
0.499999985694885,3.920800000001940
0.499999985694885,3.920900000001940
0.499999985694885,3.921000000001940
0.499999985694885,3.921100000001940
0.499999985694885,3.921200000001940
0.499999985694885,3.921300000001940
0.499999985694885,3.921400000001940
0.499999985694885,3.921500000001940
0.499999985694885,3.921600000001940
0.499999985694885,3.921700000001950
0.499999985694885,3.921800000001950
0.499999985694885,3.921900000001950
0.499999985694885,3.922000000001950
0.499999985694885,3.922100000001950
0.499999985694885,3.922200000001950
0.499999985694885,3.922300000001950
0.499999985694885,3.922400000001950
0.499999985694885,3.922500000001950
0.499999985694885,3.922600000001950
0.499999985694885,3.922700000001950
0.499999985694885,3.922800000001950
0.499999985694885,3.922900000001950
0.499999985694885,3.923000000001950
0.499999985694885,3.923100000001950
0.499999985694885,3.923200000001950
0.499999985694885,3.923300000001950
0.499999985694885,3.923400000001950
0.499999985694885,3.923500000001950
0.499999985694885,3.923600000001950
0.499999985694885,3.923700000001950
0.499999985694885,3.923800000001950
0.499999985694885,3.923900000001950
0.499999985694885,3.924000000001950
0.499999985694885,3.924100000001950
0.499999985694885,3.924200000001950
0.499999985694885,3.924300000001950
0.499999985694885,3.924400000001950
0.499999985694885,3.924500000001950
0.499999985694885,3.924600000001950
0.499999985694885,3.924700000001950
0.499999985694885,3.924800000001950
0.499999985694885,3.924900000001950
0.499999985694885,3.925000000001950
0.499999985694885,3.925100000001950
0.499999985694885,3.925200000001950
0.499999985694885,3.925300000001950
0.499999985694885,3.925400000001950
0.499999985694885,3.925500000001950
0.499999985694885,3.925600000001950
0.499999985694885,3.925700000001950
0.499999985694885,3.925800000001950
0.499999985694885,3.925900000001950
0.499999985694885,3.926000000001950
0.499999985694885,3.926100000001950
0.499999985694885,3.926200000001950
0.499999985694885,3.926300000001950
0.499999985694885,3.926400000001950
0.499999985694885,3.926500000001960
0.499999985694885,3.926600000001960
0.499999985694885,3.926700000001960
0.499999985694885,3.926800000001960
0.499999985694885,3.926900000001960
0.499999985694885,3.927000000001960
0.499999985694885,3.927100000001960
0.499999985694885,3.927200000001960
0.499999985694885,3.927300000001960
0.499999985694885,3.927400000001960
0.499999985694885,3.927500000001960
0.499999985694885,3.927600000001960
0.499999985694885,3.927700000001960
0.499999985694885,3.927800000001960
0.499999985694885,3.927900000001960
0.499999985694885,3.928000000001960
0.499999985694885,3.928100000001960
0.499999985694885,3.928200000001960
0.499999985694885,3.928300000001960
0.499999985694885,3.928400000001960
0.499999985694885,3.928500000001960
0.499999985694885,3.928600000001960
0.499999985694885,3.928700000001960
0.499999985694885,3.928800000001960
0.499999985694885,3.928900000001960
0.499999985694885,3.929000000001960
0.499999985694885,3.929100000001960
0.499999985694885,3.929200000001960
0.499999985694885,3.929300000001960
0.499999985694885,3.929400000001960
0.499999985694885,3.929500000001960
0.499999985694885,3.929600000001960
0.499999985694885,3.929700000001960
0.499999985694885,3.929800000001960
0.499999985694885,3.929900000001960
0.499999985694885,3.930000000001960
0.499999985694885,3.930100000001960
0.499999985694885,3.930200000001960
0.499999985694885,3.930300000001960
0.499999985694885,3.930400000001960
0.499999985694885,3.930500000001960
0.499999985694885,3.930600000001960
0.499999985694885,3.930700000001960
0.499999985694885,3.930800000001960
0.499999985694885,3.930900000001960
0.499999985694885,3.931000000001960
0.499999985694885,3.931100000001960
0.499999985694885,3.931200000001970
0.499999985694885,3.931300000001970
0.499999985694885,3.931400000001970
0.499999985694885,3.931500000001970
0.499999985694885,3.931600000001970
0.499999985694885,3.931700000001970
0.499999985694885,3.931800000001970
0.499999985694885,3.931900000001970
0.499999985694885,3.932000000001970
0.499999985694885,3.932100000001970
0.499999985694885,3.932200000001970
0.499999985694885,3.932300000001970
0.405998513221741,3.932400000001970
0.499999985694885,3.932400000001970
0.414998904228211,3.932500000001970
0.499999985694885,3.932500000001970
0.424536570549011,3.932600000001970
0.499999985694885,3.932600000001970
0.434998826026916,3.932700000001970
0.499999985694885,3.932700000001970
0.446999445915222,3.932800000001970
0.499999985694885,3.932800000001970
0.463999911308289,3.932900000001970
0.499999985694885,3.932900000001970
0.499999985694885,3.933000000001970
0.541998297691345,3.933000000001970
0.499999985694885,3.933100000001970
0.563996047019959,3.933100000001970
0.499999985694885,3.933200000001970
0.577722519874573,3.933200000001970
0.499999985694885,3.933300000001970
0.588999003410339,3.933300000001970
0.499999985694885,3.933400000001970
0.599384934425354,3.933400000001970
0.499999985694885,3.933500000001970
0.608998209953308,3.933500000001970
0.499999985694885,3.933600000001970
0.618479163169861,3.933600000001970
0.499999985694885,3.933700000001970
0.627770394325256,3.933700000001970
0.499999985694885,3.933800000001970
0.636812180519104,3.933800000001970
0.499999985694885,3.933900000001970
0.645853549003601,3.933900000001970
0.499999985694885,3.934000000001970
0.499999985694885,3.934100000001970
0.499999985694885,3.934200000001970
0.499999985694885,3.934300000001970
0.499999985694885,3.934400000001970
0.499999985694885,3.934500000001970
0.499999985694885,3.934600000001970
0.499999985694885,3.934700000001970
0.499999985694885,3.934800000001970
0.499999985694885,3.934900000001970
0.499999985694885,3.935000000001970
0.499999985694885,3.935100000001970
0.499999985694885,3.935200000001970
0.499999985694885,3.935300000001970
0.499999985694885,3.935400000001970
0.499999985694885,3.935500000001970
0.499999985694885,3.935600000001970
0.499999985694885,3.935700000001970
0.499999985694885,3.935800000001970
0.499999985694885,3.935900000001980
0.499999985694885,3.936000000001980
0.499999985694885,3.936100000001980
0.499999985694885,3.936200000001980
0.499999985694885,3.936300000001980
0.499999985694885,3.936400000001980
0.499999985694885,3.936500000001980
0.499999985694885,3.936600000001980
0.499999985694885,3.936700000001980
0.499999985694885,3.936800000001980
0.499999985694885,3.936900000001980
0.499999985694885,3.937000000001980
0.499999985694885,3.937100000001980
0.499999985694885,3.937200000001980
0.499999985694885,3.937300000001980
0.499999985694885,3.937400000001980
0.499999985694885,3.937500000001980
0.499999985694885,3.937600000001980
0.499999985694885,3.937700000001980
0.499999985694885,3.937800000001980
0.499999985694885,3.937900000001980
0.499999985694885,3.938000000001980
0.499999985694885,3.938100000001980
0.499999985694885,3.938200000001980
0.499999985694885,3.938300000001980
0.499999985694885,3.938400000001980
0.499999985694885,3.938500000001980
0.499999985694885,3.938600000001980
0.499999985694885,3.938700000001980
0.499999985694885,3.938800000001980
0.499999985694885,3.938900000001980
0.499999985694885,3.939000000001980
0.499999985694885,3.939100000001980
0.499999985694885,3.939200000001980
0.499999985694885,3.939300000001980
0.499999985694885,3.939400000001980
0.499999985694885,3.939500000001980
0.499999985694885,3.939600000001980
0.499999985694885,3.939700000001980
0.499999985694885,3.939800000001980
0.499999985694885,3.939900000001980
0.499999985694885,3.940000000001980
0.499999985694885,3.940100000001980
0.499999985694885,3.940200000001980
0.499999985694885,3.940300000001980
0.499999985694885,3.940400000001980
0.499999985694885,3.940500000001980
0.499999985694885,3.940600000001980
0.499999985694885,3.940700000001990
0.499999985694885,3.940800000001990
0.499999985694885,3.940900000001990
0.499999985694885,3.941000000001990
0.499999985694885,3.941100000001990
0.499999985694885,3.941200000001990
0.499999985694885,3.941300000001990
0.499999985694885,3.941400000001990
0.499999985694885,3.941500000001990
0.499999985694885,3.941600000001990
0.499999985694885,3.941700000001990
0.499999985694885,3.941800000001990
0.499999985694885,3.941900000001990
0.499999985694885,3.942000000001990
0.499999985694885,3.942100000001990
0.499999985694885,3.942200000001990
0.499999985694885,3.942300000001990
0.499999985694885,3.942400000001990
0.499999985694885,3.942500000001990
0.499999985694885,3.942600000001990
0.499999985694885,3.942700000001990
0.499999985694885,3.942800000001990
0.499999985694885,3.942900000001990
0.499999985694885,3.943000000001990
0.499999985694885,3.943100000001990
0.499999985694885,3.943200000001990
0.499999985694885,3.943300000001990
0.499999985694885,3.943400000001990
0.499999985694885,3.943500000001990
0.499999985694885,3.943600000001990
0.499999985694885,3.943700000001990
0.499999955177307,3.943800000001990
0.499999985694885,3.943900000001990
0.499999985694885,3.944000000001990
0.499999955177307,3.944100000001990
0.499999985694885,3.944200000001990
0.499999985694885,3.944300000001990
0.499999985694885,3.944400000001990
0.499999985694885,3.944500000001990
0.499999985694885,3.944600000001990
0.499999985694885,3.944700000001990
0.499999985694885,3.944800000001990
0.499999985694885,3.944900000001990
0.499999985694885,3.945000000001990
0.499999985694885,3.945100000001990
0.499999985694885,3.945200000001990
0.499999985694885,3.945300000001990
0.499999985694885,3.945400000002000
0.499999985694885,3.945500000002000
0.499999985694885,3.945600000002000
0.499999985694885,3.945700000002000
0.499999985694885,3.945800000002000
0.499999985694885,3.945900000002000
0.499999985694885,3.946000000002000
0.499999985694885,3.946100000002000
0.499999985694885,3.946200000002000
0.499999985694885,3.946300000002000
0.499999985694885,3.946400000002000
0.499999985694885,3.946500000002000
0.499999985694885,3.946600000002000
0.499999985694885,3.946700000002000
0.499999985694885,3.946800000002000
0.499999985694885,3.946900000002000
0.499999985694885,3.947000000002000
0.499999985694885,3.947100000002000
0.499999985694885,3.947200000002000
0.499999985694885,3.947300000002000
0.499999985694885,3.947400000002000
0.499999985694885,3.947500000002000
0.499999985694885,3.947600000002000
0.499999985694885,3.947700000002000
0.499999985694885,3.947800000002000
0.499999985694885,3.947900000002000
0.499999985694885,3.948000000002000
0.499999985694885,3.948100000002000
0.499999985694885,3.948200000002000
0.499999985694885,3.948300000002000
0.499999985694885,3.948400000002000
0.499999985694885,3.948500000002000
0.499999985694885,3.948600000002000
0.499999985694885,3.948700000002000
0.499999985694885,3.948800000002000
0.499999985694885,3.948900000002000
0.499999985694885,3.949000000002000
0.499999985694885,3.949100000002000
0.499999985694885,3.949200000002000
0.499999985694885,3.949300000002000
0.499999985694885,3.949400000002000
0.499999985694885,3.949500000002000
0.499999985694885,3.949600000002000
0.499999985694885,3.949700000002000
0.499999985694885,3.949800000002000
0.499999985694885,3.949900000002000
0.499999985694885,3.950000000002000
0.499999985694885,3.950100000002010
0.499999985694885,3.950200000002010
0.499999985694885,3.950300000002010
0.499999985694885,3.950400000002010
0.499999985694885,3.950500000002010
0.499999985694885,3.950600000002010
0.499999985694885,3.950700000002010
0.499999985694885,3.950800000002010
0.499999985694885,3.950900000002010
0.499999985694885,3.951000000002010
0.499999985694885,3.951100000002010
0.499999985694885,3.951200000002010
0.499999985694885,3.951300000002010
0.499999985694885,3.951400000002010
0.499999985694885,3.951500000002010
0.499999985694885,3.951600000002010
0.499999985694885,3.951700000002010
0.499999985694885,3.951800000002010
0.499999985694885,3.951900000002010
0.499999985694885,3.952000000002010
0.499999985694885,3.952100000002010
0.499999985694885,3.952200000002010
0.499999985694885,3.952300000002010
0.499999985694885,3.952400000002010
0.499999985694885,3.952500000002010
0.499999985694885,3.952600000002010
0.499999985694885,3.952700000002010
0.499999985694885,3.952800000002010
0.499999985694885,3.952900000002010
0.499999985694885,3.953000000002010
0.499999985694885,3.953100000002010
0.499999985694885,3.953200000002010
0.499999985694885,3.953300000002010
0.499999985694885,3.953400000002010
0.499999985694885,3.953500000002010
0.499999985694885,3.953600000002010
0.499999985694885,3.953700000002010
0.499999985694885,3.953800000002010
0.499999985694885,3.953900000002010
0.499999985694885,3.954000000002010
0.499999985694885,3.954100000002010
0.499999985694885,3.954200000002010
0.499999985694885,3.954300000002010
0.499999985694885,3.954400000002010
0.499999985694885,3.954500000002010
0.499999985694885,3.954600000002010
0.499999985694885,3.954700000002010
0.499999985694885,3.954800000002010
0.499999985694885,3.954900000002020
0.499999985694885,3.955000000002020
0.499999985694885,3.955100000002020
0.499999985694885,3.955200000002020
0.499999985694885,3.955300000002020
0.499999985694885,3.955400000002020
0.499999985694885,3.955500000002020
0.499999985694885,3.955600000002020
0.499999985694885,3.955700000002020
0.499999985694885,3.955800000002020
0.499999985694885,3.955900000002020
0.499999985694885,3.956000000002020
0.499999985694885,3.956100000002020
0.499999985694885,3.956200000002020
0.499999985694885,3.956300000002020
0.499999985694885,3.956400000002020
0.499999985694885,3.956500000002020
0.499999985694885,3.956600000002020
0.499999985694885,3.956700000002020
0.499999985694885,3.956800000002020
0.499999985694885,3.956900000002020
0.499999985694885,3.957000000002020
0.499999985694885,3.957100000002020
0.499999985694885,3.957200000002020
0.499999985694885,3.957300000002020
0.499999985694885,3.957400000002020
0.499999985694885,3.957500000002020
0.499999985694885,3.957600000002020
0.499999985694885,3.957700000002020
0.499999985694885,3.957800000002020
0.499999985694885,3.957900000002020
0.499999985694885,3.958000000002020
0.499999985694885,3.958100000002020
0.499999985694885,3.958200000002020
0.499999985694885,3.958300000002020
0.499999985694885,3.958400000002020
0.499999985694885,3.958500000002020
0.499999985694885,3.958600000002020
0.499999985694885,3.958700000002020
0.499999985694885,3.958800000002020
0.499999985694885,3.958900000002020
0.499999985694885,3.959000000002020
0.499999985694885,3.959100000002020
0.499999985694885,3.959200000002020
0.499999985694885,3.959300000002020
0.499999985694885,3.959400000002020
0.499999985694885,3.959500000002020
0.499999985694885,3.959600000002030
0.499999985694885,3.959700000002030
0.499999985694885,3.959800000002030
0.499999985694885,3.959900000002030
0.499999985694885,3.960000000002030
0.499999985694885,3.960100000002030
0.499999985694885,3.960200000002030
0.499999985694885,3.960300000002030
0.499999985694885,3.960400000002030
0.499999985694885,3.960500000002030
0.499999985694885,3.960600000002030
0.499999985694885,3.960700000002030
0.499999985694885,3.960800000002030
0.499999985694885,3.960900000002030
0.499999985694885,3.961000000002030
0.499999985694885,3.961100000002030
0.499999985694885,3.961200000002030
0.499999985694885,3.961300000002030
0.499999985694885,3.961400000002030
0.499999985694885,3.961500000002030
0.499999985694885,3.961600000002030
0.499999985694885,3.961700000002030
0.499999985694885,3.961800000002030
0.499999985694885,3.961900000002030
0.499999985694885,3.962000000002030
0.499999985694885,3.962100000002030
0.499999985694885,3.962200000002030
0.499999985694885,3.962300000002030
0.499999985694885,3.962400000002030
0.499999985694885,3.962500000002030
0.499999985694885,3.962600000002030
0.499999985694885,3.962700000002030
0.499999985694885,3.962800000002030
0.499999985694885,3.962900000002030
0.499999985694885,3.963000000002030
0.499999985694885,3.963100000002030
0.499999985694885,3.963200000002030
0.499999985694885,3.963300000002030
0.499999985694885,3.963400000002030
0.499999985694885,3.963500000002030
0.499999985694885,3.963600000002030
0.499999985694885,3.963700000002030
0.499999985694885,3.963800000002030
0.499999985694885,3.963900000002030
0.499999985694885,3.964000000002030
0.499999985694885,3.964100000002030
0.499999985694885,3.964200000002030
0.499999985694885,3.964300000002030
0.499999985694885,3.964400000002040
0.499999985694885,3.964500000002040
0.499999985694885,3.964600000002040
0.499999985694885,3.964700000002040
0.499999985694885,3.964800000002040
0.499999985694885,3.964900000002040
0.499999985694885,3.965000000002040
0.499999985694885,3.965100000002040
0.499999985694885,3.965200000002040
0.499999985694885,3.965300000002040
0.499999985694885,3.965400000002040
0.499999985694885,3.965500000002040
0.499999985694885,3.965600000002040
0.499999985694885,3.965700000002040
0.499999985694885,3.965800000002040
0.499999985694885,3.965900000002040
0.499999985694885,3.966000000002040
0.499999985694885,3.966100000002040
0.499999985694885,3.966200000002040
0.499999985694885,3.966300000002040
0.499999985694885,3.966400000002040
0.499999985694885,3.966500000002040
0.499999985694885,3.966600000002040
0.499999985694885,3.966700000002040
0.499999985694885,3.966800000002040
0.499999985694885,3.966900000002040
0.499999985694885,3.967000000002040
0.499999985694885,3.967100000002040
0.499999985694885,3.967200000002040
0.499999985694885,3.967300000002040
0.499999985694885,3.967400000002040
0.499999985694885,3.967500000002040
0.499999985694885,3.967600000002040
0.499999985694885,3.967700000002040
0.499999985694885,3.967800000002040
0.499999985694885,3.967900000002040
0.499999985694885,3.968000000002040
0.499999985694885,3.968100000002040
0.499999985694885,3.968200000002040
0.499999985694885,3.968300000002040
0.499999985694885,3.968400000002040
0.499999985694885,3.968500000002040
0.499999985694885,3.968600000002040
0.499999985694885,3.968700000002040
0.499999985694885,3.968800000002040
0.499999985694885,3.968900000002040
0.499999985694885,3.969000000002040
0.499999985694885,3.969100000002050
0.499999985694885,3.969200000002050
0.499999985694885,3.969300000002050
0.499999985694885,3.969400000002050
0.499999985694885,3.969500000002050
0.499999985694885,3.969600000002050
0.499999985694885,3.969700000002050
0.499999985694885,3.969800000002050
0.499999985694885,3.969900000002050
0.499999985694885,3.970000000002050
0.499999985694885,3.970100000002050
0.499999985694885,3.970200000002050
0.499999985694885,3.970300000002050
0.499999985694885,3.970400000002050
0.499999985694885,3.970500000002050
0.499999985694885,3.970600000002050
0.499999985694885,3.970700000002050
0.499999985694885,3.970800000002050
0.499999985694885,3.970900000002050
0.499999985694885,3.971000000002050
0.499999985694885,3.971100000002050
0.499999985694885,3.971200000002050
0.499999985694885,3.971300000002050
0.499999985694885,3.971400000002050
0.499999985694885,3.971500000002050
0.499999985694885,3.971600000002050
0.499999985694885,3.971700000002050
0.499999985694885,3.971800000002050
0.499999985694885,3.971900000002050
0.499999985694885,3.972000000002050
0.499999985694885,3.972100000002050
0.499999985694885,3.972200000002050
0.499999985694885,3.972300000002050
0.499999985694885,3.972400000002050
0.499999985694885,3.972500000002050
0.499999985694885,3.972600000002050
0.499999985694885,3.972700000002050
0.499999985694885,3.972800000002050
0.499999985694885,3.972900000002050
0.499999985694885,3.973000000002050
0.499999985694885,3.973100000002050
0.499999985694885,3.973200000002050
0.499999985694885,3.973300000002050
0.499999985694885,3.973400000002050
0.499999985694885,3.973500000002050
0.499999985694885,3.973600000002050
0.499999985694885,3.973700000002050
0.499999985694885,3.973800000002060
0.499999985694885,3.973900000002060
0.499999985694885,3.974000000002060
0.499999985694885,3.974100000002060
0.499999985694885,3.974200000002060
0.499999985694885,3.974300000002060
0.499999985694885,3.974400000002060
0.499999985694885,3.974500000002060
0.499999985694885,3.974600000002060
0.499999985694885,3.974700000002060
0.499999985694885,3.974800000002060
0.499999985694885,3.974900000002060
0.499999985694885,3.975000000002060
0.499999985694885,3.975100000002060
0.499999985694885,3.975200000002060
0.499999985694885,3.975300000002060
0.499999985694885,3.975400000002060
0.499999985694885,3.975500000002060
0.499999985694885,3.975600000002060
0.499999985694885,3.975700000002060
0.499999985694885,3.975800000002060
0.499999985694885,3.975900000002060
0.499999985694885,3.976000000002060
0.499999985694885,3.976100000002060
0.499999985694885,3.976200000002060
0.499999985694885,3.976300000002060
0.499999985694885,3.976400000002060
0.499999985694885,3.976500000002060
0.499999955177307,3.976600000002060
0.499999985694885,3.976700000002060
0.499999985694885,3.976800000002060
0.499999985694885,3.976900000002060
0.499999985694885,3.977000000002060
0.499999985694885,3.977100000002060
0.499999985694885,3.977200000002060
0.499999985694885,3.977300000002060
0.499999985694885,3.977400000002060
0.499999985694885,3.977500000002060
0.499999985694885,3.977600000002060
0.499999985694885,3.977700000002060
0.499999985694885,3.977800000002060
0.499999985694885,3.977900000002060
0.499999985694885,3.978000000002060
0.499999985694885,3.978100000002060
0.499999985694885,3.978200000002060
0.499999985694885,3.978300000002060
0.499999985694885,3.978400000002060
0.499999985694885,3.978500000002060
0.499999985694885,3.978600000002070
0.499999985694885,3.978700000002070
0.499999985694885,3.978800000002070
0.499999985694885,3.978900000002070
0.499999985694885,3.979000000002070
0.499999985694885,3.979100000002070
0.499999985694885,3.979200000002070
0.499999985694885,3.979300000002070
0.499999985694885,3.979400000002070
0.499999985694885,3.979500000002070
0.499999985694885,3.979600000002070
0.499999985694885,3.979700000002070
0.499999985694885,3.979800000002070
0.499999985694885,3.979900000002070
0.499999985694885,3.980000000002070
0.499999985694885,3.980100000002070
0.499999985694885,3.980200000002070
0.499999985694885,3.980300000002070
0.499999985694885,3.980400000002070
0.499999985694885,3.980500000002070
0.499999985694885,3.980600000002070
0.499999985694885,3.980700000002070
0.499999985694885,3.980800000002070
0.499999985694885,3.980900000002070
0.499999985694885,3.981000000002070
0.499999985694885,3.981100000002070
0.499999985694885,3.981200000002070
0.499999985694885,3.981300000002070
0.499999985694885,3.981400000002070
0.499999985694885,3.981500000002070
0.499999985694885,3.981600000002070
0.499999985694885,3.981700000002070
0.499999985694885,3.981800000002070
0.499999985694885,3.981900000002070
0.499999985694885,3.982000000002070
0.499999985694885,3.982100000002070
0.499999985694885,3.982200000002070
0.499999985694885,3.982300000002070
0.499999985694885,3.982400000002070
0.499999985694885,3.982500000002070
0.499999985694885,3.982600000002070
0.499999985694885,3.982700000002070
0.499999985694885,3.982800000002070
0.499999985694885,3.982900000002070
0.499999985694885,3.983000000002070
0.499999985694885,3.983100000002070
0.499999985694885,3.983200000002070
0.499999985694885,3.983300000002080
0.499999985694885,3.983400000002080
0.499999985694885,3.983500000002080
0.499999985694885,3.983600000002080
0.499999985694885,3.983700000002080
0.499999985694885,3.983800000002080
0.499999985694885,3.983900000002080
0.499999985694885,3.984000000002080
0.499999985694885,3.984100000002080
0.499999985694885,3.984200000002080
0.499999985694885,3.984300000002080
0.499999985694885,3.984400000002080
0.499999985694885,3.984500000002080
0.499999985694885,3.984600000002080
0.499999985694885,3.984700000002080
0.499999985694885,3.984800000002080
0.499999985694885,3.984900000002080
0.499999985694885,3.985000000002080
0.499999985694885,3.985100000002080
0.499999985694885,3.985200000002080
0.499999985694885,3.985300000002080
0.499999985694885,3.985400000002080
0.499999985694885,3.985500000002080
0.499999985694885,3.985600000002080
0.499999985694885,3.985700000002080
0.499999985694885,3.985800000002080
0.499999985694885,3.985900000002080
0.499999985694885,3.986000000002080
0.499999985694885,3.986100000002080
0.499999985694885,3.986200000002080
0.499999985694885,3.986300000002080
0.499999985694885,3.986400000002080
0.499999985694885,3.986500000002080
0.499999985694885,3.986600000002080
0.499999985694885,3.986700000002080
0.499999985694885,3.986800000002080
0.499999985694885,3.986900000002080
0.499999985694885,3.987000000002080
0.499999985694885,3.987100000002080
0.499999985694885,3.987200000002080
0.499999985694885,3.987300000002080
0.499999985694885,3.987400000002080
0.499999985694885,3.987500000002080
0.499999985694885,3.987600000002080
0.499999985694885,3.987700000002080
0.499999985694885,3.987800000002080
0.499999985694885,3.987900000002080
0.499999985694885,3.988000000002080
0.499999985694885,3.988100000002090
0.499999985694885,3.988200000002090
0.499999985694885,3.988300000002090
0.499999985694885,3.988400000002090
0.499999985694885,3.988500000002090
0.499999985694885,3.988600000002090
0.499999985694885,3.988700000002090
0.499999985694885,3.988800000002090
0.499999985694885,3.988900000002090
0.499999985694885,3.989000000002090
0.499999985694885,3.989100000002090
0.499999985694885,3.989200000002090
0.499999985694885,3.989300000002090
0.499999985694885,3.989400000002090
0.499999985694885,3.989500000002090
0.499999985694885,3.989600000002090
0.499999985694885,3.989700000002090
0.499999985694885,3.989800000002090
0.499999985694885,3.989900000002090
0.499999985694885,3.990000000002090
0.499999985694885,3.990100000002090
0.499999985694885,3.990200000002090
0.499999985694885,3.990300000002090
0.499999985694885,3.990400000002090
0.499999985694885,3.990500000002090
0.499999985694885,3.990600000002090
0.499999985694885,3.990700000002090
0.499999985694885,3.990800000002090
0.499999985694885,3.990900000002090
0.499999985694885,3.991000000002090
0.499999985694885,3.991100000002090
0.499999985694885,3.991200000002090
0.499999985694885,3.991300000002090
0.499999985694885,3.991400000002090
0.499999985694885,3.991500000002090
0.499999985694885,3.991600000002090
0.499999985694885,3.991700000002090
0.499999985694885,3.991800000002090
0.499999985694885,3.991900000002090
0.499999985694885,3.992000000002090
0.499999985694885,3.992100000002090
0.499999985694885,3.992200000002090
0.499999985694885,3.992300000002090
0.499999985694885,3.992400000002090
0.499999985694885,3.992500000002090
0.499999985694885,3.992600000002090
0.499999985694885,3.992700000002090
0.499999985694885,3.992800000002100
0.499999985694885,3.992900000002100
0.499999985694885,3.993000000002100
0.499999985694885,3.993100000002100
0.499999985694885,3.993200000002100
0.499999985694885,3.993300000002100
0.499999985694885,3.993400000002100
0.499999985694885,3.993500000002100
0.499999985694885,3.993600000002100
0.499999985694885,3.993700000002100
0.499999985694885,3.993800000002100
0.499999985694885,3.993900000002100
0.499999985694885,3.994000000002100
0.499999985694885,3.994100000002100
0.499999985694885,3.994200000002100
0.499999985694885,3.994300000002100
0.499999985694885,3.994400000002100
0.499999985694885,3.994500000002100
0.499999985694885,3.994600000002100
0.499999985694885,3.994700000002100
0.499999985694885,3.994800000002100
0.499999985694885,3.994900000002100
0.499999985694885,3.995000000002100
0.499999985694885,3.995100000002100
0.499999985694885,3.995200000002100
0.499999985694885,3.995300000002100
0.499999985694885,3.995400000002100
0.499999985694885,3.995500000002100
0.499999985694885,3.995600000002100
0.499999985694885,3.995700000002100
0.499999985694885,3.995800000002100
0.499999985694885,3.995900000002100
0.499999985694885,3.996000000002100
0.499999985694885,3.996100000002100
0.499999985694885,3.996200000002100
0.499999985694885,3.996300000002100
0.499999985694885,3.996400000002100
0.499999985694885,3.996500000002100
0.499999985694885,3.996600000002100
0.499999985694885,3.996700000002100
0.499999985694885,3.996800000002100
0.499999985694885,3.996900000002100
0.499999985694885,3.997000000002100
0.499999985694885,3.997100000002100
0.499999985694885,3.997200000002100
0.499999985694885,3.997300000002100
0.499999985694885,3.997400000002100
0.499999985694885,3.997500000002110
0.499999985694885,3.997600000002110
0.499999985694885,3.997700000002110
0.499999985694885,3.997800000002110
0.499999985694885,3.997900000002110
0.499999985694885,3.998000000002110
0.499999985694885,3.998100000002110
0.499999985694885,3.998200000002110
0.499999985694885,3.998300000002110
0.499999985694885,3.998400000002110
0.499999985694885,3.998500000002110
0.499999985694885,3.998600000002110
0.499999985694885,3.998700000002110
0.499999985694885,3.998800000002110
0.499999985694885,3.998900000002110
0.499999985694885,3.999000000002110
0.499999985694885,3.999100000002110
0.499999985694885,3.999200000002110
0.499999985694885,3.999300000002110
0.499999985694885,3.999400000002110
0.499999985694885,3.999500000002110
0.499999985694885,3.999600000002110
0.499999985694885,3.999700000002110
0.499999985694885,3.999800000002110
0.499999985694885,3.999900000002110
