0,1,0.6707146,0.128729,0,0,0.9826901,0.1852571
1,1,0.8512653,-0.320746,0,0,-0.8428183,0.5381982
2,1,1.020299,0.3529702,0,0,0.6865078,0.7271224
3,1,0.7808462,-0.2774376,0,0,-0.8999613,0.4359698
4,1,0.7634104,0.2627268,0,0,0.913558,0.4067085
5,1,1.214186,-0.2812903,0,0,-0.4439535,0.8960498
6,2,0.4584799,-0.1759709,0,0,-0.4668764,0.8843226
7,2,0.8747805,0.82701,0,0,0.9718391,0.2356455
8,2,0.5725932,-0.8568177,0,0,-0.9447343,0.327837
9,2,0.2099084,0.2359118,0,0,0.8035657,0.595216
10,2,1.370727,0.3005064,0,0,-0.7329097,0.6803259
11,2,1.298803,-0.4888245,0,0,0.3982937,0.917258
12,2,0.1171215,0.004148418,0,0,-0.9260353,0.377437
13,2,0.6387376,0.9040193,0,0,0.9095706,0.4155494
14,2,1.072245,-0.8365415,0,0,-0.9353338,0.3537664
15,2,0.3894836,-0.1291414,0,0,0.7524407,0.6586601
16,2,0.8224065,0.3804137,0,0,-0.482191,0.8760661
17,2,1.440329,0.3882955,0,0,0.9501672,0.3117405
18,2,0.6024067,-0.8556233,0,0,-0.6774918,0.7355303
19,3,-0.03364208,-0.02714515,0,0,-0.06560612,0.9978456
20,3,1.161193,1.129936,0,0,0.9998933,0.01460567
21,3,0.7842036,-0.8151421,0,0,-0.7958615,0.6054788
22,3,0.7410029,0.1863717,0,0,0.8169442,0.5767167
23,3,0.3737905,-0.2473694,0,0,-0.788473,0.6150694
24,3,0.4312116,0.9179029,0,0,0.9562982,0.2923931
25,3,1.266349,-1.324728,0,0,-0.9576268,0.288012
26,3,-0.02369875,0.09152885,0,0,0.3580079,0.9337186
27,3,0.5631504,0.696837,0,0,-0.4609045,0.8874497
28,3,1.55478,0.07349271,0,0,0.5732565,0.819376
29,3,1.035455,-0.2687796,0,0,-0.8970925,0.4418428
30,3,0.9042839,-0.5204642,0,0,0.3518688,0.9360493
31,3,-0.03251683,0.05294481,0,0,-0.7402206,0.6723641
32,3,1.116447,1.408351,0,0,0.897736,0.4405339
33,3,0.2624589,-1.010349,0,0,-0.9999576,0.009210412
34,3,-0.02202619,-0.1475733,0,0,0.8383296,0.5451638
35,3,1.077565,0.2500319,0,0,-0.644923,0.7642476
36,3,0.900818,0.3135704,0,0,0.8997574,0.4363904
37,3,1.696632,-0.1018503,0,0,-0.6116047,0.7911635
38,3,0.6046139,-0.7753145,0,0,0.6408781,0.7676426
39,3,-0.05414354,0.08503575,0,0,-0.3868807,0.9221298
40,3,0.5130423,1.126646,0,0,-0.9649523,0.262425
41,4,1.69489,-1.026734,0,0,0.8711132,0.4910822
42,4,0.1417936,-0.139776,0,0,-0.5661948,0.8242715
43,4,1.065549,0.4449668,0,0,0.9700417,0.2429386
44,4,0.1789948,-0.1356969,0,0,-0.5761493,0.8173445
45,4,0.6587846,1.268903,0,0,0.9984228,0.05614172
46,4,0.745472,-1.408823,0,0,-0.9279426,0.3727232
47,4,0.1671002,0.05730791,0,0,0.6043577,0.7967131
48,4,0.5554227,0.2510262,0,0,-0.4507337,0.8926585
49,4,1.170855,1.019902,0,0,0.8791679,0.4765121
50,4,0.9220777,-0.9569476,0,0,-0.949246,0.3145345
51,4,0.5618704,0.171015,0,0,0.679167,0.7339838
52,4,0.565447,-0.7408117,0,0,-0.9799861,0.1990661
53,4,-0.1329631,-0.08641443,0,0,0.8770554,0.4803892
54,4,1.654966,1.343525,0,0,-0.5808386,0.8140188
55,4,0.7116687,-1.40507,0,0,0.03668043,0.9993271
56,4,-0.1588286,0.06472895,0,0,-0.9160281,0.4011141
57,4,0.7850971,0.7356654,0,0,0.8280957,0.5605868
58,4,0.8607528,0.1433746,0,0,-0.7873608,0.6164925
59,4,1.632936,0.4025857,0,0,0.6838228,0.7296482
60,4,0.8127989,-0.5621407,0,0,-0.9532837,0.3020766
61,4,0.8812849,-0.2938494,0,0,0.5243879,0.8514795
62,4,-0.1948304,0.1427571,0,0,-0.8333151,0.5527982
63,4,0.1077774,1.261438,0,0,0.9974014,0.07204539
64,4,1.004645,-1.644924,0,0,-0.9680851,0.2506219
65,4,-0.1179292,-0.09977293,0,0,0.6769853,0.7359965
66,4,1.17826,0.3140912,0,0,-0.5762211,0.8172938
67,4,0.516458,-0.08312847,0,0,0.8246486,0.5656454
68,4,0.8762732,0.7847075,0,0,-0.2657128,0.9640523
69,4,1.980596,-0.2498596,0,0,0.8569719,0.5153632
70,4,0.164895,-0.6394339,0,0,-0.8988482,0.4382601
71,4,0.00960728,-0.07067776,0,0,0.9916642,0.1288491
72,4,0.5878146,0.7512097,0,0,0.1294202,0.9915898
73,4,1.892122,0.5457951,0,0,0.9982286,0.05949458
74,5,0.617752,-0.9609709,0,0,0.6851474,0.7284045
75,5,0.1713383,0.004924787,0,0,-0.1875019,0.9822642
76,5,1.474579,-0.377967,0,0,0.838692,0.544606
77,5,-0.3889855,-0.1125121,0,0,-0.4335798,0.9011152
78,5,0.5168906,1.851332,0,0,-0.9947942,0.1019047
79,5,0.4164459,-1.470035,0,0,-0.9452081,0.3264683
80,5,0.2228414,0.05918267,0,0,0.7190722,0.6949354
81,5,0.4874822,-0.1179761,0,0,-0.6571377,0.7537705
82,5,0.3794354,0.8157384,0,0,0.9746205,0.2238633
83,5,1.586943,-0.4684582,0,0,-0.7864484,0.6176561
84,5,1.026717,0.08313166,0,0,0.6744441,0.738326
85,5,0.9467802,-0.7255176,0,0,-0.9143885,0.4048379
86,5,0.4132877,-0.0720563,0,0,0.4821214,0.8761044
87,5,0.3337421,0.1730427,0,0,-0.54064,0.8412541
88,5,0.9688513,1.439648,0,0,0.8987173,0.4385283
89,5,1.044493,-1.920663,0,0,-0.9958332,0.09119395
90,5,-0.3023514,0.3880377,0,0,0.1852382,0.9826937
91,5,0.5936252,0.9269295,0,0,-0.4394126,0.8982854
92,5,0.4981211,-0.2117381,0,0,0.369618,0.9291838
93,5,0.4798793,0.6875951,0,0,-0.4759741,0.8794593
94,5,1.985578,-0.5318557,0,0,0.4450761,0.8954927
95,5,0.66556,-0.3901238,0,0,-0.9506173,0.3103657
96,5,0.4962808,-0.6287357,0,0,0.1718994,0.9851145
97,5,-0.2067708,-0.2243619,0,0,-0.4684607,0.8834844
98,5,1.200477,1.825696,0,0,0.902493,0.4307045
99,5,0.8519762,-1.137765,0,0,-0.987189,0.1595552
100,5,0.5243865,-0.1214284,0,0,0.5770702,0.8166946
101,5,0.7376786,-0.06630712,0,0,-0.8330494,0.5531986
102,5,0.9278823,0.1180349,0,0,0.7303523,0.6830706
103,5,0.3107235,0.13478,0,0,-0.6965339,0.7175239
104,5,1.058196,1.411963,0,0,0.9500244,0.3121757
105,5,0.2332547,-1.633233,0,0,-0.9970168,0.07718409
106,5,-0.3608217,-0.06419068,0,0,0.7057869,0.7084242
107,5,0.8932308,0.4004643,0,0,-0.509783,0.860303
108,5,0.5100412,0.3647331,0,0,0.96758,0.2525646
109,5,2.178015,0.4216582,0,0,-0.5017332,0.8650224
110,5,0.4661154,-0.6798921,0,0,0.5749659,0.8181773
111,5,0.6135333,0.2841157,0,0,-0.3429185,0.9393651
112,5,0.9028178,-0.8589362,0,0,0.7131661,0.7009951
113,5,-0.3913783,0.02909664,0,0,-0.331939,0.9433008
114,5,0.1589698,1.452526,0,0,-0.921581,0.3881862
115,5,2.066956,-1.169814,0,0,-0.4891031,0.872226
116,6,0.2485934,-0.4908948,0,0,-0.692726,0.7212009
117,6,0.3067552,0.03915204,0,0,0.9752389,0.221154
118,6,0.5864755,0.5118835,0,0,0.07612966,0.9970979
119,6,1.366144,0.1255376,0,0,0.9406921,0.3392615
120,6,0.8869302,0.2334681,0,0,-0.2548923,0.9669694
121,6,2.088092,-0.4203067,0,0,0.8257108,0.5640936
122,6,-0.01785598,-0.1620764,0,0,-0.890696,0.4545995
123,6,0.7322435,0.4031222,0,0,0.9325974,0.3609184
124,6,-0.1745792,-0.1191746,0,0,-0.5214119,0.8533051
125,6,0.1878549,1.832701,0,0,-0.9975336,0.07018997
126,6,-0.1315654,-1.674413,0,0,-0.9979852,0.06344782
127,6,-0.4848017,0.03492452,0,0,0.7885166,0.6150135
128,6,1.383838,0.1492118,0,0,-0.6228991,0.7823022
129,6,0.5408989,-0.003530473,0,0,0.6343756,0.773025
130,6,0.660877,0.3313241,0,0,-0.5000166,0.8660159
131,6,1.432099,0.9457417,0,0,0.8388404,0.5443773
132,6,1.355001,-1.167747,0,0,-0.935613,0.3530274
133,6,0.4788419,-0.4082388,0,0,0.2626459,0.9648923
134,6,0.01276217,-0.07284355,0,0,-0.892619,0.4508118
135,6,-0.07171983,0.5602772,0,0,0.9923502,0.1234547
136,6,2.09247,0.150443,0,0,-0.7795366,0.6263567
137,6,1.249046,-0.4233255,0,0,0.4231781,0.9060465
138,6,0.5735866,-0.5386867,0,0,-0.969486,0.2451468
139,6,0.4617708,0.2224943,0,0,0.7169177,0.6971578
140,6,0.8710188,-0.6991717,0,0,-0.966089,0.2582095
141,6,-0.2180049,-0.2096075,0,0,0.8364675,0.5480165
142,6,1.181353,2.026716,0,0,-0.4434693,0.8962895
143,6,0.2326234,-1.885759,0,0,-0.1293181,0.9916032
144,6,-0.387541,0.1643507,0,0,-0.9155241,0.4022631
145,6,1.153675,0.3538665,0,0,0.686215,0.7273987
146,6,0.1402682,0.09677391,0,0,-0.6882614,0.7254628
147,6,1.646454,1.177518,0,0,0.8030992,0.5958453
148,6,0.7116215,-0.4735513,0,0,-0.9537915,0.3004692
149,6,1.189944,0.3114266,0,0,0.7088926,0.7053165
150,6,0.4245066,-0.6742104,0,0,-0.9934992,0.1138393
151,6,0.3361003,-0.03194595,0,0,0.6646926,0.7471169
152,6,0.2168608,0.259131,0,0,-0.5308169,0.8474866
153,6,1.030782,1.595694,0,0,0.940427,0.3399957
154,6,1.372665,-1.641418,0,0,-0.9600966,0.2796687
155,6,0.07278994,-0.2481685,0,0,0.3032047,0.9529254
156,6,0.3468493,0.2510567,0,0,-0.5540558,0.8324795
157,6,1.110772,0.5361527,0,0,0.8792464,0.4763672
158,6,0.2923709,-0.09111106,0,0,-0.8613498,0.5080122
159,6,0.2375225,0.6971843,0,0,0.9998417,0.01779291
160,6,1.841855,-1.450889,0,0,-0.8448858,0.5349467
161,6,0.1072445,-0.1822147,0,0,0.6269372,0.7790698
162,6,1.047588,-0.3862277,0,0,-0.7170412,0.6970308
163,6,-0.3141205,-0.2083773,0,0,0.9283774,0.3716387
164,6,0.09655421,1.632451,0,0,0.203364,0.9791032
165,6,1.930697,-1.457715,0,0,0.7243294,0.6894541
166,6,0.1463066,-0.06927928,0,0,-0.7382717,0.6745035
167,6,0.9185475,0.3628967,0,0,0.9873063,0.1588279
168,6,0.595897,-0.2997638,0,0,-0.5455306,0.8380909
169,6,0.5444315,0.2107643,0,0,0.997631,0.0687924
170,6,0.656653,0.4702697,0,0,0.07142123,0.9974462
171,7,1.918787,1.051218,0,0,0.03658013,0.9993307
172,7,0.2253458,-1.697565,0,0,0.5218905,0.8530125
173,7,-0.4098089,0.2363927,0,0,-0.5888976,0.8082076
174,7,0.5596201,0.8062734,0,0,-0.9941857,0.1076786
175,7,0.6057473,0.2214726,0,0,-0.1824999,0.9832059
176,7,1.704721,0.8971967,0,0,0.975956,0.2179676
177,7,1.029711,-0.7167671,0,0,-0.6975788,0.716508
178,7,0.9800147,-0.1741057,0,0,0.7889455,0.6144632
179,7,0.65654,-0.1623819,0,0,-0.5861108,0.8102309
180,7,1.034889,-0.594478,0,0,0.616067,0.7876937
181,7,-0.4716379,-0.4032893,0,0,-0.3427523,0.9394258
182,7,0.07649329,2.284228,0,0,-0.9954459,0.09532827
183,7,0.0206625,-1.676697,0,0,-0.9943388,0.1062559
184,7,-0.06598041,0.09186597,0,0,0.7462523,0.6656632
185,7,0.3337784,-0.5339761,0,0,-0.9307719,0.3656003
186,7,-0.08169135,0.0363548,0,0,0.9896944,0.1431959
187,7,1.656706,0.02875063,0,0,-0.695701,0.7183315
188,7,0.675061,0.2687701,0,0,0.7700067,0.6380358
189,7,1.910952,0.1148247,0,0,-0.7150192,0.6991049
190,7,0.938051,-0.8308385,0,0,0.3032153,0.952922
191,7,0.19686,-0.2760468,0,0,-0.9534881,0.3014307
192,7,0.3248849,0.2632608,0,0,0.8051038,0.5931339
193,7,0.4861799,0.4778117,0,0,-0.4616215,0.887077
194,7,1.821973,1.479179,0,0,0.8271718,0.5619491
195,7,-0.07066495,-1.669177,0,0,0.9857917,0.167972
196,7,-0.5707934,0.08390997,0,0,0.5494322,0.8355383
197,7,1.213786,0.8231086,0,0,-0.603555,0.7973214
198,7,0.4519704,-0.3449723,0,0,0.2502235,0.9681881
199,7,0.2741356,0.2418748,0,0,-0.5461903,0.8376611
200,7,1.161476,1.089086,0,0,0.8225356,0.5687136
201,7,2.117717,-0.9160073,0,0,-0.9255959,0.3785132
202,7,0.230244,-0.4693508,0,0,0.03122535,0.9995124
203,7,0.5930198,-0.05631879,0,0,-0.8583683,0.5130339
204,7,0.03413956,-0.003541905,0,0,0.6290968,0.777327
205,7,0.1299508,1.195229,0,0,-0.2505246,0.9681103
206,7,1.957247,-1.11764,0,0,0.3373477,0.9413801
207,7,0.4120251,-0.0610469,0,0,-0.8800356,0.4749077
208,7,1.482588,-0.5756291,0,0,0.4230461,0.9061081
209,7,0.02620262,0.0358791,0,0,-0.8817329,0.471749
210,7,1.499997,0.2352451,0,0,0.6596425,0.7515795
211,7,-0.7065855,0.3142054,0,0,-0.8936812,0.4487025
212,7,-0.4280694,1.533659,0,0,-0.999933,0.01157313
213,7,1.086716,-2.162742,0,0,-0.9945766,0.1040062
214,7,-0.05010951,-0.0546995,0,0,0.1423122,0.9898219
215,7,0.4167994,0.2610018,0,0,-0.6215705,0.7833582
216,7,0.8049859,0.3937339,0,0,0.8310814,0.5561508
217,7,0.8066547,0.2727011,0,0,-0.6623546,0.7491904
218,7,1.513108,0.7725763,0,0,0.8471392,0.5313709
219,7,0.7942634,-0.7639062,0,0,-0.9367846,0.3499067
220,7,0.7038701,0.1650724,0,0,0.8263933,0.5630934
221,7,0.5634765,-1.034287,0,0,-0.9676082,0.2524566
222,7,-0.2280148,-0.07919465,0,0,0.7276036,0.6859978
223,7,0.1038385,0.7414625,0,0,-0.05574336,0.9984452
224,7,1.615591,1.352407,0,0,0.9538208,0.3003762
225,7,1.391932,-1.710433,0,0,-0.8895302,0.4568764
226,7,0.01141758,-0.1428035,0,0,0.5380772,0.8428956
227,7,0.7233998,0.1866291,0,0,-0.4909653,0.8711792
228,7,0.5765149,0.2315467,0,0,0.958069,0.2865374
229,7,1.348798,-0.03882413,0,0,-0.5266619,0.8500748
230,7,0.2958746,0.06067616,0,0,0.9679822,0.2510187
231,7,1.906692,1.347199,0,0,-0.1533157,0.9881772
232,7,-0.1994488,-1.227298,0,0,0.3386123,0.940926
233,7,-0.3500554,-0.02403379,0,0,-0.2558442,0.966718
234,7,1.146718,-0.3775913,0,0,0.8949116,0.4462434
235,7,-0.2886137,-0.2344405,0,0,0.09084494,0.995865
236,7,0.9192298,2.184721,0,0,-0.944507,0.3284913
237,8,0.6496718,-1.674371,0,0,0.6873418,0.7263341
238,8,0.01834835,-0.01470868,0,0,-0.3217211,0.9468344
239,8,1.201306,0.1020722,0,0,0.970382,0.2415754
240,8,0.7646792,-0.1644998,0,0,-0.3931173,0.9194883
241,8,0.4275846,-0.1730977,0,0,0.8245082,0.5658501
242,8,0.08391314,0.2501825,0,0,0.3317402,0.9433708
243,8,2.552444,0.9143227,0,0,0.9654903,0.2604392
244,8,0.9157184,-1.076625,0,0,-0.7713936,0.6363584
245,8,0.4346635,-0.7939602,0,0,0.4680891,0.8836813
246,8,-0.3829995,-0.09730167,0,0,-0.4796434,0.8774635
247,8,0.2242435,1.219236,0,0,-0.9932658,0.1158577
248,8,0.9846982,-0.1354689,0,0,-0.5784518,0.8157166
249,8,1.501935,0.7596921,0,0,0.9188139,0.3946911
250,8,0.6654372,-0.8312272,0,0,-0.872451,0.4887016
251,8,0.8280184,0.1609767,0,0,0.8094246,0.5872238
252,8,0.5361775,-0.46129,0,0,-0.8393013,0.5436665
253,8,0.7801776,0.106972,0,0,0.7589338,0.6511678
254,8,-0.1726795,-0.1519766,0,0,-0.5424801,0.8400686
255,8,-0.1452181,1.893165,0,0,-0.9989875,0.04498806
256,8,0.05156818,-2.533328,0,0,-0.9999071,0.01362969
257,8,-0.5922998,0.4622306,0,0,0.4626063,0.8865638
258,8,1.370409,0.4596214,0,0,-0.5939544,0.8044987
259,8,0.1064431,0.05868904,0,0,0.606361,0.7951895
260,8,0.8678265,0.8642523,0,0,-0.4220248,0.9065843
261,8,1.172434,0.01326579,0,0,0.6221228,0.7829196
262,8,1.215989,0.3182791,0,0,-0.6713914,0.7411029
263,8,1.827608,-0.5778841,0,0,0.4769245,0.8789443
264,8,0.03423513,-0.4373508,0,0,0.9993312,0.03656676
265,8,0.2325539,0.1430392,0,0,0.7360405,0.6769375
266,8,0.3423648,0.1135052,0,0,-0.6531732,0.7572085
267,8,0.3750222,1.268651,0,0,0.9500378,0.3121347
268,8,2.464603,-0.8249413,0,0,-0.8956333,0.4447932
269,8,0.5658417,-0.7384645,0,0,0.1326137,0.9911678
270,8,0.1846239,-0.1699472,0,0,-0.9608614,0.2770294
271,8,0.2580788,0.4709384,0,0,0.897216,0.441592
272,8,1.103789,-0.9589234,0,0,-0.9709917,0.2391134
273,8,-0.4424535,-0.1891813,0,0,0.72188,0.6920182
274,8,0.6003713,1.899372,0,0,-0.3389892,0.9407902
275,8,1.685986,-1.480521,0,0,0.2267997,0.9739414
276,8,0.4250797,-0.4262605,0,0,-0.9816747,0.1905646
277,8,0.551965,-0.3189931,0,0,0.3301544,0.9439269
278,8,0.1533035,0.06143169,0,0,-0.7372569,0.6756125
279,8,0.3883073,0.7996425,0,0,0.9182419,0.3960201
280,8,2.072623,0.8762466,0,0,-0.7008654,0.7132935
281,8,0.3818237,-1.129178,0,0,-0.002100174,0.9999978
282,8,-0.001665991,0.0366633,0,0,-0.6519974,0.7582212
283,8,1.641698,-0.91926,0,0,0.3659738,0.9306251
284,8,-0.2489539,0.1797137,0,0,-0.9261689,0.377109
285,8,1.115877,0.708427,0,0,0.8040696,0.5945352
286,8,-0.1744608,-0.02103193,0,0,-0.6578966,0.7531083
287,8,1.307429,2.378294,0,0,0.9307944,0.3655432
288,8,-0.5381097,-1.237263,0,0,0.9435579,0.3312077
289,8,-0.4322662,-0.06457636,0,0,0.6296332,0.7768925
290,8,0.702745,0.0952795,0,0,-0.7558753,0.6547155
291,8,0.5361648,0.4786785,0,0,0.8998013,0.4362999
292,8,1.099538,-0.004516744,0,0,-0.7717258,0.6359554
293,8,0.9097339,0.5880821,0,0,0.8728266,0.4880305
294,8,1.757572,-0.6561657,0,0,-0.846604,0.5322233
295,8,0.6822594,-0.365664,0,0,0.5546828,0.8320619
296,8,1.014682,-0.1871908,0,0,-0.7862872,0.6178612
297,8,0.205767,-0.5923128,0,0,0.2726905,0.9621018
298,8,-0.2411672,-0.2913792,0,0,-0.1822531,0.9832516
299,8,0.1369485,1.925626,0,0,-0.9986714,0.05153192
300,8,1.79551,-1.848319,0,0,-0.8904397,0.4551012
301,8,0.2257973,-0.2713139,0,0,0.5653576,0.824846
302,8,0.7882701,-0.3791592,0,0,-0.7887133,0.6147612
303,8,0.2024061,0.01919786,0,0,0.9395747,0.342344
304,8,1.379696,0.3343057,0,0,-0.4785396,0.8780659
305,8,0.4597783,-0.06953182,0,0,0.8546926,0.5191345
306,8,0.8510391,0.9064895,0,0,-0.1603664,0.9870576
307,8,2.16074,0.04332805,0,0,0.8893728,0.4571828
308,8,0.3992694,-1.439365,0,0,-0.9048252,0.4257833
309,8,-0.3236113,0.18419,0,0,0.7131343,0.7010274
310,8,0.4665898,0.7760001,0,0,0.06313912,0.9980047
311,8,0.2878494,-0.000560234,0,0,0.9581502,0.2862659
312,8,0.456094,1.475255,0,0,0.2616434,0.9651646
313,8,1.826429,-2.022213,0,0,0.7573819,0.6529723
314,8,-0.1341848,0.5252442,0,0,-0.783527,0.6213579
315,8,0.4878733,0.8792107,0,0,-0.9578831,0.2871584
316,9,0.5641717,-0.485983,0,0,0.8495763,0.5274657
317,9,0.6241758,0.05880082,0,0,-0.1731916,0.9848881
318,9,0.166536,0.12319,0,0,-0.9997082,0.0241568
319,9,0.7958718,1.785802,0,0,0.2929063,0.9561412
320,9,1.267275,-2.070235,0,0,0.6530434,0.7573205
321,9,0.005848315,-0.05631467,0,0,-0.6160895,0.7876762
322,9,0.8014173,-0.7353718,0,0,0.6995342,0.7145991
323,9,-0.3466461,-0.3903573,0,0,-0.04652515,0.9989171
324,9,0.8260377,1.751866,0,0,-0.9943722,0.105943
325,9,0.8821813,-0.461769,0,0,-0.640024,0.768355
326,9,1.216576,0.5567692,0,0,0.9495751,0.3135397
327,9,1.043519,-0.7674648,0,0,-0.7389567,0.6737528
328,9,0.8520409,-0.2350838,0,0,0.7348644,0.6782141
329,9,0.5156415,-0.1949748,0,0,-0.6447584,0.7643864
330,9,0.8046565,-0.1664757,0,0,0.7192768,0.6947237
331,9,-0.00740803,-0.201898,0,0,-0.07010192,0.9975398
332,9,1.227451,2.542152,0,0,0.9942174,0.107386
333,9,0.07926238,-2.011773,0,0,-0.9913143,0.1315142
334,9,-0.03436267,0.148473,0,0,0.4582594,0.8888185
335,9,0.5918372,0.194582,0,0,-0.4771266,0.8788346
336,9,1.001241,0.5129192,0,0,0.8565448,0.5160727
337,9,0.2342553,-0.201054,0,0,-0.8361273,0.5485355
338,9,0.2089406,0.8805914,0,0,0.9887688,0.1494533
339,9,1.40525,-0.781456,0,0,-0.8582386,0.5132509
340,9,0.9466774,0.353599,0,0,0.7820551,0.6232092
341,9,0.4000973,-1.499282,0,0,-0.9948913,0.1009519
342,9,-0.2260839,0.1568896,0,0,0.5201886,0.8540514
343,9,0.7281196,0.236498,0,0,-0.6112978,0.7914006
344,9,0.05351722,0.4098647,0,0,0.9742619,0.225419
345,9,2.723149,1.044774,0,0,-0.6374539,0.7704885
346,9,0.5992724,-1.081158,0,0,0.1133156,0.9935591
347,9,0.5145891,-0.1602902,0,0,-0.8471052,0.5314252
348,9,0.6371511,-0.1978335,0,0,0.4458996,0.895083
349,9,0.4836728,0.2899681,0,0,-0.5764138,0.817158
350,9,1.345557,-0.544471,0,0,0.4127721,0.9108344
351,9,-0.4191591,-0.1857669,0,0,-0.7027712,0.7114159
352,9,0.2692911,2.111974,0,0,0.9723238,0.2336372
353,9,0.5300448,-2.341995,0,0,0.9983208,0.05792707
354,9,-0.2531316,0.227659,0,0,0.2754451,0.9613168
355,9,1.20782,-0.03632321,0,0,-0.8271555,0.5619732
356,9,-0.1850511,0.05106129,0,0,0.4915321,0.8708595
357,9,0.1464552,1.012653,0,0,-0.2498998,0.9682717
358,9,1.972294,0.4742879,0,0,0.6498864,0.7600313
359,9,1.350136,-1.038526,0,0,-0.9653072,0.2611168
360,9,0.2355395,-0.09248781,0,0,0.3865431,0.9222714
361,9,1.307669,0.4372488,0,0,-0.7315358,0.681803
362,9,0.03203779,-0.4486167,0,0,-0.1514,0.9884726
363,9,-0.03788702,-0.03429508,0,0,-0.5090587,0.8607318
364,9,0.6177011,0.5732102,0,0,0.8268046,0.5624892
365,9,1.135584,1.333327,0,0,-0.5212203,0.8534222
366,9,2.361751,-1.520576,0,0,0.3119777,0.9500894
367,9,-0.02955309,-0.3210905,0,0,0.9641027,0.2655294
368,9,0.1484729,-0.003643849,0,0,0.6394568,0.768827
369,9,0.2745837,0.485213,0,0,-0.4442098,0.8959228
370,9,1.541046,0.0486294,0,0,0.6029007,0.7978162
371,9,0.423432,0.1755947,0,0,-0.7123181,0.7018569
372,9,1.913689,0.6749793,0,0,0.7268211,0.6868269
373,9,1.032317,-0.4571519,0,0,-0.9155926,0.4021073
374,9,1.274673,-0.694869,0,0,0.4092241,0.9124339
375,9,0.04397991,0.03769536,0,0,-0.934132,0.3569278
376,9,1.23816,0.1522314,0,0,0.6860921,0.7275147
377,9,-0.9522408,0.02542594,0,0,-0.7633649,0.6459675
378,9,-0.9098696,1.731629,0,0,-0.9872525,0.1591622
379,9,-0.1934873,-2.179884,0,0,0.9915048,0.1300695
380,9,-0.6517221,-0.02854512,0,0,0.6360068,0.7716835
381,9,1.444066,-0.2079625,0,0,-0.8023253,0.5968871
382,9,0.1581318,-0.07023613,0,0,0.6932405,0.7207064
383,9,1.112636,0.4968084,0,0,-0.5882148,0.8087047
384,9,0.6535747,-0.05579747,0,0,0.7169054,0.6971705
385,9,0.7058353,0.7359102,0,0,-0.4012008,0.9159901
386,9,2.304697,0.3603964,0,0,0.7894371,0.6138315
387,9,0.5654815,-1.247403,0,0,-0.9718235,0.2357097
388,9,0.2240411,-0.2650546,0,0,0.5179422,0.8554156
389,9,0.1726868,0.04848292,0,0,-0.7210485,0.6928846
390,9,0.1525497,0.5473062,0,0,-0.9993407,0.03630611
391,9,1.416981,0.5679446,0,0,-0.4765344,0.8791558
392,9,1.849895,0.5281364,0,0,0.8881232,0.4596055
393,9,0.1480775,-1.386567,0,0,-0.9787557,0.2050301
394,9,-0.4009396,-0.1859961,0,0,0.8927131,0.4506256
395,9,1.497654,0.5875781,0,0,-0.396346,0.9181012
396,9,0.484486,-0.5109499,0,0,0.6291123,0.7773144
397,9,0.1752983,0.05292324,0,0,-0.5439029,0.8391481
398,9,0.008809465,0.5155682,0,0,-0.9430297,0.3327086
399,9,3.100631,0.9860325,0,0,-0.3198349,0.9474733
400,9,-0.1084871,-1.170062,0,0,0.3311689,0.9435715
401,9,0.04869042,0.04906696,0,0,-0.4593628,0.8882487
402,9,0.7526645,-0.2817689,0,0,0.8624318,0.5061733
403,9,0.08160768,0.1088441,0,0,-0.06408332,0.9979445
404,9,0.8705874,1.134396,0,0,-0.9907734,0.1355289
405,9,1.809794,-0.2196993,0,0,-0.3556863,0.9346054
406,9,0.8004708,-0.2687059,0,0,0.9158491,0.4015227
407,9,1.294084,0.3351384,0,0,-0.1152181,0.9933402
408,10,0.3696924,-1.157712,0,0,-0.7398517,0.6727701
409,10,-0.2405386,-0.0374814,0,0,0.9913489,0.1312532
410,10,1.331806,0.1532546,0,0,-0.1866342,0.9824294
411,10,-0.372501,-0.1621606,0,0,0.9989146,0.04657962
412,10,0.2237272,2.277894,0,0,0.4308782,0.9024101
413,10,0.7937433,-2.488782,0,0,0.5500843,0.8351091
414,10,-0.1572425,0.1227094,0,0,-0.7269582,0.6866818
415,10,0.8282731,-0.04130283,0,0,0.9013013,0.4331928
416,10,0.2067671,0.159543,0,0,0.01301753,0.9999152
417,10,1.750339,-0.41975,0,0,0.8353209,0.5497626
418,10,-0.3314619,-0.1649609,0,0,-0.3150451,0.9490767
419,10,1.312476,1.9035,0,0,0.9998156,0.01920137
420,10,0.7259537,-0.9155053,0,0,-0.8119658,0.5837049
421,10,1.144713,0.1055566,0,0,0.8636522,0.5040882
422,10,0.08809809,-0.6436753,0,0,-0.944593,0.328244
423,10,0.1780458,0.07494589,0,0,0.8316275,0.5553339
424,10,0.1614313,0.165637,0,0,-0.03597911,0.9993525
425,10,0.816489,1.863205,0,0,0.9979621,0.06380984
426,10,1.834015,-1.199489,0,0,-0.7995051,0.6006594
427,10,0.8578614,-0.548928,0,0,0.5416141,0.8406273
428,10,0.3109066,-0.2560801,0,0,-0.8067187,0.5909356
429,10,0.8466384,0.4318853,0,0,0.8717886,0.4898822
430,10,0.4217682,-0.2591465,0,0,-0.798194,0.6024005
431,10,0.7913093,0.5795454,0,0,0.8942108,0.4476462
432,10,0.0655682,-0.07864783,0,0,-0.6987609,0.7153553
433,10,0.1934239,1.70121,0,0,0.9980622,0.06222418
434,10,0.4828795,-2.704776,0,0,-0.996006,0.08928607
435,10,-0.01475616,0.6209648,0,0,0.0427142,0.9990873
436,10,0.6177573,0.6227639,0,0,-0.3716846,0.9283591
437,10,0.4025718,0.09781197,0,0,0.6984544,0.7156546
438,10,0.5939338,0.5531588,0,0,-0.4139222,0.9103122
439,10,1.487981,1.193527,0,0,0.8601027,0.510121
440,10,1.08081,-1.487262,0,0,-0.9707567,0.2400654
441,10,0.1114418,0.04930622,0,0,0.5998211,0.8001342
442,10,1.561901,-0.08195455,0,0,-0.7835328,0.6213504
443,10,0.5486717,-0.2488021,0,0,0.3984975,0.9171695
444,10,0.6001279,-0.4197271,0,0,-0.9259888,0.377551
445,10,-0.1542955,-0.1560396,0,0,0.917403,0.3979593
446,10,0.5242033,1.982927,0,0,-0.2546477,0.9670339
447,10,2.291062,-1.60064,0,0,0.3156542,0.9488743
448,10,0.259769,-0.4238576,0,0,-0.9882425,0.1528944
449,10,0.8660364,-0.5018501,0,0,0.3337963,0.9426453
450,10,-0.411099,0.06178749,0,0,-0.8765971,0.481225
451,10,-0.01456784,1.195271,0,0,0.9839903,0.1782218
452,10,0.2734125,-0.5511903,0,0,-0.9976124,0.06906261
453,10,-0.005046794,0.07875243,0,0,0.9544241,0.2984538
454,10,2.29007,-0.3090155,0,0,-0.8602414,0.5098869
455,10,0.9470202,-0.4046019,0,0,0.3761718,0.9265499
456,10,0.6702254,-0.8787819,0,0,-0.9905306,0.1372923
457,10,0.02263615,0.00891181,0,0,0.5603217,0.8282751
458,10,0.958399,-0.04944557,0,0,-0.8436252,0.5369325
459,10,-0.05681965,-0.1302567,0,0,0.9246908,0.380719
460,10,1.599226,2.545549,0,0,-0.4590072,0.8884325
461,10,-0.1690432,-2.098428,0,0,-0.2318119,0.9727606
462,10,-0.4835975,0.3786742,0,0,-0.9647889,0.2630253
463,10,0.8585728,0.8292344,0,0,0.8306962,0.556726
464,10,0.7861674,-0.2749884,0,0,-0.9143058,0.4050246
465,10,0.583914,0.02222839,0,0,0.5906577,0.8069223
466,10,0.5977916,0.4881527,0,0,-0.5992751,0.8005432
467,10,1.303772,0.5319737,0,0,0.7216264,0.6922827
468,10,1.857564,0.4731279,0,0,-0.7481835,0.6634918
469,10,0.7022722,-1.752606,0,0,0.02932414,0.99957
470,10,-0.1132763,0.1718787,0,0,-0.9771916,0.2123596
471,10,0.8716369,0.04015725,0,0,0.6207046,0.7840446
472,10,-0.104606,-0.07457696,0,0,-0.4543078,0.8908448
473,10,1.32475,1.777012,0,0,0.8962858,0.4434769
474,10,1.288411,-0.469028,0,0,-0.8981386,0.4397124
475,10,1.662684,-0.2434666,0,0,0.5622563,0.826963
476,10,0.1216504,-0.2234255,0,0,-0.9997285,0.02330076
477,10,0.4133044,0.3052584,0,0,0.8635402,0.50428
478,10,0.9007257,-0.1174536,0,0,-0.8332868,0.5528409
479,10,0.8449264,-0.5946547,0,0,0.4057248,0.9139953
480,10,-0.4274156,-0.3863702,0,0,-0.4331077,0.9013422
481,10,0.1098837,2.570235,0,0,0.9964015,0.08475883
482,10,0.08205105,-2.171829,0,0,0.9987852,0.04927613
483,10,-0.2194785,-0.007780892,0,0,0.56074,0.827992
484,10,0.4762778,-0.6197503,0,0,-0.9683032,0.2497778
485,10,-0.03228883,-0.1919234,0,0,0.9552779,0.2957095
486,10,1.181266,0.4445988,0,0,-0.5987107,0.8009654
487,10,0.6969604,0.5146246,0,0,0.9141956,0.4052732
488,10,2.245342,-0.2501695,0,0,-0.7399434,0.6726691
489,10,0.3798446,-0.2985157,0,0,0.5456847,0.8379906
490,10,1.282744,0.5471215,0,0,-0.5294203,0.8483597
491,10,0.3309805,-1.205213,0,0,0.2433666,0.9699344
492,10,-0.2611777,0.1877813,0,0,-0.7697592,0.6383343
493,10,0.50949,0.7646048,0,0,0.9890291,0.1477206
494,10,0.338814,0.2899672,0,0,-0.3883495,0.9215122
495,10,1.35513,1.966264,0,0,0.9893373,0.1456426
496,10,0.4348986,-2.304047,0,0,-0.9690051,0.2470406
497,10,-0.2795514,0.184906,0,0,0.5365642,0.8438596
498,10,0.8664571,0.2327291,0,0,-0.4737423,0.8806635
499,10,0.376423,0.1875017,0,0,0.9702238,0.2422104
500,10,1.646752,-0.05257765,0,0,-0.5449058,0.8384973
501,10,-0.01343827,-0.06869769,0,0,0.8608263,0.5088989
502,10,0.6144877,1.362364,0,0,0.04818923,0.9988382
503,10,2.2148,-0.6902226,0,0,0.8209755,0.5709634
504,10,0.4461803,-0.8734145,0,0,-0.8514063,0.5245067
505,10,0.273446,-0.06081082,0,0,0.9065473,0.4221042
506,10,0.9375475,-0.5499417,0,0,-0.6319602,0.7750009
507,10,-0.6098597,-0.1380597,0,0,0.9547118,0.2975321
508,10,-0.7217519,1.118398,0,0,0.6350206,0.7724952
509,10,2.765134,-1.283352,0,0,0.8613062,0.5080863
510,10,0.2705226,-0.3507503,0,0,-0.7005481,0.7136052
511,10,0.9429749,0.03101292,0,0,0.9703104,0.2418628
512,10,0.5977195,-0.1729346,0,0,-0.3831606,0.9236817
513,10,0.9220951,0.1423487,0,0,0.990566,0.1370364
514,11,0.5762787,-0.1518183,0,0,0.944026,0.3298711
515,11,0.4291605,0.3344123,0,0,0.1113522,0.993781
516,11,0.848983,1.034731,0,0,-0.982634,0.1855544
517,11,2.929057,-0.05874379,0,0,-0.2864038,0.958109
518,11,-0.2558422,-0.9549313,0,0,0.3092961,0.9509658
519,11,-0.1274528,0.007214253,0,0,-0.4775044,0.8786293
520,11,0.3879288,0.319245,0,0,0.9988806,0.04730207
521,11,0.7478322,0.6805975,0,0,0.01218984,0.9999257
522,11,0.9757872,0.1215279,0,0,0.932724,0.3605911
523,11,1.1302,0.9967868,0,0,-0.04670962,0.9989085
524,11,0.5429304,-1.791829,0,0,0.4393263,0.8983275
525,11,-0.5494137,-0.2109654,0,0,-0.3335529,0.9427314
526,11,2.269253,0.07215562,0,0,0.8800814,0.474823
527,11,-0.184901,0.3047765,0,0,-0.9051536,0.4250845
528,11,0.7744563,0.6871275,0,0,0.9792655,0.2025812
529,11,-0.5124347,-0.3139637,0,0,-0.3326167,0.9430621
530,11,-0.2740766,2.429277,0,0,-0.966733,0.2557876
531,11,0.3665718,-2.337214,0,0,-0.9631886,0.2688266
532,11,-0.02332201,0.09951773,0,0,0.6322924,0.7747298
533,11,0.9457474,-0.3889258,0,0,-0.7142136,0.6999279
534,11,0.2084132,0.05119617,0,0,0.7567782,0.6536718
535,11,0.446758,0.5459973,0,0,-0.167872,0.9858088
536,11,1.766984,0.4671726,0,0,0.8378533,0.5458955
537,11,0.2674122,-0.1771445,0,0,-0.7698439,0.6382322
538,11,0.8357999,1.232625,0,0,0.9682669,0.2499183
539,11,1.07399,-1.478442,0,0,-0.9283104,0.3718061
540,11,0.5070037,-0.2528261,0,0,0.4982307,0.8670445
541,11,0.3125975,-0.2725129,0,0,-0.8605157,0.5094239
542,11,0.4173463,0.3472072,0,0,0.8796966,0.4755354
543,11,0.2750813,0.09305391,0,0,-0.481114,0.876658
544,11,0.4371932,1.891194,0,0,0.9894383,0.1449546
545,11,1.655519,-2.268447,0,0,-0.9576586,0.2879063
546,11,0.1660136,-0.1726241,0,0,0.1944062,0.9809211
547,11,0.4360041,-0.1486139,0,0,-0.8047558,0.5936061
548,11,0.3129876,0.5542707,0,0,0.9322832,0.3617292
549,11,0.6607338,-1.210896,0,0,-0.9818103,0.1898647
550,11,-0.5022219,-0.2679076,0,0,0.8398681,0.5427905
551,11,0.8005049,1.576483,0,0,-0.3072932,0.9516149
552,11,1.839418,0.07436627,0,0,0.6322516,0.7747632
553,11,1.728388,-0.8702865,0,0,-0.9008374,0.4341565
554,11,0.3648095,-0.6674896,0,0,0.09142324,0.9958121
555,11,0.2538502,-0.2196182,0,0,-0.933881,0.3575838
556,11,0.111343,0.1452455,0,0,0.8314767,0.5555595
557,11,0.4451039,0.8976855,0,0,-0.3448598,0.9386542
558,11,1.891508,0.8073704,0,0,0.7350965,0.6779625
559,11,1.540802,-0.8654097,0,0,-0.9285178,0.3712879
560,11,0.6338619,-0.2834663,0,0,0.3765222,0.9264076
561,11,1.080155,-0.02795206,0,0,-0.8152286,0.5791392
562,11,0.515656,-0.4454794,0,0,0.2315938,0.9728126
563,11,0.3335497,0.1838452,0,0,-0.6261538,0.7796996
564,11,0.8939692,-0.6749768,0,0,0.266105,0.963944
565,11,-0.1838629,-0.5412189,0,0,-0.3581849,0.9336507
566,11,0.8357384,2.9288,0,0,0.9463251,0.3232163
567,11,-0.9631624,-2.097862,0,0,0.9192668,0.393635
568,11,-0.9181632,0.4400407,0,0,0.3656412,0.9307559
569,11,1.480725,0.3623206,0,0,-0.7557312,0.654882
570,11,-0.1988557,0.02000045,0,0,0.5256715,0.8506876
571,11,0.8280804,1.131382,0,0,-0.4887147,0.8724437
572,11,0.7648064,0.07651035,0,0,0.5964255,0.8026685
573,11,1.77215,0.8388122,0,0,-0.6898282,0.7239732
574,11,0.4687934,-0.680519,0,0,0.1104157,0.9938855
575,11,0.66369,0.3718226,0,0,-0.6670699,0.7449951
576,11,0.7535336,-1.116305,0,0,0.1091008,0.9940307
577,11,0.1739984,-0.06416195,0,0,-0.9296788,0.3683712
578,11,0.2214668,-0.02238924,0,0,0.5532052,0.833045
579,11,-0.153534,0.4005353,0,0,-0.02626194,0.9996551
580,11,2.86438,0.8269905,0,0,0.6795068,0.7336692
581,11,1.353471,-0.9273832,0,0,-0.9556258,0.2945832
582,11,0.4749086,-1.102121,0,0,0.04292806,0.9990782
583,11,-0.2337041,0.1699635,0,0,-0.9368021,0.3498597
584,11,0.4512238,0.8106689,0,0,0.9199972,0.3919249
585,11,1.071315,0.01731443,0,0,-0.8157939,0.5783427
586,11,0.7910013,-0.225826,0,0,0.4945738,0.8691356
587,11,0.1882857,0.3367324,0,0,-0.4422393,0.8968971
588,11,2.508125,0.9604189,0,0,0.7413107,0.6711619
589,11,0.9262846,-1.124656,0,0,-0.9807266,0.1953851
590,11,0.3933395,-0.7332929,0,0,0.1525214,0.9883001
591,11,-0.08633903,0.04413822,0,0,-0.7557164,0.654899
592,11,1.285669,0.2203339,0,0,0.703946,0.7102535
593,11,-0.5071948,-0.223257,0,0,-0.5886546,0.8083847
594,11,0.110952,2.514189,0,0,0.994319,0.1064411
595,11,-0.06938048,-1.868966,0,0,0.9937741,0.1114139
596,11,-0.3777582,-0.05327693,0,0,0.6450643,0.7641283
597,11,1.249551,0.103562,0,0,-0.7386844,0.6740515
598,11,0.944093,-0.1530813,0,0,0.6365169,0.7712627
599,11,0.3631203,-0.2068577,0,0,-0.9179932,0.3965962
600,11,0.3968931,0.358942,0,0,0.927477,0.3738802
601,11,0.5257959,0.213537,0,0,-0.6219077,0.7830906
602,11,0.7642041,1.570497,0,0,0.9774432,0.2111982
603,11,1.407581,-2.308381,0,0,-0.962346,0.2718275
604,11,-0.009093992,-0.0962531,0,0,0.4103379,0.9119335
605,11,0.3604245,-0.7890887,0,0,-0.9771722,0.2124487
606,11,-0.1874878,-0.5698425,0,0,0.9846863,0.1743358
607,11,0.7626504,1.622727,0,0,-0.1782412,0.9839869
608,11,0.8980567,-0.3563464,0,0,0.6592399,0.7519327
609,11,0.897414,0.7509844,0,0,-0.3668162,0.9302934
610,11,1.847951,-1.052819,0,0,0.6134117,0.7897633
611,11,0.1730783,-0.08385552,0,0,-0.8825282,0.4702594
612,11,0.9266696,0.4481184,0,0,0.9288045,0.37057
613,11,0.4752905,-0.5635887,0,0,-0.8923869,0.4512711
614,11,0.3339368,-0.05033843,0,0,0.8425861,0.5385616
615,11,0.01808758,0.1493157,0,0,-0.1214817,0.9925936
616,11,0.3095129,2.050585,0,0,-0.9885944,0.1506024
617,11,1.983421,-2.720414,0,0,-0.8543761,0.5196551
618,11,-0.04593069,0.3815454,0,0,0.235774,0.9718079
619,11,0.6656333,0.4833445,0,0,-0.2379666,0.9712733
620,11,0.3206009,-0.08097252,0,0,0.8683571,0.4959394
621,11,0.9259438,0.4892653,0,0,-0.2562357,0.9666144
622,11,0.6233975,0.1991408,0,0,0.9678355,0.2515839
623,11,1.6631,0.6669425,0,0,-0.2526397,0.9675604
624,11,0.6886496,-0.2331011,0,0,0.8602647,0.5098476
625,11,1.499246,0.8691273,0,0,-0.138973,0.9902962
626,11,-0.2099456,-1.454955,0,0,0.3670016,0.9302203
627,11,-0.4779468,0.1747081,0,0,-0.4606021,0.8876067
628,11,0.9205267,0.574486,0,0,0.9996075,0.02801453
629,11,0.02848401,0.03169844,0,0,-0.2001017,0.9797751
630,11,0.1600263,1.298654,0,0,-0.8997785,0.4363469
631,11,2.992329,-0.1677613,0,0,-0.2720746,0.9622762
632,11,0.08487295,-1.132046,0,0,0.5774096,0.8164546
633,12,0.005784284,-0.001629686,0,0,0.9637859,0.2666773
634,12,0.8958868,0.1752997,0,0,-0.1196751,0.9928131
635,12,0.7068275,0.2791559,0,0,0.9981596,0.06064193
636,12,1.206431,-0.7929202,0,0,-0.5286785,0.8488221
637,12,-0.6571275,-0.1023784,0,0,0.9807808,0.1951128
638,12,-0.2932447,1.780264,0,0,0.5415204,0.8406876
639,12,1.97288,-1.855216,0,0,0.7482606,0.6634049
640,12,0.3318596,-0.3538743,0,0,-0.6695991,0.7427227
641,12,0.9290724,-0.4715167,0,0,0.8031688,0.5957515
642,12,0.07058704,-0.1372131,0,0,-0.7204086,0.6935499
643,12,0.0547617,0.2190384,0,0,-0.9897543,0.1427808
644,12,0.4668664,1.222998,0,0,0.1868055,0.9823969
645,12,2.390553,-0.3652059,0,0,0.8521559,0.5232881
646,12,0.8509365,-0.3652138,0,0,-0.6096255,0.7926896
647,12,1.116873,-0.5915026,0,0,0.7164952,0.6975921
648,12,0.3974253,0.002192315,0,0,-0.4237414,0.9057832
649,12,1.36731,-0.9472034,0,0,0.648825,0.7609376
650,12,-0.520012,0.02612724,0,0,-0.6025915,0.7980498
651,12,1.07663,1.145176,0,0,0.9832351,0.1823423
652,12,-0.3299163,-0.1919523,0,0,-0.4053087,0.9141799
653,12,0.7484285,2.773625,0,0,-0.9992077,0.03979891
654,12,-0.5723347,-1.893029,0,0,-0.9997513,0.02230085
655,12,-0.1300088,0.2007778,0,0,0.5490434,0.8357938
656,12,0.431682,-0.123071,0,0,-0.6557758,0.7549556
657,12,0.2251672,0.585655,0,0,0.992426,0.1228438
658,12,0.7576424,-0.4433467,0,0,-0.7910222,0.6117874
659,12,0.1715703,0.4427595,0,0,0.9849885,0.1726201
660,12,2.094598,0.01727842,0,0,-0.6399258,0.7684367
661,12,1.120966,-0.2714473,0,0,0.6361513,0.7715643
662,12,1.143858,-0.336837,0,0,-0.7561773,0.6543668
663,12,1.04904,-0.4809193,0,0,0.536842,0.8436828
664,12,0.2637244,-0.3007199,0,0,-0.8954027,0.4452573
665,12,0.5135546,0.02247579,0,0,0.6767402,0.736222
666,12,0.06090292,-0.07044139,0,0,-0.06058136,0.9981633
667,12,1.057442,2.762,0,0,0.9781295,0.2079968
668,12,-0.3467456,-1.657733,0,0,0.992712,0.1205111
669,12,-0.4494094,-0.0605372,0,0,0.7725551,0.6349478
670,12,0.618951,-1.248835,0,0,-0.9806938,0.1955497
671,12,-0.4982126,-0.1385722,0,0,0.7953297,0.606177
672,12,1.227869,1.022979,0,0,-0.4697725,0.8827875
673,12,0.7968246,-0.2604046,0,0,0.4888189,0.8723853
674,12,0.454697,0.1163046,0,0,-0.6360892,0.7716155
675,12,0.6914887,1.211333,0,0,0.9304832,0.3663346
676,12,2.587815,-1.270283,0,0,-0.8969254,0.4421818
677,12,0.1667555,-0.4879699,0,0,-0.001333718,0.9999991
678,12,0.5197647,-0.2174981,0,0,-0.8744187,0.4851721
679,12,0.2063443,0.07032808,0,0,0.6548836,0.7557297
680,12,0.6286607,0.5032728,0,0,-0.5270891,0.8498101
681,12,0.5292542,0.6542568,0,0,0.8745902,0.484863
682,12,2.344861,1.277549,0,0,-0.6259561,0.7798583
683,12,0.2386267,-1.862072,0,0,-0.1026441,0.9947181
684,12,-0.5012294,0.3005222,0,0,-0.9475681,0.3195539
685,12,0.6341208,1.117779,0,0,0.9072693,0.4205501
686,12,0.6076378,-0.8134953,0,0,-0.9864705,0.1639386
687,12,0.263978,0.01330519,0,0,0.5519288,0.8338912
688,12,0.4214719,0.2656871,0,0,-0.6091695,0.79304
689,12,0.5285164,1.058816,0,0,0.9126009,0.4088516
690,12,2.586136,0.4613633,0,0,-0.7688735,0.639401
691,12,1.198952,-1.64025,0,0,0.1234751,0.9923477
692,12,0.003458895,0.104688,0,0,0.9626049,0.2709091
693,12,0.2383154,0.2843916,0,0,0.848368,0.529407
694,12,-0.006334516,-0.008577835,0,0,-0.9128686,0.4082534
695,12,-0.1322917,0.6996003,0,0,0.9943013,0.106606
696,12,1.848305,-0.631811,0,0,-0.9103851,0.413762
697,12,0.5353937,0.1321652,0,0,0.649959,0.7599692
698,12,2.047552,-0.2356826,0,0,-0.8618596,0.5071469
699,12,0.6085902,-0.4194407,0,0,0.285137,0.9584868
700,12,0.9673927,-0.4323898,0,0,-0.9297042,0.368307
701,12,0.2166534,-0.00235019,0,0,0.5654637,0.8247732
702,12,1.32305,-0.3704379,0,0,-0.8997846,0.4363344
703,12,-0.8668799,-0.387489,0,0,0.7150791,0.6990436
704,12,-1.082312,1.89808,0,0,0.0642206,0.9979357
705,12,0.8098553,-3.128916,0,0,-0.05806198,0.998313
706,12,-0.250886,0.3888496,0,0,-0.9924406,0.1227262
707,12,1.219236,-0.2577941,0,0,0.485612,0.8741745
708,12,-0.148326,-0.02282019,0,0,-0.7237433,0.6900693
709,12,1.562493,0.683342,0,0,0.7327624,0.6804845
710,12,0.02111604,0.02355497,0,0,-0.9024917,0.4307073
711,12,0.5930874,1.139341,0,0,0.9218916,0.3874479
712,12,1.515606,-0.2359399,0,0,-0.8608571,0.5088467
713,12,1.39032,-0.07311287,0,0,0.5756687,0.817683
714,12,1.377275,-0.5212971,0,0,-0.905295,0.4247833
715,12,-0.264612,-0.824244,0,0,-0.2720541,0.9622819
716,12,-0.5554488,-0.2055194,0,0,-0.6556571,0.7550588
717,12,0.3677093,1.080644,0,0,0.9602683,0.2790785
718,12,0.5667744,0.4897717,0,0,-0.5566169,0.8307693
719,12,2.377542,1.353505,0,0,0.8016329,0.5978166
720,12,0.769392,-1.312254,0,0,-0.9907274,0.1358647
721,12,0.5576521,-0.4571234,0,0,0.3651603,0.9309446
722,12,0.1569827,0.02057871,0,0,-0.8391342,0.5439244
723,12,0.9400127,0.6970462,0,0,0.8604749,0.5094929
724,12,0.510802,-0.2705013,0,0,-0.9167669,0.3994227
725,12,0.7962302,0.2502588,0,0,0.7832076,0.6217602
726,12,0.0120354,0.07979503,0,0,-0.5423884,0.8401279
727,12,1.015996,2.408112,0,0,0.9701411,0.2425414
728,12,-0.6794822,-1.832998,0,0,0.9733295,0.2294116
729,12,-0.7327845,0.0508624,0,0,0.6232432,0.7820281
730,12,1.294345,-0.13094,0,0,-0.7731395,0.634236
731,12,0.08459227,-0.09566163,0,0,0.5939292,0.8045173
732,12,0.1989927,0.4589008,0,0,-0.2744769,0.9615937
733,12,0.7957418,1.457672,0,0,0.9756277,0.2194324
734,12,2.057612,-1.371091,0,0,-0.8761238,0.4820862
735,12,0.2076983,-0.1858188,0,0,0.5561722,0.8310671
736,12,1.323298,0.1903359,0,0,-0.6387768,0.7693921
737,12,0.8498542,-0.3891146,0,0,0.6235254,0.7818031
738,12,0.7472418,-0.3562101,0,0,-0.8277151,0.5611485
739,12,0.3287944,-0.06678869,0,0,0.7738599,0.6333568
740,12,0.3802771,0.3512503,0,0,-0.3747098,0.9271421
741,12,0.4317089,1.055097,0,0,0.9987321,0.05034066
742,12,3.148227,0.2974397,0,0,-0.5797578,0.8147888
743,12,0.420283,-1.479933,0,0,0.3096981,0.9508349
744,12,0.1902599,-0.2551426,0,0,-0.9308506,0.3654001
745,12,0.1702827,-0.05114053,0,0,0.8540731,0.520153
746,12,0.1436495,0.5974709,0,0,0.01174906,0.999931
747,12,1.876067,-0.06980132,0,0,0.838941,0.5442224
748,12,-0.1444915,0.1043393,0,0,-0.6251506,0.7805041
749,12,0.6123965,1.576971,0,0,-0.9974459,0.07142615
750,12,0.3241919,-1.208604,0,0,-0.9308083,0.3655078
751,12,0.03578725,-0.05145063,0,0,0.9798105,0.1999283
752,12,0.7350463,-1.522415,0,0,-0.8724732,0.4886619
753,12,-0.4618679,-0.04894987,0,0,0.8870999,0.4615775
754,12,1.286999,-0.2695698,0,0,-0.5435148,0.8393995
755,12,-0.2330206,-0.6919346,0,0,-0.9893014,0.1458857
756,12,0.3048754,2.925563,0,0,0.2974392,0.9547408
757,12,1.031867,-2.461161,0,0,0.568592,0.8226197
758,12,0.03778287,0.01416376,0,0,-0.7862501,0.6179084
759,12,0.7232568,0.1920096,0,0,0.9797493,0.200228
760,12,0.8900039,-0.05722071,0,0,-0.3746684,0.9271589
761,12,0.4480702,-0.09049709,0,0,0.9283651,0.3716697
762,12,0.5942177,0.6725219,0,0,0.1115138,0.9937629
763,12,0.7782598,-0.4844866,0,0,0.8600108,0.5102758
764,12,0.06239793,0.2061183,0,0,0.3370792,0.9414763
765,12,3.162638,0.5924425,0,0,0.9909927,0.1339157
766,13,-0.1097563,-1.038602,0,0,0.5081257,0.8612829
767,13,0.1319165,-0.05353643,0,0,-0.3844929,0.9231279
768,13,0.4801462,-0.02289127,0,0,0.965325,0.2610511
769,13,0.3644986,0.2736835,0,0,0.0860654,0.9962895
770,13,0.5745043,0.7679602,0,0,-0.9824412,0.1865724
771,13,1.885924,0.9865986,0,0,-0.04573847,0.9989535
772,13,1.77457,-0.9000928,0,0,0.8472046,0.5312667
773,13,0.5599685,-0.8178808,0,0,-0.724744,0.6890183
774,13,0.1079901,0.006849622,0,0,0.8824782,0.4703533
775,13,0.8195754,0.7458543,0,0,0.01596013,0.9998726
776,13,0.5404994,-0.9741014,0,0,0.5799901,0.8146235
777,13,-0.2177773,-0.02879746,0,0,-0.4359441,0.8999738
778,13,-0.0535773,0.6661727,0,0,-0.9328655,0.3602248
779,13,1.618285,1.819885,0,0,-0.01234065,0.9999238
780,13,1.511454,-2.219975,0,0,0.5655097,0.8247417
781,13,-0.002777977,-0.0714587,0,0,-0.7435752,0.6686523
782,13,1.067618,-0.8676971,0,0,0.6456996,0.7635916
783,13,-0.6454539,0.1295719,0,0,-0.6177078,0.7864077
784,13,0.0807213,1.257941,0,0,-0.979904,0.1994698
785,13,0.7633871,0.1150036,0,0,-0.4215445,0.9068077
786,13,1.923864,0.8572881,0,0,0.931558,0.3635928
787,13,0.4475794,-0.44937,0,0,-0.8007331,0.5990212
788,13,1.126204,0.6318146,0,0,0.9332166,0.3593143
789,13,0.8502566,-0.8538201,0,0,-0.8323048,0.5543182
790,13,0.7184283,-0.5004627,0,0,0.5602525,0.8283219
791,13,-0.1088337,-0.07277123,0,0,-0.5880265,0.8088416
792,13,1.118569,0.8519809,0,0,0.9378194,0.3471236
793,13,-0.7689064,-0.09704801,0,0,-0.6083951,0.7936343
794,13,-0.8355466,1.977652,0,0,-0.9576536,0.2879228
795,13,-0.4889759,-2.951146,0,0,-0.9999541,0.009578992
796,13,-0.3615115,0.7934426,0,0,0.3181353,0.9480453
797,13,1.13636,0.501344,0,0,-0.4672086,0.8841472
798,13,0.2306253,0.1100648,0,0,0.7958104,0.6055459
799,13,1.31698,0.4086875,0,0,-0.540801,0.8411506
800,13,0.4967292,-0.07589047,0,0,0.617873,0.7862779
801,13,0.4847154,0.5857609,0,0,-0.2796094,0.9601138
802,13,2.094492,0.6233465,0,0,0.7948487,0.6068077
803,13,1.112069,-0.7760802,0,0,-0.879791,0.4753607
804,13,1.248999,-0.3486294,0,0,0.5689253,0.8223892
805,13,0.1244166,-0.4478541,0,0,-0.9853007,0.1708289
806,13,0.4863152,0.08573994,0,0,0.6970586,0.7170142
807,13,-0.2694264,-0.1442565,0,0,-0.6344782,0.7729408
808,13,-0.6309503,1.13325,0,0,-0.9839119,0.1786546
809,13,2.173272,-1.368863,0,0,-0.9011962,0.4334114
810,13,0.8278673,-0.04249968,0,0,0.6056389,0.7957396
811,13,0.4320604,-1.329907,0,0,-0.9958975,0.09048901
812,13,-0.3159929,0.001992162,0,0,0.7014274,0.7127409
813,13,1.41194,0.259078,0,0,-0.6994322,0.714699
814,13,0.5145415,0.05233474,0,0,0.6296507,0.7768784
815,13,1.024282,-0.4149843,0,0,-0.8771679,0.4801838
816,13,-0.1707325,-0.1438111,0,0,0.9019981,0.43174
817,13,1.207778,2.192954,0,0,-0.3588307,0.9334027
818,13,2.080751,-1.795853,0,0,0.2833219,0.9590249
819,13,-0.1761611,-0.5902481,0,0,0.9677993,0.251723
820,13,-0.09381193,0.04094574,0,0,0.5913954,0.8063817
821,13,0.6183345,0.5088987,0,0,-0.5363142,0.8440184
822,13,0.5819731,-0.0319897,0,0,0.5416265,0.8406192
823,13,0.2495889,0.534366,0,0,-0.3404447,0.9402645
824,13,2.33189,1.091085,0,0,0.7409025,0.6716126
825,13,0.6053618,-1.418258,0,0,-0.9991539,0.041127
826,13,-0.03548737,0.03086153,0,0,0.5350468,0.8448224
827,13,1.416253,0.6317864,0,0,-0.6763337,0.7365953
828,13,0.2112421,-0.8885151,0,0,-0.07594415,0.9971121
829,13,-0.108427,-0.05490728,0,0,-0.7317024,0.6816242
830,13,0.8932831,0.2654576,0,0,0.6704878,0.7419206
831,13,0.08475111,0.1285656,0,0,-0.4085841,0.9127207
832,13,1.790043,2.388488,0,0,0.871261,0.4908201
833,13,0.3930984,-2.112252,0,0,0.9952622,0.09722735
834,13,0.01156541,0.005566557,0,0,0.3610353,0.9325522
835,13,0.6299465,-0.8660959,0,0,-0.9923912,0.1231246
836,13,-0.4080226,-0.165314,0,0,0.710313,0.703886
837,13,0.4790971,1.337127,0,0,-0.3578655,0.9337731
838,13,1.262279,-0.4661646,0,0,0.4002077,0.9164245
839,13,0.3955622,0.08341007,0,0,-0.769668,0.6384443
840,13,1.115103,1.134591,0,0,0.8343069,0.5513003
841,13,1.797653,-1.440917,0,0,-0.9687064,0.2482095
842,13,0.1443622,-0.1506151,0,0,0.2041144,0.978947
843,13,1.187182,0.01384999,0,0,-0.8290225,0.5592152
844,13,0.04525027,-0.09741513,0,0,0.0815574,0.9966686
845,13,0.2594455,0.3151925,0,0,-0.5240838,0.8516667
846,13,0.1307261,0.3600946,0,0,0.9411858,0.3378895
847,13,1.977363,2.5589,0,0,-0.4961607,0.8682307
848,13,-0.6539213,-1.646873,0,0,-0.3576864,0.9338418
849,13,-0.6328597,0.02934235,0,0,-0.8265019,0.5629339
850,13,1.078556,-0.4104457,0,0,0.4221424,0.9065295
851,13,0.1363618,0.1412949,0,0,-0.5856357,0.8105744
852,13,1.164005,-1.075168,0,0,0.2480815,0.9687392
853,13,-0.5143768,-0.3063836,0,0,-0.6134597,0.789726
854,13,1.466628,1.545931,0,0,0.8592818,0.5115024
855,13,0.5276324,0.01610062,0,0,-0.8203,0.5719334
856,13,2.240001,1.16339,0,0,0.7686378,0.6396843
857,13,-0.1146709,-1.219096,0,0,0.9780955,0.2081567
858,13,0.08420896,-0.1008558,0,0,0.3534275,0.9354619
859,13,0.241349,0.04027612,0,0,-0.8003135,0.5995817
860,13,0.3349625,0.5440081,0,0,0.9297749,0.3681285
861,13,0.8216876,0.6491685,0,0,-0.5652738,0.8249034
862,13,1.854818,0.9274029,0,0,0.7878022,0.6159284
863,13,1.570795,-0.8434102,0,0,-0.916101,0.4009476
864,13,0.7156416,-0.7203882,0,0,0.3062791,0.9519417
865,13,0.3381345,0.01846104,0,0,-0.8049176,0.5933866
866,13,1.291635,0.03571887,0,0,0.6653982,0.7464886
867,13,0.3910538,-0.01626136,0,0,-0.8201176,0.5721951
868,13,1.372957,-0.4612481,0,0,0.5377421,0.8431094
869,13,-1.207153,-0.119995,0,0,-0.7032,0.710992
870,13,-1.348351,1.576944,0,0,-0.9546294,0.2977966
871,13,0.8372624,-2.956081,0,0,-0.9966925,0.0812657
872,13,-0.1698773,0.1031943,0,0,0.3072785,0.9516196
873,13,1.030587,-0.1956984,0,0,-0.8080129,0.5891647
874,13,0.3357196,-0.1466771,0,0,0.6031876,0.7975994
875,13,0.2812341,0.199663,0,0,-0.5533398,0.8329557
876,13,0.4997207,1.059451,0,0,0.980537,0.1963345
877,13,1.513847,-0.4319278,0,0,-0.8053012,0.5928659
878,13,0.9413265,0.2949913,0,0,0.8361512,0.548499
879,13,1.194273,-0.8337861,0,0,-0.8824774,0.4703548
880,13,0.5806271,0.1044574,0,0,0.827467,0.5615144
881,13,1.024793,-1.49759,0,0,-0.9434544,0.3315023
882,13,-0.3786555,0.4415336,0,0,0.3546269,0.9350079
883,13,0.1974963,0.869461,0,0,-0.07883927,0.9968873
884,13,0.2701361,0.02755694,0,0,0.8710327,0.4912252
885,13,0.3975067,1.538233,0,0,-0.05138192,0.9986791
886,13,3.143256,-0.5431268,0,0,0.7360336,0.676945
887,13,-0.06995527,-1.295978,0,0,-0.9966573,0.08169568
888,13,-0.1892217,0.1826905,0,0,0.4013512,0.9159243
889,13,0.07642557,0.4832138,0,0,6.289168E-05,1
890,13,1.275551,0.3811872,0,0,0.9023541,0.4309954
891,13,0.6349028,-0.3866343,0,0,-0.7941305,0.6077473
892,13,0.230689,0.1554486,0,0,0.9854465,0.1699857
893,13,1.251799,1.053577,0,0,-0.2428716,0.9700584
894,13,2.092186,-0.1179316,0,0,0.8424195,0.5388222
895,13,1.092763,-0.9564482,0,0,-0.7948167,0.6068496
896,13,0.535298,-0.5149487,0,0,0.6497217,0.7601722
897,13,0.4198115,-0.1282444,0,0,-0.6625885,0.7489837
898,13,0.5758861,-0.04289404,0,0,0.8868766,0.4620064
899,13,-0.06285346,0.01224161,0,0,-0.03267076,0.9994662
900,13,0.05887229,1.984934,0,0,-0.9506004,0.3104173
901,13,1.822131,-2.557585,0,0,-0.7969032,0.604107
902,13,-0.3691192,0.2973466,0,0,0.6882623,0.7254619
903,13,1.576825,0.6012146,0,0,-0.2398699,0.970805
904,13,-0.04199053,-0.008756035,0,0,0.5879419,0.8089031
905,13,0.4542005,0.6005529,0,0,0.05668261,0.9983922
906,13,0.5760502,-0.2510802,0,0,0.8628222,0.5055076
907,13,0.7684525,0.3207416,0,0,-0.159746,0.9871582
908,13,0.228787,0.1384307,0,0,-0.9999848,0.005515146
909,13,1.219198,2.272373,0,0,0.2271181,0.9738672
910,13,0.008741525,-2.536683,0,0,0.4978569,0.8672592
911,13,-0.3677394,0.3418272,0,0,-0.5768125,0.8168766
912,13,1.064791,-0.6122923,0,0,0.8807967,0.4734946
913,13,-0.475747,-0.2844804,0,0,0.05276972,0.9986067
914,13,0.8899559,1.600988,0,0,-0.9472582,0.3204712
915,14,0.2480978,-0.08150132,0,0,0.9284207,0.3715306
916,14,0.6604979,1.370586,0,0,0.3308464,0.9436846
917,14,1.180302,-1.7901,0,0,0.7280993,0.6854716
918,14,-0.09661712,0.0406567,0,0,-0.5274552,0.8495829
919,14,0.9967741,0.6879616,0,0,-0.9999731,0.007331739
920,14,1.016803,-0.8810861,0,0,-0.6135097,0.7896872
921,14,0.03119125,-0.002933032,0,0,0.5432534,0.8395688
922,14,0.05414021,0.1261341,0,0,0.3481823,0.9374269
923,14,0.2471107,0.8438246,0,0,-0.9643402,0.264666
924,14,2.337774,1.717149,0,0,-0.05377927,0.9985529
925,14,0.9776062,-2.117841,0,0,0.5549895,0.8318573
926,14,0.04757785,-0.1301202,0,0,-0.7614912,0.6481753
927,14,0.7972614,-0.1884214,0,0,0.8375844,0.546308
928,14,0.2045314,-0.0114541,0,0,-0.3473027,0.9377531
929,14,0.7099509,0.6041614,0,0,0.9907613,0.1356168
930,14,1.110502,0.5223922,0,0,-0.2344099,0.9721379
931,14,1.133976,-0.4264021,0,0,0.7640467,0.645161
932,14,0.3558127,0.2547544,0,0,-0.1318578,0.9912686
933,14,2.659721,0.1265906,0,0,0.870652,0.4918995
934,14,0.537743,-0.919478,0,0,-0.8618348,0.5071892
935,14,0.1530746,-0.4824616,0,0,0.3088322,0.9511166
936,14,-0.04733158,-0.2179398,0,0,-0.03036839,0.9995388
937,14,1.266106,-0.7616512,0,0,0.6366479,0.7711546
938,14,-0.2807252,-0.9566244,0,0,0.01615476,0.9998695
939,14,0.1775596,3.2069,0,0,-0.9900883,0.1404465
940,14,0.5157846,-2.107656,0,0,-0.9586037,0.2847435
941,14,0.4475013,-0.2331868,0,0,0.5823415,0.8129443
942,14,0.02365459,-0.1367304,0,0,-0.8920659,0.4519053
943,14,0.1550344,0.5344002,0,0,0.9970082,0.07729545
944,14,0.8319005,-0.5446703,0,0,-0.8048631,0.5934606
945,14,0.6917666,0.1692031,0,0,0.8155002,0.5787567
946,14,0.09567101,-0.05401848,0,0,-0.5853553,0.8107769
947,14,0.1227133,1.487528,0,0,-0.999911,0.01334301
948,14,1.788502,-1.338014,0,0,-0.8589265,0.5120988
949,14,1.021706,-0.09628775,0,0,0.6849193,0.7286189
950,14,0.149961,-1.257328,0,0,-0.9928995,0.118956
951,14,-0.1020195,0.1423978,0,0,0.5053796,0.8628971
952,14,0.3766469,0.2328961,0,0,-0.4027024,0.915331
953,14,0.0850771,0.7692217,0,0,0.996346,0.08540889
954,14,2.082098,0.3236638,0,0,-0.6405246,0.7679377
955,14,1.34991,0.09840701,0,0,0.7077004,0.7065127
956,14,1.578039,-0.9009799,0,0,-0.8678426,0.4968393
957,14,0.3133664,-0.2392033,0,0,0.3416728,0.939819
958,14,0.7330295,0.2566204,0,0,-0.5783995,0.8157536
959,14,0.9837179,-0.5055505,0,0,0.4543447,0.890826
960,14,0.2218557,-0.04689281,0,0,-0.7292591,0.6842376
961,14,1.093531,0.1660776,0,0,0.6964822,0.717574
962,14,-0.1172668,-0.2483728,0,0,-0.383099,0.9237073
963,14,0.6938406,3.049419,0,0,0.9804927,0.1965556
964,14,-1.623253,-1.802986,0,0,0.9008975,0.4340319
965,14,-1.231607,0.5692254,0,0,0.4722231,0.881479
966,14,1.60592,0.3606408,0,0,-0.6897922,0.7240075
967,14,-0.1334055,0.05308191,0,0,0.6119282,0.7909133
968,14,1.149836,0.6311448,0,0,-0.5894989,0.8077692
969,14,0.3085102,0.2592376,0,0,0.8182297,0.5748914
970,14,2.228782,0.9954003,0,0,-0.6386333,0.7695112
971,14,0.3944034,-0.4374708,0,0,0.1960257,0.9805987
972,14,0.7876683,0.5228899,0,0,-0.5712923,0.8207467
973,14,1.260984,-0.9460857,0,0,0.3021854,0.9532492
974,14,0.490213,-0.3817812,0,0,-0.9445238,0.3284429
975,14,0.4696243,-0.2535565,0,0,0.3442337,0.938884
976,14,0.1135561,0.01706618,0,0,-0.6589166,0.752216
977,14,0.056032,0.7655065,0,0,0.9764587,0.2157046
978,14,1.976011,1.554164,0,0,-0.5736982,0.8190668
979,14,2.037218,-1.561215,0,0,0.279167,0.9602426
980,14,0.2933108,-0.515108,0,0,-0.9943441,0.1062067
981,14,0.7305411,-0.4492811,0,0,0.3136612,0.949535
982,14,-0.2399176,0.01256019,0,0,-0.8610917,0.5084496
983,14,0.1625013,1.121589,0,0,0.9658557,0.2590808
984,14,0.3656493,-1.08252,0,0,0.9998938,0.01457146
985,14,-0.347333,-0.336363,0,0,0.8424883,0.5387145
986,14,0.7361041,1.625531,0,0,-0.3859206,0.922532
987,14,2.459426,-0.47519,0,0,0.4765981,0.8791212
988,14,0.749842,-0.9449843,0,0,-0.9891648,0.1468097
989,14,0.6634641,-0.4372803,0,0,0.2905824,0.95685
990,14,0.2254905,-0.1829507,0,0,-0.9658842,0.2589743
991,14,0.428391,0.286491,0,0,0.7703229,0.6376541
992,14,0.2087963,0.08031102,0,0,-0.7097512,0.7044525
993,14,-0.0499919,1.296185,0,0,0.9842341,0.1768707
994,14,3.312848,-1.152377,0,0,-0.912431,0.4092306
995,14,-0.06049638,-0.1598448,0,0,-0.3589717,0.9333484
996,14,0.1123705,0.09907777,0,0,-0.590985,0.8066825
997,14,1.098458,0.2867644,0,0,0.6596245,0.7515953
998,14,0.719651,-0.9258724,0,0,-0.9912204,0.1322202
999,14,-0.2447849,-0.07461659,0,0,0.6601636,0.7511218
1000,14,1.122355,0.9711366,0,0,-0.5850374,0.8110064
1001,14,-0.05483106,-0.01141793,0,0,0.543784,0.8392252
1002,14,0.2041494,1.743715,0,0,-0.2493634,0.96841
1003,14,2.064398,-2.330472,0,0,0.1782137,0.9839918
1004,14,0.03859698,-0.3925301,0,0,0.987262,0.1591028
1005,14,0.2673916,-0.1623842,0,0,0.3569641,0.9341181
1006,14,0.2200514,0.2194671,0,0,-0.5724284,0.8199548
1007,14,0.6951594,0.374772,0,0,0.7651241,0.6438828
1008,14,0.8893201,0.9449781,0,0,-0.5325044,0.8464272
1009,14,1.329323,-0.4672455,0,0,0.4413891,0.8973158
1010,14,0.8258017,0.5612067,0,0,-0.6199093,0.7846735
1011,14,0.9122207,-1.875604,0,0,0.07329651,0.9973102
1012,14,-0.5388433,0.05129192,0,0,-0.8190543,0.573716
1013,14,2.102242,0.175771,0,0,0.6300514,0.7765534
1014,14,-0.08205574,0.1710705,0,0,-0.9846232,0.1746916
1015,14,1.243103,0.08559668,0,0,0.6371854,0.7707105
1016,14,-0.801746,-0.5952737,0,0,-0.5533391,0.8329561
1017,14,-1.025385,2.394157,0,0,-0.997348,0.07277994
1018,14,1.011919,-2.647321,0,0,-0.9988259,0.04844386
1019,14,0.07970299,-0.1199543,0,0,0.3267266,0.9451189
1020,14,0.906266,-0.5561944,0,0,-0.9314544,0.363858
1021,14,0.09288464,-0.0742474,0,0,0.5210546,0.8535234
1022,14,0.4490081,0.5604778,0,0,-0.4600067,0.8879154
1023,14,1.198908,0.1553531,0,0,0.6984134,0.7156946
1024,14,0.6619163,0.280234,0,0,-0.6541328,0.7563797
1025,14,1.64637,0.452731,0,0,0.7520912,0.6590591
1026,14,0.8415725,0.009923966,0,0,-0.7760697,0.6306471
1027,14,2.174243,0.3792926,0,0,0.7281134,0.6854566
1028,14,-0.1363606,-0.7213491,0,0,0.9821177,0.1882678
1029,14,0.08679029,-0.06130063,0,0,0.6594393,0.7517578
1030,14,0.2097737,0.09464522,0,0,-0.6820096,0.7313432
1031,14,0.6218241,0.8017693,0,0,0.9433008,0.3319391
1032,14,0.2601886,0.1704968,0,0,-0.5844539,0.8114269
1033,14,0.9781757,2.291434,0,0,0.9778641,0.2092407
1034,14,-0.6815785,-2.086061,0,0,0.9845507,0.1750995
1035,14,-0.8139986,0.1772064,0,0,0.5974869,0.8018787
1036,14,1.277517,0.152854,0,0,-0.6755151,0.7373462
1037,14,0.3629993,0.09273724,0,0,0.8509464,0.5252525
1038,14,1.536247,-0.3613925,0,0,-0.7779568,0.6283178
1039,14,0.009978337,-0.0768216,0,0,0.5934201,0.8048929
1040,14,0.2635258,0.6354079,0,0,-0.1975559,0.9802916
1041,14,1.009129,1.302816,0,0,0.9687418,0.2480711
1042,14,2.968301,-1.137984,0,0,-0.7867029,0.6173319
1043,14,-0.09740187,-0.3105768,0,0,0.04404435,0.9990296
1044,14,0.3956911,0.2072705,0,0,-0.5034417,0.8640292
1045,14,0.3789181,-0.6901374,0,0,0.3941128,0.9190621
1046,14,-0.3689635,0.002397554,0,0,-0.5457348,0.8379579
1047,14,-0.3724592,0.819742,0,0,-0.9308859,0.3653103
1048,14,2.62507,0.2248743,0,0,-0.5752116,0.8180046
1049,14,0.8963041,-0.5253644,0,0,0.6519756,0.7582399
1050,14,1.29085,-0.02435774,0,0,-0.6069677,0.7947264
1051,14,0.8162878,-0.5545361,0,0,0.6473027,0.7622331
1052,14,0.7633136,-0.03998577,0,0,-0.6126501,0.7903543
1053,14,0.8109385,-0.2897211,0,0,0.7580547,0.652191
1054,14,0.5450679,0.03903798,0,0,-0.5531554,0.8330781
1055,14,0.576716,-0.02648649,0,0,0.8682366,0.4961504
1056,14,0.00889473,0.3379073,0,0,0.1381712,0.9904084
1057,14,2.255543,2.25552,0,0,0.9924185,0.1229043
1058,14,0.5635275,-2.489905,0,0,-0.9268686,0.3753859
1059,14,-0.06497211,0.03346251,0,0,0.4052592,0.9142019
1060,14,0.4775522,-0.02114543,0,0,-0.5273712,0.849635
1061,14,0.1701303,0.2007248,0,0,-0.9977062,0.06769205
1062,14,1.580451,0.1832334,0,0,-0.3942217,0.9190153
1063,14,0.19186,-0.03292117,0,0,0.923932,0.3825566
1064,14,0.8219946,1.264718,0,0,0.06175631,0.9980913
1065,14,1.997961,-0.6819228,0,0,0.8514358,0.5244587
1066,14,0.4304379,-0.322315,0,0,-0.672077,0.7404813
1067,14,0.8898911,0.5136637,0,0,0.9960008,0.08934378
1068,14,0.1729707,-1.567866,0,0,-0.8831167,0.4691535
1069,14,-0.6677222,0.1652927,0,0,0.8894978,0.4569395
1070,14,0.9236011,0.9056604,0,0,0.05717085,0.9983644
1071,14,-0.3863986,-0.2578999,0,0,0.9994544,0.03303006
1072,14,-0.1846691,2.412747,0,0,0.5048323,0.8632174
1073,14,1.044841,-2.473047,0,0,0.6681638,0.7440141
1074,14,0.07361586,-0.02427277,0,0,-0.4576198,0.889148
1075,14,0.9067941,-0.8746957,0,0,0.8235414,0.5672562
1076,14,-0.1126652,-0.003384373,0,0,-0.1763107,0.9843346
1077,15,1.056342,0.432302,0,0,-0.006227375,0.9999806
1078,15,0.6102852,0.325591,0,0,-0.9997151,0.02386947
1079,15,1.330306,-0.8678721,0,0,-0.5038387,0.8637978
1080,15,-0.4810431,-0.4245323,0,0,-0.9929948,0.1181581
1081,15,1.243086,2.676104,0,0,0.2983233,0.9544649
1082,15,0.1011375,-1.838225,0,0,0.4860423,0.8739353
1083,15,0.07261641,-0.05488026,0,0,-0.4804575,0.877018
1084,15,0.5444306,-0.4817879,0,0,0.7582787,0.6519305
1085,15,0.1980974,0.06818845,0,0,-0.1026045,0.9947222
1086,15,0.4868367,0.02074986,0,0,0.9321401,0.3620979
1087,15,-0.004145071,0.4573777,0,0,0.4456684,0.8951982
1088,15,2.913872,1.030015,0,0,0.9748904,0.2226851
1089,15,1.07958,-1.370817,0,0,-0.7511836,0.6600934
1090,15,0.2246599,-0.3820946,0,0,0.5432771,0.8395534
1091,15,0.2396772,0.115644,0,0,-0.1225852,0.992458
1092,15,1.469503,0.2333169,0,0,0.9255882,0.378532
1093,15,0.5600083,-0.6767293,0,0,-0.7714246,0.6363208
1094,15,-0.0721208,0.08817958,0,0,0.7727712,0.6346847
1095,15,-0.07074748,0.5120944,0,0,0.4059958,0.9138749
1096,15,1.748737,0.8329102,0,0,0.955459,0.2951239
1097,15,1.975675,0.4576126,0,0,-0.3843818,0.9231742
1098,15,0.9784551,-2.209863,0,0,0.4253589,0.9050248
1099,15,-0.1776241,0.3037021,0,0,-0.9176901,0.397297
1100,15,0.9886259,-0.008984739,0,0,0.8255736,0.5642945
1101,15,-0.267826,-0.3224134,0,0,-0.2072812,0.9782814
1102,15,0.9760839,1.781458,0,0,0.9977975,0.06633255
1103,15,0.3631323,-0.2054255,0,0,-0.7071477,0.7070658
1104,15,1.158072,1.231105,0,0,0.9752226,0.2212259
1105,15,0.6575233,-0.7554384,0,0,-0.8550159,0.5186018
1106,15,1.070189,0.3707459,0,0,0.8773759,0.4798037
1107,15,0.3605435,-0.7536711,0,0,-0.9239985,0.3823961
1108,15,0.5185367,0.1311588,0,0,0.825272,0.5647355
1109,15,0.5782303,-0.1796137,0,0,-0.697082,0.7169914
1110,15,0.8405569,-0.2573182,0,0,0.6425877,0.7662122
1111,15,-0.04356088,-0.5391511,0,0,-0.007728927,0.9999701
1112,15,-0.0885164,3.201404,0,0,-0.9962211,0.08685309
1113,15,-0.9806232,-2.69317,0,0,0.9948012,0.1018358
1114,15,-0.6864265,0.763193,0,0,0.4372975,0.8993169
1115,15,1.421828,0.4624341,0,0,-0.5297787,0.8481359
1116,15,0.2016364,-0.01824569,0,0,0.5762573,0.8172684
1117,15,0.6867282,0.4117637,0,0,-0.4314047,0.9021585
1118,15,0.9589798,0.4064565,0,0,0.8272405,0.5618479
1119,15,0.9145551,0.01680743,0,0,-0.6691543,0.7431235
1120,15,0.9763684,0.7807449,0,0,0.8907376,0.4545179
1121,15,1.676897,-0.4188512,0,0,-0.7833724,0.6215526
1122,15,1.413772,-0.06382482,0,0,0.6616982,0.7497703
1123,15,0.4614892,-1.261632,0,0,-0.985963,0.1669641
1124,15,0.07847449,0.008802487,0,0,0.3770095,0.9262094
1125,15,0.3898773,0.03225053,0,0,-0.6534458,0.7569733
1126,15,0.03699566,0.4028735,0,0,0.9865485,0.1634686
1127,15,1.35147,1.188104,0,0,-0.4491166,0.8934731
1128,15,2.107,0.3719677,0,0,0.7135599,0.7005942
1129,15,1.665127,-1.131802,0,0,-0.9106676,0.4131398
1130,15,0.08283307,-0.8217979,0,0,-0.06440253,0.997924
1131,15,-0.3009361,-0.0905027,0,0,-0.7226611,0.6912025
1132,15,0.5949118,1.16831,0,0,0.9407901,0.3389898
1133,15,0.1897765,-0.6442049,0,0,-0.9970421,0.07685771
1134,15,0.07597595,0.1372729,0,0,0.872088,0.4893491
1135,15,0.3371427,-0.04198758,0,0,-0.7779492,0.6283273
1136,15,-0.1813401,0.9815125,0,0,0.9989465,0.04588835
1137,15,3.12171,-2.000505,0,0,-0.9279015,0.3728254
1138,15,0.1066219,-0.2064931,0,0,0.01865062,0.9998261
1139,15,0.9053838,-0.5424317,0,0,-0.9210724,0.3893913
1140,15,-0.1565839,0.05475551,0,0,0.5615828,0.8274205
1141,15,1.16014,0.411011,0,0,-0.676333,0.736596
1142,15,-0.2884964,-0.1412066,0,0,0.7968901,0.6041242
1143,15,0.4633122,2.293435,0,0,-0.2401999,0.9707235
1144,15,0.7829912,-1.73635,0,0,0.04550856,0.998964
1145,15,0.05905947,-0.03051866,0,0,-0.8077427,0.5895352
1146,15,1.478606,-0.0498617,0,0,0.5600769,0.8284406
1147,15,0.9586474,-0.2395659,0,0,-0.8730918,0.4875559
1148,15,0.3406256,-0.7262392,0,0,0.03119413,0.9995133
1149,15,-0.1185855,-0.1350289,0,0,-0.5676891,0.823243
1150,15,1.385138,0.2102621,0,0,0.6254527,0.7802621
1151,15,-0.2553908,-0.2227596,0,0,-0.5955886,0.8032897
1152,15,0.3664807,2.544444,0,0,0.9672894,0.2536753
1153,15,1.442353,-2.813012,0,0,-0.9985111,0.05454784
1154,15,0.00928277,0.03204826,0,0,-0.08162554,0.9966631
1155,15,0.8408886,-0.159458,0,0,-0.8718265,0.4898148
1156,15,-0.1995119,0.08621676,0,0,0.408792,0.9126276
1157,15,-0.01685967,0.8288346,0,0,-0.1723045,0.9850438
1158,15,1.525897,-0.663345,0,0,0.3751033,0.926983
1159,15,-0.1213258,-0.03590706,0,0,-0.7630064,0.646391
1160,15,0.9990829,1.70459,0,0,0.8954468,0.4451686
1161,15,0.9575806,-1.479252,0,0,-0.9956982,0.0926564
1162,15,0.2807377,0.005439533,0,0,0.559418,0.8288857
1163,15,1.518501,-0.5596998,0,0,-0.9159551,0.4012809
1164,15,0.3344525,-0.3175954,0,0,0.2085576,0.9780101
1165,15,0.2833008,-0.3201364,0,0,-0.9867232,0.1624111
1166,15,0.008479946,-0.236008,0,0,0.9830804,0.1831746
1167,15,0.2032338,1.778782,0,0,-0.2511281,0.9679539
1168,15,3.127899,0.125377,0,0,0.5743811,0.818588
1169,15,0.3923305,-1.650682,0,0,0.9968437,0.0793891
1170,15,-0.103289,0.05740791,0,0,0.2893923,0.9572106
1171,15,1.069256,0.2933765,0,0,-0.7502354,0.6611708
1172,15,0.2777077,-0.1036326,0,0,0.4265576,0.9044604
1173,15,0.8460397,0.6013038,0,0,-0.6227711,0.7824041
1174,15,0.5567549,-0.1205692,0,0,0.4861945,0.8738506
1175,15,0.8289161,0.6898981,0,0,-0.5903888,0.807119
1176,15,0.6979368,0.07863403,0,0,0.6241064,0.7813393
1177,15,1.412258,1.61377,0,0,-0.5180656,0.8553409
1178,15,-0.3219459,-2.403505,0,0,-0.2344998,0.9721162
1179,15,-0.2332356,0.7429778,0,0,0.9999924,0.003908342
1180,15,0.777994,0.7046335,0,0,0.8384802,0.5449321
1181,15,0.1998618,0.05619336,0,0,-0.7737023,0.6335493
1182,15,0.7576565,0.4944666,0,0,0.7993774,0.6008292
1183,15,0.3628889,0.8445696,0,0,-0.3723181,0.9281052
1184,15,3.360102,-0.02224611,0,0,0.589579,0.8077107
1185,15,0.2069483,-0.6443025,0,0,0.9997709,0.02140616
1186,15,0.6784846,-0.1439197,0,0,0.5304339,0.8477263
1187,15,0.412618,0.1187646,0,0,-0.7400544,0.672547
1188,15,1.646371,-0.05097667,0,0,0.5993976,0.8004514
1189,15,0.1963278,-0.1055427,0,0,-0.9513589,0.3080848
1190,15,0.8327951,-0.08805582,0,0,0.5881348,0.808763
1191,15,-0.09694175,-0.3167024,0,0,-0.2084383,0.9780355
1192,15,1.423164,3.043865,0,0,0.9451812,0.3265463
1193,15,0.1693845,-1.622657,0,0,0.997367,0.07251932
1194,15,0.3237781,-0.04619045,0,0,0.6290682,0.7773501
1195,15,0.1278508,-0.8664466,0,0,0.9985816,0.05324237
1196,15,-0.1232486,-0.06236144,0,0,0.6734568,0.7392266
1197,15,0.2859982,0.398989,0,0,-0.437987,0.8989813
1198,15,0.7123905,1.164128,0,0,0.9428532,0.3332085
1199,15,1.426264,-0.5135364,0,0,-0.8676106,0.4972443
1200,15,0.6971506,0.234516,0,0,0.7930048,0.6092154
1201,15,1.914401,-0.08951781,0,0,-0.7734801,0.6338207
1202,15,0.8117304,-0.6239771,0,0,0.4198914,0.9075744
1203,15,0.9068,-0.007344637,0,0,-0.7627371,0.6467087
1204,15,0.3098283,-0.9810175,0,0,0.1458087,0.9893128
1205,15,-0.424123,-0.1550596,0,0,-0.5443301,0.8388711
1206,15,1.430956,0.8452525,0,0,0.8656528,0.5006447
1207,15,-0.9570509,-0.04564947,0,0,-0.6771567,0.7358388
1208,15,-0.9173464,2.203768,0,0,-0.9802449,0.1977879
1209,15,-0.3452649,-3.012367,0,0,0.9982173,0.05968379
1210,15,-0.4172281,0.4294989,0,0,0.3395925,0.9405727
1211,15,0.7906713,-0.3481238,0,0,-0.8456057,0.5338081
1212,15,0.04059403,-0.06701309,0,0,0.9827647,0.1848611
1213,15,1.637379,-0.6199952,0,0,-0.8100256,0.5863945
1214,15,-0.2265591,-0.1133123,0,0,0.8045067,0.5939437
1215,15,1.064098,1.202539,0,0,-0.3204257,0.9472736
1216,15,1.110795,0.09230319,0,0,0.7987548,0.6016566
1217,15,1.788688,0.3165034,0,0,-0.595008,0.8037198
1218,15,1.455852,-0.6062922,0,0,0.6442608,0.7648059
1219,15,0.6627784,-1.036316,0,0,-0.9354396,0.3534865
1220,15,0.04693164,-0.104589,0,0,0.5915886,0.80624
1221,15,0.6876736,-0.01791977,0,0,-0.6626182,0.7489574
1222,15,-0.01069764,-0.1385196,0,0,0.9876549,0.1566452
1223,15,0.1388582,1.763848,0,0,0.08116175,0.9967009
1224,15,2.742376,-0.5960237,0,0,0.7490996,0.6624574
1225,15,0.7945919,-0.6671986,0,0,-0.8389355,0.5442309
1226,15,1.055271,-0.3278392,0,0,0.7475346,0.6642229
1227,15,0.2467036,-0.3920919,0,0,-0.9177698,0.3971127
1228,15,0.1605261,0.07552478,0,0,0.9832414,0.1823085
1229,15,1.261719,0.4412309,0,0,-0.4124912,0.9109616
1230,15,0.7846618,-0.6751018,0,0,0.637364,0.7705629
1231,15,-0.3561971,0.06742945,0,0,-0.5263732,0.8502536
1232,15,-0.4045411,0.9347914,0,0,-0.8871405,0.4614996
1233,15,3.61099,-0.04309179,0,0,-0.506532,0.8622212
1234,15,0.01009196,-1.438749,0,0,0.3055766,0.9521675
1235,15,0.03476516,0.04110258,0,0,-0.7662416,0.6425527
1236,15,0.7868111,0.1205392,0,0,0.9328214,0.360339
1237,15,0.07753038,0.02105039,0,0,-0.6187279,0.7856054
1238,15,0.1379463,0.6296763,0,0,-0.9661474,0.257991
1239,15,1.13179,0.362892,0,0,-0.2956577,0.955294
1240,15,1.367422,1.123879,0,0,0.9977905,0.06643984
1241,15,0.8126772,-2.132586,0,0,-0.8477893,0.5303331
1242,15,-0.701354,0.2419196,0,0,0.8358294,0.5489893
1243,15,1.214941,1.389108,0,0,0.03653295,0.9993324
1244,15,0.2004328,-0.8803176,0,0,0.5330071,0.8461107
1245,15,0.2187363,-0.01948803,0,0,-0.4438788,0.8960868
1246,15,0.3451408,0.1632876,0,0,0.9973868,0.07224622
1247,15,0.5529776,0.6631374,0,0,0.1047256,0.9945012
1248,15,0.7792505,0.9679978,0,0,-0.9881684,0.1533728
1249,15,3.309822,0.7631916,0,0,-0.171054,0.9852617
1250,15,-0.6230139,-0.9444548,0,0,0.2436736,0.9698573
1251,15,-0.3653477,0.01531974,0,0,-0.2497334,0.9683146
1252,15,0.6411173,-0.3597062,0,0,0.8873901,0.4610192
1253,15,0.01800828,0.03636378,0,0,0.2572238,0.9663519
1254,15,1.333042,0.8074195,0,0,-0.9974007,0.07205407
1255,16,1.082043,-0.1233933,0,0,0.963714,0.2669369
1256,16,0.6684425,0.1098423,0,0,-0.1407623,0.9900434
1257,16,1.037319,1.059844,0,0,-0.9880581,0.1540819
1258,16,1.804966,-1.629336,0,0,-0.588035,0.8088354
1259,16,0.1138298,-0.07244778,0,0,0.8094236,0.5872251
1260,16,1.309288,-0.290217,0,0,-0.3849,0.9229583
1261,16,0.01516571,0.01849227,0,0,0.8624997,0.5060576
1262,16,1.162106,-0.08131276,0,0,-0.3406563,0.9401879
1263,16,-0.5100598,-0.6408632,0,0,-0.9913078,0.1315629
1264,16,-0.8644408,2.595069,0,0,0.5702848,0.8214471
1265,16,0.1185594,-2.813412,0,0,0.4116367,0.911348
1266,16,-0.5681101,0.1566869,0,0,-0.5232022,0.8522086
1267,16,1.405796,-0.8382875,0,0,0.7767263,0.6298383
1268,16,-0.3501695,-0.05497076,0,0,-0.3821386,0.924105
1269,16,1.504657,0.8050295,0,0,0.9817626,0.1901106
1270,16,0.01083904,-0.07441371,0,0,-0.7389609,0.6737483
1271,16,0.3590732,0.678868,0,0,-0.9980687,0.06212019
1272,16,0.844754,0.2022764,0,0,-0.3156019,0.9488917
1273,16,1.277728,1.03562,0,0,0.9882893,0.1525918
1274,16,2.220187,-0.4706712,0,0,-0.5549265,0.8318993
1275,16,0.912111,-1.345235,0,0,0.5269213,0.8499141
1276,16,-0.06738944,-0.2542107,0,0,-0.9724889,0.2329492
1277,16,0.005958971,0.05956077,0,0,0.9205538,0.3906158
1278,16,0.09957039,0.5223421,0,0,0.2034314,0.9790892
1279,16,1.401046,0.2942361,0,0,0.8896453,0.4566521
1280,16,0.5404119,0.4795599,0,0,-0.1625705,0.986697
1281,16,3.077832,0.2217488,0,0,0.8495088,0.5275744
1282,16,0.1055772,-0.6972543,0,0,-0.9538352,0.3003305
1283,16,0.6017222,-0.01569634,0,0,0.7836274,0.6212311
1284,16,0.4778955,0.0911331,0,0,-0.4418833,0.8970726
1285,16,1.797106,-0.2729145,0,0,0.7508074,0.6605211
1286,16,-0.2488377,0.2198244,0,0,-0.8911839,0.4536422
1287,16,0.6754119,0.8254033,0,0,0.9726161,0.2324175
1288,16,-0.3667751,-0.3455879,0,0,-0.3374438,0.9413457
1289,16,-0.05925389,2.932296,0,0,-0.9929994,0.1181198
1290,16,-0.2627655,-2.604164,0,0,-0.9981937,0.06007743
1291,16,-0.2096983,0.2794666,0,0,0.4835809,0.8752996
1292,16,0.9766238,-0.179841,0,0,-0.6898654,0.7239376
1293,16,0.6249886,-0.07052692,0,0,0.6826717,0.7307252
1294,16,-0.109629,-0.04502911,0,0,-0.7240863,0.6897094
1295,16,-0.2693599,0.7948797,0,0,-0.9828467,0.1844243
1296,16,1.764655,-0.6560336,0,0,-0.7848411,0.619697
1297,16,0.8132201,0.2099045,0,0,0.790118,0.6129547
1298,16,1.30251,-0.3531566,0,0,-0.7632115,0.6461487
1299,16,1.262271,0.2864245,0,0,0.7783405,0.6278425
1300,16,0.2716508,-1.222083,0,0,-0.990222,0.1395003
1301,16,-0.06629784,0.05870163,0,0,0.7174774,0.6965818
1302,16,0.910298,-0.3182972,0,0,-0.801689,0.5977413
1303,16,-0.01201668,0.05928184,0,0,0.8280905,0.5605945
1304,16,0.3384517,0.8904749,0,0,-0.1695434,0.9855227
1305,16,1.526034,1.700197,0,0,0.9183895,0.3956775
1306,16,2.628485,-1.912193,0,0,-0.9046364,0.4261841
1307,16,-0.1225971,-0.3130624,0,0,-0.31383,0.9494792
1308,16,0.05552965,-0.04584676,0,0,-0.680223,0.7330052
1309,16,0.3927138,0.3258827,0,0,0.8523459,0.5229784
1310,16,1.026777,0.6125943,0,0,-0.5304575,0.8477116
1311,16,1.063125,-0.8220574,0,0,0.3548467,0.9349245
1312,16,-0.4349131,-0.1805184,0,0,-0.66065,0.7506941
1313,16,0.07058942,1.788526,0,0,0.9932349,0.1161228
1314,16,1.345389,-1.336542,0,0,-0.9511051,0.3088676
1315,16,0.6983128,0.1659348,0,0,0.6972283,0.7168491
1316,16,1.046504,-1.560885,0,0,-0.97957,0.2011036
1317,16,-0.02666362,0.1155998,0,0,0.1953924,0.9807252
1318,16,0.7336276,0.1310148,0,0,-0.7042603,0.7099418
1319,16,-0.02120714,0.03819026,0,0,0.7348315,0.6782497
1320,16,-0.02054241,0.9601529,0,0,-0.08925388,0.9960089
1321,16,2.614286,1.393049,0,0,0.7799351,0.6258603
1322,16,0.4747365,-1.728712,0,0,-0.999963,0.008601396
1323,16,0.008033518,0.03681213,0,0,0.546145,0.8376907
1324,16,1.303077,-0.4261888,0,0,-0.8790168,0.4767908
1325,16,0.3630046,0.01669677,0,0,0.5752105,0.8180054
1326,16,1.058243,-0.3867906,0,0,-0.8900817,0.455801
1327,16,0.07074268,0.08094797,0,0,0.785755,0.6185378
1328,16,1.776444,-0.3200516,0,0,-0.8547493,0.5190411
1329,16,-0.8607981,-0.341775,0,0,0.7368655,0.6760394
1330,16,-0.3376946,2.71358,0,0,-0.09660096,0.9953232
1331,16,-0.1181266,-2.991142,0,0,-0.1932315,0.9811532
1332,16,-0.3258204,0.5236465,0,0,-0.996344,0.08543217
1333,16,1.213994,-0.08869536,0,0,0.5350012,0.8448513
1334,16,-0.2176703,-0.01818161,0,0,-0.8259661,0.5637197
1335,16,0.7452328,0.9342093,0,0,0.8655267,0.5008628
1336,16,0.4916021,0.1789628,0,0,-0.6990123,0.7151096
1337,16,1.451557,1.302929,0,0,0.8207965,0.5712206
1338,16,1.494868,-0.5939338,0,0,-0.9151245,0.4031713
1339,16,1.44894,-0.5302736,0,0,0.4051504,0.9142501
1340,16,-0.05104047,0.08052513,0,0,-0.9996819,0.02521982
1341,16,0.266846,0.6881167,0,0,0.9272534,0.3744345
1342,16,-0.1681751,-1.045274,0,0,0.9642699,0.264922
1343,16,-0.4168313,-0.1078737,0,0,0.6662522,0.7457265
1344,16,0.5569018,0.3828443,0,0,-0.6231232,0.7821237
1345,16,-0.0180469,0.6208127,0,0,0.9828642,0.184331
1346,16,3.281661,1.19882,0,0,-0.7209522,0.6929848
1347,16,0.8260575,-1.43681,0,0,0.06404631,0.9979469
1348,16,0.6899645,-0.4701597,0,0,-0.9580696,0.2865356
1349,16,0.1302595,-0.5210848,0,0,-0.07294729,0.9973358
1350,16,-0.1142552,-0.08132236,0,0,-0.6187528,0.7855858
1351,16,0.5314125,0.9683806,0,0,0.9022676,0.4311764
1352,16,1.260687,-0.2229194,0,0,-0.8773692,0.4798159
1353,16,0.6243709,0.2100355,0,0,0.6869403,0.7267139
1354,16,1.308755,0.4227675,0,0,-0.7353953,0.6776384
1355,16,1.370234,0.3665268,0,0,0.6638556,0.7478608
1356,16,2.063629,-0.8261598,0,0,-0.9208673,0.3898761
1357,16,0.1254528,-0.613547,0,0,-0.07903609,0.9968718
1358,16,0.319776,-0.04986284,0,0,-0.8789166,0.4769755
1359,16,0.451539,0.2007337,0,0,0.7323157,0.6809653
1360,16,0.7669453,-0.3288551,0,0,-0.9260986,0.3772816
1361,16,0.01143387,-0.3550504,0,0,0.9812995,0.1924874
1362,16,0.9922029,3.135806,0,0,-0.3325734,0.9430774
1363,16,-0.01726333,-2.917079,0,0,-0.1768318,0.9842411
1364,16,-0.1034324,0.7508271,0,0,0.9957371,0.09223656
1365,16,0.6394733,0.8011445,0,0,0.8772113,0.4801045
1366,16,0.7513613,-0.01112141,0,0,-0.8314311,0.5556279
1367,16,0.9354913,-0.2232264,0,0,0.4912651,0.8710101
1368,16,0.5567999,0.1748272,0,0,-0.73361,0.6795708
1369,16,0.6184978,-0.1414568,0,0,0.5090513,0.8607362
1370,16,0.05613953,0.4840321,0,0,-0.2472011,0.9689642
1371,16,2.806883,0.2993956,0,0,0.6354485,0.7721432
1372,16,1.332012,-0.5022112,0,0,-0.9039611,0.4276147
1373,16,0.5735437,-1.631168,0,0,0.03311514,0.9994515
1374,16,-0.3138944,0.2659016,0,0,-0.944111,0.3296278
1375,16,1.17305,-0.374823,0,0,0.4856602,0.8741477
1376,16,-0.4806003,-0.6649971,0,0,-0.4129619,0.9107483
1377,16,0.2810447,2.51067,0,0,0.9837624,0.1794757
1378,16,0.2702547,-0.3458209,0,0,-0.9873104,0.1588023
1379,16,0.5408489,0.8074871,0,0,0.922796,0.385289
1380,16,0.6871636,-1.521066,0,0,-0.9963825,0.08498213
1381,16,0.1377823,-0.09087659,0,0,0.50014,0.8659446
1382,16,0.8422023,0.1833563,0,0,-0.7246044,0.689165
1383,16,1.220611,-0.1028437,0,0,0.6159494,0.7877857
1384,16,0.3281937,-0.2139289,0,0,-0.9422901,0.3347976
1385,16,0.5495619,0.1423063,0,0,0.762856,0.6465684
1386,16,-0.02053999,0.09085831,0,0,-0.2573183,0.9663267
1387,16,1.146444,2.854822,0,0,0.966308,0.2573885
1388,16,0.733371,-2.814995,0,0,-0.9986467,0.052008
1389,16,-0.04951019,-0.02272492,0,0,0.1404267,0.9900911
1390,16,0.594661,-0.2003006,0,0,-0.8657392,0.5004953
1391,16,0.2561152,0.1135461,0,0,0.8644915,0.5026476
1392,16,1.020952,0.1061256,0,0,-0.7195245,0.6944671
1393,16,0.3933746,0.1721903,0,0,0.8537434,0.520694
1394,16,1.005753,1.127303,0,0,-0.4009291,0.9161091
1395,16,2.143459,-0.5787911,0,0,0.6035184,0.7973491
1396,16,0.204666,-0.08027859,0,0,-0.9005058,0.434844
1397,16,1.071041,0.8609887,0,0,0.9087015,0.4174464
1398,16,0.7997065,-1.185962,0,0,-0.9605379,0.2781492
1399,16,0.400739,-0.4273239,0,0,0.4293265,0.9031494
1400,16,-0.1015193,0.1250716,0,0,-0.8463083,0.5326934
1401,16,0.1579298,0.7342643,0,0,0.9992394,0.03899463
1402,16,-0.1238007,0.0754417,0,0,-0.7140451,0.7000997
1403,16,-0.3968207,1.399754,0,0,-0.979822,0.1998717
1404,16,1.340503,-3.115979,0,0,-0.9682186,0.2501056
1405,16,-0.3449732,0.1985296,0,0,0.4882872,0.872683
1406,16,1.247196,-1.111198,0,0,-0.8876097,0.4605965
1407,16,-0.8094129,0.1595888,0,0,0.6694025,0.7429
1408,16,0.2532053,1.487525,0,0,-0.01660484,0.9998621
1409,16,0.8683193,-0.4108643,0,0,0.645971,0.763362
1410,16,0.7751344,-0.1989134,0,0,-0.7427726,0.6695437
1411,16,0.05860534,-0.02674821,0,0,0.9937126,0.1119612
1412,16,1.852392,2.199931,0,0,-0.2283822,0.9735715
1413,16,0.4434864,-1.856536,0,0,0.2784792,0.9604422
1414,16,0.113468,0.02974087,0,0,-0.7084165,0.7057946
1415,16,1.23055,-0.5813307,0,0,0.6849306,0.7286084
1416,16,0.05022955,0.04890834,0,0,-0.9466996,0.3221177
1417,16,0.1813038,0.2268283,0,0,0.9989414,0.04600208
1418,16,0.1182747,0.4886547,0,0,0.01413369,0.9999001
1419,16,1.482103,2.0049,0,0,0.9950356,0.09951977
1420,16,1.936259,-1.638968,0,0,-0.798102,0.6025223
1421,16,0.3450266,-0.4676522,0,0,0.5683343,0.8227977
1422,16,0.7045766,-0.1051612,0,0,-0.6083235,0.7936891
1423,16,0.7360833,0.1391846,0,0,0.9218215,0.3876145
1424,16,1.222879,-0.3913711,0,0,-0.6373444,0.770579
1425,16,0.1347747,-0.1505586,0,0,0.7057793,0.7084318
1426,16,0.2808065,0.4878713,0,0,-0.01790683,0.9998397
1427,16,1.008467,0.2883355,0,0,0.95042,0.3109692
1428,16,0.5731605,0.7405112,0,0,-0.03983516,0.9992062
1429,16,3.146705,1.032537,0,0,0.9587146,0.28437
1430,16,-1.017972,-1.255546,0,0,-0.9999995,0.001003698
1431,16,-0.6719742,0.3628087,0,0,0.7647741,0.6442985
1432,16,0.8740501,0.5125785,0,0,-0.1698328,0.9854729
1433,16,0.1618434,0.0398888,0,0,0.9874601,0.1578685
1434,16,1.094637,0.9252344,0,0,-0.0508798,0.9987048
1435,16,0.8148337,0.1228722,0,0,0.9621587,0.2724895
1436,16,1.471352,0.9586728,0,0,-0.08066512,0.9967412
1437,16,1.64972,-0.9907148,0,0,0.8234021,0.5674583
1438,16,0.4005815,-0.3210065,0,0,-0.6363681,0.7713856
1439,16,0.8216614,0.3240094,0,0,0.9935194,0.1136627
1440,16,0.7784983,-0.9307225,0,0,-0.6752632,0.7375769
1441,16,0.05645896,-0.01186924,0,0,0.9766658,0.2147649
1442,16,0.859602,-0.9453287,0,0,-0.6350793,0.7724469
1443,16,-0.4742333,-0.9432514,0,0,-0.9594088,0.282019
1444,16,-1.322692,2.020526,0,0,0.733207,0.6800056
1445,16,2.239687,-2.863845,0,0,0.7826077,0.6225153
1446,16,0.05605518,-0.1167658,0,0,-0.6973092,0.7167705
1447,17,1.010115,-0.2211133,0,0,-0.3039337,0.9526932
1448,17,0.4019333,-0.1848271,0,0,0.9056916,0.4239371
1449,17,0.3910331,-0.04716865,0,0,-0.2789387,0.9603089
1450,17,0.1277052,0.4865081,0,0,-0.917639,0.3974149
1451,17,1.990014,-0.2835493,0,0,-0.3231752,0.9463392
1452,17,-0.01720256,0.01699195,0,0,0.9539383,0.3000028
1453,17,1.122979,1.321439,0,0,0.1515266,0.9884532
1454,17,1.563523,-0.4309289,0,0,0.9016178,0.4325337
1455,17,1.673288,-0.6111735,0,0,-0.4696348,0.8828608
1456,17,0.008738059,-0.5152739,0,0,0.4133626,0.9105665
1457,17,0.1723363,-0.007732425,0,0,-0.2803659,0.9598932
1458,17,0.3439932,0.1602636,0,0,0.9833029,0.1819763
1459,17,0.6629453,0.6059826,0,0,0.01740895,0.9998484
1460,17,0.4550001,0.5000837,0,0,-0.9999878,0.004947718
1461,17,2.003375,2.101732,0,0,0.01292633,0.9999164
1462,17,0.06559914,-2.321067,0,0,0.3608842,0.9326106
1463,17,-0.2181623,0.1806371,0,0,-0.7530861,0.657922
1464,17,0.7067262,0.02617896,0,0,0.8988906,0.4381731
1465,17,0.3053313,0.402336,0,0,0.0558879,0.998437
1466,17,1.083074,-1.489969,0,0,0.5782861,0.8158341
1467,17,-0.7489343,-0.0251241,0,0,-0.4746859,0.8801553
1468,17,0.5921974,1.404243,0,0,-0.9965561,0.08292091
1469,17,0.5598516,0.2698119,0,0,-0.2330308,0.9724693
1470,17,2.650075,1.441597,0,0,0.9630033,0.2694897
1471,17,0.3292586,-1.350026,0,0,-0.923811,0.3828489
1472,17,0.6421666,-0.2319284,0,0,0.7290465,0.6844642
1473,17,0.1482883,-0.3754969,0,0,-0.8825357,0.4702454
1474,17,0.2546577,0.1596209,0,0,0.9304088,0.3665234
1475,17,0.2578873,0.1524709,0,0,-0.2048883,0.9787853
1476,17,0.3137748,1.316847,0,0,-0.9977028,0.06774367
1477,17,2.584519,0.03632208,0,0,-0.5446287,0.8386772
1478,17,0.5142063,-0.7410159,0,0,0.4319541,0.9018956
1479,17,0.427169,0.2009899,0,0,-0.3241377,0.9460099
1480,17,1.40831,-1.334581,0,0,0.5200773,0.8541192
1481,17,-0.3294857,0.05473136,0,0,-0.7257737,0.6879335
1482,17,1.567248,0.5177605,0,0,0.8752329,0.4837018
1483,17,-0.1830442,0.04228458,0,0,-0.8072285,0.590239
1484,17,1.18249,0.6622913,0,0,0.9078788,0.4192327
1485,17,-0.5999838,-0.5597675,0,0,-0.3302111,0.9439071
1486,17,-0.4448499,3.158567,0,0,-0.9864055,0.1643296
1487,17,-0.9180697,-2.263927,0,0,0.9954705,0.09507088
1488,17,-0.4860418,0.3000438,0,0,0.599705,0.8002212
1489,17,0.5254065,-0.7863213,0,0,-0.9223166,0.3864352
1490,17,-0.17882,-0.05682787,0,0,0.9215019,0.3883739
1491,17,0.9666337,0.560275,0,0,-0.4251368,0.9051291
1492,17,1.148519,0.3402891,0,0,0.8136526,0.5813514
1493,17,0.4030132,-0.04854263,0,0,-0.6687803,0.7434601
1494,17,0.7660736,1.503061,0,0,0.975529,0.2198709
1495,17,-0.3258192,-1.063709,0,0,0.9944564,0.1051503
1496,17,-0.4674399,-0.6897252,0,0,0.9698323,0.2437731
1497,17,2.443646,-0.5857144,0,0,-0.7749246,0.6320537
1498,17,0.05352214,-0.2860733,0,0,-0.0144125,0.9998961
1499,17,0.2992379,-0.05602083,0,0,-0.7119803,0.7021994
1500,17,0.1174537,0.1834671,0,0,0.9074454,0.42017
1501,17,0.3488868,0.8563122,0,0,-0.1834293,0.9830329
1502,17,1.566109,1.565857,0,0,0.9067137,0.4217468
1503,17,2.530496,-1.111449,0,0,-0.8530775,0.5217843
1504,17,0.5933067,-1.075253,0,0,0.1813592,0.9834169
1505,17,0.0004862481,-0.1414384,0,0,-0.9902427,0.1393537
1506,17,0.1968134,0.3152972,0,0,0.918291,0.395906
1507,17,0.7591842,-0.1770972,0,0,-0.80279,0.5962619
1508,17,0.500833,0.5299698,0,0,0.8855438,0.4645559
1509,17,1.189326,-0.7079813,0,0,-0.8974112,0.4411951
1510,17,-0.1654707,-0.01415495,0,0,0.7806712,0.624942
1511,17,0.5821193,1.568842,0,0,-0.2469956,0.9690166
1512,17,3.043355,-0.5596158,0,0,0.5583266,0.8296213
1513,17,-0.2218105,-1.009509,0,0,0.9822328,0.1876664
1514,17,-0.007644744,0.04952007,0,0,0.4990524,0.8665718
1515,17,0.6920597,0.1446278,0,0,-0.6896129,0.7241783
1516,17,0.8381844,-0.1614525,0,0,0.5226349,0.8525566
1517,17,-0.313417,-0.1552256,0,0,-0.6701954,0.7421847
1518,17,-0.6744804,1.193021,0,0,-0.9927119,0.1205116
1519,17,3.042951,-1.594729,0,0,-0.9130791,0.4077824
1520,17,0.3721977,-0.4203167,0,0,0.1928612,0.981226
1521,17,0.8402836,-0.4747066,0,0,-0.9175068,0.3977202
1522,17,0.2755999,0.1204167,0,0,0.710574,0.7036225
1523,17,1.648339,-0.1925557,0,0,-0.8299112,0.5578956
1524,17,0.2141799,-0.1315228,0,0,0.2897178,0.9571121
1525,17,0.7532709,0.1768823,0,0,-0.7188093,0.6952073
1526,17,0.08150494,0.09293544,0,0,0.8004257,0.5994319
1527,17,0.576719,1.571575,0,0,-0.3198023,0.9474843
1528,17,2.546446,0.02663747,0,0,0.5826185,0.8127457
1529,17,1.589947,-1.387785,0,0,-0.9648101,0.2629475
1530,17,0.1475714,-0.5591292,0,0,-0.06297214,0.9980153
1531,17,0.3898297,-0.3246314,0,0,-0.958352,0.2855898
1532,17,-0.2392071,-0.04251838,0,0,0.6794351,0.7337356
1533,17,-0.1386948,1.072905,0,0,-0.100715,0.9949153
1534,17,1.155215,-0.6968644,0,0,0.3210984,0.9470458
1535,17,0.212939,0.1891908,0,0,-0.5386124,0.8425537
1536,17,2.354432,0.3743879,0,0,0.6266041,0.7793377
1537,17,0.9524857,-0.677507,0,0,-0.9560436,0.2932246
1538,17,0.8751157,-0.3836415,0,0,0.3744127,0.9272622
1539,17,0.7168458,0.03616229,0,0,-0.80702,0.5905241
1540,17,0.9445275,-0.9639606,0,0,0.191574,0.9814782
1541,17,-0.3358469,0.03780339,0,0,-0.8670045,0.4983003
1542,17,1.067201,0.7187257,0,0,0.7743071,0.63281
1543,17,-0.3724836,-0.4052758,0,0,-0.5419694,0.8403982
1544,17,-0.2055517,3.149385,0,0,0.9868266,0.1617816
1545,17,-1.460034,-2.746757,0,0,0.9052322,0.4249173
1546,17,-0.9572522,1.101957,0,0,0.1625934,0.9866931
1547,17,1.576364,0.9918113,0,0,-0.6439264,0.7650874
1548,17,-0.2145851,0.1963768,0,0,0.2190251,0.9757192
1549,17,0.7136095,0.8881773,0,0,-0.5093723,0.8605463
1550,17,0.2112068,-0.03422998,0,0,0.4894797,0.8720147
1551,17,0.7373534,1.134724,0,0,-0.4662836,0.8846353
1552,17,0.816308,-0.5189151,0,0,0.3037437,0.9527538
1553,17,0.4390028,0.4975348,0,0,-0.5317212,0.8469195
1554,17,2.558179,-0.1449354,0,0,0.5342536,0.8453243
1555,17,0.3810219,-1.182819,0,0,0.999149,0.04124611
1556,17,0.1815455,-0.1493305,0,0,0.2653529,0.9641514
1557,17,0.5838334,-0.06099493,0,0,-0.8616779,0.5074555
1558,17,0.1517201,0.0463041,0,0,0.7030157,0.7111744
1559,17,0.2160866,0.8194796,0,0,-0.3207995,0.9471471
1560,17,1.457744,1.188094,0,0,0.8091307,0.5876288
1561,17,2.631747,-0.2203466,0,0,-0.8503504,0.5262169
1562,17,0.7512181,-1.152064,0,0,0.1109454,0.9938265
1563,17,0.4485768,-0.5368005,0,0,-0.9884402,0.1516114
1564,17,-0.002818419,-0.01978484,0,0,0.5218539,0.8530349
1565,17,0.5160739,0.9098181,0,0,-0.4325248,0.901622
1566,17,1.075163,-0.7724854,0,0,0.3018869,0.9533437
1567,17,0.2530102,-0.1846619,0,0,-0.9668121,0.2554885
1568,17,0.02502467,-0.001855012,0,0,0.9527462,0.3037677
1569,17,0.3227836,2.080667,0,0,-0.2501011,0.9682197
1570,17,2.114615,-2.017353,0,0,0.2420028,0.9702756
1571,17,0.5535837,-0.2685924,0,0,-0.930932,0.3651926
1572,17,0.09443408,-1.25167,0,0,-0.1076448,0.9941894
1573,17,-0.5206231,-0.08741859,0,0,-0.7370735,0.6758126
1574,17,1.260766,-0.191328,0,0,0.5401025,0.8415993
1575,17,-0.3060996,-0.3763615,0,0,-0.441111,0.8974526
1576,17,0.9977605,2.086844,0,0,0.9351834,0.3541638
1577,17,1.526201,-0.1868475,0,0,-0.8410306,0.5409876
1578,17,2.003949,-0.7573884,0,0,0.4588923,0.8884919
1579,17,-0.0965857,0.3074205,0,0,-0.9966807,0.08140993
1580,17,0.5670379,0.9240897,0,0,0.9259786,0.3775761
1581,17,0.5067374,-0.9519193,0,0,-0.9947184,0.1026413
1582,17,0.2280809,-0.1750631,0,0,0.4012566,0.9159657
1583,17,0.1585037,0.2480105,0,0,-0.4560465,0.8899559
1584,17,1.498804,-0.1678337,0,0,0.5927373,0.8053958
1585,17,-0.4728627,-0.4376745,0,0,-0.4647409,0.8854467
1586,17,0.3531706,3.133991,0,0,0.9886105,0.1504966
1587,17,0.4131362,-2.891294,0,0,0.9995737,0.02919684
1588,17,-0.03165063,-0.07140525,0,0,0.04160417,0.9991342
1589,17,0.3509114,-0.1130689,0,0,-0.8871469,0.4614871
1590,17,0.3022994,0.2824568,0,0,0.9096324,0.415414
1591,17,0.7559358,0.1416832,0,0,-0.7160131,0.6980869
1592,17,0.9270741,0.6828886,0,0,0.8714998,0.4903958
1593,17,0.548883,-0.2620243,0,0,-0.8958674,0.4443215
1594,17,0.2898715,0.6299261,0,0,0.97301,0.2307628
1595,17,2.361347,-0.7087692,0,0,-0.8352329,0.5498964
1596,17,0.5725227,-0.4840217,0,0,0.4191744,0.9079058
1597,17,1.041431,-0.02547628,0,0,-0.7565673,0.6539158
1598,17,0.9905421,-0.651203,0,0,0.4733114,0.8808952
1599,17,0.1138731,-0.1513454,0,0,-0.9886926,0.1499562
1600,17,0.1817229,0.08005084,0,0,0.9030649,0.4295041
1601,17,-0.06864507,0.29222,0,0,0.008234531,0.9999661
1602,17,1.383902,2.670661,0,0,0.9737079,0.2278003
1603,17,1.033234,-2.197021,0,0,-0.975935,0.2180617
1604,17,0.1836736,-0.1301758,0,0,0.5900294,0.8073818
1605,17,1.079977,-0.8537157,0,0,-0.897948,0.4401017
1606,17,-0.07190346,-0.02782189,0,0,0.5184885,0.8550847
1607,17,0.3991503,0.608866,0,0,-0.2893827,0.9572135
1608,17,1.359614,0.06980728,0,0,0.7726147,0.6348753
1609,17,0.2833181,-0.07974808,0,0,-0.8248375,0.5653698
1610,17,0.4303421,0.6730009,0,0,0.9834765,0.1810357
1611,17,0.9408736,0.2091195,0,0,-0.5923244,0.8056995
1612,17,1.510175,1.493086,0,0,0.9555459,0.2948424
1613,17,-0.4771076,-2.220459,0,0,0.9997646,0.02169625
1614,17,-0.6791381,0.28142,0,0,0.6047671,0.7964023
1615,17,0.8802262,-0.751243,0,0,-0.8686454,0.4954344
1616,17,-0.2297483,-0.5697358,0,0,0.9921269,0.1252365
1617,17,1.781503,0.7939719,0,0,-0.4467233,0.8946722
1618,17,-0.3613392,-0.2937669,0,0,0.9311401,0.3646615
1619,17,1.085289,2.888685,0,0,-0.04420384,0.9990225
1620,17,-0.3569535,-1.825737,0,0,0.08447213,0.9964259
1621,17,-0.3462608,0.1581669,0,0,-0.6809979,0.7322854
1622,17,1.104205,0.1852613,0,0,0.8792149,0.4764255
1623,17,0.9552866,0.186526,0,0,-0.5060658,0.8624949
1624,17,0.7803454,-0.8583188,0,0,0.5623099,0.8269266
1625,17,0.007878217,0.05843167,0,0,-0.5574098,0.8302375
1626,17,0.7596422,0.3488729,0,0,0.9505764,0.3104909
1627,17,0.08480128,0.3799776,0,0,0.04432126,0.9990174
1628,17,2.420963,2.177551,0,0,0.9856074,0.1690502
1629,17,0.6945882,-2.06575,0,0,-0.9176934,0.3972892
1630,17,0.1846976,-0.2217236,0,0,0.6512242,0.7588854
1631,17,0.8050225,-0.4161584,0,0,-0.6990271,0.7150952
1632,17,0.1527995,-0.2020505,0,0,0.6572086,0.7537088
1633,17,-0.01097608,0.0944868,0,0,0.07193796,0.9974091
1634,17,0.4491843,1.448436,0,0,-0.9850472,0.1722848
1635,17,1.336887,-1.13299,0,0,-0.7335579,0.679627
1636,17,-0.01447229,-0.06088057,0,0,0.9805419,0.1963101
1637,17,2.34149,0.7755073,0,0,-0.2834094,0.958999
1638,17,0.4642778,-0.8023201,0,0,0.6048576,0.7963337
1639,17,0.781849,0.07919719,0,0,-0.3782503,0.9257033
1640,17,0.63196,-0.6557228,0,0,0.7127505,0.7014176
1641,17,0.2852661,0.05431626,0,0,-0.3492053,0.9370462
1642,17,0.9196198,-0.1352313,0,0,0.9098648,0.4149049
1643,17,-0.309912,-0.1191607,0,0,-0.129271,0.9916093
1644,17,-0.6207446,1.337417,0,0,-0.7917104,0.6108966
1645,17,4.05702,-1.159003,0,0,-0.4579544,0.8889757
1646,17,-0.1482448,-0.8438864,0,0,0.3884762,0.9214587
1647,17,0.2721291,-0.2440417,0,0,-0.6444754,0.7646251
1648,17,0.09562936,0.02489864,0,0,0.9980974,0.06165688
1649,17,1.055069,0.8039988,0,0,0.03586872,0.9993565
1650,17,0.48081,-0.3888486,0,0,0.8302163,0.5574414
1651,17,0.3548291,0.3187317,0,0,0.09717703,0.9952671
1652,17,0.8879524,0.568853,0,0,-0.9987842,0.0492953
1653,17,1.843876,0.6563209,0,0,-0.05551358,0.9984579
1654,17,0.8608539,-0.4805564,0,0,0.8962449,0.4435595
1655,18,1.337461,0.5989743,0,0,-0.9998984,0.01425297
1656,18,-0.494109,-1.518827,0,0,-0.9177878,0.3970711
1657,18,-0.6178692,0.3698616,0,0,0.8801351,0.4747233
1658,18,0.74748,0.752923,0,0,0.1601203,0.9870975
1659,18,-0.01162528,0.00827784,0,0,0.9938337,0.1108806
1660,18,0.1407922,1.216623,0,0,0.4535684,0.8912215
1661,18,2.395096,0.885905,0,0,0.9942844,0.1067641
1662,18,1.516478,-1.522132,0,0,-0.6351532,0.7723862
1663,18,0.3803553,-0.2435788,0,0,0.8130616,0.5821776
1664,18,1.02712,-0.546629,0,0,-0.5298941,0.8480638
1665,18,-0.02259122,0.02906685,0,0,0.9258829,0.3778107
1666,18,1.158754,0.7391701,0,0,-0.05196489,0.9986489
1667,18,0.5238011,-0.1890722,0,0,0.8449583,0.5348321
1668,18,1.151898,-0.04905345,0,0,-0.3720568,0.92821
1669,18,-0.6912577,-0.191281,0,0,0.9745064,0.2243595
1670,18,-0.8785697,1.898362,0,0,0.5805671,0.8142124
1671,18,1.277715,-3.527609,0,0,0.5120761,0.8589401
1672,18,-0.02857536,0.6529887,0,0,-0.9407718,0.3390406
1673,18,1.00154,0.5439198,0,0,0.9793541,0.2021521
1674,18,0.10525,-0.1862351,0,0,-0.7677427,0.6407582
1675,18,0.3350123,0.2397479,0,0,0.9797637,0.2001573
1676,18,0.267758,0.4934684,0,0,0.1108891,0.9938328
1677,18,1.556598,1.040467,0,0,0.9803433,0.1972993
1678,18,1.849428,0.2270956,0,0,-0.4069298,0.9134595
1679,18,0.9836858,-1.36235,0,0,0.5433217,0.8395246
1680,18,-0.04028191,-0.0521517,0,0,-0.4865896,0.8736306
1681,18,1.773556,0.1310583,0,0,0.8752025,0.4837568
1682,18,0.535827,-0.2881838,0,0,-0.6757604,0.7371213
1683,18,0.8106145,-1.057065,0,0,0.5141252,0.8577151
1684,18,-0.8549805,-0.02940078,0,0,-0.5434609,0.8394345
1685,18,-0.2823088,1.438932,0,0,-0.9555521,0.2948224
1686,18,0.4003548,0.01272107,0,0,-0.4728773,0.8811283
1687,18,1.188221,2.212635,0,0,0.998248,0.059169
1688,18,0.8023787,-2.616188,0,0,-0.9425479,0.334071
1689,18,0.0812919,-0.1169889,0,0,0.2592932,0.9657986
1690,18,0.4323384,-0.2115409,0,0,-0.7082782,0.7059335
1691,18,0.09410521,0.1332652,0,0,0.9442132,0.3293348
1692,18,0.6926147,0.9253842,0,0,-0.1456804,0.9893317
1693,18,1.235594,-0.6886707,0,0,0.6014402,0.7989178
1694,18,-0.04288218,-0.1006431,0,0,-0.3547614,0.9349569
1695,18,1.696495,1.387513,0,0,0.9441282,0.3295786
1696,18,1.067256,-0.4089538,0,0,-0.7400705,0.6725293
1697,18,1.979401,-0.1376728,0,0,0.7419444,0.6704614
1698,18,0.02241736,-0.3119822,0,0,-0.9755555,0.2197532
1699,18,0.7814983,0.2596854,0,0,0.8378224,0.5459429
1700,18,-0.03492497,-0.05044503,0,0,-0.8957763,0.4445052
1701,18,0.773681,0.5378015,0,0,0.9024128,0.4308724
1702,18,-0.6363003,-0.5231704,0,0,-0.4055962,0.9140524
1703,18,-1.338247,2.159648,0,0,-0.9487748,0.3159533
1704,18,-0.3640321,-2.916993,0,0,0.9999076,0.01359285
1705,18,-0.6632584,0.3252705,0,0,0.5902012,0.8072562
1706,18,1.310246,-0.669381,0,0,-0.8279977,0.5607315
1707,18,0.1235543,0.08391708,0,0,0.785164,0.6192879
1708,18,0.9383599,-0.6055794,0,0,-0.859898,0.5104659
1709,18,-0.02995049,0.05118439,0,0,0.923908,0.3826147
1710,18,1.751535,-0.1378978,0,0,-0.7248397,0.6889175
1711,18,-0.1626386,0.05558161,0,0,0.7023358,0.7118458
1712,18,0.5043882,1.395756,0,0,-0.1670678,0.9859454
1713,18,2.478208,0.1229354,0,0,0.7006177,0.7135369
1714,18,1.326573,-1.469702,0,0,-0.9394699,0.3426316
1715,18,0.2088106,-0.6311942,0,0,0.08063788,0.9967434
1716,18,0.04405517,-0.1125714,0,0,-0.9324183,0.3613809
1717,18,0.1157699,0.2791737,0,0,0.9457995,0.324751
1718,18,0.6292958,0.4659168,0,0,-0.467857,0.8838042
1719,18,0.9523624,0.9766932,0,0,0.8941348,0.4477979
1720,18,1.555903,0.1855708,0,0,-0.7005672,0.7135864
1721,18,2.021816,0.4707713,0,0,0.7284939,0.6850523
1722,18,-0.5219449,-1.430726,0,0,0.9712954,0.2378764
1723,18,-0.8802872,0.0259541,0,0,0.6552868,0.7553802
1724,18,0.855499,1.381949,0,0,-0.3423644,0.9395673
1725,18,0.5909519,-0.9547032,0,0,0.1607908,0.9869885
1726,18,0.1069719,-0.063777,0,0,-0.8244922,0.5658733
1727,18,0.5917693,0.2227989,0,0,0.73619,0.6767749
1728,18,0.1050062,0.2215717,0,0,-0.2367027,0.9715821
1729,18,1.402375,2.528502,0,0,0.9315661,0.3635719
1730,18,1.531438,-2.500279,0,0,-0.9868118,0.161872
1731,18,0.2109281,-0.2760224,0,0,0.1451347,0.9894119
1732,18,0.5965347,-0.5257276,0,0,-0.9488499,0.3157274
1733,18,0.1685267,0.0605964,0,0,0.6601834,0.7511045
1734,18,0.7401794,0.006590123,0,0,-0.7774454,0.6289504
1735,18,0.133765,0.3063678,0,0,0.9222014,0.38671
1736,18,1.703501,1.095315,0,0,-0.591285,0.8064626
1737,18,1.423412,-0.4476582,0,0,0.4578514,0.8890287
1738,18,0.7451758,-0.1541084,0,0,-0.8498495,0.5270255
1739,18,1.177707,0.637476,0,0,0.7639449,0.6452815
1740,18,1.300975,-1.488182,0,0,-0.9780679,0.2082861
1741,18,0.08424549,-0.05748475,0,0,0.1822455,0.9832531
1742,18,0.7892374,0.008417617,0,0,-0.7983547,0.6021874
1743,18,0.3062865,0.1083323,0,0,0.6810405,0.7322457
1744,18,0.810269,-0.1171003,0,0,-0.8465703,0.5322769
1745,18,-0.006133853,-0.1440749,0,0,0.9946917,0.1029005
1746,18,2.614125,3.138376,0,0,-0.4939718,0.8694779
1747,18,-1.194247,-1.116747,0,0,-0.5588415,0.8292745
1748,18,-1.009049,-0.1124511,0,0,-0.794214,0.6076382
1749,18,1.209974,-0.6698858,0,0,0.3386779,0.9409024
1750,18,-0.4012017,-0.1317078,0,0,-0.7381443,0.6746428
1751,18,0.9516852,1.403929,0,0,0.8841867,0.4671337
1752,18,0.0669371,-0.6018659,0,0,0.9930646,0.1175695
1753,18,-0.1365081,-0.2523273,0,0,0.9180661,0.3964272
1754,18,0.6832117,1.436052,0,0,-0.3944376,0.9189227
1755,18,2.421861,-0.4778699,0,0,0.4756345,0.879643
1756,18,0.8224439,-0.4174912,0,0,-0.9339855,0.3573108
1757,18,1.573087,-0.4860337,0,0,0.4263157,0.9045745
1758,18,0.1578628,-0.4322327,0,0,0.9999568,0.009287061
1759,18,0.577987,-0.1879054,0,0,0.4152223,0.90972
1760,18,-0.491756,0.07823769,0,0,-0.8748775,0.4843444
1761,18,-0.5839283,0.5582459,0,0,-0.9789661,0.2040228
1762,18,1.980274,0.4393068,0,0,-0.764927,0.644117
1763,18,2.173623,0.3247343,0,0,0.6154314,0.7881905
1764,18,0.122078,-1.2041,0,0,0.9894395,0.1449461
1765,18,0.02365582,0.005416724,0,0,0.6419731,0.7667272
1766,18,0.8795814,-0.6145238,0,0,-0.9600617,0.2797885
1767,18,0.2211886,0.1162554,0,0,0.7415917,0.6708515
1768,18,1.129354,-0.6274709,0,0,-0.944555,0.3283531
1769,18,-0.00359397,-0.007219444,0,0,0.7455328,0.6664689
1770,18,1.416147,-0.251709,0,0,-0.8773782,0.4797994
1771,18,-0.1805077,-0.4413018,0,0,0.9226904,0.3855417
1772,18,1.900223,3.201827,0,0,-0.4463297,0.8948686
1773,18,-0.4437433,-2.403699,0,0,-0.2774985,0.9607261
1774,18,-0.04911469,0.2808089,0,0,0.9964378,0.08433097
1775,18,0.5598512,0.1433863,0,0,0.6673571,0.7447378
1776,18,0.4925205,0.2979636,0,0,-0.6549589,0.7556645
1777,18,0.5827867,-0.231876,0,0,0.4079611,0.9129993
1778,18,0.03465332,0.228911,0,0,-0.290674,0.9568222
1779,18,1.951965,1.216655,0,0,0.772571,0.6349283
1780,18,1.709002,-0.5458128,0,0,-0.903401,0.4287967
1781,18,0.9805648,-0.7178825,0,0,0.2926612,0.9562162
1782,18,0.4739204,-0.07942458,0,0,-0.8765181,0.4813689
1783,18,1.24922,0.3499148,0,0,0.6841198,0.7293696
1784,18,0.5649715,-1.027989,0,0,-0.9977068,0.06768361
1785,18,-0.0960319,-0.007038369,0,0,0.4998458,0.8661144
1786,18,0.8989139,0.2963135,0,0,-0.7237307,0.6900825
1787,18,-0.1446404,-0.227727,0,0,0.8781002,0.4784768
1788,18,-0.0939962,2.461428,0,0,-0.151304,0.9884873
1789,18,1.356695,-2.50049,0,0,0.09335446,0.9956329
1790,18,0.1961552,-0.02078355,0,0,-0.8782419,0.4782166
1791,18,0.4035552,-1.751294,0,0,-0.03168708,0.9994978
1792,18,-0.5521676,0.6054513,0,0,-0.9716936,0.2362447
1793,18,0.3831481,1.03431,0,0,0.9516309,0.3072435
1794,18,0.3388134,0.3481148,0,0,-0.5367938,0.8437135
1795,18,2.378062,-0.3014182,0,0,0.5552143,0.8317074
1796,18,-0.7018354,0.671624,0,0,-0.9593951,0.2820659
1797,18,-0.2556863,1.495477,0,0,0.9992399,0.03898355
1798,18,1.583851,-0.8777407,0,0,-0.9238521,0.3827496
1799,18,1.345101,-0.5588021,0,0,0.4592324,0.8883162
1800,18,0.5087288,-0.4434381,0,0,-0.9620097,0.2730151
1801,18,0.7538485,-0.5849692,0,0,0.3534895,0.9354385
1802,18,-0.2660096,0.0288643,0,0,-0.7657177,0.6431768
1803,18,1.127586,0.8361742,0,0,0.8474081,0.5309422
1804,18,-0.6926964,-0.2324502,0,0,-0.641766,0.7669006
1805,18,-0.6982943,2.417177,0,0,-0.9988275,0.04841064
1806,18,1.115175,-3.117362,0,0,-0.9972987,0.07345297
1807,18,-0.0516072,0.03991823,0,0,-0.03830111,0.9992663
1808,18,0.4631156,0.1394049,0,0,-0.6976643,0.7164248
1809,18,0.7335581,0.423839,0,0,0.8401793,0.5423087
1810,18,0.9954774,-0.483245,0,0,-0.8935167,0.4490299
1811,18,0.4776489,-0.07621024,0,0,0.6382946,0.7697922
1812,18,0.4196702,0.2656154,0,0,-0.5782462,0.8158624
1813,18,1.055151,0.8608145,0,0,0.8867806,0.4621905
1814,18,0.8097146,0.1613593,0,0,-0.6949332,0.7190742
1815,18,1.741175,1.484204,0,0,0.8937659,0.4485337
1816,18,-0.08519211,-2.119617,0,0,0.9977947,0.06637561
1817,18,-0.3234866,0.1670735,0,0,0.4277088,0.9039166
1818,18,1.030793,-0.3507077,0,0,-0.8404649,0.5418659
1819,18,-0.3171725,0.04794697,0,0,0.5691822,0.8222114
1820,18,-0.2085625,0.6688234,0,0,0.09609292,0.9953724
1821,18,1.522948,0.9201603,0,0,0.8762473,0.4818616
1822,18,1.599519,0.05257865,0,0,-0.7061613,0.708051
1823,18,1.714036,-0.1079126,0,0,0.7039948,0.7102051
1824,18,0.9290297,-0.7926006,0,0,-0.9101946,0.4141809
1825,18,0.7243885,-0.3383315,0,0,0.5885527,0.8084589
1826,18,0.3491594,-0.05039795,0,0,-0.7890659,0.6143086
1827,18,0.9059004,0.6269801,0,0,0.9139953,0.4057248
1828,18,0.0696788,-0.6703677,0,0,-0.998327,0.05782127
1829,18,-0.1435244,-0.1692937,0,0,0.9064526,0.4223076
1830,18,-0.02593298,0.5106109,0,0,0.02492306,0.9996894
1831,18,0.8591236,2.552977,0,0,0.9965051,0.08353164
1832,18,1.786566,-3.189693,0,0,-0.9465155,0.3226583
1833,18,-0.07731808,0.3197106,0,0,0.1161494,0.9932318
1834,18,1.003301,0.210978,0,0,-0.5782328,0.8158718
1835,18,0.0846776,-0.1403158,0,0,0.5377754,0.8430882
1836,18,0.3730703,0.396502,0,0,-0.3174786,0.9482654
1837,18,0.6931463,0.5389227,0,0,0.9550014,0.2966015
1838,18,1.231681,0.2387452,0,0,-0.5515772,0.8341238
1839,18,0.9713095,0.6453215,0,0,0.9463382,0.323178
1840,18,1.861847,-1.132147,0,0,-0.7972049,0.6037088
1841,18,-0.07902506,-0.05040906,0,0,0.7710226,0.6368078
1842,18,2.003036,0.8883851,0,0,-0.4122021,0.9110924
1843,18,-0.06571949,-0.9469229,0,0,0.1762302,0.984349
1844,18,0.1108267,-0.008482281,0,0,-0.7914948,0.611176
1845,18,0.2117276,0.1591357,0,0,0.9872616,0.1591053
1846,18,0.9152834,0.6511539,0,0,-0.2942075,0.9557416
1847,18,0.2513659,0.1128735,0,0,0.9670588,0.2545531
1848,18,0.7643183,2.281644,0,0,0.04767699,0.9988628
1849,18,1.919642,-2.845666,0,0,0.5166817,0.8561776
1850,18,0.05697375,0.03049346,0,0,-0.9790208,0.2037604
1851,18,0.6700953,-0.1154787,0,0,0.8390262,0.544091
1852,18,0.01243518,0.06420138,0,0,-0.2947722,0.9555675
1853,18,1.392714,0.7676075,0,0,0.9708031,0.2398778
1854,18,0.3965619,-0.1135464,0,0,-0.6418349,0.7668429
1855,18,1.129514,0.4718097,0,0,0.9636513,0.2671631
1856,18,-0.3210753,0.0953783,0,0,-0.5210744,0.8535113
1857,18,-0.1540167,1.67631,0,0,-0.930723,0.3657249
1858,18,0.7958951,-2.416355,0,0,-0.8839228,0.4676328
1859,18,-0.1826859,-0.002100737,0,0,0.8491461,0.5281581
1860,18,1.156574,-1.212709,0,0,-0.7478811,0.6638328
1861,18,-0.3630822,0.06283826,0,0,0.8477649,0.5303722
1862,18,1.342889,-0.1339338,0,0,-0.4540401,0.8909813
1863,18,-0.8052706,-0.514279,0,0,0.9911261,0.1329253
1864,18,-1.170201,1.610672,0,0,0.6427739,0.7660559
1865,18,2.517018,-1.850914,0,0,0.7767886,0.6297615
1866,18,0.3171492,-0.2503929,0,0,-0.6664994,0.7455056
1867,18,1.32972,-0.0453273,0,0,0.9381987,0.346097
1868,18,0.2311158,-0.3292536,0,0,-0.7470657,0.6647502
1869,18,0.3615108,0.3070231,0,0,-0.9985671,0.05351425
1870,18,1.028337,-0.665306,0,0,-0.5678808,0.8231108
1871,18,0.07677646,-0.01181016,0,0,0.9715498,0.2368353
1872,18,1.027892,0.4860099,0,0,-0.07342903,0.9973004
1873,18,0.1967901,0.09078693,0,0,0.9997975,0.02012411
1874,18,0.716588,1.873473,0,0,0.3295431,0.9441405
1875,18,2.996998,-1.414484,0,0,0.8950424,0.4459811
1876,18,-0.08319243,-1.13806,0,0,-0.8671989,0.4979618
1877,18,-0.003092086,-0.003153313,0,0,0.7269984,0.6866392
1878,18,0.3138781,0.1860661,0,0,0.05647619,0.998404
1879,19,0.2966344,0.368881,0,0,0.2464184,0.9691635
1880,19,1.500704,0.7221033,0,0,-0.9999429,0.01068555
1881,19,0.08584046,-0.03171133,0,0,-0.3640166,0.9313924
1882,19,0.2491476,1.369579,0,0,-0.897104,0.4418194
1883,19,1.240002,-2.163165,0,0,-0.7039842,0.7102156
1884,19,-0.2793613,0.1481397,0,0,0.8820817,0.4710965
1885,19,1.476112,0.5483862,0,0,-0.09512163,0.9954656
1886,19,0.8674996,-0.4051943,0,0,0.8667306,0.4987765
1887,19,0.6205077,-0.7308711,0,0,-0.6672445,0.7448387
1888,19,-0.08471487,0.02115323,0,0,0.9529199,0.3032221
1889,19,0.6751331,0.391735,0,0,-0.04867084,0.9988149
1890,19,-0.02385254,0.2493652,0,0,-0.9022427,0.4312287
1891,19,2.964113,2.714656,0,0,0.0235251,0.9997233
1892,19,-0.5094422,-1.789196,0,0,0.2624404,0.9649482
1893,19,-0.3425111,0.1008517,0,0,-0.5379786,0.8429585
1894,19,1.17583,-0.02525384,0,0,0.9152618,0.4028595
1895,19,0.2670937,-0.3744271,0,0,-0.7443711,0.6677662
1896,19,-0.01996588,0.03379028,0,0,-0.999903,0.0139315
1897,19,0.7810379,1.326029,0,0,0.1120015,0.993708
1898,19,0.6123289,-0.7476989,0,0,0.6202992,0.7843653
1899,19,0.1090043,0.07093832,0,0,0.009912508,0.9999509
1900,19,1.560166,0.6055066,0,0,0.9600765,0.2797378
1901,19,2.011869,0.4098654,0,0,-0.3480574,0.9374732
1902,19,-0.3763687,-1.472325,0,0,0.1593717,0.9872186
1903,19,-0.6386038,-0.1040628,0,0,-0.4302042,0.9027316
1904,19,1.378271,-0.4240981,0,0,0.7857499,0.6185443
1905,19,-0.340234,-0.03632775,0,0,-0.5053537,0.8629122
1906,19,0.6499522,0.8789679,0,0,0.9973032,0.07339092
1907,19,0.2104848,0.3976835,0,0,0.07227252,0.9973849
1908,19,3.139709,1.917823,0,0,0.9632756,0.2685147
1909,19,0.5870345,-1.617615,0,0,-0.9128072,0.4083908
1910,19,0.4715702,-0.7206414,0,0,0.461716,0.8870278
1911,19,-0.2775217,0.06581788,0,0,-0.7064627,0.7077502
1912,19,0.3306606,1.01188,0,0,-0.9996744,0.02551453
1913,19,0.9666091,-0.5675225,0,0,-0.7387059,0.6740279
1914,19,0.7182397,-0.347821,0,0,0.651613,0.7585516
1915,19,-0.1540868,-0.1476293,0,0,-0.3515334,0.9361753
1916,19,0.1270684,1.526465,0,0,-0.9936892,0.1121681
1917,19,1.951025,-0.07515169,0,0,-0.5895901,0.8077027
1918,19,2.043736,-0.1161853,0,0,0.7789699,0.6270612
1919,19,0.7684905,-1.17825,0,0,-0.9010097,0.4337989
1920,19,0.4102825,-0.7443441,0,0,0.3402964,0.9403182
1921,19,-0.2763477,0.2594378,0,0,-0.8993024,0.4373274
1922,19,-0.07843872,0.5997043,0,0,-0.9906833,0.1361858
1923,19,0.362087,0.1212743,0,0,-0.423739,0.9057843
1924,19,0.7864575,1.709272,0,0,0.9916867,0.128676
1925,19,1.508225,-0.9438307,0,0,-0.8183486,0.5747222
1926,19,1.106267,0.05825341,0,0,0.7632718,0.6460775
1927,19,0.9435723,-0.7179574,0,0,-0.8478748,0.5301965
1928,19,0.8077723,-0.05404077,0,0,0.7054073,0.7088022
1929,19,0.8202927,-0.3039829,0,0,-0.7644333,0.6447029
1930,19,0.7574531,-0.2896351,0,0,0.57957,0.8149225
1931,19,0.2028864,0.04295954,0,0,-0.4732977,0.8809025
1932,19,1.528214,-0.7262306,0,0,0.550604,0.8347666
1933,19,-0.8163558,-1.127426,0,0,-0.2969614,0.9548895
1934,19,-1.696826,2.818603,0,0,-0.9581507,0.2862643
1935,19,-2.065546,-1.513468,0,0,0.9016445,0.4324781
1936,19,-1.689961,0.1742599,0,0,0.6889182,0.724839
1937,19,1.205687,-1.14086,0,0,-0.911212,0.4119377
1938,19,-0.5615809,-0.1738375,0,0,0.8303503,0.5572417
1939,19,1.532504,0.3340329,0,0,-0.6212988,0.7835737
1940,19,0.01302266,0.06839582,0,0,0.8479426,0.5300881
1941,19,1.673061,0.8832002,0,0,-0.5229398,0.8523696
1942,19,0.7412223,0.1502585,0,0,0.7319831,0.6813228
1943,19,2.142757,0.35993,0,0,-0.6631087,0.7485231
1944,19,0.4967627,-0.4628297,0,0,0.3235045,0.9462267
1945,19,0.9666521,0.3624644,0,0,-0.5870477,0.8095523
1946,19,1.073434,-1.094416,0,0,0.3118561,0.9501293
1947,19,0.02690209,-0.2277104,0,0,-0.9942376,0.1071986
1948,19,0.1748543,0.111247,0,0,0.7741246,0.6330333
1949,19,0.1440949,0.312199,0,0,-0.2105183,0.9775899
1950,19,0.6695051,1.501173,0,0,0.9562162,0.2926611
1951,19,2.323265,0.443289,0,0,-0.689311,0.7244655
1952,19,2.265722,-0.9038725,0,0,0.4801384,0.8771927
1953,19,-0.07433713,-0.7430429,0,0,0.9937428,0.1116925
1954,19,0.2696753,0.01779505,0,0,0.598079,0.8014372
1955,19,0.1388147,-0.1042791,0,0,-0.8822483,0.4707844
1956,19,0.05109047,0.6269471,0,0,0.9844288,0.1757839
1957,19,1.193695,-1.036148,0,0,-0.9454176,0.3258611
1958,19,-0.128513,0.03187179,0,0,0.6508777,0.7591826
1959,19,0.7182852,0.8596892,0,0,-0.4310682,0.9023194
1960,19,1.114879,0.940928,0,0,0.8426802,0.5384145
1961,19,2.873858,-0.2494455,0,0,-0.8118055,0.5839279
1962,19,0.3370633,-1.410441,0,0,-0.02608005,0.9996598
1963,19,-0.04891732,0.02525685,0,0,-0.9983655,0.05715278
1964,19,0.3228147,0.3904976,0,0,0.8697432,0.4935045
1965,19,0.4106314,-0.4460699,0,0,-0.9665909,0.256324
1966,19,-0.0538891,-0.02223146,0,0,0.9113718,0.411584
1967,19,0.2415755,1.135183,0,0,-0.2339765,0.9722422
1968,19,2.614598,1.694878,0,0,0.7945654,0.6071786
1969,19,-0.380062,-2.120838,0,0,0.9721009,0.2345631
1970,19,-0.8610997,0.3355178,0,0,0.4428238,0.8966087
1971,19,1.347155,1.130589,0,0,-0.5537075,0.8327112
1972,19,0.4578203,-0.4095559,0,0,0.2335846,0.9723365
1973,19,0.8891805,0.005072698,0,0,-0.8031513,0.5957751
1974,19,0.3217243,-0.05787075,0,0,0.4710551,0.8821038
1975,19,0.7653185,0.4144796,0,0,-0.6386384,0.769507
1976,19,0.2295889,0.1555572,0,0,0.7639912,0.6452267
1977,19,0.6002951,1.761971,0,0,-0.3256969,0.9454743
1978,19,3.030278,-1.036916,0,0,0.4263799,0.9045442
1979,19,0.3355675,-1.354496,0,0,0.9986946,0.05107976
1980,19,0.08223446,-0.1234327,0,0,0.05077109,0.9987103
1981,19,0.5749344,0.05400801,0,0,-0.7867889,0.6172222
1982,19,-0.1892622,0.05811136,0,0,0.473969,0.8805416
1983,19,-0.279871,0.7155414,0,0,0.01221536,0.9999254
1984,19,1.614428,-0.9878057,0,0,0.3143223,0.9493163
1985,19,-0.1188565,-0.07739418,0,0,-0.6685626,0.7436559
1986,19,2.091807,1.418878,0,0,0.7779796,0.6282895
1987,19,0.6966965,-1.324082,0,0,-0.9985182,0.05441904
1988,19,0.2417157,-0.09270664,0,0,0.3815203,0.9243605
1989,19,0.9201425,0.4377241,0,0,-0.682925,0.7304885
1990,19,0.7797641,-1.191274,0,0,0.09317059,0.9956502
1991,19,-0.3126768,0.121501,0,0,-0.9225696,0.3858306
1992,19,0.8584107,0.5920451,0,0,0.7768881,0.6296387
1993,19,-0.1723517,-0.3168224,0,0,-0.4357685,0.9000588
1994,19,0.07525054,3.050762,0,0,0.9783157,0.2071196
1995,19,0.7663024,-3.066831,0,0,0.9972969,0.07347652
1996,19,-0.0923623,0.09869988,0,0,0.181076,0.9834691
1997,19,0.8100161,-0.8197548,0,0,-0.9814036,0.1919558
1998,19,-0.231361,-0.07580114,0,0,0.6778908,0.7351626
1999,19,1.380442,0.5496652,0,0,-0.7123601,0.7018141
2000,19,0.1179929,-0.04431231,0,0,0.4119828,0.9111916
2001,19,0.4534074,0.8701921,0,0,-0.4240985,0.905616
2002,19,1.541629,0.01672451,0,0,0.5627809,0.8266061
2003,19,0.7516866,-0.05677792,0,0,-0.8531777,0.5216205
2004,19,0.9549855,0.8879413,0,0,0.8243643,0.5660596
2005,19,2.391782,-1.448723,0,0,-0.9496245,0.3133899
2006,19,0.001311584,-0.3691024,0,0,-0.1740676,0.9847337
2007,19,0.4679963,-0.2458151,0,0,-0.942094,0.3353488
2008,19,-0.05589668,-0.05427573,0,0,0.7843993,0.6202562
2009,19,1.157036,0.839393,0,0,-0.6170297,0.7869399
2010,19,-0.3761547,-0.09884949,0,0,0.6502587,0.7597128
2011,19,-0.3080012,2.060626,0,0,-0.1156142,0.9932942
2012,19,1.505668,-2.494398,0,0,0.09089638,0.9958603
2013,19,0.2603256,-0.143948,0,0,-0.9491454,0.3148381
2014,19,0.325894,-0.9913166,0,0,-0.01164014,0.9999322
2015,19,-0.3470757,-0.228958,0,0,-0.604284,0.796769
2016,19,1.512454,0.7624577,0,0,0.7500708,0.6613575
2017,19,0.7008507,-0.2741382,0,0,-0.9171678,0.3985012
2018,19,0.7295677,-0.4778728,0,0,0.3307629,0.9437139
2019,19,-0.2552384,-0.2436405,0,0,-0.5146814,0.8573815
2020,19,-0.1123291,1.844029,0,0,0.9913552,0.1312057
2021,19,3.336048,-0.9723996,0,0,-0.8892441,0.4574329
2022,19,0.04909362,-0.7395889,0,0,-0.1086829,0.9940765
2023,19,0.5461505,0.0694303,0,0,-0.7880546,0.6156054
2024,19,0.285445,-0.7867398,0,0,0.03647196,0.9993347
2025,19,-0.03109003,0.03438346,0,0,-0.8389941,0.5441405
2026,19,0.2165172,0.3211875,0,0,0.9180384,0.3964915
2027,19,0.2452883,1.2842,0,0,-0.252606,0.9675692
2028,19,2.088154,-0.6024424,0,0,0.4873131,0.8732273
2029,19,0.850549,0.2299581,0,0,-0.7268955,0.6867481
2030,19,1.209013,-1.576464,0,0,0.1987889,0.9800423
2031,19,-0.3439319,0.002851007,0,0,-0.7642721,0.6448939
2032,19,2.334929,-0.1896342,0,0,0.5837047,0.811966
2033,19,-0.1120236,0.365515,0,0,-0.9971804,0.07504181
2034,19,1.048263,0.6113927,0,0,0.809297,0.5873997
2035,19,-0.4292102,0.2739601,0,0,-0.9115001,0.4112999
2036,19,0.3850801,1.280095,0,0,0.9698328,0.2437711
2037,19,-0.178561,-0.04212129,0,0,-0.6165331,0.787329
2038,19,1.09194,3.217742,0,0,0.9653328,0.2610222
2039,19,-1.313105,-2.125471,0,0,0.9275566,0.3736826
2040,19,-0.2780876,0.656302,0,0,0.07467794,0.9972077
2041,19,0.7243739,0.4094182,0,0,-0.6030759,0.7976838
2042,19,0.450004,0.1985837,0,0,0.8151265,0.579283
2043,19,0.9189914,0.2519449,0,0,-0.6875679,0.7261201
2044,19,1.042069,0.264453,0,0,0.7545182,0.6562791
2045,19,0.498919,0.1516231,0,0,-0.6861575,0.727453
2046,19,1.239966,1.330143,0,0,0.9092954,0.4161513
2047,19,0.8068527,-1.042275,0,0,-0.9686282,0.2485142
2048,19,0.5050663,0.182359,0,0,0.8132724,0.5818831
2049,19,1.4908,-1.02198,0,0,-0.9122811,0.4095646
2050,19,0.3480113,-0.3945385,0,0,0.3600784,0.9329221
2051,19,0.521526,-0.1217875,0,0,-0.8345134,0.5509876
2052,19,0.4902683,-0.1668793,0,0,0.5979,0.8015707
2053,19,-0.1201577,-0.1440114,0,0,-0.229196,0.9733803
2054,19,-0.4328601,1.92743,0,0,-0.9949883,0.09999198
2055,19,3.094794,-1.918176,0,0,-0.8836274,0.4681908
2056,19,0.1572368,-0.3698747,0,0,0.2614958,0.9652046
2057,19,1.173528,-0.06570972,0,0,-0.7437117,0.6685005
2058,19,0.2117959,-0.5537556,0,0,0.2354609,0.9718838
2059,19,0.04249549,0.07791233,0,0,-0.5535114,0.8328416
2060,19,0.7919179,0.7436226,0,0,0.9339066,0.3575172
2061,19,1.153319,-0.1610156,0,0,-0.7539787,0.6568989
2062,19,0.7659394,-0.2243953,0,0,0.6531192,0.7572551
2063,19,0.02348738,0.09600652,0,0,-0.3872191,0.9219877
2064,19,0.7708415,2.068867,0,0,0.99259,0.121512
2065,19,1.81803,-2.195976,0,0,-0.9245806,0.3809864
2066,19,0.313354,-0.4158211,0,0,0.4280356,0.9037619
2067,19,0.4432372,-0.8196288,0,0,-0.9591217,0.2829939
2068,19,-0.1944915,-0.05904045,0,0,0.7581025,0.6521354
2069,19,0.559725,0.6622123,0,0,-0.2991077,0.9542193
2070,19,0.6367299,0.1321463,0,0,0.8541105,0.5200915
2071,19,0.3436445,0.7217098,0,0,-0.1623909,0.9867265
2072,19,2.317308,1.678291,0,0,0.9371826,0.3488393
2073,19,0.3904806,-2.033178,0,0,-0.9802258,0.1978823
2074,19,-0.1422986,0.01320813,0,0,0.6051677,0.796098
2075,19,0.8422735,0.0315315,0,0,-0.6211682,0.7836773
2076,19,0.6103548,0.4902236,0,0,0.9633578,0.2682195
2077,19,-0.1742021,-1.733109,0,0,-0.9962959,0.08599123
2078,19,-1.206797,-0.219216,0,0,0.8457665,0.5335531
2079,19,0.2252991,1.728158,0,0,0.08011385,0.9967857
2080,19,-0.2314513,-0.04899401,0,0,0.8082424,0.5888499
2081,19,0.009986831,1.916225,0,0,0.1606768,0.9870071
2082,19,2.446514,-1.957907,0,0,0.6061606,0.7953423
2083,19,0.4084365,-0.8464518,0,0,-0.9211017,0.3893221
2084,19,0.2738079,-0.4232256,0,0,0.5273955,0.8496199
2085,19,0.360682,0.004992516,0,0,-0.5928063,0.8053451
2086,19,0.2941673,0.05375128,0,0,0.9304134,0.3665119
2087,19,0.2361334,0.7892531,0,0,0.05716774,0.9983646
2088,19,1.810986,0.4140074,0,0,0.9167255,0.3995177
2089,19,1.078439,-0.147829,0,0,-0.5797663,0.8147828
2090,19,1.033927,0.2302375,0,0,0.9270265,0.3749959
2091,19,1.805847,0.2227927,0,0,-0.4439256,0.8960636
2092,19,0.6875079,-1.222677,0,0,0.5353553,0.844627
2093,19,0.1666011,0.01188688,0,0,-0.5614205,0.8275307
2094,19,1.222458,-0.1808036,0,0,0.8623162,0.5063702
2095,19,0.265824,-0.03917915,0,0,-0.5840106,0.811746
2096,19,0.8332098,-0.3558292,0,0,0.8067113,0.5909458
2097,19,-0.09752554,-0.5968105,0,0,0.2860444,0.9582164
2098,19,-0.43947,2.936308,0,0,-0.9105706,0.4133535
2099,19,1.689551,-3.371237,0,0,-0.829688,0.5582274
2100,19,-0.04900391,0.08322227,0,0,0.4268487,0.904323
2101,19,0.8285046,-0.1055202,0,0,-0.468096,0.8836776
2102,19,0.3095081,0.0005075204,0,0,0.9450538,0.3269148
2103,19,0.883285,0.0978072,0,0,-0.3373789,0.9413689
2104,19,0.5956531,0.3871534,0,0,0.9982096,0.05981314
2105,19,0.6048828,-0.7399102,0,0,-0.7258323,0.6878717
2106,19,-0.01544769,-0.4469297,0,0,-0.927124,0.3747548
2107,19,2.756089,1.275562,0,0,-0.1231301,0.9923905
2108,19,-0.0631564,0.05120346,0,0,0.69051,0.7233228
2109,19,0.7929679,1.231384,0,0,0.1761124,0.9843701
2110,19,-0.637643,-1.161357,0,0,0.2479128,0.9687824
2111,19,-0.4599196,0.07658903,0,0,-0.3423656,0.9395669
2112,19,0.4520058,-0.4058714,0,0,0.8108941,0.585193
2113,19,-0.01781429,-0.2636872,0,0,0.4891214,0.8722157
2114,19,1.032267,1.348235,0,0,-0.9783704,0.2068608
2115,19,1.184847,0.5060139,0,0,-0.04111528,0.9991544
2116,19,2.463693,0.7082463,0,0,0.9963747,0.08507299
2117,19,0.5857255,-1.830725,0,0,-0.7439103,0.6682795
2118,20,-0.08816172,0.1811521,0,0,-0.6854272,0.7281411
2119,20,0.5123464,0.519091,0,0,-0.9813444,0.192258
2120,20,0.8256701,-0.09611029,0,0,-0.2703412,0.9627646
2121,20,0.9909637,0.1543687,0,0,0.9879791,0.1545874
2122,20,0.7186105,-0.297223,0,0,-0.420664,0.9072165
2123,20,0.3262913,0.007757217,0,0,0.9665843,0.2563488
2124,20,0.001908209,0.3683417,0,0,0.5130216,0.8583757
2125,20,2.353435,2.589052,0,0,-0.9903378,0.1386755
2126,20,-0.437956,-2.558669,0,0,-0.9181284,0.3962831
2127,20,-0.4344136,0.5277539,0,0,0.7441549,0.6680071
2128,20,1.352382,0.07864808,0,0,-0.2728775,0.9620488
2129,20,0.0502912,0.008471084,0,0,0.884775,0.4660185
2130,20,0.9088032,-0.02241649,0,0,-0.3287073,0.9444318
2131,20,-0.08693904,-0.2152887,0,0,-0.9530981,0.3026616
2132,20,1.471825,2.440169,0,0,0.162836,0.9866531
2133,20,0.7315768,-1.12149,0,0,0.6356442,0.7719821
2134,20,0.6908261,0.1366149,0,0,-0.2569552,0.9664233
2135,20,0.9737508,-0.5489415,0,0,0.7862194,0.6179475
2136,20,0.8815843,0.112631,0,0,-0.313543,0.949574
2137,20,0.9354399,-0.6979537,0,0,0.7299307,0.6835212
2138,20,0.4890796,-0.254965,0,0,-0.5898438,0.8075174
2139,20,0.21226,-0.004165651,0,0,0.8576027,0.5143127
2140,20,0.3210082,0.561573,0,0,0.1154538,0.9933128
2141,20,0.4986871,0.3887942,0,0,0.9878575,0.1553626
2142,20,0.8855556,2.103917,0,0,0.133354,0.9910685
2143,20,1.536278,-2.888851,0,0,0.5171147,0.8559161
2144,20,-0.0262477,-0.03995979,0,0,-0.787569,0.6162264
2145,20,-0.06674846,-1.347889,0,0,0.239726,0.9708406
2146,20,-1.01005,-0.4327075,0,0,-0.3182489,0.9480072
2147,20,-0.2870792,1.614305,0,0,-0.9398388,0.3416184
2148,20,0.9429732,-0.4784531,0,0,-0.6722897,0.7402881
2149,20,0.6916336,0.007135913,0,0,0.8440292,0.5362971
2150,20,0.3107336,0.3931901,0,0,-0.03859112,0.9992551
2151,20,2.578377,0.8509703,0,0,0.9201421,0.3915848
2152,20,0.663219,-0.7414154,0,0,-0.8182555,0.5748547
2153,20,1.176452,-0.007468297,0,0,0.8268225,0.562463
2154,20,0.8633909,-0.5121309,0,0,-0.7327691,0.6804773
2155,20,0.3391392,-0.8504916,0,0,0.3452503,0.9385107
2156,20,-0.3475784,-0.213471,0,0,-0.3792875,0.9252788
2157,20,1.104088,0.6485107,0,0,0.9354003,0.3535905
2158,20,-0.1007977,-0.4069218,0,0,-0.0146535,0.9998927
2159,20,0.8680049,3.531843,0,0,-0.9993146,0.03701707
2160,20,-0.4236916,-2.34705,0,0,-0.9974563,0.07128145
2161,20,-0.3265574,0.2635605,0,0,0.6110733,0.791574
2162,20,1.168731,-0.02181457,0,0,-0.591885,0.8060224
2163,20,0.6761693,-0.0910711,0,0,0.7206336,0.693316
2164,20,0.6489193,-0.1138445,0,0,-0.6503738,0.7596143
2165,20,0.6678023,0.2997502,0,0,0.8776211,0.4793551
2166,20,0.8966346,0.2559555,0,0,-0.4877641,0.8729755
2167,20,1.116361,-0.1496418,0,0,0.7105402,0.7036566
2168,20,0.08848917,0.01691174,0,0,-0.250098,0.9682205
2169,20,1.985106,2.301693,0,0,0.9608144,0.2771927
2170,20,0.644928,-2.297185,0,0,-0.9756863,0.2191719
2171,20,0.08536797,-0.3203143,0,0,0.1077227,0.994181
2172,20,0.144949,-0.05450212,0,0,-0.6561837,0.7546012
2173,20,0.8523685,0.3179715,0,0,0.8342733,0.5513511
2174,20,-0.2619286,-0.03415905,0,0,-0.7049387,0.7092682
2175,20,-0.251713,1.128917,0,0,-0.9917287,0.128352
2176,20,1.288992,-0.2149231,0,0,-0.7269371,0.6867041
2177,20,1.449801,1.119204,0,0,0.9028723,0.4299088
2178,20,0.2715825,-1.822238,0,0,-0.9944086,0.1056007
2179,20,-0.07366835,0.09148314,0,0,0.56102,0.8278023
2180,20,0.8349724,0.1099921,0,0,-0.6288894,0.7774947
2181,20,1.081398,0.4957483,0,0,0.829801,0.5580595
2182,20,0.2221093,-0.8205248,0,0,-0.9878914,0.1551471
2183,20,0.1261306,0.07907613,0,0,0.764506,0.6446167
2184,20,-0.0903905,-0.07467153,0,0,-0.6381008,0.7699528
2185,20,-0.6455193,0.6817688,0,0,-0.9455286,0.3255389
2186,20,3.385592,-1.193022,0,0,-0.8290962,0.559106
2187,20,0.9560037,-0.4505393,0,0,0.4838423,0.8751552
2188,20,0.2768822,-1.678963,0,0,-0.9985653,0.05354818
2189,20,-0.4578564,0.293013,0,0,0.4794476,0.8775705
2190,20,1.295552,0.09056874,0,0,-0.7051669,0.7090414
2191,20,-0.4935964,-0.1015676,0,0,0.7703243,0.6376523
2192,20,0.4133203,1.723159,0,0,-0.1629398,0.986636
2193,20,0.7806968,-0.3477389,0,0,0.462054,0.8868518
2194,20,0.9012153,0.7214311,0,0,-0.4779487,0.8783877
2195,20,1.185697,-0.7231885,0,0,0.4052037,0.9142264
2196,20,0.6952069,0.2190181,0,0,-0.6308091,0.7759381
2197,20,1.919624,-0.8842794,0,0,0.4546581,0.8906661
2198,20,0.09967537,-0.3985558,0,0,-0.9965436,0.08307119
2199,20,0.4465015,-0.02402346,0,0,0.5765445,0.8170658
2200,20,0.2738396,0.1744133,0,0,-0.5096753,0.8603668
2201,20,1.325457,-0.3463302,0,0,0.5123626,0.8587692
2202,20,-0.3707819,-0.7189915,0,0,-0.3620047,0.9321762
2203,20,-0.6585817,3.024857,0,0,0.9999554,0.009450609
2204,20,0.1306945,-3.788599,0,0,0.9954014,0.0957913
2205,20,0.1685936,0.8740336,0,0,-0.1950976,0.9807838
2206,20,1.059075,0.5317177,0,0,-0.6133995,0.7897728
2207,20,-0.06471907,0.03831552,0,0,0.6010853,0.7991849
2208,20,1.194342,0.7855472,0,0,-0.5750306,0.8181319
2209,20,0.513894,-0.1884933,0,0,0.4281544,0.9037056
2210,20,0.7416041,0.3514831,0,0,-0.6296406,0.7768865
2211,20,0.6436421,0.3085983,0,0,0.7475957,0.6641541
2212,20,1.206631,1.062474,0,0,-0.5298594,0.8480855
2213,20,2.305307,-0.4383284,0,0,0.5112483,0.8594331
2214,20,0.6702892,-0.8073723,0,0,-0.9782355,0.2074975
2215,20,0.9658391,-0.09792494,0,0,0.5360191,0.8442058
2216,20,-0.167886,-0.751404,0,0,0.9689115,0.2474074
2217,20,-0.3631602,-0.06300732,0,0,0.6813138,0.7319915
2218,20,0.2990628,0.5899971,0,0,-0.3665839,0.930385
2219,20,0.1529556,0.8593296,0,0,0.9646932,0.2633764
2220,20,2.879015,1.014441,0,0,-0.7023752,0.7118068
2221,20,0.9319021,-0.8295295,0,0,0.2400373,0.9707637
2222,20,1.263363,-0.06646687,0,0,-0.8273302,0.5617159
2223,20,0.4522964,-0.9739609,0,0,0.0328971,0.9994587
2224,20,-0.03772242,-0.01254923,0,0,-0.8793423,0.4761902
2225,20,0.580354,0.7286785,0,0,0.8656956,0.5005708
2226,20,1.146819,-0.7608742,0,0,-0.9494405,0.313947
2227,20,0.005017945,0.01720269,0,0,0.5077266,0.8615183
2228,20,0.8206266,0.6024263,0,0,-0.5996704,0.8002471
2229,20,0.1609318,0.2030819,0,0,0.8524171,0.5228624
2230,20,1.493372,2.669807,0,0,-0.4241835,0.9055763
2231,20,0.1491161,-3.072074,0,0,-0.1651573,0.9862672
2232,20,-0.1345146,0.5557584,0,0,0.9967046,0.08111682
2233,20,1.12582,0.03478925,0,0,0.569432,0.8220384
2234,20,-0.2533311,-0.01024436,0,0,-0.8289625,0.5593042
2235,20,0.9086649,1.011874,0,0,0.8466457,0.532157
2236,20,-0.1139464,0.03434535,0,0,-0.9170749,0.3987149
2237,20,-0.1150716,1.010734,0,0,0.9901479,0.1400256
2238,20,2.655019,-0.1209688,0,0,-0.8420902,0.5393367
2239,20,0.7212685,-1.271062,0,0,0.06123498,0.9981234
2240,20,-0.1592341,0.02721534,0,0,-0.8816865,0.4718356
2241,20,1.252875,1.107431,0,0,0.8137417,0.5812266
2242,20,0.02105317,-0.9595609,0,0,0.9831036,0.18305
2243,20,-0.005492728,0.0008491966,0,0,0.6097592,0.7925867
2244,20,0.6450295,-0.1169747,0,0,-0.8777227,0.479169
2245,20,0.2247604,0.1948187,0,0,0.8114453,0.5844284
2246,20,0.3142823,0.7676503,0,0,-0.3813875,0.9244152
2247,20,1.789711,2.123651,0,0,0.8546805,0.5191544
2248,20,1.658526,-2.475687,0,0,-0.9951262,0.0986097
2249,20,0.1403128,-0.2576438,0,0,0.06247986,0.9980462
2250,20,0.7488298,-0.5439783,0,0,-0.9628994,0.2698605
2251,20,0.06757561,-0.02148104,0,0,0.4659594,0.8848061
2252,20,0.4962858,0.3204604,0,0,-0.6434113,0.7655206
2253,20,0.3657691,0.7974015,0,0,0.9196661,0.3927013
2254,20,1.770101,-1.523031,0,0,-0.9722649,0.2338822
2255,20,-1.233898,0.3290467,0,0,0.4437126,0.8961692
2256,20,-0.5883492,1.956071,0,0,-0.04741603,0.9988752
2257,20,1.077957,-1.547506,0,0,0.1187318,0.9929264
2258,20,0.8052772,-0.09499414,0,0,-0.8625914,0.5059012
2259,20,0.4581898,-0.8687774,0,0,0.06431378,0.9979298
2260,20,0.2849923,0.03365972,0,0,-0.8070641,0.5904638
2261,20,0.6872268,-0.434085,0,0,0.3248737,0.9457574
2262,20,-0.01632818,0.01836181,0,0,-0.8331318,0.5530744
2263,20,-0.1104552,0.4004484,0,0,0.9996923,0.0248051
2264,20,1.283859,2.423882,0,0,-0.4133508,0.9105719
2265,20,2.406038,-2.141435,0,0,0.2463823,0.9691727
2266,20,0.2658113,-0.6246446,0,0,-0.9999378,0.01115712
2267,20,0.2186066,-0.3216934,0,0,0.1555332,0.9878306
2268,20,0.0960357,0.1776557,0,0,-0.4588358,0.8885211
2269,20,1.565715,-0.1969021,0,0,0.5335238,0.845785
2270,20,0.3879943,-0.1557304,0,0,-0.921637,0.3880531
2271,20,0.5894406,0.1318713,0,0,0.6845596,0.7289569
2272,20,0.4363512,0.5807562,0,0,-0.4813813,0.8765113
2273,20,1.532429,0.217977,0,0,0.6496693,0.7602169
2274,20,0.7742033,0.62191,0,0,-0.578965,0.8153524
2275,20,3.311044,-0.4871703,0,0,0.5351469,0.844759
2276,20,-0.2925787,-0.7186772,0,0,0.9354507,0.3534571
2277,20,0.0957001,-0.09601535,0,0,0.3580971,0.9336843
2278,20,0.2009619,0.07350344,0,0,-0.7384869,0.6742678
2279,20,0.4435128,0.5100028,0,0,0.8897829,0.4563841
2280,20,0.7314693,0.5425438,0,0,-0.5831944,0.8123326
2281,20,1.140073,0.7804641,0,0,0.8217242,0.5698854
2282,20,2.025221,0.6529362,0,0,-0.6947938,0.719209
2283,20,0.9693251,-1.380942,0,0,0.190908,0.9816079
2284,20,0.3858158,0.02207372,0,0,-0.8009275,0.5987614
2285,20,0.3967416,-1.055143,0,0,0.07996818,0.9967974
2286,20,-0.3102026,-0.3490048,0,0,-0.422987,0.9061357
2287,20,2.256036,-0.9213468,0,0,0.4702313,0.8825433
2288,20,-0.6074978,0.7361033,0,0,-0.9660823,0.2582344
2289,20,1.255099,1.183211,0,0,0.8781228,0.4784353
2290,20,-1.401366,-0.7164994,0,0,-0.5927411,0.805393
2291,20,-1.765008,2.814719,0,0,-0.9820824,0.1884521
2292,20,-1.560047,-1.303885,0,0,0.8605636,0.509343
2293,20,-1.363357,-0.2501737,0,0,0.699393,0.7147373
2294,20,1.406442,-0.6605366,0,0,-0.8909766,0.4540492
2295,20,0.2231504,-0.1677769,0,0,0.4551169,0.8904317
2296,20,0.1663051,0.01199052,0,0,-0.8217409,0.5698614
2297,20,0.001327522,0.5374013,0,0,0.9996816,0.02523424
2298,20,1.499352,-0.0404848,0,0,-0.7681918,0.6402198
2299,20,0.9191737,0.4668095,0,0,0.8347186,0.5506767
2300,20,1.4666,-0.5083565,0,0,-0.85128,0.5247117
2301,20,0.8333195,0.1745007,0,0,0.7659742,0.6428713
2302,20,1.673279,-0.5910673,0,0,-0.8462932,0.5327174
2303,20,0.8720713,-0.4324314,0,0,0.5210776,0.8535093
2304,20,0.3893575,-0.8592559,0,0,-0.9875367,0.1573888
2305,20,-0.2281475,0.006832886,0,0,0.5895922,0.8077011
2306,20,0.1399618,0.6686568,0,0,-0.161351,0.9868971
2307,20,0.8728065,0.3002615,0,0,0.82365,0.5670984
2308,20,0.3464977,0.8000974,0,0,-0.2408994,0.9705501
2309,20,3.302943,1.55913,0,0,0.8483128,0.5294954
2310,20,-0.5530695,-1.795102,0,0,0.9881559,0.1534533
2311,20,-0.230211,0.1628203,0,0,0.382451,0.9239758
2312,20,0.5587696,-0.01001893,0,0,-0.7347946,0.6782897
2313,20,0.2316201,0.3162779,0,0,0.9756615,0.2192822
2314,20,1.654967,-0.09670878,0,0,-0.7171239,0.6969458
2315,20,0.4306813,-0.2588683,0,0,0.5735357,0.8191806
2316,20,0.3542326,0.2509363,0,0,-0.4786706,0.8779946
2317,20,0.5799099,1.010797,0,0,0.9826757,0.1853335
2318,20,2.30251,0.209071,0,0,-0.6396347,0.7686791
2319,20,1.62518,-0.5536222,0,0,0.6475295,0.7620403
2320,20,0.9082558,-1.116683,0,0,-0.9225743,0.3858195
2321,20,0.1697029,-0.3226269,0,0,0.392978,0.9195479
2322,20,0.4221735,0.1227429,0,0,-0.5837635,0.8119237
2323,20,0.7103486,-0.363175,0,0,0.6294081,0.7770749
2324,20,-0.3535013,-0.3009497,0,0,-0.2670207,0.9636908
2325,20,-0.7866776,1.571495,0,0,-0.9383721,0.3456266
2326,20,2.739878,-1.893142,0,0,-0.8293819,0.5586821
2327,20,0.2894243,-0.2704687,0,0,0.5719377,0.8202971
2328,20,1.305618,-0.5020645,0,0,-0.7553428,0.6553299
2329,20,0.3747583,-0.08838192,0,0,0.773868,0.6333469
2330,20,1.340641,-0.4628138,0,0,-0.7329347,0.680299
2331,20,-0.04698458,-0.04738921,0,0,0.7350892,0.6779704
2332,20,0.9742584,0.8087442,0,0,-0.2942563,0.9557266
2333,20,0.2729415,-0.461967,0,0,0.4745157,0.880247
2334,20,-0.06089532,0.007725859,0,0,-0.09419312,0.995554
2335,20,0.09258237,1.440013,0,0,-0.9851658,0.1716052
2336,20,4.078818,-0.1540098,0,0,-0.575289,0.8179502
2337,20,-0.2548782,-1.090146,0,0,0.1204554,0.9927188
2338,20,0.32463,-0.1652456,0,0,-0.7695126,0.6386316
2339,20,0.09765846,-0.1684009,0,0,0.5870234,0.80957
2340,20,0.1172419,0.3081872,0,0,-0.03246497,0.9994729
2341,20,0.7689613,0.4170901,0,0,0.964616,0.2636588
2342,20,1.190364,0.6080837,0,0,-0.3134494,0.9496049
2343,20,0.7738128,0.07678721,0,0,0.9031124,0.4294043
2344,20,1.368202,1.338047,0,0,-0.1436928,0.9896224
2345,20,0.4303032,-2.131348,0,0,0.3833517,0.9236025
2346,20,-0.6799369,0.3323199,0,0,-0.6379991,0.7700371
2347,20,1.14239,1.330934,0,0,0.9989272,0.04630705
2348,20,0.6210199,-0.9797767,0,0,-0.8401232,0.5423956
2349,20,0.234025,-0.3711052,0,0,0.6065614,0.7950367
2350,20,-0.05133713,0.02505054,0,0,-0.2482061,0.9687073
2351,20,0.2939687,0.7887477,0,0,-0.9838985,0.1787281
2352,20,0.5180012,0.8943856,0,0,0.06071104,0.9981554
2353,20,3.077434,1.831107,0,0,0.9877661,0.1559429
2354,20,-0.5896779,-1.34288,0,0,-0.9882286,0.1529846
2355,20,-0.4317998,-0.08534313,0,0,0.9381745,0.3461627
2356,20,0.5408019,-1.034022,0,0,-0.8156657,0.5785235
2357,20,-0.378089,-0.1881634,0,0,0.9803162,0.1974337
2358,20,0.9553998,0.872085,0,0,-0.02234907,0.9997503
2359,20,0.6616463,0.1516458,0,0,0.9732466,0.2297632
2360,20,1.459059,0.5104221,0,0,-0.1969006,0.9804235
2361,20,0.6464012,-0.2559659,0,0,0.8714448,0.4904937
2362,20,0.4726182,0.5776527,0,0,0.08765916,0.9961506
2363,20,2.454023,0.9140451,0,0,0.9899949,0.1411031
2364,20,-0.2900354,-1.808913,0,0,-0.9233146,0.3840445
2365,20,-0.5963926,0.1990507,0,0,0.8885069,0.4588632
2366,20,1.4855,0.08446492,0,0,-0.2644786,0.9643916
2367,20,-0.3214046,0.1359222,0,0,0.8777346,0.4791471
2368,20,0.8017686,0.9291977,0,0,0.152749,0.988265
2369,20,-0.4551498,-0.3096008,0,0,-0.9995564,0.02978428
2370,20,-0.5310651,2.650777,0,0,0.59058,0.8069791
2371,20,0.2476116,-3.244588,0,0,0.5628467,0.8265613
2372,20,-0.4664271,0.4957003,0,0,-0.5825717,0.8127793
2373,20,1.570166,-0.1492445,0,0,0.9677341,0.2519736
2374,21,-0.2359408,0.08113923,0,0,0.9346802,0.3554896
2375,21,0.9375759,1.054058,0,0,0.2160188,0.9763892
2376,21,0.5529994,-0.6302398,0,0,0.7956942,0.6056985
2377,21,0.3022063,-0.008182681,0,0,-0.2320947,0.9726932
2378,21,0.2020261,0.3603958,0,0,-0.9605271,0.2781866
2379,21,1.062318,1.479814,0,0,0.2244092,0.974495
2380,21,2.291144,-0.2397537,0,0,0.9490713,0.3150612
2381,21,1.535289,-0.6457932,0,0,-0.4550884,0.8904463
2382,21,0.8881391,-1.186991,0,0,0.7241889,0.6896016
2383,21,0.0130081,-0.2023787,0,0,-0.8463195,0.5326757
2384,21,0.2860942,0.05757522,0,0,0.9702021,0.2422972
2385,21,0.07300478,0.06371675,0,0,0.1538044,0.9881013
2386,21,0.2648555,1.442077,0,0,-0.9358629,0.3523644
2387,21,1.518756,-0.6012179,0,0,-0.5000888,0.8659742
2388,21,0.579203,0.4343071,0,0,0.9988716,0.04749199
2389,21,2.513009,-0.9912707,0,0,-0.5198848,0.8542364
2390,21,0.04731747,-0.03517571,0,0,0.5607625,0.8279767
2391,21,0.8224926,0.4228769,0,0,-0.1271009,0.9918898
2392,21,0.7456216,-0.2623037,0,0,0.8333021,0.5528178
2393,21,1.008695,-0.3429603,0,0,-0.5248203,0.851213
2394,21,0.07508657,0.03280526,0,0,0.9054468,0.4244599
2395,21,1.342057,0.2939688,0,0,-0.297361,0.9547651
2396,21,-1.04666,-0.181892,0,0,0.9463377,0.3231795
2397,21,-1.422476,1.523053,0,0,0.6697589,0.7425787
2398,21,2.048522,-3.768915,0,0,0.5418246,0.8404916
2399,21,-0.04775323,-0.02037521,0,0,-0.9754882,0.2200519
2400,21,0.3290913,-0.2705082,0,0,0.6444365,0.7646579
2401,21,0.05054666,0.01224781,0,0,0.146564,0.9892012
2402,21,0.7551106,-0.9685468,0,0,0.5676363,0.8232794
2403,21,-0.2559037,-0.5553519,0,0,0.03418924,0.9994154
2404,21,1.444199,1.483188,0,0,0.9928572,0.1193092
2405,21,0.8853979,-0.01287949,0,0,-0.4784186,0.8781319
2406,21,1.900429,0.2675952,0,0,0.89141,0.4531977
2407,21,0.6746794,-0.2646546,0,0,-0.6366678,0.7711381
2408,21,1.610409,0.3031209,0,0,0.8927105,0.4506307
2409,21,1.066682,-0.7849379,0,0,-0.7537714,0.6571367
2410,21,-0.1024353,-0.663994,0,0,0.1021529,0.9947687
2411,21,-0.2721002,-0.3796888,0,0,-0.1499731,0.9886901
2412,21,1.221434,0.03201723,0,0,0.8318246,0.5550386
2413,21,-0.1440567,-0.5044247,0,0,0.01056444,0.9999442
2414,21,0.5408307,2.737322,0,0,-0.9963598,0.08524831
2415,21,1.872735,-1.065563,0,0,-0.7525996,0.6584784
2416,21,1.803919,-0.6162875,0,0,0.7020223,0.712155
2417,21,-0.1114823,-0.5057833,0,0,-0.994478,0.1049445
2418,21,0.3382575,0.0359145,0,0,0.7916502,0.6109747
2419,21,0.03494287,-0.04828611,0,0,-0.4902181,0.8715998
2420,21,0.5404113,1.309713,0,0,0.9974617,0.07120571
2421,21,0.3550306,-0.9072187,0,0,-0.9407356,0.3391409
2422,21,0.01634002,0.06470043,0,0,0.8805615,0.4739319
2423,21,0.3322901,0.569265,0,0,-0.1002479,0.9949625
2424,21,1.689572,1.879964,0,0,0.965335,0.2610141
2425,21,1.55584,-1.692805,0,0,-0.8842573,0.4669999
2426,21,0.7259464,-0.5026853,0,0,0.5191876,0.8546603
2427,21,0.5245527,-0.5898147,0,0,-0.8837792,0.4679042
2428,21,0.4917611,-0.2009003,0,0,0.5810447,0.8138717
2429,21,0.1236888,-0.03835573,0,0,-0.5938894,0.8045467
2430,21,0.4912442,0.6879771,0,0,0.9631058,0.269123
2431,21,0.3100852,0.310687,0,0,-0.2613409,0.9652466
2432,21,1.563685,2.522828,0,0,0.9738154,0.2273402
2433,21,0.2369098,-2.331782,0,0,-0.9941489,0.108019
2434,21,-0.2119523,0.2334029,0,0,0.4773172,0.8787311
2435,21,1.015986,0.4065376,0,0,-0.5082508,0.8612091
2436,21,1.141787,-0.102142,0,0,0.6788604,0.7342674
2437,21,0.7245112,-0.448483,0,0,-0.8458742,0.5333824
2438,21,0.57038,-0.1920959,0,0,0.5599949,0.828496
2439,21,0.124954,0.0393551,0,0,-0.3970904,0.9177795
2440,21,1.416777,0.9688086,0,0,0.8800529,0.4748756
2441,21,-0.4745366,-0.07969721,0,0,-0.6874799,0.7262034
2442,21,-0.2445924,2.44328,0,0,-0.9993631,0.03568424
2443,21,-1.304147,-2.691738,0,0,0.9730585,0.2305586
2444,21,-0.8155199,0.7795506,0,0,0.396626,0.9179803
2445,21,1.483674,-0.6252406,0,0,-0.8375748,0.5463227
2446,21,-0.5586575,0.2845274,0,0,0.5320195,0.8467321
2447,21,0.2014655,1.075733,0,0,-0.1009506,0.9948915
2448,21,0.9157212,0.5027816,0,0,0.8271456,0.5619877
2449,21,1.469253,-0.05443328,0,0,-0.7390661,0.673633
2450,21,0.6503448,0.4099024,0,0,0.8338621,0.5519729
2451,21,2.425745,-0.03506483,0,0,-0.742835,0.6694745
2452,21,0.6549975,-0.6939263,0,0,0.2884679,0.9574896
2453,21,0.705166,-0.2133939,0,0,-0.8221558,0.5692625
2454,21,0.8552265,0.1424385,0,0,0.6977967,0.7162959
2455,21,1.009718,-0.7814798,0,0,-0.9213454,0.388745
2456,21,0.1554036,-0.07668144,0,0,0.3392282,0.9407041
2457,21,0.1569531,-0.04088499,0,0,-0.7559907,0.6545823
2458,21,-0.1095779,0.02878225,0,0,-0.9312094,0.3644847
2459,21,2.865476,2.841102,0,0,-0.4616443,0.8870651
2460,21,0.3515093,-2.211492,0,0,-0.0280738,0.9996058
2461,21,0.04434079,-0.06852237,0,0,-0.8992166,0.4375037
2462,21,0.9845908,-0.8286948,0,0,0.3098773,0.9507766
2463,21,-0.1884643,0.02374703,0,0,-0.8734452,0.4869225
2464,21,0.7493019,0.7147708,0,0,0.8606289,0.5092326
2465,21,0.467032,0.04414256,0,0,-0.7258777,0.6878238
2466,21,1.329114,0.786456,0,0,0.7966797,0.6044017
2467,21,0.2205359,-0.1319333,0,0,-0.8939549,0.4481569
2468,21,0.5415713,1.133111,0,0,0.9350318,0.354564
2469,21,1.080305,-0.5992435,0,0,-0.9145943,0.4043727
2470,21,1.188766,0.7761113,0,0,0.8015904,0.5978736
2471,21,-0.4225582,-1.991948,0,0,0.9726591,0.2322377
2472,21,-0.2699436,0.653338,0,0,0.07838705,0.996923
2473,21,0.6083888,0.661583,0,0,-0.475414,0.8797622
2474,21,0.2991443,0.2328848,0,0,0.8014225,0.5980986
2475,21,0.8723447,-0.0629724,0,0,-0.8148555,0.5796641
2476,21,-0.04045796,0.1761371,0,0,0.9927628,0.1200916
2477,21,3.732248,1.59043,0,0,-0.6698892,0.7424611
2478,21,0.155745,-1.529546,0,0,-0.1157968,0.9932729
2479,21,0.2720923,-0.3899119,0,0,-0.9850976,0.1719964
2480,21,0.04463736,0.02534771,0,0,0.5769058,0.8168107
2481,21,0.7368492,0.9278961,0,0,-0.4690274,0.8831836
2482,21,0.4060673,-0.7330396,0,0,0.07134607,0.9974516
2483,21,0.1151578,0.05797253,0,0,-0.5875857,0.809162
2484,21,0.7484583,-0.53207,0,0,0.2888521,0.9573737
2485,21,-0.03839578,-0.383376,0,0,-0.2478695,0.9687935
2486,21,0.9477473,2.577053,0,0,0.9379693,0.3467182
2487,21,1.967467,-2.177402,0,0,-0.9813143,0.1924117
2488,21,0.3414562,-0.3641917,0,0,0.1779769,0.9840347
2489,21,0.9666408,-0.673929,0,0,-0.9529068,0.3032634
2490,21,0.1368665,-0.07755791,0,0,0.287421,0.9578043
2491,21,0.6977237,-0.1825638,0,0,-0.8845673,0.4664127
2492,21,-0.1636377,-0.2719698,0,0,0.9087697,0.4172981
2493,21,0.04647152,1.986781,0,0,-0.1922053,0.9813548
2494,21,1.679599,-1.147947,0,0,0.2904866,0.956879
2495,21,0.6065357,0.04791757,0,0,-0.7981456,0.6024646
2496,21,1.699408,-0.2675436,0,0,0.491854,0.8706777
2497,21,0.9615002,-0.4324118,0,0,-0.9255771,0.3785591
2498,21,0.6223093,-0.4651861,0,0,0.2633289,0.9647061
2499,21,0.5570624,0.1884081,0,0,-0.7223422,0.6915358
2500,21,0.5068521,-0.8663086,0,0,0.06736936,0.9977281
2501,21,-0.2268264,-0.1868739,0,0,-0.6026012,0.7980425
2502,21,1.255016,0.361051,0,0,0.6658559,0.7460803
2503,21,-0.06337696,-0.1850909,0,0,-0.3649884,0.931012
2504,21,1.743507,3.290818,0,0,0.9049452,0.4255281
2505,21,0.2538068,-2.974975,0,0,0.9883263,0.1523525
2506,21,0.006344526,0.166789,0,0,-0.2084591,0.9780311
2507,21,0.6135955,0.02021618,0,0,-0.8215572,0.5701261
2508,21,0.2071757,0.03193983,0,0,0.616791,0.787127
2509,21,0.4976784,0.7036428,0,0,-0.4832262,0.8754956
2510,21,1.598313,-0.3584988,0,0,0.4611835,0.8873048
2511,21,-0.4965177,0.1155015,0,0,-0.8881146,0.4596221
2512,21,-0.2353843,1.492834,0,0,0.9931847,0.1165512
2513,21,0.4697264,-1.654401,0,0,0.998296,0.05835431
2514,21,-0.3199527,-0.222327,0,0,0.7753603,0.6315191
2515,21,2.40887,-0.3397473,0,0,-0.8680608,0.4964578
2516,21,0.4848629,-0.4659874,0,0,0.2126961,0.9771184
2517,21,0.6032214,-0.9350695,0,0,-0.9959864,0.08950466
2518,21,-0.4472329,0.1195038,0,0,0.437223,0.8993531
2519,21,0.3625988,0.9239756,0,0,-0.3744934,0.9272296
2520,21,0.102296,0.09396372,0,0,0.8438414,0.5365926
2521,21,0.7502551,2.425711,0,0,-0.3357408,0.9419544
2522,21,2.483572,-1.942087,0,0,0.2640736,0.9645025
2523,21,0.1130202,-0.5881321,0,0,0.9946221,0.1035709
2524,21,0.4082323,0.03515614,0,0,0.6130735,0.7900259
2525,21,0.9703162,-0.6441593,0,0,-0.9550233,0.2965307
2526,21,-0.2933859,0.04402617,0,0,0.479209,0.8777008
2527,21,0.3331783,1.161479,0,0,-0.3232987,0.9462969
2528,21,0.8161156,-0.5912233,0,0,0.2966255,0.9549939
2529,21,0.6550497,0.1084494,0,0,-0.7811109,0.6243923
2530,21,0.07150891,0.01834276,0,0,0.7648027,0.6442646
2531,21,0.1810509,2.09482,0,0,-0.22196,0.9750558
2532,21,1.494768,-3.089127,0,0,0.05625425,0.9984165
2533,21,-0.05791044,0.196705,0,0,-0.9995654,0.02947888
2534,21,1.0898,-0.42885,0,0,0.4254735,0.9049709
2535,21,-0.04460489,0.03061721,0,0,-0.8503636,0.5261956
2536,21,1.086901,-0.01766949,0,0,0.5847559,0.8112093
2537,21,-0.2550317,-0.1712174,0,0,-0.5726492,0.8198005
2538,21,0.2104637,1.746216,0,0,0.9773809,0.2114866
2539,21,2.28667,0.2404356,0,0,-0.7809866,0.6245478
2540,21,2.003266,-0.9567552,0,0,0.4032576,0.9150865
2541,21,0.127796,-0.7109582,0,0,0.9966043,0.08234045
2542,21,0.04214688,-0.02545217,0,0,0.6438823,0.7651245
2543,21,0.7769774,0.8317201,0,0,-0.5109133,0.8596323
2544,21,0.850933,-1.393929,0,0,0.1413193,0.9899641
2545,21,-0.2608045,0.187915,0,0,-0.92666,0.3759006
2546,21,0.7051402,0.5832527,0,0,0.8476902,0.5304917
2547,21,0.1306694,0.2019858,0,0,-0.4739276,0.8805639
2548,21,1.27411,1.696722,0,0,0.9024951,0.4307002
2549,21,2.111321,0.1144152,0,0,-0.7796649,0.6261969
2550,21,2.286277,-1.392833,0,0,0.385387,0.922755
2551,21,-0.1541041,-0.4667064,0,0,0.9503443,0.3112003
2552,21,0.1444562,-0.1221379,0,0,0.4092087,0.9124408
2553,21,0.04649189,0.1078117,0,0,-0.4684816,0.8834733
2554,21,0.9081275,0.7147812,0,0,0.8553026,0.5181289
2555,21,0.6210116,0.4233567,0,0,-0.5804335,0.8143077
2556,21,1.992403,0.2724832,0,0,0.6905007,0.7233317
2557,21,0.3013682,0.0463949,0,0,-0.7681171,0.6403095
2558,21,2.16753,1.004418,0,0,0.7941324,0.6077449
2559,21,0.2167241,-0.3857809,0,0,-0.9929533,0.1185063
2560,21,1.010239,0.4270618,0,0,0.7957556,0.6056179
2561,21,0.05657332,-0.2450153,0,0,0.9984666,0.05535688
2562,21,0.3409536,0.2221954,0,0,0.8690891,0.4946556
2563,21,0.3200835,-0.1058263,0,0,-0.8842101,0.4670893
2564,21,1.011307,0.07470124,0,0,0.7021832,0.7119963
2565,21,-0.4150137,-0.7194591,0,0,-0.2924947,0.9562671
2566,21,-1.339102,2.926792,0,0,-0.9869717,0.1608939
2567,21,-1.51593,-3.090335,0,0,0.9598292,0.280585
2568,21,-1.156744,0.8940705,0,0,0.3830398,0.9237318
2569,21,1.912014,0.1168072,0,0,-0.7245911,0.689179
2570,21,-0.1847735,0.02368666,0,0,0.5208854,0.8536266
2571,21,1.109974,0.4514658,0,0,-0.6021797,0.7983606
2572,21,0.3261078,0.0453144,0,0,0.7865766,0.6174927
2573,21,1.3839,0.5119318,0,0,-0.6035348,0.7973367
2574,21,0.4788593,-0.01100317,0,0,0.7258631,0.6878392
2575,21,1.09078,0.9618284,0,0,-0.4385813,0.8986915
2576,21,1.55016,-0.03138938,0,0,0.7084851,0.7057258
2577,21,1.871493,0.01350965,0,0,-0.7141578,0.6999848
2578,21,0.6732965,-1.478076,0,0,0.2365486,0.9716197
2579,21,0.1110038,-0.03973005,0,0,-0.925776,0.3780724
2580,21,0.7255052,-0.4771468,0,0,0.5185617,0.8550403
2581,21,-0.548631,-0.1688461,0,0,-0.5352717,0.84468
2582,21,-0.3952979,1.355163,0,0,-0.9823818,0.1868849
2583,21,0.7931393,-0.1833428,0,0,-0.7808819,0.6246786
2584,21,0.6326481,1.248745,0,0,0.9848669,0.1733128
2585,21,1.726467,-2.304117,0,0,-0.9349253,0.3548447
2586,21,0.1063839,-0.2312845,0,0,0.3747185,0.9271386
2587,21,0.427698,-0.5227506,0,0,-0.9340966,0.3570203
2588,21,-0.02815223,-0.1735007,0,0,0.9843042,0.17648
2589,21,1.900382,0.5923661,0,0,-0.5429289,0.8397787
2590,21,0.04183161,-0.4791238,0,0,0.1863249,0.9824882
2591,21,-0.01264899,0.06024794,0,0,-0.3831722,0.9236769
2592,21,0.3844412,0.6585151,0,0,0.9910574,0.1334363
2593,21,0.905167,1.278623,0,0,-0.2236112,0.9746785
2594,21,3.357297,0.6262848,0,0,0.8388423,0.5443745
2595,21,-0.7432232,-1.185802,0,0,0.9841504,0.177336
2596,21,-0.6025471,-0.02832504,0,0,0.7746844,0.6323481
2597,21,1.1812,-0.2605076,0,0,-0.7069674,0.7072461
2598,21,0.09018598,-0.0730997,0,0,0.7422926,0.6700759
2599,21,0.5775822,0.280659,0,0,-0.4416965,0.8971645
2600,21,0.1552459,0.3993787,0,0,-0.9995322,0.03058393
2601,21,2.02254,1.547939,0,0,-0.3048184,0.9524105
2602,21,1.741339,-1.046537,0,0,0.6433361,0.7655839
2603,21,0.3001167,-0.3449668,0,0,-0.8881744,0.4595066
2604,21,0.4281089,0.3666099,0,0,0.9800671,0.1986665
2605,21,1.738041,-0.9208806,0,0,-0.750349,0.6610419
2606,21,0.2175401,-0.2788868,0,0,0.5728284,0.8196753
2607,21,0.741246,-0.170115,0,0,-0.6618913,0.7495998
2608,21,0.1920243,0.05045044,0,0,0.9532967,0.3020354
2609,21,1.227776,-0.1448286,0,0,-0.596572,0.8025596
2610,21,-0.1506495,-0.4687253,0,0,-0.9997414,0.02273931
2611,21,0.3851466,3.036599,0,0,0.1662627,0.9860815
2612,21,1.742043,-2.824188,0,0,0.5119469,0.8590171
2613,21,0.2566278,-0.4654862,0,0,-0.8923248,0.4513938
2614,21,0.1705856,-0.6317399,0,0,0.4262846,0.9045891
2615,21,-0.1454428,-0.01091132,0,0,-0.3001487,0.9538924
2616,21,0.7185719,0.5685061,0,0,0.9900388,0.1407951
2617,21,0.7968944,0.5882685,0,0,-0.1964826,0.9805073
2618,21,1.504782,-0.6722275,0,0,0.779479,0.6264284
2619,21,-0.3958426,-0.005722746,0,0,-0.3984391,0.9171948
2620,21,0.3713903,1.840235,0,0,-0.9736813,0.2279137
2621,21,1.772249,-1.752232,0,0,-0.751308,0.6599518
2622,21,0.02123504,-0.07339791,0,0,0.6919525,0.7219431
2623,21,1.087678,0.685209,0,0,-0.1706348,0.9853343
2624,21,0.02158417,-1.41381,0,0,0.3757387,0.9267257
2625,21,-0.501887,0.3324988,0,0,-0.6260294,0.7797995
2626,21,0.6686091,0.8576427,0,0,-0.998111,0.06143628
2627,21,-0.6701728,-0.08082438,0,0,-0.3066852,0.951811
2628,21,-0.9855542,1.265215,0,0,-0.7433022,0.6689557
2629,21,2.940811,-1.742706,0,0,-0.6032829,0.7975273
2630,21,0.7396744,-0.5805328,0,0,0.7763454,0.6303077
2631,21,0.446678,-1.052437,0,0,-0.8136634,0.5813363
2632,21,-0.1304652,-0.03840396,0,0,0.9537328,0.3006555
2633,21,1.221773,0.2380857,0,0,-0.2488814,0.968534
2634,21,0.5194788,-0.04264673,0,0,0.9412917,0.3375944
2635,21,0.9297202,0.06828848,0,0,-0.2875334,0.9577706
2636,21,0.527639,0.3316181,0,0,0.9999461,0.01038564
2637,21,1.178568,-0.4810778,0,0,-0.4749126,0.880033
2638,21,-0.06850985,-0.2265909,0,0,-0.9514979,0.3076555
2639,21,2.892805,2.412633,0,0,0.06924421,0.9975997
2640,21,-0.3940612,-1.786171,0,0,0.4106394,0.9117978
2641,21,0.05165505,-0.0438634,0,0,-0.6282657,0.7779989
2642,21,0.2153874,-0.1855234,0,0,0.8368593,0.5474181
2643,21,0.1332657,0.2829153,0,0,0.3133957,0.9496226
2644,21,0.7141836,-0.2143548,0,0,0.9356068,0.3530437
2645,21,0.07282939,0.1992249,0,0,0.3796993,0.9251099
2646,21,1.228818,1.526728,0,0,-0.9696807,0.2443753
2647,22,2.852211,-0.1871078,0,0,0.9712856,0.2379166
2648,22,-0.05430979,-0.8484771,0,0,-0.8614937,0.5077683
2649,22,0.04344205,0.02285132,0,0,0.9991366,0.04154614
2650,22,0.9909188,-0.3880997,0,0,-0.4113211,0.9114905
2651,22,0.5359036,0.2369699,0,0,0.9987971,0.04903431
2652,22,1.284695,-0.9029419,0,0,-0.5360508,0.8441858
2653,22,-0.05518869,0.09048836,0,0,0.7518471,0.6593375
2654,22,0.2692029,0.3719096,0,0,0.207628,0.9782079
2655,22,-0.009174509,0.5471655,0,0,-0.8817244,0.4717649
2656,22,2.69393,2.143567,0,0,0.03780205,0.9992852
2657,22,1.334484,-1.912648,0,0,0.695305,0.7187148
2658,22,0.4415793,-0.5566217,0,0,-0.6893188,0.7244582
2659,22,0.7204185,-0.3246016,0,0,0.8460928,0.5330356
2660,22,0.2591146,-0.6308758,0,0,-0.7949536,0.6066701
2661,22,-0.4077203,-0.1051532,0,0,0.9811044,0.1934788
2662,22,-0.400136,0.9353554,0,0,0.6001151,0.7999136
2663,22,1.909278,-0.5999327,0,0,0.8606545,0.5091894
2664,22,0.1860938,-0.01821169,0,0,-0.3407407,0.9401574
2665,22,1.413162,1.138727,0,0,0.9981608,0.06062265
2666,22,1.113848,-0.812955,0,0,-0.6496451,0.7602376
2667,22,0.9563296,0.192252,0,0,0.9459414,0.3243376
2668,22,0.9548849,-1.300215,0,0,-0.7715893,0.6361211
2669,22,0.02510901,0.03009759,0,0,0.7977705,0.6029612
2670,22,1.128084,-0.2412855,0,0,-0.5046348,0.8633329
2671,22,-0.2492381,0.03149218,0,0,0.9080833,0.4187895
2672,22,0.8588742,1.007462,0,0,-0.007829203,0.9999694
2673,22,-0.1959554,-0.1389114,0,0,0.9975982,0.06926715
2674,22,0.6905434,3.512607,0,0,0.2202587,0.9754415
2675,22,-2.082634,-1.496128,0,0,-0.1881634,0.9821377
2676,22,-1.486374,0.5554538,0,0,-0.6348271,0.7726542
2677,22,1.50542,-0.261386,0,0,0.823122,0.5678645
2678,22,-0.2183031,-0.2692079,0,0,-0.1307792,0.9914115
2679,22,2.120269,-0.2019292,0,0,0.8372976,0.5467474
2680,22,-0.3952106,0.06567376,0,0,-0.6218931,0.7831022
2681,22,1.009376,1.120748,0,0,0.991363,0.1311466
2682,22,0.3825175,0.07075899,0,0,-0.3793342,0.9252597
2683,22,1.874048,1.134123,0,0,0.9580051,0.2867513
2684,22,0.9997601,-0.2239695,0,0,-0.6028587,0.797848
2685,22,2.438151,-0.1543709,0,0,0.8188444,0.5740156
2686,22,-0.1400962,-0.3615523,0,0,-0.9963209,0.08570095
2687,22,0.4183547,0.07388198,0,0,0.8479191,0.5301256
2688,22,0.04509966,-0.09053968,0,0,-0.7682427,0.6401587
2689,22,0.3319776,0.4447699,0,0,0.9836218,0.1802449
2690,22,0.1107029,0.2534034,0,0,0.07080649,0.99749
2691,22,1.94126,2.508724,0,0,0.9862593,0.1652043
2692,22,0.3778973,-1.112274,0,0,-0.9407673,0.3390527
2693,22,0.5697128,0.3299753,0,0,0.9178169,0.397004
2694,22,0.7376249,-1.458253,0,0,-0.9227743,0.3853408
2695,22,-0.03191872,0.135803,0,0,0.438457,0.8987522
2696,22,0.3121091,0.4841599,0,0,-0.1033774,0.9946422
2697,22,1.434321,-0.1613896,0,0,0.7418323,0.6705854
2698,22,0.4105764,-0.1054543,0,0,-0.6652422,0.7466276
2699,22,0.9720752,-0.6655291,0,0,0.5415035,0.8406985
2700,22,-0.2075134,-0.8456271,0,0,-0.04424734,0.9990206
2701,22,-0.6158245,2.905547,0,0,-0.9806495,0.1957717
2702,22,1.304875,-2.9114,0,0,-0.9528688,0.3033826
2703,22,0.3150914,-0.2655753,0,0,0.4361876,0.8998557
2704,22,0.360427,-0.8346896,0,0,-0.9523753,0.3049284
2705,22,0.01398577,0.05389274,0,0,0.7307935,0.6825986
2706,22,0.6206549,0.2379693,0,0,-0.4750031,0.8799841
2707,22,0.6314813,0.4069773,0,0,0.8890365,0.4578363
2708,22,0.6223015,0.3621363,0,0,-0.4170281,0.9088936
2709,22,1.192743,1.382537,0,0,0.9484062,0.317058
2710,22,2.061109,-0.8033001,0,0,-0.7951453,0.606419
2711,22,0.8524806,-0.8287931,0,0,0.3986361,0.9171092
2712,22,0.06375959,-0.06586893,0,0,-0.7489984,0.6625718
2713,22,1.218624,1.066989,0,0,0.9137526,0.406271
2714,22,-0.08509665,-1.089774,0,0,0.9999996,0.0008662501
2715,22,-0.02927654,0.06552744,0,0,0.59064,0.8069352
2716,22,0.3180657,0.1562287,0,0,-0.4585422,0.8886726
2717,22,0.579577,0.8869536,0,0,0.9516238,0.3072656
2718,22,0.3370459,0.04786217,0,0,-0.6002015,0.7998488
2719,22,0.2596618,2.040782,0,0,0.9964577,0.0840953
2720,22,2.028334,-3.113733,0,0,-0.9616916,0.2741336
2721,22,0.04716001,-0.09365983,0,0,-0.03991207,0.9992032
2722,22,0.5989968,-0.2520705,0,0,-0.8267187,0.5626156
2723,22,0.2736053,0.06051489,0,0,0.6989965,0.7151251
2724,22,0.4865386,0.1782323,0,0,-0.5632983,0.8262537
2725,22,0.6038488,0.9954411,0,0,0.944891,0.3273852
2726,22,0.5086682,-0.9605377,0,0,-0.9764352,0.2158108
2727,22,-0.1736455,-0.196183,0,0,0.9490748,0.3150507
2728,22,1.713052,0.8181493,0,0,-0.5690805,0.8222818
2729,22,1.605098,0.5087034,0,0,0.7611155,0.6486164
2730,22,1.247145,-2.023983,0,0,-0.9760505,0.2175442
2731,22,-0.1783661,0.268301,0,0,0.2887036,0.9574185
2732,22,1.351444,0.3202528,0,0,-0.6642025,0.7475527
2733,22,0.1428704,-0.1161642,0,0,0.2420915,0.9702534
2734,22,0.6816635,-0.0677928,0,0,-0.7743287,0.6327836
2735,22,-0.1797988,-0.3507418,0,0,0.9645482,0.2639067
2736,22,-0.5769454,2.051488,0,0,0.05887253,0.9982655
2737,22,3.589423,-1.214347,0,0,0.4984897,0.8668956
2738,22,0.1458399,-1.072059,0,0,0.9999044,0.01382803
2739,22,0.2673559,-0.08048175,0,0,0.4478626,0.8941024
2740,22,0.8806284,0.1304272,0,0,-0.7142075,0.699934
2741,22,0.5357919,-0.3275206,0,0,0.3614469,0.9323927
2742,22,0.342607,0.2650485,0,0,-0.5007138,0.8656129
2743,22,1.423597,-0.5310417,0,0,0.4593954,0.8882319
2744,22,-0.3745304,0.01552301,0,0,-0.8280054,0.5607201
2745,22,0.1536491,1.318881,0,0,0.9812762,0.1926057
2746,22,1.043783,-0.1224966,0,0,-0.8158039,0.5783286
2747,22,1.233127,1.251897,0,0,0.863714,0.5039824
2748,22,1.801533,-2.234334,0,0,-0.9778385,0.2093608
2749,22,-0.01723687,-0.4387473,0,0,-0.1935726,0.981086
2750,22,0.1210546,-0.1546815,0,0,-0.9627175,0.270509
2751,22,0.08739616,0.1606479,0,0,0.8880525,0.459742
2752,22,0.5643703,0.5329349,0,0,-0.5068567,0.8620303
2753,22,1.05702,0.8202851,0,0,0.8173453,0.5761482
2754,22,0.9204872,0.09646919,0,0,-0.7629622,0.6464431
2755,22,1.267387,1.380844,0,0,0.862085,0.5067638
2756,22,0.7653701,-2.361923,0,0,-0.999985,0.005480457
2757,22,-0.3358054,0.3329954,0,0,0.2611409,0.9653007
2758,22,1.185269,0.5170314,0,0,-0.666768,0.7452654
2759,22,0.7299406,0.07577524,0,0,0.6108865,0.7917182
2760,22,1.029005,-1.162883,0,0,-0.9791956,0.2029187
2761,22,-0.4981999,0.05029627,0,0,0.557475,0.8301937
2762,22,1.446763,0.624459,0,0,-0.6768085,0.7361591
2763,22,-0.9026207,-0.5223268,0,0,0.7753921,0.6314802
2764,22,-1.258851,2.436126,0,0,0.070424,0.9975172
2765,22,0.8270752,-3.710694,0,0,-0.06869113,0.997638
2766,22,-0.2156745,0.5545393,0,0,0.999968,0.008003105
2767,22,1.451391,0.04756954,0,0,0.5785403,0.8156539
2768,22,-0.09809663,0.09794817,0,0,-0.9888598,0.1488502
2769,22,0.6636471,0.5536273,0,0,0.8086668,0.5882669
2770,22,-0.2066155,0.01248394,0,0,-0.861051,0.5085187
2771,22,-0.2290764,1.09109,0,0,0.9961982,0.08711495
2772,22,1.795928,-1.183328,0,0,-0.9519053,0.3063924
2773,22,-0.01802076,0.01372889,0,0,0.5570744,0.8304626
2774,22,1.474517,1.126311,0,0,-0.6001619,0.7998785
2775,22,1.318475,-0.8779179,0,0,0.2941898,0.955747
2776,22,0.999106,-0.3589537,0,0,-0.9099202,0.4147833
2777,22,0.5805458,-0.770559,0,0,0.1260346,0.9920259
2778,22,0.1088408,-0.06383128,0,0,-0.9345059,0.3559475
2779,22,0.4353296,0.354586,0,0,0.7998223,0.6002369
2780,22,0.5988894,0.07427111,0,0,-0.7900876,0.6129939
2781,22,0.06599965,0.3824804,0,0,0.9587522,0.2842433
2782,22,1.692463,2.476565,0,0,-0.4734691,0.8808104
2783,22,1.708771,-2.713126,0,0,0.08497209,0.9963833
2784,22,0.09550384,-0.1875011,0,0,-0.9988168,0.04863079
2785,22,0.3165578,-1.034447,0,0,-0.04869667,0.9988136
2786,22,-0.6443957,-0.4213376,0,0,-0.6391858,0.7690523
2787,22,0.5197922,1.78079,0,0,0.9432086,0.3322012
2788,22,0.1375263,-0.4994574,0,0,0.9980868,0.06182773
2789,22,0.254061,0.1869807,0,0,0.7874112,0.6164281
2790,22,0.2537797,0.1342037,0,0,-0.674593,0.7381899
2791,22,0.6491463,1.781918,0,0,0.9321748,0.3620085
2792,22,1.24293,-1.275884,0,0,-0.9821208,0.188252
2793,22,0.7616605,0.2345108,0,0,0.6753309,0.7375149
2794,22,0.7288808,-1.797732,0,0,0.9999926,0.003846235
2795,22,-0.09975813,0.06613971,0,0,0.2704365,0.9627378
2796,22,0.7234259,-0.5493449,0,0,-0.9656716,0.259766
2797,22,-0.270978,-0.2043726,0,0,0.785859,0.6184056
2798,22,0.3723694,1.074539,0,0,-0.3556529,0.9346181
2799,22,0.6686771,0.9866348,0,0,0.8838612,0.4677493
2800,22,3.377398,0.5443345,0,0,-0.7824185,0.622753
2801,22,0.04870975,-0.8626602,0,0,-0.1549302,0.9879254
2802,22,0.348905,0.07200119,0,0,-0.7768478,0.6296884
2803,22,1.079145,-0.1847534,0,0,0.4948948,0.8689529
2804,22,0.8590468,-0.4404468,0,0,-0.9379367,0.3468066
2805,22,0.274298,-0.02687918,0,0,0.5446295,0.8386768
2806,22,1.032313,0.4674775,0,0,-0.6922847,0.7216244
2807,22,0.5844244,-0.2206429,0,0,0.4205459,0.9072713
2808,22,0.5284168,0.1073073,0,0,-0.772725,0.6347409
2809,22,0.01599496,0.2774522,0,0,0.9839182,0.1786193
2810,22,2.882606,3.003793,0,0,-0.5348347,0.8449567
2811,22,-1.616139,-1.700233,0,0,-0.5245758,0.8513638
2812,22,-0.6414235,0.8501178,0,0,-0.9876602,0.1566117
2813,22,1.132444,0.6651759,0,0,0.7734969,0.6338001
2814,22,0.1810709,-0.09654722,0,0,-0.9507591,0.3099307
2815,22,0.3114063,0.2897593,0,0,0.8497261,0.5272244
2816,22,0.6061202,0.9233843,0,0,-0.4527968,0.8916137
2817,22,1.253663,-0.1860354,0,0,0.5270094,0.8498594
2818,22,0.6212805,0.7331107,0,0,-0.504769,0.8632545
2819,22,2.461428,-1.424515,0,0,0.357982,0.9337285
2820,22,-0.04531641,0.170992,0,0,-0.9988927,0.04704546
2821,22,0.7555227,0.6476631,0,0,0.8390984,0.5439796
2822,22,1.195853,-0.2890477,0,0,-0.8772016,0.4801222
2823,22,0.7181345,-0.9547594,0,0,0.1821451,0.9832717
2824,22,-0.04891171,0.08833403,0,0,-0.9678439,0.2515517
2825,22,0.3211481,0.3052686,0,0,0.8684117,0.495844
2826,22,-0.07218263,0.4065197,0,0,-0.09506359,0.9954712
2827,22,2.311937,1.981641,0,0,0.8430496,0.5378358
2828,22,2.028534,-0.7478431,0,0,-0.8946797,0.4467082
2829,22,1.469964,-1.418816,0,0,0.2715922,0.9624124
2830,22,0.04436925,-0.196667,0,0,0.9943548,0.1061058
2831,22,0.5549423,-0.04249242,0,0,0.6046906,0.7964604
2832,22,-0.02641187,0.03124101,0,0,-0.728364,0.6851904
2833,22,0.598779,1.069726,0,0,0.934355,0.3563435
2834,22,1.049552,-0.1881393,0,0,-0.8472549,0.5311865
2835,22,0.9274284,0.1213501,0,0,0.6848772,0.7286585
2836,22,0.6134925,0.2800821,0,0,-0.6539509,0.756537
2837,22,1.449062,0.9568527,0,0,0.8298137,0.5580406
2838,22,2.052443,-0.2531919,0,0,-0.8201194,0.5721924
2839,22,0.9429349,-1.490677,0,0,0.1919202,0.9814106
2840,22,0.1331965,-0.08556476,0,0,-0.9635944,0.2673685
2841,22,0.6434975,-0.4728913,0,0,0.3908832,0.9204403
2842,22,-0.1515696,-0.1284267,0,0,-0.40565,0.9140285
2843,22,1.668061,-0.8766508,0,0,0.4524441,0.8917928
2844,22,-0.8081909,-1.293095,0,0,-0.3413132,0.9399496
2845,22,-1.533566,3.077194,0,0,-0.9876903,0.1564221
2846,22,-0.1724,-2.784522,0,0,0.9939192,0.110112
2847,22,-0.2053975,0.08227393,0,0,0.4100475,0.9120641
2848,22,0.5885554,-0.4896733,0,0,-0.941283,0.3376185
2849,22,0.2218293,0.140725,0,0,0.8892418,0.4574375
2850,22,1.256041,-0.2350207,0,0,-0.8145466,0.5800982
2851,22,0.7670868,-0.1965733,0,0,0.5965275,0.8025927
2852,22,0.2416875,0.01445774,0,0,-0.7847852,0.619768
2853,22,0.6576007,0.7956867,0,0,0.9341121,0.3569798
2854,22,0.1885172,0.05558116,0,0,-0.7213964,0.6925224
2855,22,0.3200956,1.813969,0,0,0.9941463,0.1080419
2856,22,0.9555844,-2.311577,0,0,-0.9871203,0.1599799
2857,22,0.1760728,-0.07848464,0,0,0.6340781,0.773269
2858,22,-0.2003489,-1.445041,0,0,0.9949427,0.1004441
2859,22,-0.7218727,0.04294693,0,0,0.6506535,0.7593747
2860,22,0.88863,0.3550787,0,0,-0.5887676,0.8083024
2861,22,0.04477419,-0.112512,0,0,0.9993299,0.0366025
2862,22,2.175903,1.667034,0,0,-0.4484496,0.8938081
2863,22,0.4122745,-0.3278188,0,0,0.4886542,0.8724775
2864,22,0.9599375,1.021481,0,0,-0.3730711,0.9278027
2865,22,1.488752,-1.435117,0,0,0.4232274,0.9060235
2866,22,0.2713278,-0.2874177,0,0,-0.9433566,0.3317805
2867,22,0.5549898,0.092581,0,0,0.8122345,0.583331
2868,22,1.073239,0.306351,0,0,-0.5915504,0.806268
2869,22,0.7009773,-0.9525689,0,0,0.376527,0.9264057
2870,22,-0.1888951,0.08850554,0,0,-0.7320778,0.681221
2871,22,0.643916,0.6333003,0,0,0.9517298,0.3069373
2872,22,0.001982728,0.1762486,0,0,-0.1042063,0.9945557
2873,22,1.789925,3.250823,0,0,0.9842172,0.1769648
2874,22,-0.0337548,-2.911939,0,0,-0.9980353,0.06265463
2875,22,-0.1404124,0.1643272,0,0,0.3026267,0.9531091
2876,22,0.6507884,-0.2899077,0,0,-0.8106665,0.5855082
2877,22,0.2233964,0.1014853,0,0,0.933903,0.3575264
2878,22,0.7307536,-0.3328683,0,0,-0.8028042,0.5962427
2879,22,0.1206767,0.1137844,0,0,0.991277,0.1317945
2880,22,1.40222,0.2800579,0,0,-0.5584779,0.8295194
2881,22,0.6625808,0.5778144,0,0,0.9620775,0.2727762
2882,22,2.339718,-1.132032,0,0,-0.7787359,0.6273518
2883,22,-0.4689044,0.1698375,0,0,0.6380691,0.7699791
2884,22,1.128443,1.68363,0,0,-0.1685305,0.9856964
2885,22,-0.04193954,-1.641128,0,0,0.1554204,0.9878484
2886,22,-0.1106704,0.204027,0,0,-0.865595,0.5007448
2887,22,0.6918876,0.3104809,0,0,0.9298423,0.3679583
2888,22,0.2338259,-0.01371172,0,0,-0.688705,0.7250416
2889,22,0.1656242,0.4492299,0,0,-0.9985323,0.05415931
2890,22,0.6931333,1.06264,0,0,-0.1267825,0.9919305
2891,22,2.428555,1.671265,0,0,0.9599781,0.280075
2892,22,0.8288416,-2.603211,0,0,-0.9400825,0.340947
2893,22,-0.1707365,0.1777678,0,0,0.4680196,0.8837181
2894,22,1.202705,-0.1701447,0,0,-0.6137269,0.7895184
2895,22,-0.2938681,0.08532044,0,0,0.7068743,0.7073392
2896,22,0.2619623,0.9977047,0,0,0.07510858,0.9971753
2897,22,1.261935,-0.1156124,0,0,0.8408247,0.5413074
2898,22,0.6926943,-0.8734604,0,0,-0.8456895,0.5336752
2899,22,-0.4792775,-0.5006704,0,0,0.9866603,0.1627928
2900,22,-0.4839237,1.968178,0,0,0.3592972,0.9332232
2901,22,2.472596,-1.706707,0,0,0.6921672,0.7217371
2902,22,0.7011572,-0.5430148,0,0,-0.7571892,0.6531956
2903,22,0.8074007,-0.7413335,0,0,0.6632164,0.7484277
2904,22,0.4657157,-0.1464339,0,0,-0.6331165,0.7740565
2905,22,0.4546129,-0.5072157,0,0,0.6480727,0.7615785
2906,22,-0.1642232,-0.02743797,0,0,-0.2558087,0.9667274
2907,22,0.01727244,0.8090515,0,0,-0.9447671,0.3277427
2908,22,1.157852,1.561558,0,0,-0.0007532249,0.9999997
2909,22,2.944032,-0.6798398,0,0,0.8517926,0.5238791
2910,22,0.452244,-0.6116995,0,0,-0.7991979,0.6010681
2911,22,1.068512,-0.2223805,0,0,0.8717234,0.4899983
2912,22,0.1526857,-0.06720669,0,0,-0.6698984,0.7424528
2913,22,0.7733656,0.7422137,0,0,0.9999237,0.01235473
2914,22,-0.07485457,-0.6956751,0,0,-0.9514747,0.3077269
2915,22,-0.2317957,-0.298784,0,0,-0.9998367,0.01806824
2916,22,0.8334963,0.7274591,0,0,-0.03920857,0.999231
2917,22,0.8327134,-0.03805887,0,0,0.9299,0.3678125
2918,22,0.1400354,0.3830136,0,0,0.2063046,0.9784878
2919,22,2.456699,2.458776,0,0,-0.9991428,0.04139666
2920,22,-0.5288821,-2.644404,0,0,-0.9414271,0.3372166
2921,22,-0.2775932,0.4511508,0,0,0.6502246,0.759742
2922,22,0.6564817,-0.7032915,0,0,-0.6766191,0.7363333
2923,22,-0.2517855,-0.5053478,0,0,-0.9765233,0.2154117
2924,22,1.332106,1.309818,0,0,0.07615162,0.9970962
2925,22,-0.01226834,-0.01401983,0,0,0.8690616,0.4947038
2926,22,0.2737645,1.092515,0,0,0.3582272,0.9336345
2927,22,1.704303,-0.1284584,0,0,0.9531105,0.3026224
2928,22,1.579013,-0.01901093,0,0,-0.2708078,0.9626334
2929,22,1.032827,-0.7588003,0,0,0.844852,0.535
2930,22,0.6335194,-0.1898249,0,0,-0.3848661,0.9229724
2931,22,1.029347,0.1538373,0,0,0.9878558,0.1553737
2932,22,0.6282769,-1.086144,0,0,-0.6775207,0.7355037
2933,22,-0.2958387,0.03655284,0,0,0.9613432,0.275353
2934,22,1.153995,0.325191,0,0,-0.06590769,0.9978257
2935,23,-0.4486332,-0.6462292,0,0,0.2799417,0.960017
2936,23,-1.194979,2.507536,0,0,-0.6950673,0.7189447
2937,23,1.14393,-3.678479,0,0,-0.7581337,0.6520991
2938,23,-0.3110586,0.5318625,0,0,0.7309046,0.6824796
2939,23,1.672544,0.1109756,0,0,-0.2055773,0.9786409
2940,23,0.05395451,-0.1169603,0,0,0.6466529,0.7627844
2941,23,0.4421143,0.1468456,0,0,-0.08911896,0.996021
2942,23,0.2003775,0.3049462,0,0,-0.9786645,0.2054646
2943,23,1.827352,0.6890689,0,0,-0.09757213,0.9952285
2944,23,0.2282471,-0.1901673,0,0,0.7828611,0.6221966
2945,23,0.322744,0.5586926,0,0,0.2357605,0.9718112
2946,23,1.455052,0.5899833,0,0,0.9922014,0.1246449
2947,23,2.164926,0.109061,0,0,-0.287623,0.9577437
2948,23,1.173581,-1.28984,0,0,0.7267468,0.6869054
2949,23,0.218971,-0.6043115,0,0,-0.80566,0.5923782
2950,23,0.2364654,-0.05428558,0,0,0.8686377,0.4954478
2951,23,0.4736435,0.09724386,0,0,-0.2277434,0.9737212
2952,23,0.331984,0.3400672,0,0,-0.9999985,0.001738027
2953,23,0.8263735,0.6620706,0,0,-0.02465465,0.999696
2954,23,0.6567891,0.9715667,0,0,-0.9959423,0.08999382
2955,23,3.576077,0.9573812,0,0,-0.2578267,0.9661912
2956,23,-1.115567,-0.7978777,0,0,-0.1149368,0.9933728
2957,23,-0.8926203,0.1709851,0,0,-0.5048381,0.863214
2958,23,0.5696252,0.9680597,0,0,-0.996567,0.08279059
2959,23,1.067904,-0.0148483,0,0,-0.4094667,0.9123251
2960,23,1.135634,-0.3123028,0,0,0.829647,0.5582883
2961,23,0.184732,-0.2776368,0,0,-0.7737228,0.6335243
2962,23,0.01132405,0.1182773,0,0,-0.9937593,0.1115461
2963,23,0.7261239,1.165437,0,0,0.05760545,0.9983394
2964,23,1.691479,0.7238302,0,0,0.9600976,0.279665
2965,23,2.662024,-0.008359177,0,0,-0.459233,0.8883159
2966,23,0.2146079,-1.518059,0,0,0.3386572,0.9409098
2967,23,0.1143026,-0.1527424,0,0,-0.7500575,0.6613726
2968,23,0.5471912,-0.1390566,0,0,0.7814899,0.6239179
2969,23,0.5448804,0.004305936,0,0,-0.4529448,0.8915386
2970,23,-0.1929824,0.004275629,0,0,0.915859,0.4015001
2971,23,-0.4998778,0.9767089,0,0,0.4935377,0.8697244
2972,23,1.924819,-1.492552,0,0,0.6359214,0.7717538
2973,23,0.1250032,-0.01228123,0,0,-0.3880168,0.9216523
2974,23,2.045201,-0.9130348,0,0,0.7124739,0.7016987
2975,23,0.1782586,-0.05534748,0,0,-0.5478187,0.836597
2976,23,1.655435,-1.367015,0,0,0.5981734,0.8013667
2977,23,-0.6703846,0.209125,0,0,-0.6937407,0.7202249
2978,23,1.779668,0.8475147,0,0,0.9302439,0.3669417
2979,23,-0.4095984,0.4155797,0,0,-0.8603195,0.5097553
2980,23,1.069519,0.993656,0,0,0.9707605,0.24005
2981,23,-1.099716,-0.7092432,0,0,-0.3336654,0.9426916
2982,23,-1.672983,2.51602,0,0,-0.896088,0.4438764
2983,23,0.3913282,-3.374328,0,0,-0.9747009,0.223513
2984,23,0.04894984,0.02226646,0,0,0.4424333,0.8968014
2985,23,0.4224638,-0.7409102,0,0,-0.9059174,0.4234544
2986,23,-0.0143561,0.05145782,0,0,0.8523718,0.5229363
2987,23,0.6580331,0.3520297,0,0,-0.3591081,0.933296
2988,23,0.9809098,0.5782083,0,0,0.9159893,0.4012027
2989,23,0.640617,-0.2835172,0,0,-0.7406744,0.6718642
2990,23,0.3043799,0.5369753,0,0,0.9831315,0.1829001
2991,23,1.832308,0.7215519,0,0,-0.4568399,0.889549
2992,23,1.712108,-0.9157185,0,0,0.5869895,0.8095946
2993,23,0.1672055,-0.1222063,0,0,-0.767041,0.6415981
2994,23,1.610452,0.8211834,0,0,0.8897837,0.4563824
2995,23,0.03219816,-1.116155,0,0,-0.9929284,0.1187151
2996,23,0.1404485,-0.1748148,0,0,0.2884014,0.9575096
2997,23,-0.01806179,-0.1015002,0,0,-0.2849849,0.958532
2998,23,0.2051291,1.095071,0,0,0.9988007,0.04896085
2999,23,0.4687701,0.1380004,0,0,-0.5034671,0.8640144
3000,23,0.7684745,2.203743,0,0,0.9923583,0.1233892
3001,23,1.335358,-2.493033,0,0,-0.9551383,0.2961602
3002,23,0.2801657,-0.1442403,0,0,0.4827856,0.8757386
3003,23,0.6846434,-0.9583104,0,0,-0.9334788,0.3586327
3004,23,-0.1742322,0.1034439,0,0,0.6273976,0.7786991
3005,23,0.5480081,0.7587351,0,0,-0.2554513,0.9668219
3006,23,1.227621,-0.1780317,0,0,0.6528652,0.7574741
3007,23,0.461002,-0.004371734,0,0,-0.6593672,0.751821
3008,23,1.353496,0.2286131,0,0,0.757208,0.6531737
3009,23,-0.432735,-0.1228859,0,0,-0.6445839,0.7645335
3010,23,-0.3907613,2.006769,0,0,-0.9964269,0.08445937
3011,23,1.633232,-3.186111,0,0,-0.9725276,0.2327877
3012,23,0.05577986,0.09626634,0,0,-0.04533826,0.9989717
3013,23,0.682954,0.006408815,0,0,-0.6899672,0.7238407
3014,23,0.5479285,0.01641424,0,0,0.6692268,0.7430582
3015,23,0.4986914,-0.2798029,0,0,-0.8552588,0.5182011
3016,23,0.0656762,0.1358625,0,0,0.913366,0.4071396
3017,23,0.1650537,0.8683687,0,0,-0.1008853,0.9948981
3018,23,2.46802,2.104676,0,0,0.8870616,0.4616511
3019,23,-0.2992743,-1.425722,0,0,0.990807,0.1352829
3020,23,-0.3512855,-0.08555171,0,0,0.7954137,0.6060668
3021,23,0.8209066,-0.9640066,0,0,-0.9508171,0.3097529
3022,23,-0.03270459,0.032642,0,0,0.8633211,0.5046551
3023,23,1.590314,-1.01742,0,0,-0.90107,0.4336737
3024,23,-0.1153248,0.08600905,0,0,0.5260026,0.8504829
3025,23,1.196953,-0.1516954,0,0,-0.7846696,0.6199142
3026,23,-0.3563194,-0.2231869,0,0,0.8633969,0.5045254
3027,23,0.3525925,1.851401,0,0,-0.1601327,0.9870955
3028,23,1.845593,0.326645,0,0,0.7018394,0.7123352
3029,23,2.810277,-0.1626941,0,0,-0.7800658,0.6256975
3030,23,-0.2682951,-1.319099,0,0,-0.2077325,0.9781857
3031,23,-0.07752856,0.01040519,0,0,-0.9388672,0.3442797
3032,23,0.5817915,-0.1706178,0,0,0.4885584,0.8725312
3033,23,-0.02638851,-0.08234898,0,0,-0.4736829,0.8806955
3034,23,0.2764441,1.345358,0,0,0.9758495,0.218444
3035,23,1.378629,-1.038276,0,0,-0.9347541,0.3552952
3036,23,-0.2665699,-0.07429426,0,0,0.7684825,0.6398708
3037,23,1.344114,1.883329,0,0,-0.4053771,0.9141495
3038,23,0.5728427,-1.635864,0,0,0.0370703,0.9993126
3039,23,-0.1253984,-0.04716011,0,0,-0.7591811,0.6508794
3040,23,1.932831,0.03108076,0,0,0.6118476,0.7909757
3041,23,0.06115875,-0.3210932,0,0,-0.9998806,0.01545387
3042,23,0.4596155,0.2285152,0,0,0.7524439,0.6586564
3043,23,0.4614802,-0.2457531,0,0,-0.9062667,0.4227062
3044,23,0.2196734,0.08988732,0,0,0.6992155,0.714911
3045,23,-0.1021072,0.2759049,0,0,0.09216054,0.9957442
3046,23,2.478518,3.336775,0,0,0.8934789,0.4491052
3047,23,-0.5540774,-2.78919,0,0,0.9712406,0.2381003
3048,23,-0.1992729,0.5651082,0,0,0.04393088,0.9990346
3049,23,0.9879712,0.2568319,0,0,-0.7140462,0.7000986
3050,23,0.520565,0.1224124,0,0,0.6605117,0.7508157
3051,23,0.6738434,-0.5790361,0,0,-0.9585282,0.2849976
3052,23,-0.0619955,-0.040672,0,0,0.8911962,0.4536181
3053,23,1.607965,0.6834357,0,0,-0.6723737,0.7402119
3054,23,0.7165928,0.008897791,0,0,0.5742196,0.8187013
3055,23,1.129968,0.3157253,0,0,-0.7198499,0.6941298
3056,23,0.8860691,0.6663898,0,0,0.8021129,0.5971724
3057,23,2.993982,-0.5229847,0,0,-0.8609471,0.5086945
3058,23,0.0433436,-0.6958996,0,0,-0.1551669,0.9878883
3059,23,0.5826166,-0.251055,0,0,-0.9108073,0.4128318
3060,23,-0.03490186,0.09823803,0,0,0.09143745,0.9958108
3061,23,0.1180527,0.4080623,0,0,-0.2888025,0.9573887
3062,23,0.326954,0.1275568,0,0,0.6942114,0.7197712
3063,23,0.1968721,1.174351,0,0,-0.2512369,0.9679256
3064,23,2.449244,0.456059,0,0,0.6391538,0.769079
3065,23,2.00872,-0.6818951,0,0,-0.9033423,0.4289204
3066,23,0.6447257,-1.080517,0,0,0.07895236,0.9968784
3067,23,0.3339838,-0.4274303,0,0,-0.9872565,0.159137
3068,23,-0.01763515,0.01254016,0,0,0.5960107,0.8029765
3069,23,0.4022608,1.082765,0,0,-0.3511208,0.9363301
3070,23,0.2000218,-1.439313,0,0,-0.1234428,0.9923517
3071,23,-0.5796364,-0.06424645,0,0,-0.8011922,0.5984071
3072,23,0.661402,0.8230664,0,0,0.8610022,0.5086012
3073,23,0.1504896,0.4641365,0,0,-0.3306775,0.9437438
3074,23,3.267861,2.054817,0,0,0.7663381,0.6424375
3075,23,-0.2150982,-1.317652,0,0,0.9635113,0.2676676
3076,23,0.08493028,0.01524581,0,0,0.5950331,0.8037012
3077,23,0.441512,-1.224928,0,0,0.9998251,0.01870304
3078,23,-0.3020178,0.2366463,0,0,0.2628669,0.9648321
3079,23,0.2893785,0.6865285,0,0,-0.3807345,0.9246844
3080,23,0.4417434,0.2069945,0,0,0.7206343,0.6933154
3081,23,0.5793498,1.119681,0,0,-0.4194207,0.907792
3082,23,2.281411,0.4076077,0,0,0.6266823,0.7792748
3083,23,1.371198,-0.9509813,0,0,-0.9592228,0.282651
3084,23,0.3561051,-0.2034219,0,0,0.3225911,0.9465384
3085,23,0.9512982,0.5900646,0,0,-0.6472343,0.7622911
3086,23,1.001494,-1.158667,0,0,0.1596186,0.9871787
3087,23,0.2658555,-0.08707102,0,0,-0.9096559,0.4153628
3088,23,0.4328469,-0.587123,0,0,0.122882,0.9924213
3089,23,-0.09589103,-0.3085601,0,0,-0.3359535,0.9418786
3090,23,2.040502,0.06837764,0,0,0.5707335,0.8211353
3091,23,-1.263598,-0.5038677,0,0,-0.7099389,0.7042633
3092,23,-1.49996,2.503723,0,0,-0.9971511,0.0754304
3093,23,-0.3795727,-3.80508,0,0,0.9702001,0.242305
3094,23,-0.1742666,0.7646464,0,0,-0.08616405,0.996281
3095,23,1.192436,-0.3826761,0,0,-0.9073898,0.4202901
3096,23,-0.2742387,-0.09107988,0,0,0.6730738,0.7395753
3097,23,1.250959,0.5280249,0,0,-0.7040485,0.7101519
3098,23,0.3207277,0.1757082,0,0,0.7568421,0.6535977
3099,23,1.957586,-0.08426573,0,0,-0.8414114,0.5403951
3100,23,-0.4231565,-0.02609401,0,0,0.5753991,0.8178728
3101,23,0.7223747,1.987967,0,0,-0.357701,0.9338362
3102,23,1.147292,-1.16722,0,0,0.2041855,0.9789322
3103,23,0.9287317,-0.06061851,0,0,-0.8476663,0.5305299
3104,23,1.053666,-0.5133625,0,0,0.3713591,0.9284893
3105,23,0.9971421,-0.5542278,0,0,-0.9422517,0.3349056
3106,23,0.1074312,-0.1830917,0,0,0.1225909,0.9924573
3107,23,0.5789182,0.0212888,0,0,-0.820723,0.5713263
3108,23,-0.1639013,-0.3514741,0,0,0.9127331,0.4085563
3109,23,-0.8514965,1.749448,0,0,0.04301872,0.9990743
3110,23,2.700375,-1.437374,0,0,0.3598928,0.9329937
3111,23,1.028966,-0.2747988,0,0,-0.8911011,0.4538049
3112,23,0.7966657,-1.425042,0,0,0.08917852,0.9960157
3113,23,0.01898194,0.0145364,0,0,-0.9362369,0.3513696
3114,23,0.9252075,-0.04260213,0,0,0.5692446,0.8221682
3115,23,0.3301492,0.1408348,0,0,-0.7057842,0.7084269
3116,23,1.269805,0.3309175,0,0,0.686588,0.7270467
3117,23,0.8377934,-0.1442659,0,0,-0.8665048,0.4991688
3118,23,0.3794562,-0.0580025,0,0,0.5498389,0.8352707
3119,23,0.1105018,0.6687,0,0,-0.2577336,0.966216
3120,23,2.238456,0.8074096,0,0,0.7225959,0.6912707
3121,23,2.491696,-0.1606669,0,0,-0.8288806,0.5594255
3122,23,-1.220623,-1.25208,0,0,-0.5036188,0.863926
3123,23,-0.9256951,0.6022636,0,0,-0.9353199,0.3538031
3124,23,0.9720832,0.9863891,0,0,0.8650635,0.5016623
3125,23,-0.1107812,0.02851583,0,0,-0.7953729,0.6061204
3126,23,1.135259,0.8041407,0,0,0.8208838,0.5710953
3127,23,-0.07359055,-0.01514142,0,0,-0.5675474,0.8233407
3128,23,1.163168,2.498404,0,0,0.9398162,0.3416804
3129,23,1.559889,-1.958759,0,0,-0.980549,0.1962745
3130,23,0.1765482,-0.5600603,0,0,0.05322858,0.9985824
3131,23,0.1556008,0.0622682,0,0,-0.7356457,0.6773665
3132,23,1.1858,0.6434552,0,0,0.7972816,0.6036075
3133,23,1.016151,-0.7463829,0,0,-0.9446519,0.3280743
3134,23,0.181071,-0.3042075,0,0,0.2028859,0.9792024
3135,23,0.1096588,0.1807843,0,0,-0.4584725,0.8887086
3136,23,0.7599139,-0.1400801,0,0,0.5714231,0.8206556
3137,23,-0.03131071,-0.04135874,0,0,-0.01713016,0.9998533
3138,23,2.956651,2.593101,0,0,0.8652335,0.501369
3139,23,0.6241621,-1.94622,0,0,-0.998924,0.04637623
3140,23,0.4394357,-0.4380305,0,0,0.3243796,0.945927
3141,23,0.6198559,-0.3186817,0,0,-0.910689,0.4130926
3142,23,0.2723318,-0.6854301,0,0,0.1291732,0.991622
3143,23,-0.3998057,-0.3025096,0,0,-0.4845735,0.8747506
3144,23,-0.03260637,1.442485,0,0,0.9983385,0.05762145
3145,23,1.356093,-0.08158097,0,0,-0.7889525,0.6144542
3146,23,1.464473,-0.03179321,0,0,0.6562093,0.7545789
3147,23,0.2013679,0.05620622,0,0,-0.735505,0.6775192
3148,23,1.720424,1.571142,0,0,0.8905293,0.4549259
3149,23,-0.1939183,-0.6182421,0,0,0.9698554,0.2436813
3150,23,-0.1058497,-0.151233,0,0,0.8826717,0.4699901
3151,23,0.9318005,-0.5934231,0,0,-0.9094663,0.4157777
3152,23,0.6859291,-0.2619465,0,0,0.5539969,0.8325187
3153,23,-0.1012649,0.1501433,0,0,-0.9260812,0.3773244
3154,23,0.1043763,0.6492177,0,0,0.9964008,0.08476678
3155,23,-0.09207855,-0.003181448,0,0,-0.5033672,0.8640726
3156,23,-0.2779958,2.659203,0,0,-0.9995931,0.02852561
3157,23,0.07677121,-3.782402,0,0,0.9998114,0.01941876
3158,23,-0.3830917,0.728559,0,0,0.1917162,0.9814504
3159,23,1.424985,-0.3789719,0,0,-0.8120506,0.5835871
3160,23,-0.4271443,-0.0538817,0,0,0.7022597,0.7119209
3161,23,0.9737861,1.170404,0,0,-0.3623851,0.9320285
3162,23,0.7617283,-0.519239,0,0,0.4917717,0.8707242
3163,23,0.2042936,0.008653167,0,0,-0.7750939,0.6318461
3164,23,0.09687714,0.6101818,0,0,0.9995546,0.02984184
3165,23,2.221848,-0.01354353,0,0,-0.7070766,0.7071369
3166,23,0.5187003,-0.02838244,0,0,0.736951,0.6759462
3167,23,2.062859,0.8619265,0,0,-0.543374,0.8394907
3168,23,1.043821,-1.63917,0,0,0.32381,0.9461221
3169,23,0.003786259,-0.3786595,0,0,0.9996607,0.02604734
3170,23,0.08101778,-0.04283848,0,0,0.7797084,0.6261427
3171,23,0.4232201,0.2613756,0,0,-0.4932097,0.8699105
3172,23,0.3905723,0.352594,0,0,0.950677,0.3101826
3173,23,0.5441852,1.046171,0,0,-0.2039928,0.9789724
3174,23,2.188285,1.049383,0,0,0.8839098,0.4676574
3175,23,1.934205,-0.9609466,0,0,-0.8172851,0.5762336
3176,23,0.7919433,-0.8728715,0,0,0.4526343,0.8916962
3177,23,0.4502166,-0.2385059,0,0,-0.8405273,0.5417692
3178,23,0.8179277,-0.02978193,0,0,0.7765964,0.6299985
3179,23,0.4288996,0.0005950549,0,0,-0.6836399,0.7298195
3180,23,1.004877,0.5855637,0,0,0.9218155,0.387629
3181,23,0.636265,-0.5702377,0,0,-0.8787605,0.4772631
3182,23,0.2588205,-0.147924,0,0,0.6682175,0.743966
3183,23,-0.03950956,-0.06867259,0,0,0.2297416,0.9732516
3184,23,0.5740471,3.19204,0,0,-0.9990603,0.04334291
3185,23,0.200596,-3.370426,0,0,-0.9874763,0.1577677
3186,23,-0.46949,0.3809826,0,0,0.515688,0.8567765
3187,23,1.143515,-1.041305,0,0,-0.8539884,0.520292
3188,23,-0.473007,-0.119915,0,0,0.8457499,0.5335796
3189,23,1.589478,-0.3940436,0,0,-0.6905091,0.7233237
3190,23,-0.9002652,-0.4725235,0,0,0.9196919,0.3926408
3191,23,-0.4540953,2.111389,0,0,0.2609047,0.9653646
3192,23,0.6211891,-0.6156433,0,0,0.5708841,0.8210307
3193,23,0.7001175,0.8636244,0,0,-0.1767691,0.9842523
3194,23,0.5494468,-1.740243,0,0,0.3571341,0.9340531
3195,23,-0.4109738,0.03937,0,0,-0.5383509,0.8427208
3196,23,1.695972,0.8910128,0,0,0.9487271,0.3160964
3197,23,0.3816699,-0.980229,0,0,-0.9279599,0.37268
3198,23,0.2286952,-0.1470212,0,0,0.7292917,0.6842029
3199,23,0.3055723,0.02479605,0,0,-0.5592769,0.8289809
3200,23,0.213085,0.4339602,0,0,-0.9982495,0.05914366
3201,23,0.9012547,0.6001447,0,0,-0.2649759,0.964255
3202,23,0.7484028,1.214855,0,0,0.9999748,0.007091896
3203,23,3.767173,-0.2278647,0,0,-0.5304685,0.8477046
3204,23,-0.05828576,-1.484075,0,0,0.266799,0.9637522
3205,23,0.06080185,-0.2821344,0,0,-0.9525507,0.3043799
3206,23,-0.001767489,-0.04730707,0,0,0.9359621,0.3521007
3207,23,0.3389699,0.691729,0,0,0.03465619,0.9993993
3208,23,1.093528,0.2073993,0,0,0.9320701,0.3622778
3209,23,1.236196,0.08540912,0,0,-0.4421595,0.8969364
3210,23,0.2899821,-0.09441075,0,0,0.8496007,0.5274265
3211,23,0.365677,0.9812233,0,0,0.1251481,0.9921381
3212,23,2.038583,-0.1937498,0,0,0.883269,0.4688666
3213,23,1.535287,-0.09559931,0,0,-0.4668002,0.8843628
3214,23,0.6747221,-1.296963,0,0,0.5705622,0.8212544
3215,23,0.1747804,0.006171624,0,0,-0.4908306,0.871255
3216,23,0.9184393,-0.8686019,0,0,0.7113087,0.7028798
3217,23,-0.3137263,0.0355473,0,0,-0.3981717,0.9173109
3218,23,1.220455,0.2120766,0,0,0.9552217,0.2958913
3219,23,-0.2101797,-0.7057416,0,0,0.2653867,0.964142
3220,23,-0.457922,3.391104,0,0,-0.8913523,0.4533112
3221,23,-0.08701448,-3.301433,0,0,-0.9213071,0.3888358
3222,23,-0.5924615,0.694298,0,0,0.6901131,0.7237015
3223,23,1.46253,0.7465605,0,0,-0.1283833,0.9917246
3224,23,0.2618068,-0.3920444,0,0,0.6915202,0.7223572
3225,23,0.4570284,0.1615869,0,0,-0.1920468,0.9813858
3226,23,0.8771942,0.3181444,0,0,0.989892,0.1418233
3227,23,0.7654116,-0.2735341,0,0,-0.4813138,0.8765483
3228,23,0.4362824,0.3078948,0,0,-0.9998806,0.01545101
3229,23,0.823306,-0.07820285,0,0,-0.3503513,0.9366183
3230,23,0.09605508,0.5048339,0,0,-0.9154402,0.402454
3231,23,3.880337,0.4657656,0,0,-0.2214961,0.9751613
3232,23,-0.07011078,-1.196035,0,0,0.4753429,0.8798006
3233,23,0.3957793,-0.2220846,0,0,-0.5043895,0.8634762
3234,23,0.3025967,-0.413261,0,0,0.7592852,0.650758
3235,23,0.0002382493,0.008750995,0,0,-0.2627798,0.9648558
3236,23,-0.07650317,0.4379391,0,0,-0.800218,0.5997092
3237,23,1.899038,0.4184678,0,0,-0.1156675,0.993288
3238,23,0.1656434,0.04789538,0,0,0.9980624,0.06222037
3239,23,1.711791,1.937011,0,0,0.2163566,0.9763144
3240,24,0.6601028,-1.726537,0,0,-0.7219594,0.6919355
3241,24,0.4122436,-0.2608081,0,0,0.8792228,0.4764109
3242,24,0.1702223,-0.09391493,0,0,-0.4464367,0.8948152
3243,24,0.3621912,0.8043901,0,0,-0.9411644,0.3379492
3244,24,0.07844749,-1.434919,0,0,-0.8411307,0.5408319
3245,24,-0.4918071,0.003197346,0,0,0.9705956,0.2407159
3246,24,0.8983553,0.290483,0,0,-0.09560721,0.9954191
3247,24,-0.01190347,0.001359179,0,0,-0.9343637,0.3563209
3248,24,0.9228702,2.206919,0,0,0.3107902,0.9504786
3249,24,3.341351,-0.3752883,0,0,0.940855,0.3388093
3250,24,-0.05130956,-1.77118,0,0,-0.8893499,0.4572272
3251,24,-0.1443224,0.1627624,0,0,0.7731358,0.6342405
3252,24,1.058267,0.009316728,0,0,-0.2963747,0.9550717
3253,24,0.1101358,-0.0323591,0,0,0.8456106,0.5338003
3254,24,0.4807925,0.414775,0,0,0.04274872,0.9990858
3255,24,0.3737201,0.535945,0,0,-0.9924011,0.1230451
3256,24,2.10831,0.8721505,0,0,-0.1475951,0.9890479
3257,24,0.469616,-0.3645135,0,0,0.7553422,0.6553306
3258,24,0.7317213,0.6036164,0,0,-0.007102968,0.9999748
3259,24,1.500718,-0.1426158,0,0,0.9069594,0.4212182
3260,24,1.809515,-0.2250574,0,0,-0.4258068,0.9048141
3261,24,-0.2205728,-0.7617618,0,0,0.2224026,0.9749549
3262,24,-0.2501014,-0.09717472,0,0,-0.2746634,0.9615404
3263,24,0.8039209,0.4252605,0,0,0.9828019,0.1846634
3264,24,0.7845891,-0.3228234,0,0,-0.561013,0.827807
3265,24,-0.3910577,-0.07225309,0,0,0.9578612,0.2872314
3266,24,-0.7463812,0.7978883,0,0,0.6797321,0.7334605
3267,24,4.396993,0.06606258,0,0,0.903985,0.4275642
3268,24,0.1089065,-1.583704,0,0,-0.9304863,0.3663266
3269,24,0.2231948,-0.2779311,0,0,0.56769,0.8232424
3270,24,0.3627611,-0.1350513,0,0,-0.5610641,0.8277724
3271,24,0.3425325,0.2879037,0,0,0.9851804,0.1715215
3272,24,1.195844,0.4416575,0,0,-0.2867954,0.9579918
3273,24,0.9136646,-0.217768,0,0,0.8058764,0.5920838
3274,24,0.7125218,-0.2027689,0,0,-0.5733145,0.8193354
3275,24,-0.02412544,0.03963688,0,0,0.9971198,0.07584275
3276,24,0.8057128,2.190925,0,0,0.1053376,0.9944365
3277,24,0.3806598,-1.652146,0,0,0.3503442,0.936621
3278,24,-0.189403,-0.1842649,0,0,-0.2297811,0.9732423
3279,24,1.924488,-1.892887,0,0,0.5914072,0.806373
3280,24,0.09363553,0.4969988,0,0,-0.9955392,0.09434815
3281,24,0.6572566,0.4224022,0,0,0.9560944,0.2930587
3282,24,-0.409057,-0.07890262,0,0,-0.5000168,0.8660157
3283,24,-0.3120556,1.001091,0,0,-0.9395786,0.3423333
3284,24,1.417081,1.00816,0,0,-0.2478567,0.9687967
3285,24,2.500693,-0.1316242,0,0,0.8146182,0.5799975
3286,24,1.160188,-0.4931957,0,0,-0.6970539,0.7170187
3287,24,0.9449598,-1.25518,0,0,0.4737384,0.8806656
3288,24,-0.188241,-0.01781447,0,0,-0.6383438,0.7697514
3289,24,1.573755,0.1314197,0,0,0.8340043,0.551758
3290,24,0.07999229,-0.05865157,0,0,-0.6142542,0.7891082
3291,24,1.719639,-0.2105029,0,0,0.7650521,0.6439684
3292,24,-0.5981475,-0.04982978,0,0,-0.5906444,0.806932
3293,24,1.657777,1.326225,0,0,0.9522415,0.3053459
3294,24,-1.947996,0.5071532,0,0,-0.7062619,0.7079507
3295,24,-2.005726,1.532942,0,0,-0.8312399,0.5559138
3296,24,-1.659469,-2.701015,0,0,0.9899061,0.1417244
3297,24,-0.5015836,0.8408591,0,0,0.4047691,0.9144189
3298,24,1.136369,-0.3871239,0,0,-0.7253704,0.6883587
3299,24,-0.02228095,0.04846073,0,0,0.859329,0.5114232
3300,24,1.001567,0.1040513,0,0,-0.5670038,0.8237152
3301,24,0.3499541,0.2506732,0,0,0.9060788,0.4231089
3302,24,0.7736989,0.6646256,0,0,-0.3060525,0.9520146
3303,24,1.521862,1.266139,0,0,0.9343842,0.3562669
3304,24,1.536411,-1.411273,0,0,-0.8749189,0.4842695
3305,24,0.3105482,-0.05987987,0,0,0.6291445,0.7772884
3306,24,1.350013,0.2345549,0,0,-0.5737646,0.8190202
3307,24,0.9685372,-0.5296676,0,0,0.5425562,0.8400195
3308,24,0.824851,-0.149801,0,0,-0.7081243,0.7060878
3309,24,0.3389974,-0.9538543,0,0,0.1933261,0.9811345
3310,24,-0.5419407,-0.1087692,0,0,-0.6342154,0.7731564
3311,24,-0.02256974,1.063419,0,0,-0.9995586,0.02970874
3312,24,0.3904085,0.4152841,0,0,-0.2906165,0.9568396
3313,24,2.235449,2.637946,0,0,0.946889,0.3215606
3314,24,0.001022237,-1.669318,0,0,-0.9992818,0.03789288
3315,24,0.3104874,0.05679765,0,0,0.7273886,0.6862258
3316,24,-0.3465555,-0.7501165,0,0,0.9848224,0.1735652
3317,24,-0.3804365,-0.09159726,0,0,0.8294789,0.558538
3318,24,0.4719235,0.205812,0,0,-0.5018729,0.8649414
3319,24,0.2384514,1.032281,0,0,0.9908242,0.1351566
3320,24,0.5440199,-1.504762,0,0,-0.9835529,0.1806206
3321,24,-0.6127305,-0.3234214,0,0,0.8695895,0.4937753
3322,24,0.8329204,1.572613,0,0,-0.2407414,0.9705893
3323,24,1.978724,0.2537347,0,0,0.7294105,0.6840763
3324,24,1.667573,-0.8988814,0,0,-0.8649083,0.5019298
3325,24,0.9122283,-0.6659596,0,0,0.4069566,0.9134475
3326,24,0.3854879,-0.5725532,0,0,-0.9565949,0.291421
3327,24,0.4156251,-0.02432839,0,0,0.6144292,0.788972
3328,24,0.3984443,-0.02260201,0,0,-0.71571,0.6983975
3329,24,0.6019297,0.3907257,0,0,0.8388888,0.5443029
3330,24,0.09570374,0.05808444,0,0,-0.3448752,0.9386485
3331,24,0.09463635,2.544507,0,0,0.9967567,0.08047388
3332,24,2.065292,-3.241533,0,0,-0.9739196,0.2268934
3333,24,0.04729931,-0.03614799,0,0,-0.02069362,0.9997858
3334,24,0.5114201,-0.3330252,0,0,-0.8940315,0.4480041
3335,24,0.01796309,0.1198066,0,0,0.9469592,0.3213539
3336,24,1.987886,-0.7597269,0,0,-0.8591131,0.5117858
3337,24,-0.1322566,0.515461,0,0,0.08436854,0.9964346
3338,24,0.1584434,0.7609648,0,0,-0.1561824,0.9877282
3339,24,0.6165524,0.0009822564,0,0,0.6180998,0.7860997
3340,24,0.6969455,0.5649412,0,0,-0.489465,0.872023
3341,24,0.9458827,0.9449144,0,0,0.8771906,0.4801423
3342,24,3.044296,0.3091669,0,0,-0.7348738,0.6782039
3343,24,0.7745751,-1.68128,0,0,0.1032779,0.9946526
3344,24,-0.09846858,-0.4958992,0,0,0.9861885,0.165627
3345,24,-0.08840327,0.02875072,0,0,0.6664178,0.7455785
3346,24,0.8011711,0.328242,0,0,-0.6286392,0.777697
3347,24,-0.1012631,0.0224808,0,0,0.6757905,0.7370938
3348,24,-0.1425104,1.137949,0,0,-0.0372836,0.9993047
3349,24,2.13028,-0.5434313,0,0,0.5073279,0.8617531
3350,24,0.5629683,0.0396142,0,0,-0.7464045,0.6654925
3351,24,2.285311,0.3816844,0,0,0.6704223,0.7419798
3352,24,0.1578099,-1.062387,0,0,0.9991511,0.04119525
3353,24,0.04585994,0.028116,0,0,0.5660915,0.8243424
3354,24,0.917294,0.4904327,0,0,-0.6120657,0.7908069
3355,24,1.136829,-0.6530475,0,0,0.3661514,0.9305553
3356,24,0.256133,-0.1103168,0,0,-0.8790606,0.4767101
3357,24,0.6350065,-0.5377834,0,0,0.269414,0.9630244
3358,24,0.101662,-0.6766732,0,0,-0.09095158,0.9958553
3359,24,-0.9371036,2.463267,0,0,-0.9995483,0.03005548
3360,24,3.030299,-2.754487,0,0,-0.9639574,0.2660568
3361,24,0.1836525,-0.5554155,0,0,-0.0169291,0.9998567
3362,24,0.6184565,-0.5096279,0,0,-0.9546826,0.2976257
3363,24,0.4127917,-0.06747482,0,0,0.4935425,0.8697217
3364,24,0.3212526,-0.2157188,0,0,-0.9348592,0.3550186
3365,24,0.04052969,0.2494327,0,0,0.9581333,0.2863226
3366,24,1.413788,0.01384418,0,0,-0.8047489,0.5936154
3367,24,0.3384289,0.2852221,0,0,0.8100384,0.5863768
3368,24,2.079946,0.6973088,0,0,-0.7071415,0.7070721
3369,24,0.9324862,-0.452831,0,0,0.3705173,0.9288256
3370,24,0.9754814,0.1326923,0,0,-0.7693005,0.6388872
3371,24,1.57601,0.2974524,0,0,0.6440836,0.7649551
3372,24,0.7963853,-1.756098,0,0,-0.9990702,0.04311186
3373,24,-0.02812794,0.3389699,0,0,-0.1074261,0.994213
3374,24,0.54351,0.3778788,0,0,-0.6010044,0.7992457
3375,24,0.02604008,0.04875766,0,0,0.8323577,0.5542387
3376,24,1.405417,0.9199314,0,0,-0.6214467,0.7834565
3377,24,-0.1778945,-0.1084311,0,0,0.7936798,0.6083357
3378,24,1.002214,3.251947,0,0,-0.323686,0.9461645
3379,24,-1.583564,-2.04131,0,0,-0.4948913,0.8689549
3380,24,-1.189709,0.5442041,0,0,-0.9286557,0.3709427
3381,24,1.800385,-0.09964524,0,0,0.5375535,0.8432296
3382,24,-0.5991722,0.4633182,0,0,-0.9663063,0.2573949
3383,24,-0.01173466,1.270343,0,0,0.9823315,0.1871493
3384,24,0.6009536,-0.7118719,0,0,-0.9861585,0.1658055
3385,24,0.3504991,0.1197164,0,0,0.6784516,0.7346451
3386,24,0.5964925,0.2086712,0,0,-0.7178239,0.6962247
3387,24,0.3968894,0.9034654,0,0,0.9197783,0.3924383
3388,24,2.86854,1.005362,0,0,-0.7229964,0.6908519
3389,24,0.5806813,-1.957839,0,0,-0.05110205,0.9986935
3390,24,-0.03937262,0.02300537,0,0,-0.9672979,0.2536432
3391,24,1.286798,-0.04204791,0,0,0.5416358,0.8406133
3392,24,0.1063705,-0.2403758,0,0,-0.9997483,0.02243577
3393,24,0.3375598,0.01643446,0,0,0.571255,0.8207726
3394,24,0.003871018,-0.03684327,0,0,-0.1954036,0.9807229
3395,24,0.2564084,2.156456,0,0,0.967497,0.2528826
3396,24,2.625384,-0.8882685,0,0,-0.9104024,0.4137238
3397,24,0.9714025,-0.629037,0,0,0.296759,0.9549524
3398,24,0.896486,-0.405398,0,0,-0.9297796,0.3681168
3399,24,0.9253673,-0.1818148,0,0,0.4725211,0.8813193
3400,24,0.6407394,-0.3241704,0,0,-0.937923,0.3468437
3401,24,0.7004067,0.1965345,0,0,0.6646532,0.747152
3402,24,0.869631,-0.4573056,0,0,-0.9407282,0.3391613
3403,24,0.268573,0.02541145,0,0,0.599167,0.8006241
3404,24,0.7140416,0.3921665,0,0,-0.6685153,0.7436984
3405,24,0.391013,0.4027864,0,0,0.8382804,0.5452393
3406,24,0.9783431,1.827362,0,0,-0.42775,0.9038971
3407,24,3.624371,-1.364478,0,0,0.4002864,0.9163901
3408,24,-0.3833625,-0.7309144,0,0,0.9049734,0.425468
3409,24,0.1668647,-0.1314755,0,0,0.2732686,0.9619378
3410,24,-0.07819089,0.05104882,0,0,-0.9397278,0.3419235
3411,24,-0.03831371,0.5379089,0,0,0.9889597,0.1481846
3412,24,0.9139382,-0.2000682,0,0,-0.8864313,0.4628601
3413,24,0.5085638,0.5003034,0,0,0.8363937,0.5481292
3414,24,1.050218,0.09908783,0,0,-0.803552,0.5952345
3415,24,0.9566095,1.179979,0,0,0.8650375,0.5017072
3416,24,0.5276158,-2.458979,0,0,0.9964709,0.08393826
3417,24,-1.030597,0.2186259,0,0,0.4688762,0.8832639
3418,24,1.684522,1.503315,0,0,-0.5727502,0.81973
3419,24,0.3050566,-0.6583032,0,0,0.04365972,0.9990464
3420,24,0.7014521,-0.4935723,0,0,-0.9591326,0.2829571
3421,24,-0.2522788,-0.05655376,0,0,0.6305445,0.7761531
3422,24,1.226695,0.6349092,0,0,-0.6693015,0.7429909
3423,24,-0.4360837,-0.6665538,0,0,0.8869627,0.461841
3424,24,-0.676029,3.285163,0,0,-0.07939787,0.996843
3425,24,-0.5840158,-2.385472,0,0,-0.2869081,0.9579581
3426,24,-0.6139541,0.01640769,0,0,-0.8173243,0.576178
3427,24,0.1716404,-1.411543,0,0,-0.103745,0.9946039
3428,24,-0.5610161,-0.2300496,0,0,-0.6775071,0.7355163
3429,24,1.242186,-0.6122124,0,0,0.3853748,0.9227601
3430,24,-0.3734572,-0.3286192,0,0,-0.5392458,0.8421484
3431,24,1.347283,1.646827,0,0,0.8760083,0.482296
3432,24,0.6302405,-0.6781923,0,0,-0.9803929,0.1970526
3433,24,0.172488,0.03813325,0,0,0.7194739,0.6945195
3434,24,0.3601777,1.147168,0,0,-0.3171917,0.9483615
3435,24,3.194134,-0.4075746,0,0,0.5387465,0.8424679
3436,24,0.4698334,-1.049943,0,0,-0.9990128,0.04442417
3437,24,0.4810243,-0.4835627,0,0,0.2566984,0.9664916
3438,24,0.4153971,-0.07650217,0,0,-0.8724666,0.4886738
3439,24,0.5069504,-0.2164434,0,0,0.4459704,0.8950477
3440,24,0.1452982,0.1944702,0,0,-0.5036637,0.8638998
3441,24,0.6845315,0.3536082,0,0,0.7832775,0.6216723
3442,24,0.02571834,0.9369466,0,0,-0.1709481,0.98528
3443,24,4.12558,0.1409911,0,0,0.6197234,0.7848203
3444,24,0.2705351,-1.018193,0,0,0.9998077,0.01960958
3445,24,0.6668045,-0.6959713,0,0,0.2641792,0.9644736
3446,24,-0.2532254,0.1825372,0,0,-0.9219042,0.3874179
3447,24,0.4358436,0.9846178,0,0,0.9490728,0.3150568
3448,24,1.145977,-0.3243348,0,0,-0.8730949,0.4875502
3449,24,0.6304119,-0.9342007,0,0,0.1913896,0.9815142
3450,24,-0.7194682,-0.0003552862,0,0,-0.7695127,0.6386315
3451,24,-0.468131,1.242141,0,0,-0.9970273,0.07704871
3452,24,1.350872,0.07661593,0,0,-0.7723009,0.6352569
3453,24,1.665935,0.986812,0,0,0.8154622,0.5788103
3454,24,1.993654,-1.461996,0,0,-0.9370195,0.3492769
3455,24,0.1419066,-1.004347,0,0,-0.010815,0.9999415
3456,24,0.1183323,-0.02728636,0,0,-0.9177884,0.3970699
3457,24,0.5830747,-0.4447926,0,0,0.3826396,0.9238977
3458,24,-0.2403884,-0.3022816,0,0,-0.3672772,0.9301115
3459,24,0.4460927,1.677478,0,0,0.9785344,0.2060835
3460,24,0.8172355,-0.03773507,0,0,-0.794436,0.6073478
3461,24,1.380144,1.200993,0,0,0.8788862,0.4770315
3462,24,0.8864372,-1.100037,0,0,-0.9693356,0.2457409
3463,24,0.6055464,0.06451459,0,0,0.7178757,0.6961713
3464,24,1.397689,-0.4249738,0,0,-0.8503686,0.5261875
3465,24,0.6697744,-0.6211902,0,0,0.3629711,0.9318004
3466,24,0.2909913,0.04150321,0,0,-0.7526403,0.6584319
3467,24,1.312364,-0.01114686,0,0,0.6751413,0.7376885
3468,24,0.05783305,0.0255408,0,0,-0.8591405,0.5117398
3469,24,1.071546,0.2338421,0,0,0.7608204,0.6489624
3470,24,-0.1786382,-0.6361477,0,0,-0.1477862,0.9890193
3471,24,-0.1960986,3.948771,0,0,0.9999291,0.01190689
3472,24,-1.589024,-3.014087,0,0,0.9602977,0.2789773
3473,24,-0.4431965,1.072008,0,0,0.1449254,0.9894426
3474,24,1.327188,0.4813126,0,0,-0.6100487,0.7923639
3475,24,0.2687556,-0.09899066,0,0,0.6222995,0.7827793
3476,24,0.6284856,-0.05591517,0,0,-0.7748041,0.6322014
3477,24,0.2437913,0.3629982,0,0,0.9677876,0.2517679
3478,24,1.421747,-0.02126506,0,0,-0.7304655,0.6829496
3479,24,0.5425234,0.2810206,0,0,0.8725218,0.4885751
3480,24,1.697736,0.4787746,0,0,-0.6145131,0.7889066
3481,24,1.627749,-0.08155911,0,0,0.7043959,0.7098072
3482,24,0.6593875,-0.5868877,0,0,-0.9191926,0.3938084
3483,24,0.7418264,0.4337238,0,0,0.8886052,0.4586729
3484,24,-0.1229325,-1.801833,0,0,0.9996885,0.02495705
3485,24,-0.6795896,0.3431811,0,0,0.5178158,0.8554922
3486,24,1.064006,0.5166088,0,0,-0.5235734,0.8519806
3487,24,-0.3321599,-0.3047804,0,0,0.9060931,0.4230784
3488,24,-0.13963,1.723537,0,0,0.06400177,0.9979498
3489,24,1.939468,0.2700596,0,0,0.7922167,0.6102399
3490,24,2.353805,0.230863,0,0,-0.6408297,0.767683
3491,24,0.9536065,-1.647716,0,0,0.329316,0.9442198
3492,24,0.1931094,-0.5021387,0,0,-0.9800985,0.198512
3493,24,-0.02668493,-0.04575864,0,0,0.5373453,0.8433623
3494,24,-0.02529527,0.407015,0,0,0.03758971,0.9992933
3495,24,1.7602,-0.207769,0,0,0.7323962,0.6808787
3496,24,0.2508127,-0.03809475,0,0,-0.7705664,0.6373597
3497,24,1.109323,0.3485031,0,0,0.8681278,0.4963408
3498,24,-0.2733235,0.02479533,0,0,-0.5939137,0.8045287
3499,24,-0.1750535,1.682189,0,0,-0.9859632,0.166963
3500,24,2.622851,-1.634828,0,0,-0.8204334,0.5717421
3501,24,0.8364335,-0.8157972,0,0,0.5128537,0.858476
3502,24,-0.02414167,-0.784767,0,0,-0.997135,0.0756427
3503,24,-0.1893857,-0.1011694,0,0,0.8591039,0.5118012
3504,24,0.8756898,0.3442954,0,0,-0.473138,0.8809884
3505,24,0.5287954,-0.2668404,0,0,0.6722005,0.7403691
3506,24,-0.1132039,-0.08940731,0,0,-0.1200855,0.9927635
3507,24,-0.3692009,1.838854,0,0,-0.9657892,0.2593285
3508,24,3.097206,-2.153379,0,0,-0.8048224,0.5935156
3509,24,-0.01310165,-0.1052967,0,0,0.3534424,0.9354563
3510,24,1.031819,0.1201814,0,0,-0.5479545,0.8365082
3511,24,0.5649923,-0.01743923,0,0,0.8384433,0.5449889
3512,24,1.618088,-0.2454536,0,0,-0.6365815,0.7712094
3513,24,0.1909278,-0.2716984,0,0,0.5455525,0.8380767
3514,24,0.623695,0.1846394,0,0,-0.4629646,0.8863767
3515,24,0.4806158,0.1551794,0,0,0.9307497,0.365657
3516,24,0.8411615,0.09378388,0,0,-0.5194024,0.8545298
3517,24,0.0646105,0.2120969,0,0,-0.9836434,0.1801268
3518,24,3.133147,2.387903,0,0,-0.2379503,0.9712774
3519,24,0.1837058,-2.033175,0,0,0.2901267,0.9569883
3520,24,0.3646435,-0.2367194,0,0,-0.7739998,0.6331859
3521,24,0.125826,-0.6141132,0,0,0.3802758,0.9248732
3522,24,-0.02570011,0.04314728,0,0,-0.43706,0.8994324
3523,24,0.3003734,0.3303501,0,0,0.9984239,0.05612315
3524,24,0.5351838,1.230133,0,0,0.04574917,0.998953
3525,24,0.9790255,-1.264241,0,0,0.5839058,0.8118215
3526,24,-0.4076988,-0.3391186,0,0,-0.1128447,0.9936126
3527,24,1.877996,2.01555,0,0,0.9971083,0.07599276
3528,24,0.4864692,-1.28659,0,0,-0.8919724,0.4520898
3529,24,0.3915722,-0.01755669,0,0,0.9021394,0.4314446
3530,24,1.00067,-0.418229,0,0,-0.6326845,0.7744097
3531,24,0.8300395,0.0945665,0,0,0.9282669,0.3719148
3532,24,-0.003791167,-1.110398,0,0,-0.9503073,0.3113136
3533,24,-0.6509107,-0.1259229,0,0,0.9288222,0.3705256
3534,24,0.08972479,1.03698,0,0,0.2788054,0.9603476
3535,24,0.2352179,0.3414846,0,0,-0.9954008,0.09579782
3536,24,1.534095,2.952479,0,0,0.1156795,0.9932866
3537,24,1.006877,-3.267008,0,0,0.505219,0.8629912
3538,24,0.08853769,0.4245532,0,0,-0.9492916,0.3143969
3539,24,0.8042967,0.3488878,0,0,0.9847302,0.1740875
3540,24,0.3357031,-0.07005131,0,0,-0.5111842,0.8594711
3541,24,0.9150704,0.1455522,0,0,0.9594765,0.2817885
3542,24,0.3670264,0.1519387,0,0,-0.2118203,0.9773086
3543,24,1.353492,0.4473352,0,0,0.9810542,0.1937337
3544,24,0.3693835,0.1079026,0,0,-0.2457383,0.9693362
3545,24,1.787268,0.9202666,0,0,0.9946418,0.1033807
3546,24,-0.2796461,0.2284543,0,0,-0.6014714,0.7988943
3547,24,0.1731089,1.668086,0,0,-0.9180773,0.3964014
3548,24,-1.28478,-1.879918,0,0,-0.9860827,0.1662558
3549,24,-1.02222,0.4124568,0,0,0.8722269,0.4891014
3550,24,1.322524,-0.495667,0,0,-0.4682458,0.8835982
3551,24,-0.4379449,-0.2086688,0,0,0.9959162,0.09028244
3552,24,1.303533,0.8324723,0,0,-0.007183884,0.9999742
3553,24,-0.2353365,-0.155363,0,0,0.9999382,0.0111179
3554,24,0.3045881,2.211987,0,0,0.4290405,0.9032853
3555,24,2.753433,-0.9169078,0,0,0.915076,0.4032815
3556,24,0.8663949,-1.376824,0,0,-0.6833535,0.7300876
3557,24,0.1294363,-0.2040354,0,0,0.7498007,0.6616637
3558,24,0.659656,0.08534749,0,0,-0.1693642,0.9855535
3559,24,0.4405609,0.1703591,0,0,0.999506,0.03142824
3560,24,1.691713,0.2544155,0,0,-0.1367503,0.9906055
3561,24,0.1528559,-0.2207273,0,0,0.778001,0.6282631
3562,25,0.6792637,0.2291867,0,0,0.9992892,0.0376968
3563,25,-0.2951382,-0.2355776,0,0,0.1255045,0.992093
3564,25,-0.6890318,1.974915,0,0,-0.7395921,0.6730554
3565,25,2.388956,-2.621177,0,0,-0.602493,0.7981241
3566,25,0.1730922,-0.154345,0,0,0.8134014,0.5817028
3567,25,1.525016,-0.6684483,0,0,-0.4373078,0.8993119
3568,25,0.01556953,-0.1531506,0,0,0.5135612,0.8580529
3569,25,0.2924167,0.09416594,0,0,-0.08994782,0.9959465
3570,25,0.21016,0.1054229,0,0,0.9976375,0.06869774
3571,25,0.1253391,0.7356812,0,0,0.4176562,0.9086051
3572,25,1.956312,1.275522,0,0,0.9999856,0.005357196
3573,25,0.8472099,-0.7907797,0,0,-0.6218545,0.7831328
3574,25,0.6001775,0.446597,0,0,0.9999996,0.0009104767
3575,25,1.370688,-1.490499,0,0,-0.6665113,0.7454949
3576,25,-0.1300541,0.04418015,0,0,0.9161077,0.4009322
3577,25,1.893145,0.3149805,0,0,-0.2445928,0.9696259
3578,25,0.07265784,-0.3881654,0,0,0.4779359,0.8783947
3579,25,0.274762,0.03169188,0,0,-0.2467166,0.9690877
3580,25,0.3087719,0.3503185,0,0,-0.9993203,0.03686351
3581,25,1.215469,-0.4445944,0,0,-0.5099824,0.8601848
3582,25,-0.2127609,-0.6198707,0,0,-0.9645404,0.2639353
3583,25,0.240929,3.410579,0,0,0.3636226,0.9315463
3584,25,1.351035,-3.719257,0,0,0.5295372,0.8482867
3585,25,0.08032265,0.1407779,0,0,-0.9998727,0.01595222
3586,25,0.3908495,0.07597207,0,0,0.9373641,0.3483512
3587,25,0.1763393,0.05112135,0,0,-0.1825053,0.9832048
3588,25,0.9068288,0.6845899,0,0,0.9931654,0.1167157
3589,25,0.9540722,-0.2454619,0,0,-0.5163867,0.8563555
3590,25,0.3894337,0.1628104,0,0,0.9590807,0.2831328
3591,25,0.918301,0.8843844,0,0,-0.05007935,0.9987453
3592,25,1.469794,0.1001048,0,0,0.9061382,0.4229818
3593,25,1.562312,0.2346695,0,0,-0.3690898,0.9293938
3594,25,1.16123,-0.6957431,0,0,0.7254075,0.6883197
3595,25,1.086929,-0.01795423,0,0,-0.4528818,0.8915706
3596,25,0.3832541,-1.184799,0,0,0.4203843,0.9073462
3597,25,-0.1048227,-0.02525886,0,0,-0.5474944,0.8368093
3598,25,0.8744327,-0.31396,0,0,0.7652778,0.6437001
3599,25,-0.3690175,-0.2188056,0,0,-0.2882461,0.9575564
3600,25,-0.597035,0.8738222,0,0,-0.8515598,0.5242575
3601,25,2.616442,1.670435,0,0,-0.2299561,0.973201
3602,25,1.75976,-1.913885,0,0,0.5766727,0.8169752
3603,25,0.2417473,-0.2947651,0,0,-0.7968295,0.6042042
3604,25,1.233769,-0.1652619,0,0,0.8071075,0.5904045
3605,25,0.3343559,-0.5723087,0,0,-0.8626862,0.5057396
3606,25,-0.02267402,0.05034499,0,0,0.8150925,0.5793309
3607,25,0.1276492,0.7927194,0,0,0.1709034,0.9852878
3608,25,1.119493,-1.245244,0,0,0.532653,0.8463337
3609,25,-0.3007203,-0.07898378,0,0,-0.5056042,0.8627656
3610,25,0.8276486,0.7253941,0,0,0.9694299,0.2453683
3611,25,0.3071739,0.7257012,0,0,0.02544024,0.9996763
3612,25,4.001859,0.3367506,0,0,0.8450162,0.5347408
3613,25,0.2760132,-1.183456,0,0,-0.9519653,0.306206
3614,25,0.3428869,-0.895049,0,0,0.3206124,0.9472105
3615,25,-0.3128887,-0.05295927,0,0,-0.5773522,0.8164952
3616,25,1.430497,-0.03039644,0,0,0.7934568,0.6086266
3617,25,-0.7038523,-0.2277656,0,0,-0.4878264,0.8729407
3618,25,0.3668494,1.912164,0,0,-0.9991263,0.04179329
3619,25,-0.3823716,0.002180273,0,0,-0.6555191,0.7551786
3620,25,0.2696469,2.456446,0,0,-0.9973772,0.07237998
3621,25,-0.5507643,-1.937846,0,0,0.9999999,0.0005436699
3622,25,-0.3184483,0.2185242,0,0,0.623616,0.7817308
3623,25,0.7630025,0.2522809,0,0,-0.4584205,0.8887354
3624,25,1.343605,0.6310526,0,0,0.8907787,0.4544373
3625,25,0.1334216,-0.8168321,0,0,-0.9770478,0.2130201
3626,25,0.2457526,0.07589411,0,0,0.8035464,0.5952421
3627,25,0.04760766,-0.06208323,0,0,-0.7099378,0.7042644
3628,25,-0.06867386,0.7319661,0,0,-0.9947835,0.1020091
3629,25,0.8284816,0.1752582,0,0,-0.5379572,0.8429722
3630,25,0.842137,1.920014,0,0,0.9901593,0.1399452
3631,25,1.825351,-2.883671,0,0,-0.936222,0.3514093
3632,25,0.1166919,-0.2542168,0,0,0.1850317,0.9827325
3633,25,0.4915043,-0.5325212,0,0,-0.8928789,0.4502968
3634,25,0.1108657,0.06278302,0,0,0.7778429,0.6284587
3635,25,0.6027048,0.02170002,0,0,-0.625001,0.780624
3636,25,0.07081303,0.3832588,0,0,0.9939076,0.110217
3637,25,1.985735,0.9064181,0,0,-0.496562,0.8680013
3638,25,0.5692993,-0.5079456,0,0,0.4085891,0.9127184
3639,25,0.2728103,0.2712027,0,0,-0.2934514,0.955974
3640,25,2.306377,0.6176864,0,0,0.8017708,0.5976316
3641,25,0.9690455,-1.029529,0,0,-0.9158383,0.4015473
3642,25,0.7689436,-0.4287499,0,0,0.493692,0.8696368
3643,25,0.5157068,-0.1579658,0,0,-0.7700676,0.6379623
3644,25,1.10154,-0.3187609,0,0,0.5870323,0.8095635
3645,25,-0.01558481,-0.04650431,0,0,-0.7850149,0.619477
3646,25,1.170993,0.007915883,0,0,0.6913602,0.7225103
3647,25,-0.1098888,-0.9169444,0,0,-0.09289002,0.9956764
3648,25,-1.37371,3.198561,0,0,-0.9829373,0.1839411
3649,25,-1.223259,-2.730691,0,0,0.9750871,0.2218223
3650,25,-1.232364,0.1825541,0,0,0.6503342,0.7596481
3651,25,0.9945999,-1.816349,0,0,-0.972905,0.2312053
3652,25,-0.943594,0.3725732,0,0,0.5551163,0.8317727
3653,25,0.8671484,1.442748,0,0,-0.2869254,0.9579529
3654,25,0.3032913,-0.1260356,0,0,0.4601506,0.8878409
3655,25,0.8808007,0.465871,0,0,-0.5333753,0.8458787
3656,25,0.4785422,0.04415602,0,0,0.6717148,0.7408099
3657,25,0.6795233,0.8418288,0,0,-0.3614223,0.9324023
3658,25,1.841044,0.319805,0,0,0.7199436,0.6940325
3659,25,1.27965,-0.1778361,0,0,-0.7818633,0.6234499
3660,25,1.956497,0.08165043,0,0,0.6679131,0.7442392
3661,25,0.1384241,-1.517056,0,0,0.9999507,0.009928973
3662,25,0.05502827,-0.04700602,0,0,0.04860282,0.9988182
3663,25,0.107171,-0.03108671,0,0,-0.7238848,0.6899209
3664,25,-0.1024317,0.4028656,0,0,0.9999971,0.002383186
3665,25,1.163836,0.06921314,0,0,-0.731416,0.6819316
3666,25,0.235955,0.6082853,0,0,0.9551364,0.2961662
3667,25,2.90781,0.6707608,0,0,-0.684875,0.7286606
3668,25,1.546583,-0.9711395,0,0,0.3902746,0.9206985
3669,25,0.2485297,-1.157569,0,0,-0.9996994,0.02451825
3670,25,-0.1794807,0.07430256,0,0,0.5551824,0.8317286
3671,25,1.026347,0.5177244,0,0,-0.595196,0.8035806
3672,25,0.8096535,0.02721236,0,0,0.6236149,0.7817317
3673,25,1.170044,-0.4492236,0,0,-0.8740286,0.4858745
3674,25,0.1264895,0.01416679,0,0,0.5524565,0.8335418
3675,25,0.8393549,0.2614596,0,0,-0.6660911,0.7458704
3676,25,-0.03373897,0.01138892,0,0,0.9791508,0.203135
3677,25,1.825887,3.337548,0,0,-0.3576602,0.9338518
3678,25,-0.3804028,-3.119969,0,0,-0.1902168,0.9817421
3679,25,-0.07789987,0.8536997,0,0,0.9948306,0.101548
3680,25,0.9311098,0.7561455,0,0,0.8326777,0.5537579
3681,25,0.2306022,-0.2121024,0,0,-0.9454088,0.3258869
3682,25,0.6997772,-0.1085038,0,0,0.5238696,0.8517985
3683,25,-0.0800862,-0.1917609,0,0,-0.3979274,0.9174169
3684,25,0.3780663,1.876545,0,0,0.9698589,0.2436672
3685,25,1.738046,-0.4484661,0,0,-0.8653938,0.5010924
3686,25,1.542666,0.03808055,0,0,0.6000776,0.7999418
3687,25,0.4276633,-0.5793349,0,0,-0.9820477,0.1886328
3688,25,0.5089415,0.4388993,0,0,0.8257532,0.5640317
3689,25,1.327399,-1.105477,0,0,-0.9571344,0.2896443
3690,25,0.3784347,-0.1728093,0,0,0.3758177,0.9266936
3691,25,0.8367965,-0.2867732,0,0,-0.8875914,0.4606317
3692,25,0.3237631,-0.08863928,0,0,0.4403501,0.8978261
3693,25,0.2399122,0.1734455,0,0,-0.5565799,0.8307941
3694,25,0.2747554,0.9266872,0,0,0.9498862,0.3125959
3695,25,1.409772,1.054774,0,0,-0.5819907,0.8131954
3696,25,2.962664,1.080541,0,0,0.7110634,0.7031279
3697,25,-0.770555,-2.226189,0,0,0.9457976,0.3247567
3698,25,-0.443386,0.6075715,0,0,0.1586766,0.9873306
3699,25,1.271224,-0.2308556,0,0,-0.8616089,0.5075728
3700,25,-0.6129419,-0.0994517,0,0,0.6513124,0.7588097
3701,25,0.2518393,1.619968,0,0,-0.2423054,0.9702
3702,25,0.9176383,-0.8305953,0,0,0.231755,0.9727742
3703,25,0.06943162,-0.03845833,0,0,-0.8920345,0.4519672
3704,25,-0.04758456,0.552478,0,0,0.988621,0.150428
3705,25,3.031928,0.6890787,0,0,-0.751936,0.6592361
3706,25,0.2174021,-0.4194072,0,0,0.04056875,0.9991767
3707,25,0.8623873,0.5508399,0,0,-0.6257605,0.7800153
3708,25,0.5968014,-1.20102,0,0,0.040925,0.9991622
3709,25,0.3592586,-0.2115165,0,0,-0.9391229,0.3435813
3710,25,0.267751,-0.1675133,0,0,0.2943562,0.9556958
3711,25,0.3313903,0.2864296,0,0,-0.565792,0.824548
3712,25,-0.04199112,0.002745463,0,0,0.6506484,0.7593791
3713,25,-0.5593551,0.7511054,0,0,0.1374569,0.9905077
3714,25,4.404445,-0.05632456,0,0,0.554611,0.8321097
3715,25,-0.1356726,-1.118397,0,0,0.9695758,0.2447912
3716,25,0.1185559,-0.02510206,0,0,0.4368304,0.8995439
3717,25,0.9938844,0.1446696,0,0,-0.7839863,0.6207781
3718,25,0.5696788,-0.4085119,0,0,0.2724695,0.9621645
3719,25,0.4666725,0.2133309,0,0,-0.6870278,0.7266312
3720,25,0.6852739,-0.3235013,0,0,0.3585324,0.9335173
3721,25,0.1617425,0.2751609,0,0,-0.43564,0.900121
3722,25,1.310037,-1.265088,0,0,0.203695,0.9790344
3723,25,-0.8203217,-0.7846916,0,0,-0.565405,0.8248135
3724,25,-0.3353705,2.845495,0,0,0.9905702,0.1370061
3725,25,1.724611,-2.704737,0,0,-0.9961022,0.08820662
3726,25,0.2999634,-0.6240072,0,0,0.02653092,0.999648
3727,25,0.08701114,-0.4802506,0,0,0.9944493,0.1052165
3728,25,0.002664978,0.002423142,0,0,0.7380772,0.6747162
3729,25,0.7099705,0.1709114,0,0,-0.7601301,0.6497709
3730,25,0.3712093,0.2915232,0,0,0.7970473,0.6039169
3731,25,0.7462968,0.8108124,0,0,-0.5386096,0.8425555
3732,25,1.528106,0.9671519,0,0,0.7655317,0.6433982
3733,25,2.03135,-0.2944988,0,0,-0.8694123,0.4940873
3734,25,1.531793,-0.6334066,0,0,0.3845094,0.923121
3735,25,-0.1455363,-0.7328941,0,0,0.9564303,0.2919607
3736,25,-0.3244255,-0.3087095,0,0,0.8222475,0.5691301
3737,25,1.270328,1.18533,0,0,-0.5698746,0.8217317
3738,25,0.1155208,-1.326298,0,0,-0.147647,0.9890401
3739,25,-0.4036958,0.2055898,0,0,-0.934542,0.3558528
3740,25,0.413648,0.7479361,0,0,0.9040034,0.4275254
3741,25,0.05677311,0.08628822,0,0,-0.4991542,0.8665132
3742,25,0.3746744,2.412266,0,0,0.9644225,0.2643658
3743,25,2.558145,-2.065506,0,0,-0.9681112,0.2505211
3744,25,0.5839993,-0.5165759,0,0,0.2374185,0.9714075
3745,25,0.8715202,-1.170938,0,0,-0.9919822,0.126378
3746,25,-0.05346835,0.08087344,0,0,0.04213955,0.9991117
3747,25,0.4901573,0.2702818,0,0,-0.6685969,0.743625
3748,25,0.1922382,0.1732668,0,0,0.8359889,0.5487463
3749,25,1.148733,1.060948,0,0,-0.5670391,0.8236909
3750,25,1.037424,-0.04776998,0,0,0.5519127,0.8339019
3751,25,1.218106,0.4529747,0,0,-0.7151228,0.6989988
3752,25,1.280472,-0.09846699,0,0,0.5403654,0.8414305
3753,25,1.226412,0.1235231,0,0,-0.7973778,0.6034804
3754,25,1.748782,-0.018633,0,0,0.5689482,0.8223733
3755,25,0.2029467,-1.498189,0,0,0.9932383,0.1160935
3756,25,-0.4142859,0.1512693,0,0,0.4010158,0.9160711
3757,25,1.198831,0.4386272,0,0,-0.7125171,0.7016548
3758,25,-0.1440941,-0.003730614,0,0,0.5275299,0.8495365
3759,25,1.176672,0.76381,0,0,-0.6267392,0.7792291
3760,25,-0.4868409,-0.6057632,0,0,0.8662905,0.4995406
3761,25,-0.7121774,3.450685,0,0,-0.07115052,0.9974656
3762,25,-1.509768,-2.973298,0,0,-0.3871846,0.9220022
3763,25,-0.6727769,0.8691791,0,0,-0.9847252,0.1741154
3764,25,1.185963,-0.5252877,0,0,0.4102722,0.9119631
3765,25,-0.1493948,-0.104203,0,0,-0.5450597,0.8383973
3766,25,1.257625,-0.7845861,0,0,0.3481742,0.9374298
3767,25,-0.1859555,-0.1569291,0,0,-0.514788,0.8573175
3768,25,1.913866,-0.9800856,0,0,0.3890522,0.9212157
3769,25,-1.053569,-0.1026179,0,0,-0.769281,0.6389105
3770,25,0.09874896,2.177467,0,0,0.9857917,0.1679724
3771,25,1.268972,-0.3460832,0,0,-0.8810405,0.4730408
3772,25,2.011886,0.3049262,0,0,0.6599826,0.751281
3773,25,0.785135,-1.06961,0,0,-0.9869377,0.1611025
3774,25,0.7217642,-0.601387,0,0,0.307528,0.951539
3775,25,0.2685145,-0.2106007,0,0,-0.9640765,0.2656248
3776,25,0.2273222,-0.4543287,0,0,0.126324,0.991989
3777,25,0.07296523,-0.4507978,0,0,-0.02128362,0.9997735
3778,25,-0.1900009,1.863697,0,0,0.9972692,0.07385219
3779,25,2.138758,-0.3481711,0,0,-0.8429425,0.5380037
3780,25,1.226293,0.002440328,0,0,0.6237831,0.7815976
3781,25,1.968679,-0.2925902,0,0,-0.8367293,0.5476167
3782,25,-0.03567518,-0.9722897,0,0,-0.1194999,0.9928342
3783,25,-0.2070192,-0.02532982,0,0,-0.6874671,0.7262155
3784,25,1.307728,0.03882331,0,0,0.6433252,0.7655931
3785,25,0.4221997,0.1164078,0,0,-0.7205663,0.6933861
3786,25,1.553419,-0.6448467,0,0,0.4715323,0.8818488
3787,25,-0.4261649,0.3497935,0,0,-0.9321235,0.3621404
3788,25,0.2459587,1.050262,0,0,0.9797386,0.2002805
3789,25,0.1229508,0.2531779,0,0,-0.3847435,0.9230235
3790,25,2.656604,3.094072,0,0,0.9016843,0.432395
3791,25,-0.7793055,-1.898933,0,0,0.9567231,0.2909998
3792,25,-0.1744677,0.07833025,0,0,0.3706304,0.9287804
3793,25,0.1403689,-0.3925039,0,0,-0.9992771,0.03801582
3794,25,-0.009124238,-0.1399906,0,0,0.9652474,0.261338
3795,25,1.094853,0.2562216,0,0,-0.6949166,0.7190903
3796,25,0.445704,-0.05471968,0,0,0.6408799,0.7676411
3797,25,0.1226579,0.5381844,0,0,-0.2219639,0.9750549
3798,25,2.292478,1.433024,0,0,0.8434807,0.5371595
3799,25,1.025962,-1.100309,0,0,-0.9561428,0.2929007
3800,25,0.7720758,-0.2317243,0,0,0.5699335,0.8216908
3801,25,0.6470952,0.04086013,0,0,-0.7479166,0.6637927
3802,25,1.771128,0.358278,0,0,0.747521,0.6642381
3803,25,0.04544506,-0.7636153,0,0,0.9988982,0.04692972
3804,25,0.1777009,-0.08071521,0,0,0.6014599,0.798903
3805,25,0.160584,0.1361198,0,0,-0.5524335,0.833557
3806,25,1.01769,0.7056787,0,0,0.8769913,0.4805063
3807,25,-0.3473256,-0.1426691,0,0,-0.5325063,0.8464261
3808,25,-0.3705979,2.543583,0,0,-0.9987149,0.050682
3809,25,0.984487,-3.053554,0,0,-0.992056,0.125797
3810,25,-0.04504577,-0.02795247,0,0,0.4627615,0.8864828
3811,25,1.003123,-1.143793,0,0,-0.9460596,0.3239925
3812,25,-0.09254891,0.08905397,0,0,0.197772,0.980248
3813,25,0.1407329,0.3024614,0,0,-0.2944403,0.9556699
3814,25,0.460231,0.8827328,0,0,0.9760467,0.2175609
3815,25,1.495269,-0.4651814,0,0,-0.8127424,0.5826233
3816,25,0.6575661,-0.05562701,0,0,0.7090394,0.7051688
3817,25,0.2090555,0.04763967,0,0,-0.7024007,0.7117817
3818,25,-0.04601062,1.156564,0,0,-0.9984478,0.05569467
3819,25,2.482033,-2.559438,0,0,-0.9207635,0.3901212
3820,25,-0.2478646,0.3569344,0,0,0.2697844,0.9629208
3821,25,1.542046,0.5038816,0,0,-0.574711,0.8183565
3822,25,-0.05038323,-0.1163199,0,0,0.04178022,0.9991269
3823,25,0.3215379,0.2508465,0,0,-0.4587063,0.8885879
3824,25,0.09880684,-0.1068593,0,0,0.5651334,0.8249996
3825,25,-0.07707223,0.2524762,0,0,0.0987855,0.9951087
3826,25,0.4128325,1.568463,0,0,0.9983008,0.05827088
3827,25,3.786698,0.6429602,0,0,-0.6022785,0.798286
3828,25,-0.05058793,-1.613689,0,0,0.0702343,0.9975305
3829,25,0.05503225,0.02560443,0,0,-0.8454773,0.5340114
3830,25,0.8466724,-0.02811334,0,0,0.7690929,0.639137
3831,25,0.5635338,0.1543931,0,0,-0.5754743,0.8178199
3832,25,1.398014,0.04916649,0,0,0.7897335,0.6134501
3833,25,0.09849972,-0.1706912,0,0,-0.9748564,0.2228341
3834,25,0.07136176,0.06263828,0,0,0.9993128,0.03706734
3835,25,0.9488588,0.6597087,0,0,-0.3889243,0.9212697
3836,25,1.155578,0.3132693,0,0,0.8676106,0.4972443
3837,25,0.846045,0.7027494,0,0,-0.3395804,0.940577
3838,25,3.253958,0.7839337,0,0,0.8593029,0.5114669
3839,25,-1.102285,-1.256216,0,0,0.9707785,0.2399773
3840,25,-0.4840165,0.5075735,0,0,0.462155,0.8867992
3841,25,0.7119002,0.5614816,0,0,-0.3338211,0.9426364
3842,25,0.2203492,-0.06685435,0,0,0.7818779,0.6234316
3843,25,0.1919684,0.545651,0,0,-0.06286363,0.9980221
3844,25,1.318987,0.9830068,0,0,0.9576923,0.2877939
3845,25,0.9661642,0.04359611,0,0,-0.584236,0.8115838
3846,25,1.498296,1.192287,0,0,0.9648202,0.2629106
3847,25,-0.1289815,-1.486004,0,0,-0.992687,0.1207164
3848,25,-0.4786478,-0.3078513,0,0,0.935675,0.3528629
3849,25,1.548659,-0.8820068,0,0,-0.7621468,0.6474042
3850,25,-0.133317,-0.0626233,0,0,0.8574947,0.5144929
3851,25,1.895663,-0.1471424,0,0,-0.5918983,0.8060126
3852,25,-0.1048483,0.01768597,0,0,0.6251767,0.7804832
3853,25,1.139411,-0.3013756,0,0,-0.6578677,0.7531335
3854,25,-0.2197794,-0.9486631,0,0,-0.9966449,0.08184764
3855,25,-1.453868,2.334566,0,0,0.4752402,0.8798561
3856,25,3.0944,-2.809728,0,0,0.6136658,0.7895659
3857,25,0.09061766,-0.6250998,0,0,-0.9604813,0.2783444
3858,25,0.4748621,-0.2587838,0,0,0.7378066,0.6750121
3859,25,0.7068553,-0.02788389,0,0,-0.5478209,0.8365957
3860,25,0.3230654,-0.4854507,0,0,0.5633126,0.8262439
3861,25,-0.1055305,-0.04866311,0,0,-0.1029385,0.9946877
3862,25,0.4406196,1.172649,0,0,-0.9935703,0.1132173
3863,25,1.772767,-0.2335702,0,0,-0.5455706,0.8380648
3864,25,0.4069025,-0.02562019,0,0,0.8906716,0.4546474
3865,25,1.388199,1.025813,0,0,-0.1798302,0.9836977
3866,25,0.9790884,-0.7427995,0,0,0.7077016,0.7065115
3867,25,0.8941783,0.3973212,0,0,-0.2795349,0.9601355
3868,25,1.324336,-1.534143,0,0,0.6363466,0.7714033
3869,25,0.1021105,-0.1110154,0,0,-0.8394029,0.5435097
3870,25,0.5734471,-0.2826723,0,0,0.7979885,0.6026726
3871,25,-0.1157316,-0.06718746,0,0,-0.03828472,0.9992669
3872,25,1.035163,1.078066,0,0,0.9997947,0.0202626
3873,25,-0.1077742,0.01716671,0,0,-0.3331365,0.9428786
3874,25,-0.1446817,1.902402,0,0,-0.916935,0.3990366
3875,25,3.200666,-2.492329,0,0,-0.6768337,0.7361359
3876,25,-0.09826663,-0.5189589,0,0,0.3183659,0.9479679
3877,25,0.4081509,-0.387959,0,0,-0.7175557,0.6965011
3878,25,-0.1482723,-0.07079632,0,0,0.9668518,0.255338
3879,25,0.4019806,1.13411,0,0,0.219172,0.9756863
3880,25,1.038357,-0.9847187,0,0,0.7395783,0.6730705
3881,25,0.01945458,0.0243066,0,0,-0.4306922,0.9024989
3882,25,0.66315,0.6208776,0,0,-0.9994111,0.03431441
3883,25,0.6692594,0.4323075,0,0,-0.0766087,0.9970613
3884,25,1.358041,1.277997,0,0,-0.9990354,0.04391302
3885,25,2.577454,-0.6545822,0,0,-0.4418226,0.8971024
3886,25,0.5168818,-1.172873,0,0,0.6308767,0.7758831
3887,25,0.4246455,-0.1459194,0,0,-0.4790704,0.8777765
3888,25,0.7652091,-0.8352717,0,0,0.7590911,0.6509845
3889,25,-0.3481251,0.2787693,0,0,-0.5751995,0.8180131
3890,25,0.2296688,0.8716808,0,0,-0.9306607,0.3658833
3891,25,-0.4191388,-0.113052,0,0,-0.1307298,0.991418
3892,25,-0.8247125,1.717486,0,0,-0.7404712,0.672088
3893,25,0.793291,-3.00545,0,0,-0.7932462,0.608901
3894,25,-0.8563296,0.1502824,0,0,0.9410514,0.3382636
3895,25,2.385659,0.2257592,0,0,-0.1976848,0.9802656
3896,25,0.06315657,-0.09355633,0,0,0.7705642,0.6373624
3897,25,1.202789,0.1181229,0,0,-0.1790433,0.9838412
3898,25,0.1129375,-0.02474581,0,0,0.9531477,0.3025053
3899,25,1.464911,0.3878537,0,0,-0.08047435,0.9967567
3900,25,-0.1147825,0.07997141,0,0,0.875746,0.4827721
3901,26,0.7548876,0.8065895,0,0,-0.9782169,0.2075853
3902,26,-0.2704076,-0.2547448,0,0,0.1653107,0.9862415
3903,26,0.09400459,3.216519,0,0,-0.8501557,0.5265314
3904,26,-0.1025397,-3.26109,0,0,-0.8591527,0.5117192
3905,26,-0.2245604,0.2912259,0,0,0.7729746,0.634437
3906,26,0.6557716,-1.003651,0,0,-0.6754138,0.737439
3907,26,-0.369492,0.01391785,0,0,0.9662026,0.2577837
3908,26,0.7123231,0.6327181,0,0,0.1069355,0.994266
3909,26,0.4789729,0.4742036,0,0,-0.9938594,0.1106501
3910,26,1.611042,-0.1617401,0,0,-0.3209614,0.9470923
3911,26,0.05633359,0.0520085,0,0,0.9999005,0.01410552
3912,26,1.822887,1.795612,0,0,0.09640485,0.9953422
3913,26,0.8636412,-1.895748,0,0,0.633183,0.7740021
3914,26,-0.2882386,0.3932208,0,0,-0.7215982,0.6923121
3915,26,0.2072789,0.9738094,0,0,-0.9388606,0.3442975
3916,26,1.023194,-1.598377,0,0,-0.7367205,0.6761974
3917,26,0.02782889,0.003952503,0,0,0.7286339,0.6849034
3918,26,0.6792848,-0.2633722,0,0,-0.493601,0.8696885
3919,26,-0.1790742,-0.1544808,0,0,-0.9984552,0.05556231
3920,26,0.1569432,1.275062,0,0,0.3661733,0.9305466
3921,26,1.225612,1.180285,0,0,-0.9999803,0.006267701
3922,26,3.494001,0.3812539,0,0,-0.314721,0.9491842
3923,26,0.1270519,-1.565152,0,0,0.4132075,0.9106369
3924,26,0.1969873,-0.2591543,0,0,-0.7240947,0.6897005
3925,26,0.4336872,-0.03139267,0,0,0.8893714,0.4571854
3926,26,0.846179,0.02072483,0,0,-0.3693873,0.9292756
3927,26,0.04100216,0.03413699,0,0,0.9184107,0.3956285
3928,26,0.4163243,1.152238,0,0,0.2024008,0.9793028
3929,26,0.8438581,-0.8042452,0,0,0.6746952,0.7380965
3930,26,0.1944898,0.07631166,0,0,-0.1650853,0.9862793
3931,26,0.9587497,0.6263086,0,0,0.9851102,0.1719244
3932,26,1.536083,1.170544,0,0,-0.1177191,0.9930469
3933,26,2.166215,-1.842624,0,0,0.6800533,0.7331626
3934,26,-0.003245706,-0.581381,0,0,-0.9415377,0.3369077
3935,26,0.1944267,-0.07926399,0,0,0.7200477,0.6939246
3936,26,0.3564329,0.3161847,0,0,-0.07673354,0.9970517
3937,26,0.5895391,-0.734095,0,0,0.5719069,0.8203186
3938,26,-0.3244489,-0.3055069,0,0,-0.1647189,0.9863405
3939,26,-0.4356727,1.01981,0,0,-0.8925811,0.4508869
3940,26,2.401605,1.979639,0,0,-0.1580594,0.9874296
3941,26,1.853438,-2.546629,0,0,0.5414879,0.8407086
3942,26,-0.05462941,0.0527865,0,0,-0.9404543,0.3399202
3943,26,0.8948891,0.1658377,0,0,0.8938383,0.4483894
3944,26,0.2228661,-0.08703197,0,0,-0.5898103,0.8075418
3945,26,0.994267,0.6893309,0,0,0.9663139,0.2573663
3946,26,0.8885882,-0.6058309,0,0,-0.7388658,0.6738526
3947,26,0.3365285,-0.1312692,0,0,0.6890575,0.7247067
3948,26,0.2574371,0.2272297,0,0,-0.1335335,0.9910443
3949,26,0.5561414,0.7865537,0,0,0.9931636,0.1167306
3950,26,1.445022,1.488015,0,0,-0.1645778,0.9863641
3951,26,2.155591,-1.283707,0,0,0.6493022,0.7605305
3952,26,0.9637275,-0.2684007,0,0,-0.6467464,0.7627051
3953,26,0.2899829,-1.974012,0,0,0.2432904,0.9699535
3954,26,-0.2425099,0.704672,0,0,-0.9517336,0.3069252
3955,26,0.8363197,0.5741971,0,0,0.945337,0.326095
3956,26,-0.1442614,-0.4466129,0,0,-0.03717157,0.9993089
3957,26,1.226246,2.15606,0,0,0.9946765,0.1030473
3958,26,0.1539567,-0.1397744,0,0,-0.7686042,0.6397246
3959,26,0.896516,1.389599,0,0,0.9890068,0.1478701
3960,26,1.113157,-0.803854,0,0,-0.8049168,0.5933877
3961,26,1.541772,-0.1016283,0,0,0.7679133,0.6405537
3962,26,-0.0458959,-0.06650177,0,0,-0.9862357,0.1653457
3963,26,0.1633574,0.3641286,0,0,0.9895892,0.1439207
3964,26,1.066048,-0.5892317,0,0,-0.7806275,0.6249966
3965,26,0.1545214,-0.4598621,0,0,0.222052,0.9750348
3966,26,-0.01538114,-0.315177,0,0,0.008347183,0.9999652
3967,26,1.728365,-0.6189723,0,0,0.6475748,0.7620019
3968,26,-0.3330377,-1.428817,0,0,-0.02959475,0.999562
3969,26,-1.465996,3.853709,0,0,-0.9628608,0.2699985
3970,26,-2.208158,-2.215316,0,0,0.9557171,0.294287
3971,26,-1.025328,0.9514949,0,0,0.4899206,0.871767
3972,26,1.504392,-0.3689176,0,0,-0.7251293,0.6886127
3973,26,-0.07238051,0.04671565,0,0,0.7746222,0.6324243
3974,26,1.141642,0.0103396,0,0,-0.6370659,0.7708094
3975,26,0.2782734,0.1494298,0,0,0.8494407,0.5276842
3976,26,0.8845833,0.5016766,0,0,-0.4296035,0.9030176
3977,26,1.039188,0.8638567,0,0,0.9196851,0.3926568
3978,26,1.502907,-0.6735384,0,0,-0.8038901,0.5947779
3979,26,0.5130655,0.1902252,0,0,0.8193964,0.5732273
3980,26,1.94122,0.2709435,0,0,-0.6172752,0.7867473
3981,26,1.367586,-0.7608359,0,0,0.5208763,0.8536322
3982,26,0.6077683,-0.7862446,0,0,-0.9283825,0.3716261
3983,26,0.4078765,-0.3158349,0,0,0.4173889,0.908728
3984,26,0.1779182,-0.08760103,0,0,-0.7649415,0.6440998
3985,26,0.2589736,0.3785035,0,0,0.943439,0.3315462
3986,26,0.3286102,0.4900693,0,0,-0.2406365,0.9706153
3987,26,0.9966572,1.83006,0,0,0.9678078,0.2516902
3988,26,2.598463,-0.4022069,0,0,-0.7530746,0.6579351
3989,26,1.750014,-1.02776,0,0,0.4824585,0.8759188
3990,26,0.08948145,-0.8059137,0,0,-0.9972453,0.07417437
3991,26,0.377562,-0.1374683,0,0,0.5131244,0.8583143
3992,26,0.04819231,-0.04572942,0,0,-0.7108933,0.7032998
3993,26,0.2608933,0.9653622,0,0,0.9847716,0.173853
3994,26,1.332397,-0.6227293,0,0,-0.8490394,0.5283296
3995,26,0.654949,-0.4970621,0,0,0.3918149,0.9200441
3996,26,-0.5068437,-0.1932448,0,0,-0.6275708,0.7785595
3997,26,-0.8100747,1.145708,0,0,-0.9672171,0.2539508
3998,26,2.449361,-1.189353,0,0,-0.8650629,0.5016634
3999,26,1.366116,-0.08857833,0,0,0.637503,0.7704479
4000,26,-0.1867775,-1.446545,0,0,0.9949493,0.1003791
4001,26,-0.3361332,0.06405269,0,0,0.645669,0.7636174
4002,26,0.731312,-0.7164555,0,0,-0.9355097,0.3533009
4003,26,-0.1653572,-0.04665717,0,0,0.8354299,0.549597
4004,26,0.7544659,0.005683305,0,0,-0.7296245,0.683848
4005,26,-0.06113597,0.07078198,0,0,-0.9984077,0.05641095
4006,26,2.918129,1.648722,0,0,-0.5588168,0.8292912
4007,26,1.582609,-0.8152588,0,0,0.444376,0.8958404
4008,26,0.8718573,-1.500637,0,0,-0.9810056,0.1939794
4009,26,-0.4719077,0.5803888,0,0,0.2814407,0.9595786
4010,26,0.2670633,1.312644,0,0,-0.1684363,0.9857125
4011,26,-0.1203011,-0.938674,0,0,-0.1738229,0.9847769
4012,26,-0.2677637,-0.1503197,0,0,-0.6322044,0.7748017
4013,26,0.9703814,0.3081797,0,0,0.7349272,0.678146
4014,26,0.5255224,0.09053554,0,0,-0.6908256,0.7230214
4015,26,0.8051844,0.2892361,0,0,0.7412817,0.671194
4016,26,0.1807182,0.4174995,0,0,-0.2636538,0.9646174
4017,26,2.63091,2.698811,0,0,0.8786238,0.4775146
4018,26,-0.6418641,-2.845263,0,0,0.9765679,0.2152098
4019,26,-0.1315304,0.677353,0,0,0.006740787,0.9999773
4020,26,1.178388,-0.05997784,0,0,-0.7909194,0.6119204
4021,26,-0.3008907,0.09146473,0,0,0.5421953,0.8402525
4022,26,0.6119191,0.9173843,0,0,-0.3890992,0.9211959
4023,26,0.4670087,0.2637328,0,0,0.7754762,0.6313768
4024,26,1.825629,0.8420351,0,0,-0.6349463,0.7725562
4025,26,-0.0371641,0.06979111,0,0,0.3161645,0.9487044
4026,26,0.225009,1.164119,0,0,-0.2116307,0.9773497
4027,26,1.476337,-1.795201,0,0,0.2006608,0.9796608
4028,26,0.1587152,-0.1235014,0,0,-0.9239571,0.3824961
4029,26,1.15461,0.02804755,0,0,0.6012205,0.7990831
4030,26,0.9885582,-0.08721542,0,0,-0.8173289,0.5761713
4031,26,0.2754335,-1.065076,0,0,-0.03162222,0.9994999
4032,26,-0.42962,-0.017843,0,0,-0.8097931,0.5867156
4033,26,0.5768926,0.6394598,0,0,0.8621894,0.5065861
4034,26,0.02434242,0.02209295,0,0,-0.0808017,0.9967302
4035,26,2.086935,3.573868,0,0,0.9131679,0.4075836
4036,26,-0.2768607,-2.137577,0,0,0.9770394,0.2130588
4037,26,-0.2169286,0.06077374,0,0,0.5203497,0.8539533
4038,26,1.114195,-1.026138,0,0,-0.9659304,0.258802
4039,26,0.06145391,-0.02842518,0,0,0.226593,0.9739895
4040,26,0.3920226,0.2198327,0,0,-0.6181293,0.7860764
4041,26,0.6725357,0.7463583,0,0,0.8565692,0.5160323
4042,26,0.5371995,-0.61329,0,0,-0.9788038,0.2048005
4043,26,-0.002519008,0.05075777,0,0,0.9349652,0.3547394
4044,26,1.843866,-0.2017031,0,0,-0.8436597,0.5368783
4045,26,0.1327298,0.08673901,0,0,0.7443763,0.6677604
4046,26,2.120183,1.404127,0,0,-0.6144282,0.7889727
4047,26,1.732137,-1.391573,0,0,0.2648435,0.9642914
4048,26,0.009701948,-1.042189,0,0,0.986703,0.1625337
4049,26,-0.04753499,0.05212245,0,0,0.3127609,0.9498319
4050,26,0.580582,0.0146265,0,0,-0.8056034,0.5924551
4051,26,0.07498883,0.1847232,0,0,0.9154754,0.4023739
4052,26,1.578549,-0.05421142,0,0,-0.829798,0.5580639
4053,26,-0.2873534,-0.4198104,0,0,0.89292,0.4502154
4054,26,0.9325068,3.321043,0,0,-0.3124643,0.9499295
4055,26,0.07540753,-2.838647,0,0,-0.1733997,0.9848515
4056,26,-0.2286265,0.324041,0,0,-0.9945213,0.1045339
4057,26,1.079604,0.09796199,0,0,0.5956987,0.803208
4058,26,0.274799,-0.002730898,0,0,-0.8169932,0.5766473
4059,26,1.211546,0.6387729,0,0,0.74156,0.6708866
4060,26,0.5392389,-0.8461477,0,0,-0.9950786,0.09908918
4061,26,-0.03637492,0.004044941,0,0,0.6285174,0.7777956
4062,26,0.8631954,0.5242637,0,0,-0.6431621,0.7657301
4063,26,0.08443477,0.106985,0,0,0.8480917,0.5298495
4064,26,0.7862081,2.563475,0,0,-0.3328347,0.9429852
4065,26,1.41805,-2.75266,0,0,0.04351775,0.9990526
4066,26,0.07956719,-0.06883974,0,0,-0.9645517,0.2638939
4067,26,0.9854074,-1.191357,0,0,0.1488905,0.9888537
4068,26,-0.2678164,0.0923751,0,0,-0.915054,0.4033312
4069,26,1.192703,-0.6348934,0,0,0.3373576,0.9413766
4070,26,-1.031394,-0.4590956,0,0,-0.6983646,0.7157422
4071,26,-1.263154,1.33632,0,0,-0.9834467,0.1811975
4072,26,1.258456,-1.220061,0,0,-0.9789823,0.2039452
4073,26,0.4107039,0.1680214,0,0,0.7039191,0.7102802
4074,26,1.809043,0.02407819,0,0,-0.8273944,0.5616213
4075,26,1.316664,-0.5000528,0,0,0.396136,0.9181919
4076,26,0.6734688,-0.4772837,0,0,-0.9608,0.2772425
4077,26,0.8948647,0.01755595,0,0,0.563839,0.8258848
4078,26,0.5799106,-0.5052248,0,0,-0.9736542,0.2280296
4079,26,0.4457498,0.08958112,0,0,0.6365766,0.7712135
4080,26,0.6905228,-0.2114277,0,0,-0.9051031,0.4251922
4081,26,0.09183103,0.04823312,0,0,0.7478115,0.6639111
4082,26,-0.09657224,0.80704,0,0,-0.1377672,0.9904646
4083,26,2.45265,2.378889,0,0,0.828047,0.5606587
4084,26,2.100119,-2.769797,0,0,-0.9917262,0.1283711
4085,26,-0.2922301,-0.5141467,0,0,-0.4329622,0.9014121
4086,26,-0.06403627,0.150744,0,0,-0.9996549,0.02626899
4087,26,-0.01744,0.2556631,0,0,0.9891627,0.1468232
4088,26,1.131675,0.01592814,0,0,-0.827608,0.5613064
4089,26,0.6001155,0.2190767,0,0,0.6990018,0.7151198
4090,26,1.115249,-0.1680229,0,0,-0.870385,0.4923718
4091,26,0.1355327,0.1140896,0,0,0.8247741,0.5654624
4092,26,1.673127,1.603329,0,0,-0.561512,0.8274686
4093,26,0.8454564,-1.245431,0,0,0.1120367,0.9937041
4094,26,0.1525115,0.06015111,0,0,-0.7317267,0.6815982
4095,26,2.257479,0.4011751,0,0,0.6348481,0.772637
4096,26,-0.2428032,-1.10563,0,0,0.9552247,0.2958815
4097,26,-0.2087117,0.07806675,0,0,0.3807274,0.9246873
4098,26,0.6507982,0.2457638,0,0,-0.7173536,0.6967092
4099,26,0.2876945,0.06593253,0,0,0.673049,0.7395979
4100,26,0.1505975,0.5200462,0,0,-0.3316326,0.9434086
4101,26,0.6214015,1.870882,0,0,0.943208,0.3322027
4102,26,3.558192,-1.17648,0,0,-0.9034054,0.4287874
4103,26,0.1240803,-0.4715787,0,0,-0.03238358,0.9994755
4104,26,1.107209,-0.03391304,0,0,-0.834138,0.5515558
4105,26,0.1006135,-0.2788312,0,0,0.02828278,0.9995999
4106,26,0.445466,0.2365466,0,0,-0.6707902,0.7416472
4107,26,0.407442,0.09171554,0,0,0.6783981,0.7346945
4108,26,1.274888,0.844792,0,0,-0.622354,0.7827359
4109,26,0.3303555,-0.4557982,0,0,0.1613224,0.9869018
4110,26,0.4343285,0.2282378,0,0,-0.6700754,0.7422931
4111,26,0.08882044,0.1181919,0,0,0.9145693,0.4044293
4112,26,0.9430591,3.018594,0,0,-0.3156987,0.9488595
4113,26,-0.4454188,-3.026224,0,0,-0.2299765,0.9731961
4114,26,-0.5021756,0.5847608,0,0,-0.9782823,0.2072768
4115,26,1.531072,-0.2063298,0,0,0.5364744,0.8439166
4116,26,0.06753537,-0.03039177,0,0,-0.9705161,0.2410365
4117,26,0.5407445,0.08183382,0,0,0.6649609,0.7468781
4118,26,0.1510912,0.304346,0,0,-0.4109567,0.9116549
4119,26,0.8967193,0.6010005,0,0,0.8077714,0.5894958
4120,26,0.6839715,1.416002,0,0,-0.3750235,0.9270153
4121,26,2.674029,-1.902265,0,0,0.3268888,0.9450628
4122,26,0.1627998,-0.1056427,0,0,-0.9614736,0.2748972
4123,26,1.197564,-0.8918635,0,0,0.3260244,0.9453613
4124,26,-0.3617101,-0.06818116,0,0,-0.7127466,0.7014216
4125,26,2.206034,0.7146344,0,0,0.723933,0.6898702
4126,26,0.08967474,-0.2153843,0,0,0.9999892,0.004657089
4127,26,0.6966146,-0.3202854,0,0,0.4410229,0.8974958
4128,26,-0.2583938,-0.4015913,0,0,-0.3755633,0.9267967
4129,26,0.8320345,1.979656,0,0,0.9488228,0.315809
4130,26,-0.05383019,0.03772682,0,0,-0.8162028,0.5777655
4131,26,0.7477219,2.433056,0,0,0.9644912,0.264115
4132,26,0.1663025,-2.71099,0,0,0.9954619,0.0951606
4133,26,-0.04577849,-0.001205466,0,0,0.2489904,0.968506
4134,26,0.4282134,-0.8898455,0,0,-0.9957684,0.09189849
4135,26,-0.4491115,0.06975403,0,0,0.5284465,0.8489666
4136,26,-0.1444788,0.7881564,0,0,-0.04295544,0.999077
4137,26,1.308375,0.2645368,0,0,0.7116768,0.702507
4138,26,0.9798077,0.2481861,0,0,-0.7058783,0.7083331
4139,26,1.105157,0.1391606,0,0,0.6918288,0.7220615
4140,26,1.058161,0.6293197,0,0,-0.5897197,0.807608
4141,26,1.978637,-0.6616856,0,0,0.5133577,0.8581747
4142,26,0.7407402,-0.129951,0,0,-0.8356572,0.5492514
4143,26,1.531706,-1.106483,0,0,0.3853807,0.9227577
4144,26,-0.1650167,0.2159986,0,0,-0.9504111,0.3109961
4145,26,1.352249,0.4611514,0,0,0.7720129,0.6356068
4146,26,-0.1710107,0.3789566,0,0,-0.983039,0.1833966
4147,26,0.7353371,0.7678303,0,0,0.9055567,0.4242251
4148,26,-0.8968917,-0.7004222,0,0,-0.486043,0.8739349
4149,26,-1.905946,1.999986,0,0,-0.9498871,0.3125932
4150,26,1.276022,-4.130901,0,0,-0.9966236,0.08210628
4151,26,-0.02755864,0.4289222,0,0,-0.07689869,0.9970389
4152,26,0.9663039,0.1726008,0,0,-0.7005374,0.7136157
4153,26,0.4586267,-0.104788,0,0,0.6185054,0.7857805
4154,26,0.891028,-0.06958035,0,0,-0.7822959,0.622907
4155,26,0.4363132,0.004190824,0,0,0.7143958,0.6997419
4156,26,0.6387328,0.5917819,0,0,-0.4618847,0.8869399
4157,26,1.526678,-0.2461193,0,0,0.6307802,0.7759615
4158,26,-0.1858318,0.0378895,0,0,-0.7159961,0.6981043
4159,26,0.5410317,1.691995,0,0,0.9850286,0.1723913
4160,26,1.215654,-0.786218,0,0,-0.8972303,0.441563
4161,26,1.29135,0.4999105,0,0,0.82192,0.5696029
4162,26,0.2522478,-1.932029,0,0,-0.999306,0.0372502
4163,26,-0.09471731,0.1070489,0,0,0.1801559,0.983638
4164,26,0.4844537,0.100789,0,0,-0.6744825,0.7382909
4165,26,0.3145508,0.1355748,0,0,0.869181,0.4944942
4166,26,0.2478172,0.4595116,0,0,-0.2909721,0.9567316
4167,26,1.078896,1.547216,0,0,0.9585244,0.2850105
4168,26,1.061491,-0.2530512,0,0,-0.7931319,0.6090499
4169,26,1.343375,1.25509,0,0,0.9269631,0.3751525
4170,26,-0.7548538,-2.055717,0,0,0.9860996,0.1661554
4171,26,-0.7959688,0.40513,0,0,0.5185094,0.855072
4172,26,1.101972,0.4712451,0,0,-0.5462731,0.8376071
4173,26,0.4047289,0.2812619,0,0,0.9207395,0.3901778
4174,26,1.470609,-1.424697,0,0,-0.9107492,0.41296
4175,26,-0.5716714,0.2154373,0,0,0.5692663,0.8221532
4176,26,1.051924,0.8905131,0,0,-0.3965276,0.9180228
4177,26,-0.3886695,-0.2963571,0,0,0.8953134,0.4454366
4178,26,-0.310588,2.27776,0,0,0.1094044,0.9939973
4179,26,3.106406,-1.561987,0,0,0.5817967,0.8133343
4180,26,0.655107,-1.290332,0,0,-0.9597622,0.2808139
4181,26,0.07093874,-0.4533769,0,0,0.2044567,0.9788756
4182,26,0.254834,0.08331243,0,0,-0.60327,0.797537
4183,26,0.8111551,-0.07986233,0,0,0.7503304,0.661063
4184,26,0.1609847,-0.003641621,0,0,-0.7652882,0.6436878
4185,26,0.05376527,0.387129,0,0,-0.9963688,0.08514248
4186,26,1.159699,1.399812,0,0,-0.2617263,0.9651421
4187,26,2.490651,-0.1636953,0,0,0.7610171,0.6487318
4188,26,0.2964704,-0.6295973,0,0,-0.9574453,0.2886148
4189,26,0.2344899,0.1425826,0,0,0.9532142,0.3022956
4190,26,2.033505,-0.008116997,0,0,-0.6299958,0.7765985
4191,26,0.449721,-0.8478322,0,0,0.3858176,0.9225751
4192,26,0.4608582,-0.003006836,0,0,-0.6550409,0.7555935
4193,26,0.6021031,-0.5450992,0,0,0.5522832,0.8336565
4194,26,-0.08951257,0.0002655079,0,0,-0.3396261,0.9405605
4195,26,1.403077,0.5673956,0,0,0.9086397,0.417581
4196,26,-0.9640132,0.04087109,0,0,-0.58767,0.8091007
4197,26,-1.240745,1.263357,0,0,-0.8492985,0.527913
4198,26,3.116472,-3.408374,0,0,-0.8625095,0.5060408
4199,26,-0.05511893,-0.01115332,0,0,0.0278089,0.9996133
4200,26,0.7369896,-0.03238212,0,0,-0.6168511,0.7870799
4201,26,0.2099556,-0.2742777,0,0,0.5493494,0.8355927
4202,26,0.08932547,0.1006228,0,0,-0.3543854,0.9350994
4203,26,0.1910996,0.9678267,0,0,-0.992965,0.1184085
4204,26,1.040543,-1.548718,0,0,-0.8845763,0.4663956
4205,26,-0.7711941,-0.1791374,0,0,0.8797804,0.4753804
4206,26,0.2432436,1.672428,0,0,0.1233658,0.9923612
4207,26,1.844621,0.2532783,0,0,0.8843822,0.4667634
4208,26,1.968829,-0.9780492,0,0,-0.7174143,0.6966468
4209,26,0.2248691,-0.2120222,0,0,0.656334,0.7544705
4210,26,1.572108,0.2974533,0,0,-0.4513223,0.892361
4211,26,0.1125393,-0.7462793,0,0,0.3453914,0.9384587
4212,26,0.2903423,-0.1680825,0,0,-0.7593237,0.6507131
4213,26,-0.03469796,-0.06679515,0,0,0.9552079,0.2959357
4214,26,-0.05723497,0.7783666,0,0,0.2663245,0.9638834
4215,26,0.7896606,1.043639,0,0,0.9992849,0.03781223
4216,26,2.804948,1.59614,0,0,-0.2535646,0.9673185
4217,26,0.6624867,-1.933694,0,0,0.4465553,0.894756
4218,26,0.3501744,-0.1712609,0,0,-0.698588,0.7155242
4219,26,0.6737328,-0.4911439,0,0,0.7138429,0.7003058
4220,26,0.4239808,0.1356231,0,0,-0.3626645,0.9319198
4221,26,0.9287623,-0.2218219,0,0,0.8425413,0.5386317
4222,26,0.528325,0.2115189,0,0,-0.305604,0.9521587
4223,26,1.009903,-0.1144845,0,0,0.8794251,0.4760373
4224,26,0.5269656,0.2948771,0,0,-0.2268423,0.9739315
4225,26,0.828632,-0.2240366,0,0,0.8501432,0.5265516
4226,26,-0.03144768,0.1611554,0,0,0.3231354,0.9463527
4227,26,3.963715,1.835558,0,0,0.9780073,0.2085707
4228,26,-1.002921,-1.297547,0,0,-0.9995884,0.0286885
4229,26,-0.3102716,0.2345154,0,0,0.7108684,0.7033251
4230,26,0.6179468,-0.08402794,0,0,-0.4804336,0.8770311
4231,26,0.2828531,0.2003604,0,0,0.9988534,0.0478735
4232,26,0.8618204,-0.2630354,0,0,-0.5288772,0.8486983
4233,26,-0.0002761725,-0.05859264,0,0,-0.9921413,0.1251224
4234,26,0.7323686,1.713239,0,0,0.1937699,0.981047
4235,26,2.342808,-0.06701835,0,0,0.9292226,0.3695204
4236,26,1.646457,-0.6351979,0,0,-0.5253785,0.8508686
4237,26,0.4848172,-1.067885,0,0,0.6109869,0.7916407
4238,26,-0.1160192,0.04056379,0,0,-0.402632,0.9153619
4239,26,1.052002,0.9309591,0,0,-0.9995592,0.02968824
4240,26,0.4501191,-0.9330937,0,0,-0.7830646,0.6219404
4241,26,0.1742834,0.008565038,0,0,0.971742,0.2360457
4242,26,0.7732693,-0.5281833,0,0,-0.5842045,0.8116065
4243,26,-0.4348537,-0.1903347,0,0,0.9925848,0.1215543
4244,26,-0.7160175,0.7458668,0,0,0.7537786,0.6571285
4245,26,3.527954,1.316697,0,0,0.9938146,0.1110515
4246,26,0.8282375,-1.594425,0,0,-0.7379113,0.6748977
4247,26,0.7900309,-0.2168507,0,0,0.9211454,0.3892185
4248,26,0.190478,-1.260093,0,0,-0.829203,0.5589476
4249,26,-0.2489067,0.164825,0,0,0.8436027,0.5369679
4250,26,0.5701323,0.4152873,0,0,0.05630597,0.9984136
4251,26,0.1525262,0.200908,0,0,-0.9728142,0.231587
4252,26,1.407819,1.4387,0,0,0.1605444,0.9870286
4253,26,0.514807,-0.8544577,0,0,0.7427701,0.6695465
4254,26,-0.06717001,-0.07922123,0,0,0.2334121,0.9723779
4255,26,1.908169,1.433832,0,0,-0.9935536,0.1133637
4256,27,0.5225102,-1.148709,0,0,0.7186645,0.6953569
4257,27,0.3145241,0.1516795,0,0,0.02416849,0.9997079
4258,27,0.9953762,-1.737081,0,0,0.7386499,0.6740893
4259,27,-0.3767493,0.2977523,0,0,-0.531028,0.8473543
4260,27,1.261562,0.315733,0,0,0.9943321,0.1063187
4261,27,-0.3273109,-0.02959575,0,0,-0.1994529,0.9799074
4262,27,1.228216,0.9809763,0,0,-0.9957914,0.09164802
4263,27,-0.4370802,-0.6114162,0,0,0.2171012,0.9761491
4264,27,-0.1277626,3.963908,0,0,-0.8559562,0.5170483
4265,27,-2.113012,-1.527277,0,0,-0.9992124,0.03968182
4266,27,-1.457834,0.473808,0,0,0.9085855,0.4176988
4267,27,1.035983,-0.9450951,0,0,-0.6066284,0.7949855
4268,27,-0.370154,-0.4084865,0,0,-0.9902194,0.1395191
4269,27,2.045317,0.2114324,0,0,-0.243096,0.9700022
4270,27,0.09500468,-0.02570735,0,0,0.8596618,0.5108635
4271,27,0.984204,0.2768068,0,0,-0.1692534,0.9855726
4272,27,0.2149183,0.2348285,0,0,-0.9982077,0.05984503
4273,27,1.988997,0.6400675,0,0,-0.1704802,0.9853611
4274,27,0.3837455,0.1009931,0,0,0.9713301,0.2377347
4275,27,2.502676,1.334173,0,0,-0.09794884,0.9951915
4276,27,0.2131871,-1.362749,0,0,0.4744211,0.880298
4277,27,0.4893305,-0.2336044,0,0,-0.5339907,0.8454903
4278,27,0.2439911,-0.4454155,0,0,0.5933809,0.8049217
4279,27,0.2614806,-0.009551324,0,0,-0.3367746,0.9415853
4280,27,0.05650625,0.07082654,0,0,0.9952983,0.09685682
4281,27,-0.07052106,0.989028,0,0,0.4314496,0.902137
4282,27,1.911217,0.7781989,0,0,0.9771535,0.2125347
4283,27,2.098647,0.1485009,0,0,-0.3572033,0.9340267
4284,27,1.066278,-0.9975229,0,0,0.6934084,0.7205448
4285,27,0.8378143,-0.1025079,0,0,-0.4476366,0.8942155
4286,27,0.7792008,-1.135145,0,0,0.5983585,0.8012285
4287,27,-0.3510739,0.2989295,0,0,-0.737709,0.6751189
4288,27,-0.05856214,0.8287987,0,0,-0.9363137,0.3511645
4289,27,1.268204,-1.178187,0,0,-0.7288246,0.6847004
4290,27,-0.1515469,0.2324892,0,0,0.6300594,0.776547
4291,27,0.3956904,0.616752,0,0,0.06297629,0.998015
4292,27,0.004357232,0.0969358,0,0,-0.99593,0.09012988
4293,27,0.810928,3.099311,0,0,0.1863729,0.9824791
4294,27,1.102615,-3.325698,0,0,0.4361082,0.8998942
4295,27,-0.05438934,0.01767258,0,0,-0.86645,0.4992638
4296,27,0.7929623,-0.7163723,0,0,0.6313404,0.7755058
4297,27,-0.04662221,-0.04394223,0,0,-0.4634447,0.8861259
4298,27,0.8726097,-0.1759857,0,0,0.8043132,0.5942056
4299,27,0.01365808,-0.06136616,0,0,0.005908249,0.9999825
4300,27,1.528283,0.8411571,0,0,0.9595435,0.2815603
4301,27,0.4333571,0.1899565,0,0,-0.2746765,0.9615367
4302,27,2.323749,1.411188,0,0,0.9630558,0.269302
4303,27,0.3364676,-1.303827,0,0,-0.9283509,0.371705
4304,27,0.03880358,0.04344249,0,0,0.8400211,0.5425537
4305,27,1.093764,0.732443,0,0,-0.2415611,0.9703856
4306,27,1.652261,-1.134293,0,0,0.6392463,0.769002
4307,27,-0.07090663,-0.3521899,0,0,-0.9842461,0.176804
4308,27,0.009746691,0.04772657,0,0,0.8630013,0.5052016
4309,27,0.1746473,0.5182649,0,0,0.08600701,0.9962946
4310,27,0.5886029,-0.3160499,0,0,0.6439247,0.7650889
4311,27,0.1255977,-0.1878064,0,0,0.3745595,0.9272029
4312,27,2.80581,2.360265,0,0,0.9674689,0.2529899
4313,27,2.039491,-1.824353,0,0,-0.8212363,0.5705883
4314,27,-0.3565986,-1.251724,0,0,0.01248979,0.999922
4315,27,-0.4680817,0.2408288,0,0,-0.7849994,0.6194965
4316,27,0.924527,0.581009,0,0,0.9343196,0.3564364
4317,27,0.01373952,-0.04757014,0,0,-0.5358661,0.844303
4318,27,0.9624254,1.06944,0,0,0.9732959,0.2295543
4319,27,0.894837,-0.03943982,0,0,-0.5933034,0.804979
4320,27,1.230001,-0.617591,0,0,0.6233699,0.781927
4321,27,-0.3147419,-0.4632202,0,0,-0.2059774,0.9785568
4322,27,1.381684,2.750451,0,0,0.9938679,0.1105734
4323,27,0.5230951,-1.491002,0,0,-0.9538359,0.3003282
4324,27,0.8182769,-0.1106158,0,0,0.7208315,0.6931103
4325,27,0.4640561,-0.5465548,0,0,-0.878875,0.4770522
4326,27,0.9054783,-0.1795912,0,0,0.6937428,0.7202228
4327,27,-0.01674622,-0.04730566,0,0,-0.790437,0.6125434
4328,27,1.150255,0.1307636,0,0,0.7935948,0.6084467
4329,27,-0.7495424,-0.8429899,0,0,-0.2890482,0.9573146
4330,27,-1.889996,1.56765,0,0,-0.8684059,0.4958539
4331,27,1.321987,-2.771057,0,0,-0.952439,0.3047294
4332,27,0.30693,-0.02443137,0,0,0.6742141,0.7385359
4333,27,0.4387145,-1.235774,0,0,-0.9668067,0.2555088
4334,27,-0.06158755,0.04068428,0,0,0.8004478,0.5994024
4335,27,1.006651,-0.2752126,0,0,-0.7409769,0.6715305
4336,27,0.5480412,0.2880235,0,0,0.8644661,0.5026911
4337,27,0.7256837,-0.6543924,0,0,-0.8804583,0.4741236
4338,27,0.1135121,0.1297038,0,0,0.8974898,0.4410351
4339,27,0.9714556,0.1682158,0,0,-0.5912726,0.8064718
4340,27,0.4226682,0.5760967,0,0,0.951638,0.3072215
4341,27,1.606206,0.8764358,0,0,-0.469743,0.8828032
4342,27,2.562967,0.6094288,0,0,0.7963422,0.6048463
4343,27,0.3094141,-2.400732,0,0,-0.995443,0.09535794
4344,27,0.05671051,0.2164902,0,0,-0.003263718,0.9999947
4345,27,0.6444823,-0.08657899,0,0,-0.7179152,0.6961306
4346,27,-0.1654724,-0.01765365,0,0,0.8385842,0.544772
4347,27,0.2854986,1.082565,0,0,-0.09978123,0.9950094
4348,27,1.172612,-0.2069466,0,0,0.6284335,0.7778633
4349,27,0.2800035,0.2317585,0,0,-0.3675697,0.929996
4350,27,1.953932,1.652248,0,0,0.9006652,0.4345137
4351,27,1.368115,-1.748286,0,0,-0.94595,0.3243125
4352,27,0.2359884,-0.2805767,0,0,0.2670515,0.9636823
4353,27,0.5337297,0.1419876,0,0,-0.5911967,0.8065274
4354,27,1.310582,0.1001127,0,0,0.7054774,0.7087325
4355,27,0.784739,-0.3815827,0,0,-0.8486476,0.5289586
4356,27,0.9073104,-0.5327948,0,0,0.4500872,0.8929846
4357,27,-0.3707506,0.213412,0,0,-0.9062403,0.422763
4358,27,-0.1131658,0.7982248,0,0,-0.999981,0.006156004
4359,27,0.1187703,0.06623592,0,0,-0.3967455,0.9179286
4360,27,0.5571221,3.373922,0,0,0.9911958,0.1324041
4361,27,-1.638824,-2.930613,0,0,0.9550776,0.2963557
4362,27,-0.8910772,1.220065,0,0,0.2714679,0.9624475
4363,27,1.780875,0.8349972,0,0,-0.5745208,0.81849
4364,27,0.07474662,-0.06140156,0,0,0.1551649,0.9878886
4365,27,0.5264014,-0.03767907,0,0,-0.7485361,0.663094
4366,27,-0.02513073,0.07102607,0,0,0.9825858,0.1858094
4367,27,1.616041,1.219594,0,0,-0.4989591,0.8666255
4368,27,1.153061,-0.1842351,0,0,0.5763554,0.8171992
4369,27,1.025021,-0.06318692,0,0,-0.7672126,0.6413929
4370,27,0.788431,0.4716707,0,0,0.8150992,0.5793214
4371,27,2.128064,0.08502742,0,0,-0.7449263,0.6671467
4372,27,1.411652,-0.827733,0,0,0.4081928,0.9128957
4373,27,-0.07361097,-0.6328387,0,0,0.9927822,0.1199316
4374,27,-0.1014261,-0.02056865,0,0,0.8302612,0.5573745
4375,27,0.5947871,-0.8822313,0,0,-0.9766576,0.2148022
4376,27,-0.4070932,-0.3379983,0,0,0.8761766,0.4819902
4377,27,0.7927167,1.257212,0,0,-0.3622173,0.9320937
4378,27,0.1917213,0.2466138,0,0,0.880923,0.4732596
4379,27,1.830774,2.790811,0,0,-0.382436,0.923982
4380,27,0.8333616,-2.802641,0,0,0.02623818,0.9996557
4381,27,0.05812164,-0.1790037,0,0,-0.9910776,0.1332863
4382,27,0.1311875,-0.6702907,0,0,-0.04593956,0.9989442
4383,27,-0.1837095,-0.4546938,0,0,-0.33792,0.9411748
4384,27,1.065233,1.404984,0,0,0.8982764,0.439431
4385,27,0.5161441,-0.7081603,0,0,-0.9784327,0.2065662
4386,27,0.4732291,0.1074402,0,0,0.6721475,0.7404172
4387,27,0.1334591,-0.02259542,0,0,-0.7717556,0.6359193
4388,27,-0.1706309,0.9325425,0,0,0.9983956,0.0566247
4389,27,2.797227,-0.4489657,0,0,-0.8382928,0.5452203
4390,27,0.8016675,-0.194962,0,0,0.4891139,0.8722199
4391,27,2.181366,-0.3370596,0,0,-0.8385373,0.5448441
4392,27,-0.1241742,-0.8276613,0,0,-0.2319321,0.972732
4393,27,0.01761644,-0.03970341,0,0,-0.9139751,0.4057702
4394,27,0.4253285,0.1899407,0,0,0.7312104,0.682152
4395,27,0.4731492,0.06623202,0,0,-0.7413598,0.6711078
4396,27,0.03249028,0.3208221,0,0,0.9710584,0.2388422
4397,27,1.154012,2.095146,0,0,-0.3871195,0.9220296
4398,27,2.230755,-1.352026,0,0,0.3464607,0.9380645
4399,27,0.6081681,-0.3110206,0,0,-0.9166826,0.3996161
4400,27,1.424612,-0.5482043,0,0,0.4220889,0.9065545
4401,27,0.2389461,-0.1556134,0,0,-0.929203,0.3695697
4402,27,1.253804,0.2907881,0,0,0.6661054,0.7458577
4403,27,0.1302588,-0.2429659,0,0,-0.9924178,0.1229101
4404,27,0.3694164,0.3884968,0,0,0.844381,0.5357431
4405,27,0.8478836,0.0335653,0,0,-0.795261,0.6062673
4406,27,0.9872072,-0.6908235,0,0,0.2983214,0.9544654
4407,27,-0.5148715,-0.848298,0,0,-0.4371328,0.899397
4408,27,-1.649074,2.084174,0,0,-0.9871221,0.159969
4409,27,1.290305,-4.47249,0,0,0.9995226,0.0308973
4410,27,-0.05613162,0.6335856,0,0,-0.1159619,0.9932536
4411,27,1.237845,-0.9043005,0,0,-0.9553641,0.2954308
4412,27,-0.6972232,0.1322151,0,0,0.50292,0.864333
4413,27,1.340605,0.9670023,0,0,-0.6018457,0.7986124
4414,27,-0.6059309,0.3079264,0,0,0.3732968,0.927712
4415,27,-0.098998,1.412688,0,0,-0.1390086,0.9902912
4416,27,0.4982031,-0.2030756,0,0,0.3855481,0.9226877
4417,27,0.7226933,1.131999,0,0,-0.4450932,0.8954843
4418,27,1.671704,-0.963449,0,0,0.3298145,0.9440458
4419,27,0.9993726,-0.4748929,0,0,-0.9270515,0.374934
4420,27,0.3306541,-0.1548724,0,0,0.3548432,0.9349258
4421,27,1.005225,0.7747962,0,0,-0.596463,0.8026406
4422,27,-0.05561656,-1.297604,0,0,-0.2125204,0.9771566
4423,27,-0.2616417,0.106085,0,0,-0.926954,0.3751749
4424,27,0.5183041,0.2010054,0,0,0.6971869,0.7168894
4425,27,0.03983142,0.2015421,0,0,-0.2601076,0.9655796
4426,27,0.8457965,1.600848,0,0,0.9062536,0.4227344
4427,27,2.399718,0.8925595,0,0,-0.7155014,0.6986114
4428,27,2.284302,-1.320388,0,0,0.3234622,0.9462411
4429,27,0.4707507,-1.087387,0,0,-0.9999,0.01414057
4430,27,0.2106299,-0.3442407,0,0,0.0727273,0.9973519
4431,27,0.4095746,-0.006711315,0,0,-0.8305297,0.5569743
4432,27,0.1867443,0.03321367,0,0,0.6165463,0.7873186
4433,27,0.1999717,0.9414823,0,0,-0.2922548,0.9563405
4434,27,0.7203029,-1.360979,0,0,0.04677111,0.9989057
4435,27,-0.4795515,-0.4211829,0,0,-0.5838526,0.8118597
4436,27,1.624181,1.337909,0,0,0.8037001,0.5950346
4437,27,0.3761304,0.02148155,0,0,-0.8131098,0.5821103
4438,27,1.969774,1.701784,0,0,0.8106175,0.585576
4439,27,0.19374,-1.954008,0,0,0.9892724,0.1460827
4440,27,0.04104779,-0.0472855,0,0,0.1564587,0.9876845
4441,27,0.6870418,-0.07793397,0,0,-0.861487,0.5077795
4442,27,0.5289013,-0.04242828,0,0,0.5223198,0.8527497
4443,27,0.5304947,0.08808627,0,0,-0.7836097,0.6212535
4444,27,0.3674428,0.07701302,0,0,0.6402362,0.7681781
4445,27,-0.1258192,0.3437046,0,0,-0.02340138,0.9997262
4446,27,3.032875,3.005616,0,0,0.8306512,0.5567932
4447,27,-1.131791,-2.113631,0,0,0.9038679,0.4278117
4448,27,-0.6927567,0.709518,0,0,0.1881529,0.9821398
4449,27,0.9796957,0.9793717,0,0,-0.5559848,0.8311925
4450,27,0.6901066,-0.2629512,0,0,0.4008991,0.9161222
4451,27,0.8938174,-0.033189,0,0,-0.8422974,0.539013
4452,27,0.8012018,-0.01621215,0,0,0.5527515,0.8333461
4453,27,0.5825941,-0.2716636,0,0,-0.9329136,0.3601003
4454,27,0.1927933,0.1939822,0,0,0.8419129,0.5396134
4455,27,0.8830692,0.7245557,0,0,-0.5953569,0.8034614
4456,27,0.9468398,1.089657,0,0,0.8544731,0.5194957
4457,27,3.264728,-0.09637108,0,0,-0.8373396,0.5466831
4458,27,0.5647756,-1.355461,0,0,0.01119576,0.9999373
4459,27,0.5512,-0.5891631,0,0,-0.9838101,0.1792139
4460,27,0.1855424,-0.3300436,0,0,0.0831687,0.9965355
4461,27,0.2260725,-0.0104013,0,0,-0.8534595,0.5211591
4462,27,0.06821987,0.1524032,0,0,0.9357878,0.3525638
4463,27,0.4436063,1.409948,0,0,-0.3362306,0.9417797
4464,27,1.9983,-0.43318,0,0,0.4771413,0.8788266
4465,27,0.2912149,0.005552605,0,0,-0.832883,0.5534492
4466,27,1.365065,1.356456,0,0,0.8401238,0.5423946
4467,27,0.9016939,-2.087874,0,0,-0.9998129,0.01934189
4468,27,-0.2674987,0.3735386,0,0,0.1127783,0.9936202
4469,27,0.6591005,0.8596514,0,0,-0.4917721,0.8707239
4470,27,1.028324,-0.4115567,0,0,0.4125807,0.910921
4471,27,0.7122202,-0.6260684,0,0,-0.9715381,0.2368833
4472,27,-0.02307151,-0.01841158,0,0,0.5711005,0.8208801
4473,27,0.9023585,0.3152691,0,0,-0.7181563,0.6958818
4474,27,-0.06030936,-0.3020593,0,0,0.954451,0.2983676
4475,27,0.0003782124,3.142681,0,0,-0.1738658,0.9847693
4476,27,2.324736,-3.319669,0,0,0.1388471,0.9903138
4477,27,0.01378887,-0.2824638,0,0,0.9836945,0.1798475
4478,27,0.6299146,-0.3202614,0,0,0.3894463,0.9210492
4479,27,0.1699205,-0.04749259,0,0,-0.9127908,0.4084275
4480,27,0.4345064,0.4387664,0,0,0.8603902,0.5096357
4481,27,1.190346,-0.2771027,0,0,-0.8772941,0.4799532
4482,27,-0.2212108,-0.09082413,0,0,0.6963627,0.7176901
4483,27,0.3291857,1.718578,0,0,-0.2567652,0.9664738
4484,27,0.2369509,-0.6589225,0,0,0.03623971,0.9993431
4485,27,0.04869445,0.1793511,0,0,-0.3485293,0.9372979
4486,27,0.8950397,-0.9277568,0,0,0.2407386,0.97059
4487,27,0.2805496,0.3859303,0,0,-0.4727249,0.8812101
4488,27,0.2860826,-2.759449,0,0,-0.08955253,0.9959821
4489,27,-0.3487092,0.9284911,0,0,-0.9987749,0.04948307
4490,27,1.303666,0.4275481,0,0,0.7249692,0.6887813
4491,27,-0.398753,-0.192041,0,0,-0.6204645,0.7842346
4492,27,1.676556,0.5346147,0,0,0.7238346,0.6899735
4493,27,-0.3574261,-0.5877858,0,0,-0.3787242,0.9255096
4494,27,1.117142,3.514124,0,0,0.9597585,0.2808269
4495,27,1.062657,-2.037663,0,0,-0.9947199,0.1026273
4496,27,0.8034598,-0.591211,0,0,0.348076,0.9374663
4497,27,0.3100096,-0.5482998,0,0,-0.9944125,0.1055643
4498,27,0.3425394,-0.1858156,0,0,0.4396815,0.8981538
4499,27,0.05430669,0.1290492,0,0,-0.4267561,0.9043668
4500,27,1.710214,0.8756807,0,0,0.7903585,0.6126446
4501,27,0.3817393,-0.3239855,0,0,-0.9600807,0.279723
4502,27,0.9346241,-0.04381417,0,0,0.6185751,0.7857257
4503,27,-0.4354842,-0.2626556,0,0,-0.5571033,0.8304431
4504,27,-0.4398668,2.149812,0,0,0.9999998,0.0007113973
4505,27,2.332446,-1.88283,0,0,-0.9443687,0.3288886
4506,27,0.7856145,-0.6720625,0,0,0.3406051,0.9402065
4507,27,0.5758452,-0.6398461,0,0,-0.9698709,0.2436194
4508,27,0.6763191,-0.1207541,0,0,0.587538,0.8091966
4509,27,-0.05135395,-0.4084253,0,0,0.9798872,0.1995519
4510,27,-0.131981,-0.2791106,0,0,0.9306744,0.3658486
4511,27,-0.05343426,0.7002326,0,0,-0.07835668,0.9969254
4512,27,1.218806,1.313639,0,0,0.9012588,0.4332811
4513,27,1.975245,0.5646507,0,0,-0.6722038,0.7403662
4514,27,2.267544,-0.9911543,0,0,0.4882337,0.8727129
4515,27,0.08359611,-0.2720118,0,0,-0.9999918,0.00405473
4516,27,0.4582257,0.2540384,0,0,0.8445668,0.5354503
4517,27,1.044213,-0.1680423,0,0,-0.8148465,0.5796768
4518,27,1.075827,-0.3878596,0,0,0.5367205,0.8437601
4519,27,0.4192428,-0.1184808,0,0,-0.858497,0.5128187
4520,27,0.78602,-0.2465436,0,0,0.5663298,0.8241787
4521,27,-0.0807868,-0.03106638,0,0,-0.38732,0.9219453
4522,27,1.790075,0.9336261,0,0,0.8335364,0.5524645
4523,27,-0.6024882,-0.2235923,0,0,-0.5818699,0.8132818
4524,27,0.4410754,3.491882,0,0,0.9948591,0.1012688
4525,27,-1.524648,-2.590443,0,0,0.9522358,0.3053637
4526,27,-0.2016975,0.7134363,0,0,0.07335611,0.9973058
4527,27,0.8379081,-0.08293691,0,0,-0.7790902,0.6269119
4528,27,0.1568856,0.06431552,0,0,0.8849559,0.4656747
4529,27,0.6750337,0.04060738,0,0,-0.726571,0.6870914
4530,27,0.3795488,0.6791205,0,0,0.9696693,0.2444208
4531,27,0.3675117,-0.513985,0,0,-0.9667279,0.2558072
4532,27,0.08080766,-0.2413874,0,0,-0.9984672,0.055347
4533,27,2.998734,-0.0664374,0,0,-0.7259364,0.6877618
4534,27,0.4348099,-0.4232596,0,0,0.4216092,0.9067776
4535,27,1.30115,0.1684394,0,0,-0.6736305,0.7390683
4536,27,0.8334376,-0.5164939,0,0,0.5118223,0.8590913
4537,27,0.9794591,-0.1027955,0,0,-0.7534253,0.6575335
4538,27,0.5640016,-0.7454679,0,0,0.3556781,0.9346085
4539,27,0.02870107,0.04363199,0,0,-0.7607965,0.6489905
4540,27,0.7562622,0.02086786,0,0,0.7530411,0.6579735
4541,27,0.006938979,-0.4010276,0,0,0.09279612,0.9956852
4542,27,-0.2268083,3.327836,0,0,-0.9975938,0.06933042
4543,27,0.630879,-3.144258,0,0,-0.9917872,0.127899
4544,27,-0.354762,0.0797316,0,0,0.6027145,0.7979569
4545,27,1.336146,-1.284836,0,0,-0.9071394,0.4208302
4546,27,-0.1688378,0.01659846,0,0,0.5951998,0.8035778
4547,27,0.9020631,-0.5729822,0,0,-0.8610445,0.5085295
4548,27,-0.1944848,-0.4033214,0,0,0.9750746,0.2218773
4549,27,1.607761,1.388445,0,0,-0.3701491,0.9289724
4550,27,0.4364432,-0.3386071,0,0,0.5390376,0.8422817
4551,27,0.8501595,0.3177139,0,0,-0.5329695,0.8461344
4552,27,0.3130602,0.2163443,0,0,0.9424812,0.3342593
4553,27,1.961389,1.833449,0,0,-0.3313119,0.9435213
4554,27,1.113582,-1.513106,0,0,0.4071798,0.913348
4555,27,0.9936545,-0.2913998,0,0,-0.7574337,0.6529121
4556,27,-0.2936623,-0.9576074,0,0,-0.02332278,0.999728
4557,27,-0.463761,0.1574664,0,0,-0.7137393,0.7004115
4558,27,0.348547,0.7891704,0,0,0.9973263,0.07307646
4559,27,0.6552184,0.0149295,0,0,-0.6436687,0.7653043
4560,27,0.3155223,0.3061126,0,0,0.9744605,0.2245588
4561,27,0.3926906,1.446435,0,0,-0.02793657,0.9996097
4562,27,3.79337,0.2365953,0,0,0.8144447,0.5802413
4563,27,0.1098428,-1.447824,0,0,-0.9876199,0.1568658
4564,27,0.2161593,-0.3643573,0,0,0.4508173,0.8926163
4565,27,-0.03828067,0.05355774,0,0,-0.6356006,0.7720181
4566,27,0.3363743,1.004851,0,0,-0.9999486,0.01014545
4567,27,0.8486981,-1.389085,0,0,-0.9142721,0.4051006
4568,27,-0.1645612,0.05736685,0,0,0.5954109,0.8034214
4569,27,0.3390799,0.5405512,0,0,-0.1522689,0.9883391
4570,27,0.7837119,0.4170259,0,0,0.9422954,0.3347826
4571,27,0.5302357,0.6053401,0,0,-0.2109411,0.9774988
4572,27,1.852341,1.961344,0,0,0.9826674,0.1853771
4573,27,1.257542,-2.39134,0,0,-0.9107874,0.4128757
4574,27,0.2586521,-0.2487164,0,0,0.6182044,0.7860174
4575,27,0.2302721,-1.148123,0,0,-0.9600648,0.2797776
4576,27,-0.4468663,-0.08300253,0,0,0.8589571,0.5120476
4577,27,1.121387,0.1328369,0,0,-0.5083408,0.861156
4578,27,-0.2208668,-0.2953759,0,0,0.9863049,0.1649324
4579,27,0.2629221,1.885036,0,0,0.1415162,0.9899359
4580,27,1.945152,-0.3957415,0,0,0.8011106,0.5985163
4581,27,1.047778,-0.3094694,0,0,-0.6522897,0.7579698
4582,27,0.917704,0.2229844,0,0,0.9216827,0.3879445
4583,27,1.970638,-0.4245953,0,0,-0.6060989,0.7953893
4584,27,0.4519023,-0.5664045,0,0,0.5857341,0.8105033
4585,27,0.7825361,-0.1650276,0,0,-0.6070916,0.7946319
4586,27,0.4969885,-0.01232739,0,0,0.8847544,0.4660575
4587,27,1.293007,-0.2060237,0,0,-0.5678292,0.8231464
4588,27,-0.1123558,0.07463576,0,0,0.5809376,0.813948
4589,27,0.1151576,0.4838618,0,0,0.1277643,0.9918045
4590,27,0.04970362,0.3699585,0,0,-0.9608328,0.2771288
4591,27,2.192928,3.646788,0,0,0.02486043,0.9996909
4592,27,-1.01983,-2.96512,0,0,0.1530786,0.988214
4593,27,-0.3547855,0.8376474,0,0,-0.8578737,0.5138606
4594,27,1.463739,0.07047708,0,0,0.9106228,0.4132385
4595,27,-0.1717252,0.2210329,0,0,-0.7465643,0.6653132
4596,27,0.417267,0.7179452,0,0,-0.9957047,0.09258565
4597,27,0.730311,0.3017879,0,0,-0.2668495,0.9637382
4598,27,1.518378,-0.1872062,0,0,0.8845847,0.4663795
4599,27,-0.2931803,0.0001565727,0,0,-0.3618459,0.9322379
4600,27,0.3524039,1.842093,0,0,-0.9623758,0.271722
4601,27,0.9216028,-1.764275,0,0,-0.8220577,0.5694042
4602,27,-0.3117415,-0.08936447,0,0,0.9499173,0.3125016
4603,27,2.071829,1.121541,0,0,-0.1594004,0.987214
4604,27,-0.3021372,-1.343932,0,0,0.2920703,0.9563968
4605,27,-0.2696063,0.1260594,0,0,-0.5267854,0.8499983
4606,27,0.808469,-0.5479819,0,0,0.7894344,0.6138349
4607,27,-0.4755074,-0.353437,0,0,-0.03020085,0.9995438
4608,27,-0.2334928,1.524156,0,0,-0.8766794,0.4810752
4609,27,0.8276005,0.04248918,0,0,-0.3397167,0.9405278
4610,27,0.9055734,1.700973,0,0,-0.9810066,0.1939744
4611,27,1.870439,-2.725077,0,0,-0.7364213,0.6765232
4612,27,-0.03381424,0.05606243,0,0,0.5271175,0.8497924
4613,27,0.9581579,0.01017886,0,0,-0.3265708,0.9451727
4614,27,0.1112057,-0.07448383,0,0,0.8585666,0.512702
4615,27,0.5961203,0.5956041,0,0,0.06742217,0.9977245
4616,27,0.9885663,-0.0245493,0,0,0.9531307,0.3025587
4617,27,1.032862,0.08281979,0,0,-0.2614563,0.9652153
4618,27,0.4979391,-0.3657141,0,0,0.8301619,0.5575224
4619,27,-0.01636675,0.0007155351,0,0,0.2505805,0.9680958
4620,27,0.2681326,1.81602,0,0,-0.9050301,0.4253475
4621,27,4.017524,-0.7016149,0,0,-0.345194,0.9385314
4622,27,-0.6406701,-0.8132011,0,0,0.2035562,0.9790633
4623,27,-0.3437456,0.06616004,0,0,-0.3246555,0.9458323
4624,27,1.04582,0.1116966,0,0,0.9830504,0.1833356
4625,27,0.2806132,-0.1725996,0,0,-0.4941609,0.8693705
4626,27,0.5518946,0.2149754,0,0,0.9993654,0.03561978
4627,27,-0.04290254,-0.02276535,0,0,0.06774846,0.9977024
4628,27,-0.4558564,1.361478,0,0,-0.74212,0.670267
4629,27,3.362818,-1.271138,0,0,-0.3711078,0.9285898
4630,28,0.2240002,-0.2540703,0,0,-0.5856428,0.8105692
4631,28,1.544506,-0.02131424,0,0,0.9767249,0.214496
4632,28,0.0650608,-0.09962653,0,0,-0.6444801,0.7646211
4633,28,0.603093,0.6192065,0,0,-0.9848807,0.1732341
4634,28,1.092423,-0.6503467,0,0,-0.4796534,0.877458
4635,28,0.3796678,-0.5166202,0,0,0.7534204,0.6575391
4636,28,-0.04933716,-0.0349459,0,0,-0.007645345,0.9999708
4637,28,0.9189734,0.7449439,0,0,-0.9966617,0.08164245
4638,28,0.03970956,0.01294404,0,0,0.02433978,0.9997038
4639,28,0.4191493,2.237705,0,0,-0.912478,0.4091259
4640,28,2.459312,-1.448719,0,0,-0.518435,0.855117
4641,28,1.452843,-0.8187569,0,0,0.8525636,0.5226235
4642,28,-0.4835492,-0.6912279,0,0,-0.9821101,0.1883073
4643,28,-0.2533824,0.07027224,0,0,0.9185354,0.3953389
4644,28,0.2707935,0.02041789,0,0,-0.2371765,0.9714666
4645,28,-0.09341749,0.4864697,0,0,-0.8537204,0.5207317
4646,28,1.783132,-0.3606876,0,0,-0.4079218,0.9130169
4647,28,0.3834969,0.08544975,0,0,0.9689397,0.2472971
4648,28,1.1113,0.4155787,0,0,-0.150623,0.9885913
4649,28,1.092867,0.9340525,0,0,0.9999999,0.0005029003
4650,28,1.812805,-1.768628,0,0,-0.6731635,0.7394937
4651,28,-0.1122399,0.08463904,0,0,0.8278098,0.5610089
4652,28,1.800329,0.2151858,0,0,-0.2979208,0.9545906
4653,28,0.4588207,-0.3662309,0,0,0.7395058,0.6731502
4654,28,0.5134954,-0.8823165,0,0,-0.7796642,0.6261979
4655,28,-0.4654673,-0.293064,0,0,0.9966031,0.0823547
4656,28,1.724434,0.6257548,0,0,-0.2133849,0.9769682
4657,28,-1.537199,-0.5372851,0,0,0.9744099,0.2247787
4658,28,-2.17499,1.503649,0,0,0.7629379,0.6464718
4659,28,1.236196,-4.035634,0,0,0.4868106,0.8735076
4660,28,-0.06839362,0.1678388,0,0,-0.8971924,0.44164
4661,28,0.7635021,-0.3725441,0,0,0.7771524,0.6293125
4662,28,0.2254463,0.09995218,0,0,-0.1588479,0.9873031
4663,28,0.8357673,-0.8958835,0,0,0.6428818,0.7659653
4664,28,-0.2453178,-0.2059323,0,0,-0.1579239,0.9874513
4665,28,1.384481,0.8266693,0,0,0.9799315,0.1993347
4666,28,0.4901166,-0.01381228,0,0,-0.427826,0.9038611
4667,28,1.377598,0.5976349,0,0,0.9610716,0.2762996
4668,28,0.2900048,-0.06528013,0,0,-0.5012844,0.8652826
4669,28,0.5348655,1.402998,0,0,-0.9942894,0.1067171
4670,28,2.984596,-1.417661,0,0,-0.6509622,0.7591102
4671,28,-0.1283621,-0.665121,0,0,0.1570029,0.9875981
4672,28,0.2488003,-0.09296808,0,0,-0.5703487,0.8214027
4673,28,0.3880629,-0.1750271,0,0,0.7157491,0.6983575
4674,28,0.410775,0.1407593,0,0,-0.2988594,0.9542971
4675,28,0.1556972,0.1511084,0,0,0.9723541,0.2335115
4676,28,0.1733095,1.306252,0,0,0.2069116,0.9783596
4677,28,1.642689,-0.1661089,0,0,0.8253205,0.5646645
4678,28,1.189943,0.9406081,0,0,-0.191005,0.9815891
4679,28,1.017455,-2.841751,0,0,0.3886169,0.9213994
4680,28,-0.2786372,0.7158096,0,0,-0.9267923,0.3755742
4681,28,1.206872,0.6085749,0,0,0.941846,0.336045
4682,28,-0.1969743,-0.05959525,0,0,-0.5057588,0.862675
4683,28,1.6143,1.260883,0,0,0.9687451,0.2480585
4684,28,-0.1587636,-0.2886281,0,0,-0.9997479,0.02245328
4685,28,-0.008634898,0.04646455,0,0,0.9266143,0.3760131
4686,28,0.05120748,0.176004,0,0,0.1838003,0.9829636
4687,28,0.5739849,2.052042,0,0,-0.9989914,0.04490291
4688,28,2.746486,0.01828162,0,0,-0.5557135,0.8313739
4689,28,1.929386,-1.393438,0,0,0.5973191,0.8020036
4690,28,0.2367948,-0.7500489,0,0,-0.9379816,0.346685
4691,28,0.5276918,-0.4086693,0,0,0.5532472,0.8330172
4692,28,0.2001566,-0.07122695,0,0,-0.6294755,0.7770203
4693,28,0.6732076,-0.1345189,0,0,0.7227131,0.6911482
4694,28,0.0113417,-0.1332058,0,0,0.01139135,0.9999351
4695,28,1.185872,1.676112,0,0,0.9851722,0.1715684
4696,28,1.110765,-0.01398087,0,0,-0.5887496,0.8083155
4697,28,2.113818,0.4824724,0,0,0.853004,0.5219044
4698,28,0.3351202,-0.6009495,0,0,-0.9139536,0.4058187
4699,28,0.6469772,0.3650924,0,0,0.9063939,0.4224334
4700,28,1.44265,-0.0964821,0,0,-0.6308167,0.7759319
4701,28,0.9777322,-1.402298,0,0,0.3919149,0.9200014
4702,28,-0.3241321,0.4329575,0,0,-0.9273787,0.374124
4703,28,0.5699072,0.8802156,0,0,0.9790461,0.2036387
4704,28,0.04170629,-0.0486387,0,0,-0.6303023,0.7763498
4705,28,1.536778,0.391981,0,0,0.83562,0.5493079
4706,28,-0.4680049,-0.9384751,0,0,-0.1630987,0.9866098
4707,28,-0.7370757,3.981476,0,0,-0.9851624,0.171625
4708,28,-1.908058,-2.003894,0,0,0.9566025,0.291396
4709,28,-1.061899,0.5315627,0,0,0.6035574,0.7973195
4710,28,0.514443,-1.16641,0,0,-0.9567803,0.2908116
4711,28,-0.5039281,-0.2274837,0,0,0.8946007,0.4468665
4712,28,1.115071,0.7343571,0,0,-0.4027455,0.915312
4713,28,0.8054818,0.1491565,0,0,0.7854407,0.6189369
4714,28,0.9043678,0.0471258,0,0,-0.6296555,0.7768744
4715,28,0.9529322,0.3808176,0,0,0.8410516,0.5409549
4716,28,0.5295439,0.1020747,0,0,-0.566897,0.8237887
4717,28,1.159068,1.71024,0,0,0.9637067,0.2669633
4718,28,0.04611307,-1.652803,0,0,-0.998216,0.05970557
4719,28,-0.3863935,-0.1290553,0,0,0.8598561,0.5105364
4720,28,2.057631,-0.8625444,0,0,-0.8128225,0.5825114
4721,28,0.1733601,-0.343376,0,0,0.1898112,0.9818206
4722,28,0.2943566,-0.3173679,0,0,-0.9031736,0.4292754
4723,28,-0.05460021,0.01282131,0,0,0.9245673,0.3810188
4724,28,0.2146725,0.6317996,0,0,-0.1187726,0.9929215
4725,28,0.2799702,1.579825,0,0,0.9953298,0.09653314
4726,28,3.718837,-0.2426914,0,0,-0.7257754,0.6879317
4727,28,0.2238181,-0.6051719,0,0,0.1351006,0.9908319
4728,28,0.841439,0.246027,0,0,-0.585054,0.8109944
4729,28,-0.1423583,-1.237453,0,0,-0.08978987,0.9959607
4730,28,-0.696006,-0.07458145,0,0,-0.7036346,0.710562
4731,28,0.5068565,1.295553,0,0,0.9756168,0.2194809
4732,28,0.4673389,-0.4965222,0,0,-0.9266027,0.3760417
4733,28,0.5200267,0.3602213,0,0,0.8553109,0.5181152
4734,28,0.6082921,-0.2367295,0,0,-0.8242872,0.5661719
4735,28,0.3170034,0.4199201,0,0,0.9213997,0.3886164
4736,28,0.6868048,0.8886245,0,0,-0.3402935,0.9403192
4737,28,2.953256,1.745458,0,0,0.8437668,0.53671
4738,28,-0.2078142,-2.378956,0,0,0.9966075,0.08230053
4739,28,0.007616508,0.09474934,0,0,0.1393648,0.9902411
4740,28,0.4615151,-0.3059362,0,0,-0.8882692,0.4593231
4741,28,0.1217512,0.1515169,0,0,0.876386,0.4816093
4742,28,0.8449737,0.1393443,0,0,-0.673561,0.7391316
4743,28,0.5914336,0.3685287,0,0,0.8259884,0.5636872
4744,28,0.4441446,0.3262531,0,0,-0.4770707,0.8788649
4745,28,0.8521237,2.114205,0,0,0.9640617,0.2656786
4746,28,1.341113,-2.740521,0,0,-0.9872249,0.1593328
4747,28,-0.1144068,0.2395152,0,0,0.218352,0.9758701
4748,28,1.036029,0.1864266,0,0,-0.6866299,0.7270072
4749,28,0.6704597,0.329652,0,0,0.7870336,0.6169102
4750,28,1.343882,-1.310536,0,0,-0.9482893,0.3174072
4751,28,-0.1522031,0.1400412,0,0,0.4044334,0.9145675
4752,28,1.151412,0.1545657,0,0,-0.7130391,0.7011243
4753,28,-0.2915749,0.09381139,0,0,0.5611178,0.827736
4754,28,-0.09547187,0.8849859,0,0,-0.02125952,0.999774
4755,28,0.9404836,1.384057,0,0,0.9177136,0.3972426
4756,28,3.909153,0.1728042,0,0,-0.7588989,0.6512085
4757,28,-0.03813237,-1.20438,0,0,-0.1370382,0.9905658
4758,28,0.4233943,-0.2297232,0,0,-0.8942031,0.4476614
4759,28,0.434393,-0.3371491,0,0,0.3074525,0.9515634
4760,28,0.5990226,-0.1978824,0,0,-0.8583522,0.5130608
4761,28,-0.4507752,0.08969167,0,0,0.5705086,0.8212916
4762,28,-0.5711296,0.6438684,0,0,0.2620527,0.9650536
4763,28,2.006017,-1.583107,0,0,0.3174527,0.9482741
4764,28,-0.6502466,0.860399,0,0,-0.9830897,0.1831245
4765,28,-0.5638053,1.033907,0,0,-0.9938082,0.1111093
4766,28,1.995879,-0.8331635,0,0,-0.8934519,0.4491589
4767,28,1.189057,-0.3693276,0,0,0.4717228,0.8817469
4768,28,0.7979708,-0.8319535,0,0,-0.9660506,0.2583529
4769,28,0.5036452,-0.09257097,0,0,0.5053781,0.8628981
4770,28,0.8914013,-0.4089416,0,0,-0.9017566,0.4322442
4771,28,0.266214,-0.08192062,0,0,0.4300059,0.9028261
4772,28,0.4717324,0.1165067,0,0,-0.7014058,0.7127622
4773,28,0.03236999,0.1756488,0,0,0.9515091,0.3076205
4774,28,0.09575921,1.90375,0,0,-0.1626,0.9866921
4775,28,4.223595,0.01928037,0,0,0.5941076,0.8043856
4776,28,-0.112887,-1.828296,0,0,0.9847001,0.1742578
4777,28,0.02401463,0.01623822,0,0,-0.1113085,0.9937859
4778,28,0.2834233,0.1549868,0,0,-0.6052899,0.7960051
4779,28,0.7693778,0.4051907,0,0,0.7564564,0.6540441
4780,28,1.048918,-0.09394162,0,0,-0.8285781,0.5598735
4781,28,0.8628572,-0.1188213,0,0,0.5174267,0.8557275
4782,28,0.231514,-0.04245429,0,0,-0.8353408,0.5497324
4783,28,0.2070806,0.8199233,0,0,0.9555206,0.2949246
4784,28,1.804914,-0.09249,0,0,-0.824678,0.5656025
4785,28,0.6773539,0.236663,0,0,0.6979138,0.7161818
4786,28,2.24224,0.763513,0,0,-0.7065083,0.7077048
4787,28,1.338799,-1.741887,0,0,0.1527103,0.988271
4788,28,-0.01461961,-0.5503465,0,0,0.9860597,0.1663921
4789,28,0.1196629,-0.1085265,0,0,0.1844795,0.9828364
4790,28,0.07158733,0.08645364,0,0,-0.4213603,0.9068934
4791,28,0.8374814,0.6521215,0,0,0.8033699,0.5954803
4792,28,0.2285405,0.1127481,0,0,-0.6425197,0.7662692
4793,28,0.4668551,1.830583,0,0,0.9534144,0.3016638
4794,28,2.17394,-1.166246,0,0,-0.9346461,0.3555793
4795,28,1.096955,-0.1872158,0,0,0.4914324,0.8709157
4796,28,0.7075021,-1.19021,0,0,-0.9957586,0.09200449
4797,28,0.2500091,-0.01404339,0,0,0.519008,0.8547693
4798,28,0.2992896,-0.46011,0,0,-0.993103,0.117245
4799,28,-0.02197922,-0.0555512,0,0,0.9676502,0.2522958
4800,28,1.011388,-1.766109,0,0,-0.9969898,0.07753232
4801,28,-0.9326754,-0.2277599,0,0,0.6635468,0.7481348
4802,28,2.192121,-0.05514758,0,0,-0.831812,0.5550574
4803,28,-1.257299,-1.395211,0,0,0.851796,0.5238736
4804,28,-2.315831,2.926627,0,0,0.1474732,0.9890661
4805,28,-1.869731,-2.163432,0,0,-0.5211083,0.8534905
4806,28,-1.480933,0.2880792,0,0,-0.8795775,0.4757557
4807,28,1.844295,-0.8431779,0,0,0.3687973,0.9295098
4808,28,-0.1466274,0.1551718,0,0,-0.9860699,0.1663314
4809,28,0.8521788,0.1621894,0,0,0.630843,0.7759105
4810,28,0.01514267,0.00111068,0,0,-0.6306296,0.776084
4811,28,0.7184488,1.059466,0,0,0.8805249,0.4739999
4812,28,1.192728,0.7078106,0,0,-0.651081,0.7590083
4813,28,2.015401,-0.1238672,0,0,0.5303982,0.8477486
4814,28,1.057086,-0.1419714,0,0,-0.8646158,0.5024336
4815,28,1.385968,-0.7289536,0,0,0.3399337,0.9404494
4816,28,0.2661564,-0.007372464,0,0,-0.8343952,0.5511667
4817,28,2.042901,0.1808987,0,0,0.5916963,0.8061609
4818,28,0.04480053,-0.482005,0,0,0.9892323,0.1463537
4819,28,0.4888148,-0.07087758,0,0,0.4926381,0.8702343
4820,28,-0.2199928,0.02476977,0,0,-0.8631231,0.5049935
4821,28,-0.1150696,0.8943762,0,0,0.9911656,0.1326301
4822,28,0.3966537,-0.1296182,0,0,-0.9082278,0.4184761
4823,28,-0.1329257,0.6678088,0,0,0.9951694,0.09817243
4824,28,4.36483,0.1396429,0,0,-0.8225077,0.568754
4825,28,-0.5819433,-1.633452,0,0,-0.3587395,0.9334377
4826,28,-0.1044073,0.2252116,0,0,-0.9996929,0.02478306
4827,28,0.6933539,0.05329319,0,0,0.5886112,0.8084162
4828,28,0.04340552,0.02764837,0,0,-0.6628347,0.7487658
4829,28,0.9979414,1.094759,0,0,0.8450239,0.5347285
4830,28,0.7909807,-0.4031321,0,0,-0.9386576,0.3448507
4831,28,0.7584009,0.1690722,0,0,0.6464159,0.7629852
4832,28,0.3202869,0.1479258,0,0,-0.6968753,0.7171924
4833,28,0.9691164,1.62536,0,0,0.895226,0.4456124
4834,28,1.350825,-1.070662,0,0,-0.9677643,0.2518579
4835,28,1.041179,0.2469287,0,0,0.6529728,0.7573814
4836,28,0.09561154,-1.702602,0,0,0.9861037,0.1661314
4837,28,-0.4871156,0.09624354,0,0,0.4683452,0.8835456
4838,28,1.460822,0.07813665,0,0,-0.8154058,0.5788898
4839,28,-0.01106597,0.002192137,0,0,0.01037133,0.9999462
4840,28,0.1782116,0.1917516,0,0,-0.5507965,0.8346395
4841,28,-0.1316237,0.2041561,0,0,-0.9932451,0.1160351
4842,28,2.400504,3.04804,0,0,-0.5005212,0.8657243
4843,28,1.23182,-2.383825,0,0,0.05262839,0.9986142
4844,28,0.1705599,-0.239401,0,0,-0.9948263,0.1015903
4845,28,0.8108524,0.02722976,0,0,0.5837252,0.8119513
4846,28,0.9259306,-0.2120883,0,0,-0.8868277,0.4621002
4847,28,0.6804798,-0.2816324,0,0,0.4021988,0.9155524
4848,28,0.4512126,0.04433832,0,0,-0.8050305,0.5932335
4849,28,0.7806364,0.5228605,0,0,0.7866803,0.6173606
4850,28,1.00053,-0.6600699,0,0,-0.9535313,0.3012939
4851,28,-0.230431,-0.08381313,0,0,0.6795135,0.733663
4852,28,0.08543609,1.281836,0,0,-0.2176205,0.9760334
4853,28,2.078005,0.8931794,0,0,0.7269504,0.68669
4854,28,3.046962,-0.6738747,0,0,-0.8790027,0.4768168
4855,28,-0.522163,-1.098669,0,0,-0.3792475,0.9252953
4856,28,-0.1378551,0.1157695,0,0,-0.9510698,0.3089761
4857,28,0.7012293,-0.05648945,0,0,0.5530109,0.833174
4858,28,0.07054085,0.0204558,0,0,-0.8140691,0.580768
4859,28,0.08820792,0.6493469,0,0,0.9752468,0.2211193
4860,28,1.705744,0.3805031,0,0,-0.751398,0.6598492
4861,28,0.3696345,0.07248541,0,0,0.6767297,0.7362316
4862,28,1.364232,1.685621,0,0,-0.4890827,0.8722374
4863,28,1.710454,-1.750779,0,0,0.2261143,0.9741008
4864,28,0.1735504,-0.6456133,0,0,0.9988778,0.04736304
4865,28,-0.09660763,-0.03318799,0,0,0.6248507,0.7807443
4866,28,0.7124967,1.205004,0,0,-0.4211805,0.9069768
4867,28,0.1161356,-1.374227,0,0,-0.1047934,0.994494
4868,28,-0.1667683,0.06943014,0,0,-0.8763368,0.4816989
4869,28,0.5634267,0.0254407,0,0,0.6266306,0.7793164
4870,28,0.1082722,0.3191062,0,0,-0.3465985,0.9380136
4871,28,0.5752774,0.833037,0,0,0.9050837,0.4252334
4872,28,1.375697,2.479476,0,0,-0.3950502,0.9186596
4873,28,0.8536229,-3.531535,0,0,-0.02216404,0.9997544
4874,28,-0.3148443,0.5622924,0,0,-0.9909823,0.1339928
4875,28,1.687231,-0.6038382,0,0,0.4622064,0.8867724
4876,28,-0.2378948,0.5458111,0,0,-0.9958003,0.09155151
4877,28,0.6007484,0.8231379,0,0,0.9054117,0.4245346
4878,28,-0.00225101,0.03056914,0,0,-0.7012826,0.7128834
4879,28,1.004125,1.191947,0,0,0.8900199,0.4559217
4880,28,1.069145,0.3428117,0,0,-0.6992881,0.7148399
4881,28,1.773993,-0.9350943,0,0,0.4107243,0.9117596
4882,28,-0.5336862,-0.1022024,0,0,-0.7082689,0.7059427
4883,28,1.804293,2.172024,0,0,0.8940144,0.4480383
4884,28,0.3395652,-1.261156,0,0,0.9999998,0.000638918
4885,28,0.6992936,-0.298371,0,0,0.468844,0.883281
4886,28,0.2482105,-0.2346882,0,0,-0.9708214,0.2398034
4887,28,0.6799198,0.05937006,0,0,0.6750498,0.7377721
4888,28,0.1592955,0.08494659,0,0,-0.6798838,0.7333199
4889,28,1.311732,-0.04151491,0,0,0.6251943,0.7804692
4890,28,-0.2396949,-0.7597022,0,0,-0.2343973,0.9721409
4891,28,-0.3694299,3.631788,0,0,0.9988468,0.04801103
4892,28,0.2224498,-3.26165,0,0,0.9975817,0.06950381
4893,28,-0.1838628,0.1358849,0,0,0.2859899,0.9582326
4894,28,0.9641958,-0.790498,0,0,-0.9447306,0.3278477
4895,28,-0.1186204,0.00588582,0,0,0.4866139,0.8736172
4896,28,0.4384673,0.6454169,0,0,-0.3999188,0.9165506
4897,28,1.380939,0.3267263,0,0,0.7379981,0.6748028
4898,28,0.574639,-0.7117474,0,0,-0.9719607,0.2351433
4899,28,-0.05540066,-0.0528889,0,0,0.7295826,0.6838927
4900,28,0.07752843,0.8221501,0,0,-0.1474623,0.9890677
4901,28,1.959939,1.152463,0,0,0.8343846,0.5511827
4902,28,1.845287,-0.4612118,0,0,-0.834646,0.5507868
4903,28,1.415966,-0.5693685,0,0,0.5158787,0.8566617
4904,28,1.19632,-0.5605388,0,0,-0.8830723,0.469237
4905,28,0.01772738,-1.246993,0,0,-0.03389644,0.9994254
4906,28,-0.3434961,0.5262212,0,0,-0.9643975,0.2644567
4907,28,0.3163541,0.8245259,0,0,0.9773427,0.211663
4908,28,-0.2324411,-0.1661189,0,0,-0.4352605,0.9003046
4909,28,0.2987098,2.273374,0,0,0.9946659,0.1031492
4910,28,0.6616038,-0.5319213,0,0,-0.9287383,0.370736
4911,28,0.813792,0.9717054,0,0,0.931933,0.3626305
4912,28,0.2129607,-1.816357,0,0,-0.9999166,0.01291318
4913,28,-0.252452,-0.01672314,0,0,0.6435206,0.7654288
4914,28,1.296143,0.001316148,0,0,-0.7378162,0.6750017
4915,28,0.7407681,-0.2329043,0,0,0.5958257,0.8031138
4916,28,0.6288396,-0.05760836,0,0,-0.7751778,0.6317431
4917,28,0.9988203,0.1504473,0,0,0.761705,0.6479239
4918,28,0.248145,-0.08948348,0,0,-0.8712241,0.4908855
4919,28,0.5464413,0.4979636,0,0,0.9231665,0.3844003
4920,28,-0.04526288,0.01675007,0,0,-0.3244166,0.9459143
4921,28,0.2256186,3.220501,0,0,0.9995322,0.03058453
4922,28,-0.0670913,-4.118231,0,0,0.9999624,0.008670535
4923,28,0.1263086,0.6788777,0,0,-0.1163207,0.9932117
4924,28,0.9218822,-0.2624307,0,0,-0.8058079,0.592177
4925,28,-0.1075557,-0.2188531,0,0,0.9517504,0.3068733
4926,28,1.602211,-0.7153113,0,0,-0.8353726,0.549684
4927,28,-0.8246745,-0.1170002,0,0,0.7517923,0.6594
4928,28,-0.1548584,1.674466,0,0,0.05758741,0.9983405
4929,28,1.120303,-0.229227,0,0,0.6727974,0.7398268
4930,28,1.26811,0.8437666,0,0,-0.4545783,0.8907068
4931,28,1.513653,-1.243056,0,0,0.4757611,0.8795745
4932,28,0.1411267,-0.01557316,0,0,-0.8243045,0.5661467
4933,28,1.223238,0.7511464,0,0,0.9029664,0.4297112
4934,28,0.7747533,-1.074332,0,0,-0.9395105,0.3425201
4935,28,0.4805577,-0.2288793,0,0,0.6197533,0.7847967
4936,28,0.1906251,-0.2851947,0,0,-0.9588532,0.2839022
4937,28,0.08900944,0.04765066,0,0,0.9759989,0.2177754
4938,28,0.260699,0.1924553,0,0,-0.4544033,0.8907961
4939,28,-0.2685464,0.9680951,0,0,-0.9727015,0.2320598
4940,28,3.608843,0.2186464,0,0,-0.6288422,0.777533
4941,28,1.321333,-0.8362894,0,0,0.5700426,0.8216152
4942,28,1.205469,-1.381034,0,0,-0.9055015,0.4243431
4943,28,0.0683709,-0.2506267,0,0,0.3209556,0.9470942
4944,28,0.3642691,-0.444278,0,0,-0.9198185,0.3923441
4945,28,-0.04658179,-0.3499435,0,0,0.999485,0.03208964
4946,28,0.9539957,1.608471,0,0,-0.1704794,0.9853612
4947,28,0.7460493,-0.6879525,0,0,0.5264668,0.8501957
4948,28,0.6012001,0.08472157,0,0,-0.5930657,0.805154
4949,28,0.2672476,0.1165034,0,0,0.9323577,0.3615372
4950,28,0.6673505,1.745112,0,0,-0.06626351,0.9978021
4951,28,2.208648,-1.418441,0,0,0.6025617,0.7980723
4952,28,0.8426307,-0.3476857,0,0,-0.761337,0.6483564
4953,28,0.8829844,-1.208872,0,0,0.4619233,0.8869199
4954,28,0.06823894,0.0139359,0,0,-0.7936137,0.6084219
4955,28,0.8829212,-0.4683577,0,0,0.6624274,0.7491261
4956,28,-0.3355422,-0.1179282,0,0,-0.3767374,0.9263201
4957,28,1.225495,1.034462,0,0,0.9682139,0.2501237
4958,28,-0.7202925,-0.3672608,0,0,-0.3402468,0.9403362
4959,28,-0.9122922,2.806422,0,0,-0.9423664,0.3345827
4960,28,-0.648805,-3.356216,0,0,-0.9963464,0.08540473
4961,28,-0.7972647,0.7339248,0,0,0.5508358,0.8346136
4962,28,1.70019,0.07330281,0,0,-0.5494759,0.8355096
4963,28,-0.08666922,-0.04405768,0,0,0.8261686,0.563423
4964,28,1.651484,0.5527775,0,0,-0.4173306,0.9087548
4965,28,0.3146181,-0.4801775,0,0,0.5181193,0.8553084
4966,28,0.2949113,0.02689957,0,0,-0.5633906,0.8261907
4967,28,0.2065436,0.4819251,0,0,-0.9980071,0.0631028
4968,28,1.410904,-0.5284045,0,0,-0.6804742,0.732772
4969,28,-0.1474336,-0.3516063,0,0,0.9997344,0.02304596
4970,28,1.745066,2.7771,0,0,-0.04699345,0.9988952
4971,28,1.696353,-2.569699,0,0,0.5216354,0.8531685
4972,28,-0.1193081,-0.3014674,0,0,-0.9999953,0.003076862
4973,28,0.07583286,-0.01996799,0,0,0.9341621,0.3568489
4974,28,0.2279072,-0.646714,0,0,-0.9181911,0.3961376
4975,28,-0.1691813,-0.4458626,0,0,-0.9990066,0.04456339
4976,28,0.3161889,1.367237,0,0,0.1468782,0.9891546
4977,28,1.060707,0.204755,0,0,0.9260908,0.3773007
4978,28,1.568566,0.7425782,0,0,-0.2820391,0.9594029
4979,28,1.04869,-0.230913,0,0,0.83772,0.5461001
4980,28,1.762086,0.5940259,0,0,-0.3245416,0.9458714
4981,28,0.2247027,-1.319136,0,0,0.3998305,0.9165891
4982,28,-0.02783849,0.04213757,0,0,-0.5108224,0.8596863
4983,28,0.996751,0.3243139,0,0,0.9587314,0.2843134
4984,28,1.337294,-0.1426449,0,0,-0.4992997,0.8664293
4985,28,0.07338141,-0.4640581,0,0,0.4394489,0.8982676
4986,28,0.1050289,0.09568369,0,0,-0.199785,0.9798397
4987,28,-0.1617594,-0.05061318,0,0,0.9255221,0.3786936
4988,28,-0.4986745,0.2035039,0,0,0.7890429,0.614338
4989,28,4.716353,0.9200516,0,0,0.9479833,0.3183199
4990,28,0.3821621,-1.59819,0,0,-0.8873325,0.4611301
4991,28,0.532657,-0.6155525,0,0,0.684048,0.729437
4992,28,0.2349297,-0.1927478,0,0,-0.7141952,0.6999466
4993,28,0.6660187,0.1149443,0,0,0.9585326,0.2849831
4994,28,0.2434499,-0.049223,0,0,-0.5203082,0.8539786
4995,28,0.3210496,0.5594571,0,0,-0.9868689,0.1615235
4996,28,1.182776,0.3590927,0,0,-0.2376109,0.9713604
4997,28,1.066404,0.1599533,0,0,0.960457,0.2784285
4998,28,0.9407599,0.5106146,0,0,-0.1256641,0.9920729
4999,28,2.134782,-0.2281543,0,0,0.9203809,0.3910228
5000,28,0.04123819,0.004616966,0,0,-0.5586362,0.8294128
5001,28,1.189106,1.438183,0,0,-0.9946097,0.1036903
5002,28,-1.093085,-1.178243,0,0,-0.9970201,0.07714225
5003,28,-0.8226577,0.3246086,0,0,0.8655932,0.5007479
5004,28,0.9201043,0.5199962,0,0,-0.07184058,0.9974161
5005,28,0.1823818,0.06481908,0,0,0.9956829,0.09282031
5006,28,1.009745,0.3814919,0,0,-0.1319125,0.9912614
5007,28,0.1114118,0.1663567,0,0,-0.9728947,0.2312487
5008,28,1.217673,2.402335,0,0,0.2534039,0.9673606
5009,28,3.288034,-1.616725,0,0,0.874123,0.4857045
5010,28,-0.6261725,-0.7856088,0,0,-0.984884,0.1732154
5011,28,-0.4178998,0.1110078,0,0,0.9173784,0.3980162
5012,28,0.7111505,0.551551,0,0,0.06310447,0.9980069
5013,28,0.6855377,0.03416735,0,0,0.9759401,0.2180387
5014,28,1.05067,0.2994332,0,0,-0.1092274,0.9940168
5015,28,0.9759781,-0.1867819,0,0,0.9470947,0.3209543
5016,28,0.5253019,-0.2744414,0,0,-0.4551232,0.8904285
5017,28,0.03127206,0.04259085,0,0,-0.9578775,0.2871772
5018,28,0.4133033,1.698072,0,0,0.4339547,0.9009347
5019,28,3.460297,-0.1629852,0,0,0.9740967,0.2261319
5020,29,0.02553965,-1.146302,0,0,0.5621492,0.8270358
5021,29,0.2251896,0.01176508,0,0,-0.1743481,0.9846841
5022,29,0.7442551,-1.121329,0,0,0.7603222,0.6495461
5023,29,-0.1891555,0.06455838,0,0,-0.3831832,0.9236724
5024,29,1.042691,-0.126896,0,0,0.9583217,0.2856914
5025,29,-0.5344431,-0.4773869,0,0,0.1277232,0.9918098
5026,29,-0.9961686,1.480199,0,0,-0.6650932,0.7467604
5027,29,2.690909,-0.9055902,0,0,-0.3995294,0.9167204
5028,29,0.929975,-0.3642424,0,0,0.9007095,0.434422
5029,29,1.323318,-0.2980135,0,0,-0.3631984,0.9317119
5030,29,0.9982598,-0.475193,0,0,0.8773057,0.479932
5031,29,0.6461776,-0.3175178,0,0,-0.4789983,0.8778158
5032,29,0.7440193,0.03186367,0,0,0.9624975,0.2712905
5033,29,0.9834503,-0.009860123,0,0,-0.2871395,0.9578888
5034,29,0.3419862,-0.6542663,0,0,0.6526036,0.7576995
5035,29,-0.1565928,-0.2799788,0,0,0.1962757,0.9805487
5036,29,1.40322,1.063714,0,0,-0.9999883,0.004831967
5037,29,-0.693058,-0.1219683,0,0,-0.2467391,0.9690819
5038,29,-0.8273734,2.266733,0,0,-0.8077128,0.5895761
5039,29,0.6647274,-3.998904,0,0,-0.8627378,0.5056515
5040,29,-0.138639,0.4316945,0,0,0.5802082,0.8144682
5041,29,0.5755262,-1.314811,0,0,-0.7983934,0.6021362
5042,29,-0.8706949,0.2203647,0,0,0.8919807,0.4520735
5043,29,0.1424161,1.314516,0,0,0.3699141,0.9290659
5044,29,0.6895648,0.1805922,0,0,0.9659324,0.2587943
5045,29,1.37054,-0.3789011,0,0,-0.4836502,0.8752614
5046,29,-0.2199082,-0.2257118,0,0,-0.998248,0.05916758
5047,29,2.074553,2.314432,0,0,0.03387419,0.9994261
5048,29,0.0005015866,-0.6553167,0,0,0.3525279,0.9358013
5049,29,0.1775423,0.1082762,0,0,-0.058063,0.998313
5050,29,1.14085,-0.4135408,0,0,0.825271,0.5647368
5051,29,1.242734,0.003860123,0,0,-0.3938814,0.9191613
5052,29,0.4200716,-0.9278182,0,0,0.5257328,0.8506498
5053,29,0.09174787,-0.1307205,0,0,-0.7228929,0.6909601
5054,29,0.1031647,0.1648828,0,0,0.9998287,0.01850793
5055,29,0.7517996,0.542173,0,0,-0.1127534,0.993623
5056,29,0.02406192,0.212008,0,0,-0.9805911,0.196064
5057,29,1.694576,3.456591,0,0,0.1060452,0.9943613
5058,29,-1.146483,-2.013873,0,0,0.04989099,0.9987547
5059,29,-1.104899,-0.0198165,0,0,-0.46063,0.8875923
5060,29,1.751735,-0.8143253,0,0,0.7613754,0.6483113
5061,29,-0.09223971,0.02462621,0,0,-0.7327257,0.6805241
5062,29,0.8284989,-0.04568601,0,0,0.8573461,0.5147404
5063,29,0.02746606,-0.03186569,0,0,0.04684194,0.9989023
5064,29,1.902076,1.00057,0,0,0.9642975,0.2648214
5065,29,0.4814101,-0.4671428,0,0,-0.7605511,0.6492781
5066,29,0.4329141,0.1356799,0,0,0.918413,0.395623
5067,29,0.1966862,0.6221235,0,0,0.1459995,0.9892847
5068,29,3.136364,1.216514,0,0,0.9406105,0.3394876
5069,29,0.8272669,-1.648227,0,0,-0.8796371,0.4756454
5070,29,0.4961503,-0.6385902,0,0,0.5224705,0.8526574
5071,29,0.2084957,-0.2229338,0,0,-0.7727747,0.6346804
5072,29,0.5953282,0.1892622,0,0,0.9090768,0.4166287
5073,29,0.39498,-0.2361381,0,0,-0.7015059,0.7126637
5074,29,0.0705754,0.1586449,0,0,0.9938025,0.1111606
5075,29,0.2505787,1.014564,0,0,0.1213024,0.9926156
5076,29,1.805242,1.354147,0,0,0.9666201,0.256214
5077,29,2.944163,-0.1304938,0,0,-0.5582129,0.8296977
5078,29,-0.04785637,-1.626288,0,0,0.1697282,0.9854909
5079,29,-0.1353278,0.04375478,0,0,-0.7895352,0.6137052
5080,29,0.5902775,0.08123456,0,0,0.8449137,0.5349026
5081,29,0.3887047,0.6012839,0,0,-0.06714145,0.9977435
5082,29,0.4544664,-1.816857,0,0,0.2841182,0.9587892
5083,29,-0.8690408,-0.1992555,0,0,-0.500068,0.8659862
5084,29,1.705633,0.2341432,0,0,0.8467023,0.5320669
5085,29,-0.4944046,-0.7029757,0,0,-0.1672331,0.9859174
5086,29,0.7745684,2.913718,0,0,-0.999725,0.02344997
5087,29,0.4852246,-0.4119535,0,0,-0.8118613,0.5838504
5088,29,1.673523,1.397632,0,0,0.9557363,0.2942245
5089,29,-0.7641922,-1.411577,0,0,0.9956735,0.09292132
5090,29,-0.1409876,0.1804956,0,0,0.5428814,0.8398094
5091,29,0.4689725,-0.2048043,0,0,-0.725408,0.6883191
5092,29,0.2677823,0.21102,0,0,0.9237481,0.3830007
5093,29,0.3617761,0.2782383,0,0,-0.276732,0.9609472
5094,29,0.7163585,1.29743,0,0,0.9890035,0.1478921
5095,29,1.639821,-0.1102718,0,0,-0.6372318,0.7706721
5096,29,1.298316,0.1541118,0,0,0.8044843,0.5939739
5097,29,1.404802,-0.04496851,0,0,-0.6291463,0.7772869
5098,29,1.49816,-0.7586467,0,0,0.5931269,0.805109
5099,29,0.3608254,-0.1786977,0,0,-0.7588766,0.6512344
5100,29,1.637515,-0.2631775,0,0,0.703615,0.7105815
5101,29,-0.1686842,0.2115211,0,0,-0.9458944,0.3244748
5102,29,0.5968897,0.8021271,0,0,0.9657727,0.2593899
5103,29,0.06961754,-0.1267745,0,0,-0.8799475,0.475071
5104,29,0.9465625,0.1557795,0,0,0.7914584,0.611223
5105,29,0.1052354,-0.7783651,0,0,0.1053875,0.9944312
5106,29,-1.115059,3.804094,0,0,-0.9798146,0.1999082
5107,29,-0.7934374,-3.907038,0,0,0.9992405,0.03896878
5108,29,-0.05262161,0.824758,0,0,0.1117198,0.9937397
5109,29,1.196727,0.04549807,0,0,-0.6423061,0.7664482
5110,29,0.4150033,0.01381289,0,0,0.709844,0.7043589
5111,29,0.2336514,-0.2800379,0,0,-0.8995837,0.4367484
5112,29,-0.02388732,0.2001529,0,0,0.9997827,0.02084422
5113,29,1.117028,-0.4325113,0,0,-0.7950265,0.6065747
5114,29,0.2135397,0.3130032,0,0,0.9452036,0.3264814
5115,29,1.62785,0.02093707,0,0,-0.6750197,0.7377997
5116,29,0.8433633,0.4915996,0,0,0.8651949,0.5014359
5117,29,1.894307,-0.6966366,0,0,-0.8046639,0.5937306
5118,29,0.7545332,0.02268738,0,0,0.7041621,0.7100393
5119,29,1.847279,-0.9175938,0,0,-0.8403236,0.5420852
5120,29,0.2994854,-0.4800277,0,0,0.2383694,0.9711746
5121,29,0.2203831,-0.6056852,0,0,-0.9784566,0.2064529
5122,29,-0.3964883,-0.09950048,0,0,0.8192222,0.5734763
5123,29,-0.2504674,0.8654077,0,0,0.1595169,0.9871952
5124,29,1.185535,0.5155729,0,0,0.8202187,0.57205
5125,29,0.9389668,0.9582598,0,0,-0.3760939,0.9265816
5126,29,3.171924,0.4127576,0,0,0.7338975,0.6792603
5127,29,0.3801136,-1.595099,0,0,-0.9943978,0.1057031
5128,29,0.41165,-0.2598824,0,0,0.4183415,0.9082898
5129,29,0.006596094,-0.3509573,0,0,-0.9992208,0.03946908
5130,29,-0.08977158,-0.1801847,0,0,0.988013,0.1543705
5131,29,1.160139,1.03526,0,0,-0.429254,0.9031838
5132,29,0.8925571,-1.201763,0,0,0.2604604,0.9654845
5133,29,-0.5143464,0.1273226,0,0,-0.8366046,0.5478072
5134,29,0.1281993,1.172419,0,0,0.9930157,0.1179823
5135,29,0.249115,-0.01438319,0,0,-0.7041367,0.7100644
5136,29,0.2729208,1.97536,0,0,0.9913378,0.1313367
5137,29,2.078244,-3.013732,0,0,-0.9691618,0.2464251
5138,29,0.0362795,-0.1006037,0,0,-0.08294693,0.996554
5139,29,0.6748983,-0.1281568,0,0,-0.7919223,0.6106219
5140,29,0.4658857,-0.09646394,0,0,0.5430247,0.8397167
5141,29,0.5285233,-0.05861477,0,0,-0.7666692,0.6420423
5142,29,0.5060018,0.176895,0,0,0.7472754,0.6645144
5143,29,0.1113266,0.1173143,0,0,-0.3272367,0.9449424
5144,29,0.1321079,2.154718,0,0,0.9931101,0.1171846
5145,29,2.43131,-2.039553,0,0,-0.9360919,0.3517556
5146,29,0.4451238,-0.338301,0,0,0.3343816,0.9424378
5147,29,0.5433288,-0.5079154,0,0,-0.9408104,0.3389332
5148,29,0.2241586,0.3194882,0,0,0.9032367,0.4291427
5149,29,1.17712,-1.611998,0,0,-0.9736981,0.227842
5150,29,-0.3530197,0.1260591,0,0,0.5356418,0.8444452
5151,29,1.549012,-0.09836061,0,0,-0.786401,0.6177163
5152,29,-0.3390898,0.06692564,0,0,0.5947354,0.8039215
5153,29,1.175064,0.9329009,0,0,-0.5161392,0.8565047
5154,29,-0.5132754,-0.1718381,0,0,0.7654908,0.6434468
5155,29,-0.3834825,2.333713,0,0,-0.01978,0.9998044
5156,29,2.824234,-2.089518,0,0,0.342142,0.9396483
5157,29,0.7051844,-1.076301,0,0,-0.9825439,0.1860306
5158,29,-0.05912236,-0.8077558,0,0,-0.174394,0.9846759
5159,29,-0.2010254,0.02761783,0,0,-0.8691173,0.494606
5160,29,0.4957132,0.4681608,0,0,0.8514296,0.524469
5161,29,0.3460647,0.1558209,0,0,-0.6104617,0.7920458
5162,29,0.6769844,1.248507,0,0,0.9266072,0.3760307
5163,29,0.7213773,-1.453388,0,0,-0.9939881,0.1094883
5164,29,-0.6678892,-0.5617284,0,0,0.852818,0.5222083
5165,29,0.6778166,2.575817,0,0,-0.2530179,0.9674616
5166,29,0.006067564,-2.097361,0,0,-0.1418321,0.9898908
5167,29,-0.6617634,0.02587268,0,0,-0.8217713,0.5698174
5168,29,1.73159,0.7662836,0,0,0.7489707,0.6626031
5169,29,0.6135387,-0.7602694,0,0,-0.977833,0.2093861
5170,29,0.5385122,-0.4866865,0,0,0.2519869,0.9677306
5171,29,0.001943319,-0.02706476,0,0,-0.8347746,0.5505918
5172,29,0.6185173,0.4030011,0,0,0.7886739,0.6148117
5173,29,0.008677504,-0.07608665,0,0,-0.2619749,0.9650747
5174,29,0.08738899,2.811471,0,0,0.9854279,0.1700939
5175,29,2.824545,-2.436009,0,0,-0.9613647,0.2752779
5176,29,0.4567313,-0.6608562,0,0,0.1310617,0.9913742
5177,29,0.4119725,-0.9299774,0,0,-0.9980554,0.06233268
5178,29,-0.1632226,0.03139577,0,0,0.5660959,0.8243394
5179,29,1.089238,0.5619329,0,0,-0.6428094,0.7660262
5180,29,0.3606278,-0.2230622,0,0,0.3144046,0.9492891
5181,29,0.4011081,0.3741459,0,0,-0.5256044,0.8507291
5182,29,1.066003,0.3649936,0,0,0.7002588,0.7138891
5183,29,1.132126,0.1623235,0,0,-0.7654955,0.6434413
5184,29,0.7770607,0.001279985,0,0,0.5686868,0.8225542
5185,29,0.5015063,0.6841695,0,0,-0.4562732,0.8898397
5186,29,3.043379,0.9416432,0,0,0.6899531,0.7238541
5187,29,0.03904191,-2.112731,0,0,0.9873039,0.1588428
5188,29,0.01370809,0.1688161,0,0,-0.1611074,0.9869369
5189,29,0.4888551,0.1654342,0,0,-0.7032585,0.7109343
5190,29,0.3706045,0.08380274,0,0,0.6424232,0.7663501
5191,29,0.6525072,0.3170501,0,0,-0.6631912,0.74845
5192,29,0.4798464,0.296064,0,0,0.763603,0.645686
5193,29,0.3290357,0.9378706,0,0,-0.3336345,0.9427025
5194,29,2.870127,1.708323,0,0,0.7648375,0.6442233
5195,29,-0.008664927,-1.90832,0,0,0.9836543,0.1800672
5196,29,-0.2356674,0.03567138,0,0,0.528385,0.8490049
5197,29,1.060048,-1.164667,0,0,-0.9821597,0.1880489
5198,29,-0.5998607,0.00348991,0,0,0.5715266,0.8205835
5199,29,1.056071,1.452652,0,0,-0.4762661,0.8793012
5200,29,0.3926457,-0.7202848,0,0,0.05529196,0.9984702
5201,29,0.4767133,-0.07932092,0,0,-0.864254,0.5030557
5202,29,-0.04912297,0.01607526,0,0,0.5183389,0.8551753
5203,29,-0.2185009,0.5125051,0,0,0.02244038,0.9997482
5204,29,1.615968,1.942925,0,0,0.8584614,0.5128782
5205,29,3.376395,-1.436754,0,0,-0.9230468,0.3846878
5206,29,-0.02675488,-0.1324273,0,0,-0.3169905,0.9484287
5207,29,0.5514484,0.2597468,0,0,-0.6817738,0.7315631
5208,29,0.07655108,-0.6137719,0,0,-0.1361751,0.9906848
5209,29,0.2645984,-0.09729575,0,0,-0.9094276,0.4158623
5210,29,-0.1615616,-0.1200682,0,0,0.8006896,0.5990794
5211,29,-0.3823167,1.231455,0,0,-0.04055819,0.9991772
5212,29,0.973025,-0.7222497,0,0,0.2662916,0.9638925
5213,29,0.2838825,0.4318621,0,0,-0.4619992,0.8868803
5214,29,1.749352,-1.177198,0,0,0.288977,0.9573361
5215,29,0.3294735,0.05646621,0,0,-0.7769649,0.629544
5216,29,1.784447,-0.9164653,0,0,0.3445491,0.9387683
5217,29,0.242186,-0.0381311,0,0,-0.8691278,0.4945876
5218,29,1.646721,-0.9711629,0,0,0.3168382,0.9484796
5219,29,-0.2451274,0.335762,0,0,-0.9931421,0.1169134
5220,29,0.8932633,0.6475484,0,0,0.7846909,0.6198873
5221,29,-0.1203177,-0.01970653,0,0,-0.7855774,0.6187634
5222,29,1.246246,0.9062881,0,0,0.7854002,0.6189883
5223,29,-0.2641708,-0.4309902,0,0,-0.4538827,0.8910614
5224,29,0.8290753,4.235281,0,0,0.9574082,0.2887377
5225,29,-2.395521,-2.00607,0,0,0.8060985,0.5917814
5226,29,-0.5875936,1.327527,0,0,0.01153815,0.9999334
5227,29,1.515548,0.3916771,0,0,-0.755039,0.6556798
5228,29,-0.3493602,-0.03191897,0,0,0.5898409,0.8075194
5229,29,1.183241,1.043275,0,0,-0.5816827,0.8134158
5230,29,0.3123433,-0.1998194,0,0,0.306252,0.9519505
5231,29,0.5432566,0.5529838,0,0,-0.5532369,0.833024
5232,29,0.893616,0.1653515,0,0,0.6326994,0.7743975
5233,29,0.9525892,0.775153,0,0,-0.5976081,0.8017883
5234,29,1.993544,-0.01223825,0,0,0.5563841,0.8309252
5235,29,1.096887,-0.3380943,0,0,-0.9049421,0.4255348
5236,29,1.564478,-0.05951497,0,0,0.5445071,0.8387563
5237,29,0.7546539,-1.17516,0,0,-0.9959233,0.09020372
5238,29,0.1141156,-0.236022,0,0,0.04986638,0.9987559
5239,29,0.3131085,0.1176258,0,0,-0.7244725,0.6893037
5240,29,0.5469227,-0.3170597,0,0,0.3332616,0.9428344
5241,29,-0.03344138,-0.373352,0,0,-0.2201294,0.9754707
5242,29,-0.6589912,2.030267,0,0,0.9995401,0.03032453
5243,29,2.896226,-1.846009,0,0,-0.9518037,0.3067077
5244,29,0.3350525,-0.1608679,0,0,0.3798928,0.9250305
5245,29,2.085361,-0.6598587,0,0,-0.9036261,0.4283221
5246,29,-0.0003866025,-0.1309753,0,0,-0.1374029,0.9905152
5247,29,0.57633,0.1684056,0,0,-0.7441879,0.6679703
5248,29,0.2234185,0.01480294,0,0,0.6168995,0.7870419
5249,29,1.046724,0.8332942,0,0,-0.595472,0.803376
5250,29,0.8223564,-0.3312064,0,0,0.4080036,0.9129803
5251,29,0.9852114,-0.2848237,0,0,-0.8977162,0.4405742
5252,29,-0.7085032,0.03646455,0,0,0.5384469,0.8426595
5253,29,-0.8964979,0.7602715,0,0,0.2447031,0.9695981
5254,29,3.71084,-0.6155308,0,0,0.5036243,0.8639228
5255,29,0.9960903,-1.345288,0,0,-0.9905877,0.13688
5256,29,0.4287737,-0.889128,0,0,0.05892147,0.9982626
5257,29,0.1449039,-0.2642315,0,0,-0.9989176,0.04651413
5258,29,0.1363981,0.04569497,0,0,0.7443634,0.6677747
5259,29,0.7255008,0.512499,0,0,-0.6133748,0.789792
5260,29,0.3129879,-0.07135723,0,0,0.5093613,0.8605528
5261,29,0.04463523,0.6271474,0,0,-0.218943,0.9757376
5262,29,1.723277,1.065681,0,0,0.7834041,0.6215127
5263,29,2.573129,0.2340453,0,0,-0.7893661,0.6139228
5264,29,0.1205406,-1.745162,0,0,-0.1221703,0.9925091
5265,29,-0.3745901,0.4236434,0,0,-0.9759238,0.2181118
5266,29,0.269675,0.9717849,0,0,0.9594857,0.2817574
5267,29,1.713212,-0.6586276,0,0,-0.9062262,0.4227933
5268,29,0.2569427,-0.5862889,0,0,0.06836124,0.9976606
5269,29,0.260724,-0.1032694,0,0,-0.9219453,0.38732
5270,29,0.08091154,0.09588406,0,0,0.91867,0.3950258
5271,29,1.018721,1.107367,0,0,-0.5080459,0.86133
5272,29,-0.0303699,-0.03169028,0,0,0.6626704,0.7489111
5273,29,-0.1075406,2.17972,0,0,-0.1304087,0.9914603
5274,29,1.340715,-3.585976,0,0,0.03656014,0.9993315
5275,29,-0.06915966,0.1845759,0,0,-0.9944896,0.104835
5276,29,0.7522187,-1.124944,0,0,0.1622298,0.986753
5277,29,-0.4018394,0.07196878,0,0,-0.8304971,0.5570229
5278,29,1.021073,-0.05914972,0,0,0.5907004,0.806891
5279,29,-0.08264434,-0.2309591,0,0,-0.2475092,0.9688855
5280,29,2.330952,1.219882,0,0,0.7817094,0.6236428
5281,29,0.1241156,-0.0639203,0,0,-0.9532067,0.3023192
5282,29,0.814599,0.8121796,0,0,0.8723688,0.4888483
5283,29,0.968978,0.2988794,0,0,-0.7025341,0.71165
5284,29,2.444287,0.335114,0,0,0.6701003,0.7422705
5285,29,0.769107,-1.113282,0,0,-0.9859062,0.1672993
5286,29,0.1317161,-0.4044393,0,0,0.07567421,0.9971326
5287,29,0.058903,0.1311456,0,0,-0.4299926,0.9028324
5288,29,0.7095241,-1.729268,0,0,0.08846152,0.9960796
5289,29,-1.043464,0.4856105,0,0,-0.8919769,0.452081
5290,29,0.4377565,1.544268,0,0,0.9714391,0.2372888
5291,29,-0.5521448,-0.7587389,0,0,-0.3944404,0.9189215
5292,29,-0.5848696,3.805911,0,0,0.9996485,0.02651198
5293,29,0.04179336,-3.017524,0,0,0.99492,0.1006692
5294,29,-0.02596552,-0.02467401,0,0,0.2968561,0.9549223
5295,29,0.5994228,-0.498258,0,0,-0.9497979,0.3128641
5296,29,0.489767,0.09527171,0,0,0.7329643,0.6802671
5297,29,0.2792154,-0.1617223,0,0,-0.9309886,0.3650484
5298,29,0.243283,0.5112752,0,0,0.9610898,0.276236
5299,29,0.8391011,-0.8158777,0,0,-0.9560479,0.2932106
5300,29,-0.03043266,-0.05533548,0,0,0.7908674,0.6119875
5301,29,0.5871913,0.9641945,0,0,-0.3637899,0.931481
5302,29,1.844906,0.4786403,0,0,0.7474763,0.6642885
5303,29,0.8384315,-0.04459405,0,0,-0.7896343,0.6135777
5304,29,1.805115,1.063636,0,0,0.835232,0.5498978
5305,29,0.6615334,-2.219912,0,0,-0.9976522,0.06848331
5306,29,-0.03822514,-0.07741076,0,0,-0.04989686,0.9987544
5307,29,0.3973852,-0.05702297,0,0,-0.8247604,0.5654823
5308,29,0.1274386,0.0162868,0,0,0.8139954,0.5808713
5309,29,0.1876931,0.6820878,0,0,-0.2191343,0.9756947
5310,29,1.337286,0.5715089,0,0,0.8123329,0.583194
5311,29,0.6430676,0.4780102,0,0,-0.5161116,0.8565213
5312,29,2.313286,1.398107,0,0,0.8510576,0.5250723
5313,29,1.327352,-1.659271,0,0,-0.9595966,0.2813795
5314,29,0.372284,-0.7290982,0,0,0.2219056,0.9750682
5315,29,0.06355257,0.0181371,0,0,-0.8616533,0.5074973
5316,29,0.6772727,0.6625767,0,0,0.9175329,0.39766
5317,29,0.9656093,-0.3673814,0,0,-0.8506343,0.5257578
5318,29,0.8778411,-0.2172111,0,0,0.6154588,0.788169
5319,29,0.3307766,0.02044822,0,0,-0.7470708,0.6647444
5320,29,1.052722,-0.2836917,0,0,0.6099184,0.7924643
5321,29,-0.2039102,-0.7211983,0,0,-0.1240667,0.9922739
5322,29,-0.7336956,3.227125,0,0,-0.9944668,0.105051
5323,29,0.9311166,-3.469119,0,0,-0.9929394,0.1186231
5324,29,0.042434,-0.1237267,0,0,0.3341142,0.9425326
5325,29,0.09397464,-0.6892791,0,0,-0.9993274,0.03667207
5326,29,-0.1166804,-0.2017335,0,0,0.9364265,0.3508639
5327,29,0.6694329,-0.7930173,0,0,-0.9436859,0.3308426
5328,29,-0.2214499,-0.1681501,0,0,0.8611122,0.5084149
5329,29,0.2315183,0.7851499,0,0,-0.1570289,0.987594
5330,29,0.9260045,1.653055,0,0,0.9748597,0.2228198
5331,29,0.8102934,-1.725158,0,0,-0.9731201,0.2302983
5332,29,-0.3939226,-0.3403769,0,0,0.9015494,0.4326761
5333,29,2.706821,0.09966659,0,0,-0.6771774,0.7358198
5334,29,0.05131144,-0.131076,0,0,0.3854178,0.9227421
5335,29,1.236879,0.6802632,0,0,-0.4893327,0.8720972
5336,29,0.318222,-1.061835,0,0,0.2115247,0.9773726
5337,29,0.03754917,0.03155154,0,0,-0.8730077,0.4877065
5338,29,0.4156368,0.387575,0,0,0.9504105,0.3109981
5339,29,0.4020473,-0.1780295,0,0,-0.8364,0.5481195
5340,29,0.04328585,0.05991773,0,0,-0.9949497,0.100375
5341,29,0.9369677,1.725554,0,0,-0.1952889,0.9807458
5342,29,2.94466,0.9636607,0,0,0.8527324,0.522348
5343,29,1.373389,-2.61393,0,0,-0.9523114,0.3051279
5344,29,-0.05576063,-0.1087672,0,0,0.04840415,0.9988278
5345,29,0.6100997,-0.317037,0,0,-0.8280599,0.5606397
5346,29,-0.3068964,-0.08757404,0,0,0.8054268,0.5926952
5347,29,-0.003525309,1.100101,0,0,0.07027658,0.9975275
5348,29,1.535015,-0.5671847,0,0,0.6604275,0.7508898
5349,29,0.2704878,-0.1712562,0,0,-0.8624992,0.5060583
5350,29,0.1870238,0.2510518,0,0,0.9906313,0.1365639
5351,29,0.9336852,1.252079,0,0,-0.2235233,0.9746986
5352,29,2.467868,-0.03808749,0,0,0.7858618,0.6184021
5353,29,0.7786478,-0.6307705,0,0,-0.855947,0.5170635
5354,29,1.183674,0.1943709,0,0,0.848366,0.5294102
5355,29,0.4933843,-1.346282,0,0,-0.9576649,0.2878853
5356,29,-0.004116477,-0.0518212,0,0,0.6347023,0.7727567
5357,29,0.7265802,-0.2947283,0,0,-0.7622998,0.6472241
5358,29,-0.07447759,-0.08980992,0,0,0.9162185,0.4006791
5359,29,0.3063913,0.8025126,0,0,-0.06082426,0.9981485
5360,29,0.2978847,0.9135559,0,0,-0.9997719,0.0213567
5361,29,3.391471,2.062648,0,0,-0.3500812,0.9367194
5362,29,-0.741492,-1.74615,0,0,-0.01859263,0.9998271
5363,29,-0.6957121,0.2181818,0,0,-0.669031,0.7432345
5364,29,1.534068,0.5306048,0,0,0.9097645,0.4151246
5365,29,0.406813,-0.4072384,0,0,-0.8599684,0.5103473
5366,29,0.5814817,0.003484453,0,0,0.8498945,0.5269529
5367,29,0.5152348,0.2552204,0,0,-0.3926122,0.9197041
5368,29,1.379045,0.02612707,0,0,0.8466743,0.5321115
5369,29,0.2067156,0.02277919,0,0,-0.5951188,0.8036377
5370,29,1.122581,0.5777223,0,0,0.9487576,0.3160048
5371,29,-0.1745139,-0.09701699,0,0,-0.2028197,0.9792161
5372,29,0.8292809,3.372151,0,0,-0.9946315,0.1034803
5373,29,-2.013502,-1.963792,0,0,0.9843974,0.1759599
5374,29,-1.352839,0.6803896,0,0,0.6961429,0.7179033
5375,29,1.664222,-0.6738572,0,0,-0.6833157,0.730123
5376,29,-0.5350886,0.05676598,0,0,0.8046674,0.5937259
5377,29,1.210915,0.3256983,0,0,-0.4107905,0.9117298
5378,29,-0.09415262,-0.2760623,0,0,-0.9999003,0.01412281
5379,29,1.993303,1.517457,0,0,-0.2083247,0.9780597
5380,29,0.02453245,-0.04137973,0,0,0.8717434,0.4899626
5381,29,1.812283,2.090744,0,0,-0.09453561,0.9955215
5382,29,-0.1409769,-1.144087,0,0,0.2345706,0.9720991
5383,29,0.1848648,0.05637281,0,0,-0.4434806,0.896284
5384,29,0.4530039,-0.289405,0,0,0.7368118,0.6760979
5385,29,0.5676051,0.6529514,0,0,-0.08681505,0.9962245
5386,29,1.013659,-1.250611,0,0,0.6095541,0.7927445
5387,29,0.142625,-0.1789753,0,0,-0.8460281,0.5331383
5388,29,0.08242337,-0.02863312,0,0,0.9147009,0.4041317
5389,29,-0.139005,0.3550536,0,0,0.438009,0.8989706
5390,29,0.9260684,1.417581,0,0,-0.9989764,0.04523434
5391,29,2.64392,1.339297,0,0,-0.2240458,0.9745786
5392,29,1.473255,-1.998891,0,0,0.6168121,0.7871104
5393,29,0.6077111,-0.4429569,0,0,-0.7014042,0.7127638
5394,29,0.1296381,-1.137844,0,0,0.4124089,0.9109988
5395,29,-0.4197224,0.1836688,0,0,-0.5626442,0.8266991
5396,29,0.6362084,0.7703707,0,0,-0.9994578,0.03292736
5397,29,0.1868512,0.07266013,0,0,-0.3051557,0.9523025
5398,29,0.7329346,1.248492,0,0,-0.9928484,0.119382
5399,29,1.086192,-0.6293889,0,0,-0.6255772,0.7801623
5400,29,0.3826943,0.1879275,0,0,0.9910401,0.1335652
5401,29,1.648734,0.6301246,0,0,-0.2139985,0.976834
5402,29,1.301264,-0.194814,0,0,0.9021184,0.4314885
5403,29,1.824768,0.06413946,0,0,-0.3578216,0.93379
5404,29,0.1168382,-1.379274,0,0,0.4535537,0.8912289
5405,29,-0.1160125,0.07545441,0,0,-0.5298583,0.8480862
5406,29,0.822055,-0.2247819,0,0,0.8895149,0.4569063
5407,29,0.01092596,0.04664501,0,0,0.0595203,0.9982271
5408,29,1.299813,-1.231883,0,0,0.7559691,0.6546073
5409,29,-0.9285514,-1.341151,0,0,0.1512298,0.9884986
5410,29,-2.366931,1.586634,0,0,-0.5855936,0.8106048
5411,29,2.006568,-4.08728,0,0,-0.7697377,0.6383604
5412,29,-0.04452559,0.1289755,0,0,0.5418535,0.8404729
5413,29,0.9635342,-0.7042176,0,0,-0.588389,0.808578
5414,29,-0.3126457,0.01223699,0,0,0.9405272,0.3397183
5415,29,0.9448355,0.9721097,0,0,0.09853153,0.9951339
5416,29,0.6405106,-0.4074118,0,0,0.8478785,0.5301906
5417,29,0.5789791,0.1748182,0,0,-0.1439719,0.9895818
5418,29,0.9214478,0.1925291,0,0,0.9867713,0.1621187
5419,29,0.4435614,-0.0399824,0,0,-0.3166109,0.9485555
5420,29,0.08050432,0.6507034,0,0,-0.89104,0.4539248
5421,29,2.99914,0.6632197,0,0,-0.1428872,0.989739
5422,29,0.9835182,-0.8734983,0,0,0.8245516,0.5657868
5423,29,1.406691,-0.2898266,0,0,-0.3324727,0.9431129
5424,29,0.4004623,-1.087177,0,0,0.6734213,0.7392589
5425,29,0.07001619,-0.1494406,0,0,-0.7145365,0.6995981
5426,29,0.2137226,0.07005254,0,0,0.9988275,0.04841028
5427,29,0.1627143,0.2177421,0,0,0.2499058,0.9682702
5428,29,0.04536467,1.040779,0,0,-0.8459747,0.5332231
5429,30,2.592959,0.6178513,0,0,0.9964208,0.08453148
5430,30,0.8537547,-0.2773111,0,0,-0.3580127,0.9337167
5431,30,1.767082,0.5732711,0,0,0.9981936,0.06007909
5432,30,0.7483101,-1.382661,0,0,-0.6908423,0.7230055
5433,30,0.2562096,-0.2136802,0,0,0.8312522,0.5558954
5434,30,0.4984401,0.07261915,0,0,-0.1590093,0.9872771
5435,30,0.9131545,0.4723098,0,0,0.9999487,0.01013329
5436,30,1.113164,-0.7162556,0,0,-0.5116858,0.8591726
5437,30,0.06836308,-0.04362537,0,0,0.8198431,0.5725883
5438,30,0.295838,0.4269649,0,0,0.2253267,0.9742833
5439,30,0.4184449,0.1804247,0,0,0.9964971,0.08362739
5440,30,-0.1501731,1.008514,0,0,0.5542397,0.8323571
5441,30,4.908272,0.8028084,0,0,0.9782311,0.2075182
5442,30,-1.14425,-0.5503389,0,0,0.9974476,0.07140225
5443,30,-0.6374554,0.2560025,0,0,0.8857137,0.4642319
5444,30,0.8679261,0.1740973,0,0,-0.1993918,0.9799199
5445,30,0.5732133,-0.07022953,0,0,0.9233595,0.3839366
5446,30,0.3556004,0.08751012,0,0,-0.1753155,0.9845123
5447,30,0.7679341,0.7422364,0,0,-0.998947,0.04587954
5448,30,0.3815314,-0.0009173104,0,0,-0.3057586,0.9521091
5449,30,0.2824695,1.422251,0,0,-0.9431858,0.3322657
5450,30,1.813122,-2.06618,0,0,-0.6987779,0.7153387
5451,30,-0.2076434,0.1922,0,0,0.7713367,0.6364272
5452,30,1.024544,0.8489326,0,0,-0.00750699,0.9999718
5453,30,1.706145,-0.1787165,0,0,0.9086839,0.4174848
5454,30,-0.02252797,-1.198877,0,0,-0.9185041,0.3954116
5455,30,-0.3352299,0.007551008,0,0,0.9378022,0.34717
5456,30,1.108964,-0.3665411,0,0,-0.5129788,0.8584013
5457,30,-0.3447734,-0.1220766,0,0,0.9826154,0.185653
5458,30,0.5534084,1.208563,0,0,0.1797401,0.9837142
5459,30,0.3504371,0.5336968,0,0,-0.9979786,0.06355013
5460,30,2.791909,2.389586,0,0,-0.05647394,0.9984041
5461,30,0.8195041,-2.380509,0,0,0.4968019,0.867864
5462,30,0.0981123,-0.3934236,0,0,-0.8694947,0.4939422
5463,30,0.4949734,-0.004894448,0,0,0.8900188,0.4559238
5464,30,0.3296318,-0.8382742,0,0,-0.8535344,0.5210365
5465,30,-0.4418691,-0.4772991,0,0,0.9999722,0.007460124
5466,30,0.2145198,1.905658,0,0,0.2837918,0.9588859
5467,30,0.08017571,-0.5807664,0,0,0.3531637,0.9355615
5468,30,0.1001805,0.05227028,0,0,-0.06186459,0.9980845
5469,30,0.02786991,0.04058756,0,0,0.9185693,0.39526
5470,30,-0.2402067,1.551726,0,0,0.388993,0.9212407
5471,30,1.265577,-2.658456,0,0,0.4927574,0.8701667
5472,30,-0.1933027,0.00521751,0,0,-0.5673092,0.8235049
5473,30,1.537976,-1.278143,0,0,0.6575182,0.7534387
5474,30,-0.1416613,0.04403883,0,0,-0.7084909,0.7057199
5475,30,1.183939,-0.4409799,0,0,0.7635857,0.6457065
5476,30,-0.3778577,0.08692386,0,0,-0.6277328,0.7784289
5477,30,0.226586,0.7967419,0,0,-0.9943917,0.1057599
5478,30,0.0906453,0.4829431,0,0,0.2108708,0.977514
5479,30,2.816205,2.399322,0,0,0.9835449,0.1806638
5480,30,1.326034,-1.727019,0,0,-0.8336809,0.5522465
5481,30,0.7915423,-0.783707,0,0,0.5799974,0.8146183
5482,30,0.1282251,-0.26649,0,0,-0.8610606,0.5085024
5483,30,0.3579864,0.2937069,0,0,0.9678376,0.2515758
5484,30,1.173902,0.2804111,0,0,-0.4099052,0.9121281
5485,30,0.8234164,-0.9497473,0,0,0.5313016,0.8471828
5486,30,-0.294745,0.01273627,0,0,-0.6175275,0.7865493
5487,30,0.3593068,0.9857246,0,0,-0.9998498,0.01733009
5488,30,0.9170198,-0.1301567,0,0,-0.5861047,0.8102353
5489,30,0.4029072,0.386474,0,0,0.9709545,0.2392642
5490,30,0.9204328,1.568721,0,0,-0.05597211,0.9984323
5491,30,3.679711,-1.244848,0,0,0.7213901,0.6925288
5492,30,-0.1212837,-1.08367,0,0,-0.989188,0.1466528
5493,30,0.04091665,-0.5504748,0,0,0.1716247,0.9851624
5494,30,-0.3080502,-0.07669916,0,0,-0.5323777,0.8465069
5495,30,0.2714918,0.8672028,0,0,0.9999833,0.005790873
5496,30,0.5621506,-0.05227572,0,0,-0.5863529,0.8100557
5497,30,0.4722483,0.6716837,0,0,0.984892,0.1731698
5498,30,1.269205,0.8583919,0,0,-0.3123954,0.9499522
5499,30,1.92049,-0.1367095,0,0,0.7750484,0.6319019
5500,30,1.219974,0.0566578,0,0,-0.5634876,0.8261245
5501,30,1.431982,-1.56984,0,0,0.4765865,0.8791276
5502,30,-0.3435869,0.1773714,0,0,-0.814033,0.5808186
5503,30,1.383647,0.7717968,0,0,0.914949,0.4035695
5504,30,0.378195,-0.2207906,0,0,-0.7651705,0.6438278
5505,30,1.536502,-0.5513493,0,0,0.6580895,0.7529397
5506,30,-0.5086945,0.5540631,0,0,-0.8986877,0.4385891
5507,30,0.6150663,1.147859,0,0,0.988502,0.1512077
5508,30,-0.6222951,-0.9849774,0,0,-0.1932664,0.9811463
5509,30,-1.771219,3.129497,0,0,-0.9374701,0.3480657
5510,30,-1.117072,-3.041088,0,0,0.997228,0.07440642
5511,30,-0.9491397,0.4760027,0,0,0.6187424,0.7855939
5512,30,1.821513,-0.7366287,0,0,-0.7694975,0.6386499
5513,30,0.0417059,0.02251659,0,0,0.3442025,0.9388955
5514,30,0.6899961,0.09943204,0,0,-0.5650656,0.825046
5515,30,0.1045805,0.07075211,0,0,0.8225299,0.5687218
5516,30,0.2695206,0.926744,0,0,-0.04484768,0.9989938
5517,30,2.014739,-0.3887298,0,0,0.6774603,0.7355594
5518,30,-0.1575269,-0.03099522,0,0,-0.7000738,0.7140704
5519,30,1.084217,1.576847,0,0,0.9677311,0.251985
5520,30,0.3862742,-0.4456494,0,0,-0.9008536,0.434123
5521,30,0.8046945,0.960883,0,0,0.9501455,0.3118068
5522,30,0.5808542,-1.676043,0,0,-0.9751747,0.2214369
5523,30,0.3962006,-0.1635598,0,0,0.5441788,0.8389692
5524,30,0.03864732,-0.3877725,0,0,-0.9896052,0.1438104
5525,30,-0.001352061,0.06324938,0,0,0.9336071,0.3582985
5526,30,0.3833611,0.2296275,0,0,-0.4207584,0.9071727
5527,30,0.808673,1.093918,0,0,0.9525357,0.3044267
5528,30,0.0343724,-0.03950693,0,0,-0.6121426,0.7907474
5529,30,-0.07355917,2.394655,0,0,-0.9996953,0.02468414
5530,30,0.1599219,-3.977502,0,0,-0.9993155,0.0369936
5531,30,0.1623667,0.7423208,0,0,-0.07071519,0.9974965
5532,30,1.068712,-0.1093235,0,0,-0.7242876,0.689498
5533,30,-0.1951528,-0.117633,0,0,0.9161777,0.4007721
5534,30,1.830824,0.4049399,0,0,-0.6181406,0.7860675
5535,30,0.493161,-0.02035211,0,0,0.654752,0.7558438
5536,30,1.047331,-0.8985186,0,0,-0.906132,0.4229951
5537,30,-0.6800178,-0.2844356,0,0,0.8419716,0.5395219
5538,30,0.06717499,1.875172,0,0,-0.02096883,0.9997801
5539,30,1.133614,-0.1368008,0,0,0.6334975,0.7737447
5540,30,1.612059,1.208303,0,0,-0.4581183,0.8888912
5541,30,0.7980216,-2.429039,0,0,0.1215996,0.9925792
5542,30,-0.1617941,0.1772969,0,0,-0.9691524,0.2464623
5543,30,1.240557,-0.01321927,0,0,0.6661637,0.7458055
5544,30,-0.07230895,0.04214335,0,0,-0.9759147,0.2181524
5545,30,0.5145052,0.3841532,0,0,0.8590747,0.5118503
5546,30,-0.1550269,-0.2471396,0,0,-0.3845345,0.9231106
5547,30,-0.5032613,1.862448,0,0,-0.9971144,0.07591407
5548,30,2.395588,-1.065234,0,0,-0.8611486,0.5083533
5549,30,1.143579,-0.2667563,0,0,0.564425,0.8254843
5550,30,0.7946757,-0.6302702,0,0,-0.9160345,0.4010994
5551,30,0.8899186,0.2616374,0,0,0.7494579,0.662052
5552,30,0.4756864,-0.9929675,0,0,-0.9842964,0.1765234
5553,30,0.09393299,0.06179994,0,0,0.7390699,0.6736287
5554,30,1.105437,-0.1460759,0,0,-0.7849258,0.6195897
5555,30,0.6267026,0.09113591,0,0,0.6854568,0.7281134
5556,30,0.7957341,-0.347078,0,0,-0.8644856,0.5026575
5557,30,0.0309769,0.04067288,0,0,0.6806321,0.7326254
5558,30,-0.1489562,0.4663022,0,0,0.1142657,0.9934502
5559,30,2.053565,3.098851,0,0,0.9285953,0.371094
5560,30,0.790522,-3.420088,0,0,-0.9995062,0.03142253
5561,30,-0.009057715,0.1301477,0,0,0.08600248,0.9962949
5562,30,0.7233289,-0.9062354,0,0,-0.9664085,0.2570109
5563,30,-0.3623689,0.1418629,0,0,0.522871,0.8524119
5564,30,0.583372,0.756526,0,0,-0.3950124,0.9186758
5565,30,0.5795376,0.3677538,0,0,0.8095064,0.587111
5566,30,1.388292,-0.02589827,0,0,-0.7735929,0.6336828
5567,30,0.2280733,0.1766225,0,0,0.8139329,0.5809588
5568,30,1.601824,1.207525,0,0,-0.5318181,0.8468586
5569,30,1.934208,-0.1386217,0,0,0.5900677,0.8073537
5570,30,0.4111118,-1.518623,0,0,-0.9995675,0.02940727
5571,30,-0.622265,-0.1217305,0,0,0.7126744,0.7014949
5572,30,1.886572,1.52202,0,0,-0.5276272,0.849476
5573,30,-0.5916249,-0.3693298,0,0,-0.6053539,0.7959564
5574,30,-0.5051735,-0.09587366,0,0,-0.74714,0.6646666
5575,30,0.3274333,0.4540662,0,0,0.8945163,0.4470353
5576,30,0.6529735,0.3230131,0,0,-0.6135117,0.7896857
5577,30,0.1520548,0.4019033,0,0,0.9415256,0.3369414
5578,30,1.104047,2.375206,0,0,-0.3349926,0.9422207
5579,30,2.951129,-1.744115,0,0,0.372071,0.9282043
5580,30,0.3798503,-0.956636,0,0,-0.9977297,0.06734571
5581,30,0.5776459,-0.4487146,0,0,0.2941743,0.9557518
5582,30,0.4333737,-0.3061883,0,0,-0.9341493,0.3568826
5583,30,0.2356806,0.02899961,0,0,0.6034256,0.7974194
5584,30,0.4655562,0.6230655,0,0,-0.430952,0.9023748
5585,30,1.068624,-0.19925,0,0,0.5108739,0.8596557
5586,30,0.5182587,0.3760849,0,0,-0.5623276,0.8269145
5587,30,1.254962,-1.063087,0,0,0.2738417,0.9617748
5588,30,-0.6418954,-0.5251442,0,0,-0.5709594,0.8209783
5589,30,0.102257,2.596032,0,0,0.984615,0.1747382
5590,30,1.944067,-2.317954,0,0,-0.9803182,0.1974238
5591,30,0.4376439,-0.7316685,0,0,0.09944772,0.9950428
5592,30,0.109005,-0.3840997,0,0,-0.9999543,0.009561707
5593,30,0.1762707,0.1442685,0,0,0.7951784,0.6063755
5594,30,0.7908413,-0.3492987,0,0,-0.9090347,0.4167205
5595,30,0.2468355,0.03817879,0,0,0.6100757,0.7923432
5596,30,0.1874298,0.2205496,0,0,-0.4598007,0.8880222
5597,30,-0.2413055,1.258943,0,0,0.9969791,0.07767114
5598,30,4.076437,0.5094026,0,0,-0.77524,0.6316668
5599,30,0.2154637,-1.543319,0,0,-0.1053108,0.9944394
5600,30,0.172077,-0.1320594,0,0,-0.9448468,0.3275127
5601,30,0.9079634,-0.009331021,0,0,0.5639195,0.8258298
5602,30,0.5016329,-0.1186877,0,0,-0.8701516,0.4927841
5603,30,0.8952529,0.5074012,0,0,0.7587218,0.6514148
5604,30,0.9003798,-0.7774236,0,0,-0.9658929,0.2589419
5605,30,0.2329682,-0.07389751,0,0,0.4086148,0.912707
5606,30,0.2944869,0.1578724,0,0,-0.6372169,0.7706845
5607,30,0.08767462,0.8186887,0,0,0.9711466,0.2384834
5608,30,2.14935,0.8360665,0,0,-0.7000561,0.7140878
5609,30,1.674999,0.2426651,0,0,0.6230845,0.7821545
5610,30,2.633085,-1.033148,0,0,-0.9132206,0.4074656
5611,30,-0.3335376,-0.7146094,0,0,-0.3986555,0.9171007
5612,30,-0.03059832,-0.006538922,0,0,-0.8867152,0.462316
5613,30,0.5681913,-0.3076391,0,0,0.3361011,0.9418259
5614,30,-0.218603,-0.1317176,0,0,-0.6626346,0.7489429
5615,30,-0.3739201,0.9725567,0,0,0.9999688,0.007907026
5616,30,2.098074,-0.75318,0,0,-0.9094474,0.415819
5617,30,-0.1910363,-0.003598483,0,0,0.5946211,0.8040061
5618,30,1.178618,1.770924,0,0,-0.4610112,0.8873943
5619,30,1.315645,-1.692222,0,0,0.1383565,0.9903825
5620,30,0.07011683,-0.06423253,0,0,-0.9622675,0.2721051
5621,30,1.102647,0.5650721,0,0,0.7366491,0.6762751
5622,30,0.2416268,-0.7840181,0,0,0.9993309,0.03657641
5623,30,0.04590931,0.04252061,0,0,0.7836236,0.6212358
5624,30,0.780753,-1.099259,0,0,-0.9928964,0.1189817
5625,30,-0.5242397,-0.1984752,0,0,0.7034476,0.7107471
5626,30,1.35242,0.6810041,0,0,-0.6765176,0.7364265
5627,30,-0.2166687,-0.738529,0,0,0.9454075,0.3258905
5628,30,-0.178083,4.166826,0,0,-0.1709262,0.9852839
5629,30,-1.164686,-3.626952,0,0,-0.3435129,0.9391479
5630,30,-0.1282157,0.9762278,0,0,0.9913116,0.1315349
5631,30,1.307194,-0.0003001266,0,0,0.5551757,0.8317331
5632,30,-0.05926755,-0.02287399,0,0,-0.7353658,0.6776704
5633,30,1.538784,-0.4220812,0,0,0.4393875,0.8982976
5634,30,-0.4698747,0.05598985,0,0,-0.8641005,0.5033194
5635,30,0.3553751,1.322652,0,0,0.9466728,0.3221965
5636,30,1.061494,-0.007896323,0,0,-0.8329735,0.5533129
5637,30,1.293438,0.3323705,0,0,0.6552185,0.7554395
5638,30,0.973323,0.1172919,0,0,-0.7964421,0.6047148
5639,30,1.592094,0.3517892,0,0,0.642478,0.7663041
5640,30,1.613127,-0.1153894,0,0,-0.8508262,0.5254472
5641,30,1.212399,-1.565728,0,0,0.1330114,0.9911145
5642,30,-0.02232144,0.0464626,0,0,-0.9990928,0.04258532
5643,30,1.003482,-0.1896268,0,0,0.476627,0.8791056
5644,30,-0.5471151,0.2845311,0,0,-0.9388135,0.3444259
5645,30,-0.1690358,1.034023,0,0,0.9935473,0.113419
5646,30,-0.07133145,-0.02025481,0,0,-0.7313026,0.6820531
5647,30,0.05454264,2.258605,0,0,0.9787005,0.2052934
5648,30,1.384569,-1.755132,0,0,-0.9905024,0.1374953
5649,30,0.9088416,0.1073861,0,0,0.6068355,0.7948274
5650,30,-0.3523373,-1.745724,0,0,0.9566852,0.2911243
5651,30,-0.3593574,0.546371,0,0,0.09218848,0.9957415
5652,30,0.319848,0.7345338,0,0,-0.3922058,0.9198775
5653,30,0.6194803,0.683519,0,0,0.8484297,0.5293081
5654,30,1.379568,-1.300299,0,0,-0.9774203,0.2113044
5655,30,-0.2878437,0.1164559,0,0,0.3785117,0.9255965
5656,30,0.827373,0.5463717,0,0,-0.6361713,0.7715479
5657,30,0.03931537,0.0983115,0,0,0.94267,0.3337262
5658,30,2.100597,2.619681,0,0,-0.5054663,0.8628464
5659,30,1.320529,-1.947688,0,0,0.1102637,0.9939024
5660,30,0.6484004,-0.4486096,0,0,-0.9590517,0.283231
5661,30,0.8962163,-0.7173045,0,0,0.2614549,0.9652157
5662,30,0.07399935,-0.4053439,0,0,0.993836,0.1108602
5663,30,-0.05037546,-0.04725235,0,0,0.7764992,0.6301183
5664,30,0.7118049,0.6371684,0,0,-0.5752693,0.8179641
5665,30,-0.001957917,-0.01279959,0,0,0.5232805,0.8521605
5666,30,-0.3412021,0.6944622,0,0,0.03508958,0.9993842
5667,30,3.616038,0.4821253,0,0,0.6211928,0.7836578
5668,30,0.2716458,-1.024831,0,0,0.9982471,0.05918292
5669,30,0.4832281,0.01415933,0,0,0.5924647,0.8055964
5670,30,0.8360555,-0.3035313,0,0,-0.9120858,0.4099993
5671,30,0.8502278,0.3563139,0,0,0.726391,0.6872817
5672,30,0.7905307,-1.294564,0,0,-0.9958671,0.09082202
5673,30,-0.2087514,0.06116946,0,0,0.4143081,0.9101367
5674,30,0.8931313,0.4216556,0,0,-0.6812934,0.7320104
5675,30,0.3268341,0.1653724,0,0,0.7637192,0.6455486
5676,30,1.27221,-0.3675812,0,0,-0.893986,0.4480949
5677,30,-0.001942105,-0.6833031,0,0,0.9824425,0.1865657
5678,30,1.376682,4.147385,0,0,-0.3275301,0.9448407
5679,30,-1.154752,-2.710348,0,0,-0.3583603,0.9335834
5680,30,-0.3195367,0.4895673,0,0,-0.9903601,0.1385164
5681,30,0.6997816,-0.7266477,0,0,0.2254042,0.9742653
5682,30,-0.1333985,-0.02978649,0,0,-0.6913626,0.722508
5683,30,0.8108092,-0.03258904,0,0,0.5769479,0.816781
5684,30,0.05155504,0.2396758,0,0,-0.3083381,0.9512768
5685,30,2.242477,0.1483735,0,0,0.615342,0.7882602
5686,30,-0.1234547,0.100359,0,0,-0.9365021,0.350662
5687,30,0.246892,1.089281,0,0,0.9666179,0.2562221
5688,30,2.374912,-0.07276105,0,0,-0.8200315,0.5723185
5689,30,0.9168743,-1.035171,0,0,0.2160021,0.9763929
5690,30,0.5049794,-0.09110595,0,0,-0.867982,0.4965957
5691,30,1.26205,-0.02584846,0,0,0.5928823,0.8052891
5692,30,0.922287,-0.6295596,0,0,-0.9473567,0.3201801
5693,30,0.3157532,-0.334175,0,0,0.2577606,0.9662088
5694,30,0.4107156,-0.2447639,0,0,-0.941434,0.3371975
5695,30,-0.1063377,-0.3456742,0,0,0.9458961,0.3244695
5696,30,-0.991208,1.05305,0,0,0.2235688,0.9746881
5697,30,3.376502,-0.07226771,0,0,0.5968414,0.8023592
5698,30,1.986179,-0.4068544,0,0,-0.8576129,0.5142957
5699,30,-0.7706253,-0.9259635,0,0,-0.4517452,0.892147
5700,30,-0.8175868,-0.5095861,0,0,-0.5851979,0.8108905
5701,30,1.412213,-1.059604,0,0,0.3347332,0.942313
5702,30,-0.6645786,0.1451291,0,0,-0.8412189,0.5406947
5703,30,0.88474,1.249881,0,0,0.9108276,0.412787
5704,30,0.5710806,0.05468483,0,0,-0.7766646,0.6299145
5705,30,1.461271,-0.2815501,0,0,0.5468243,0.8372474
5706,30,-0.1647805,-0.05615947,0,0,-0.6049904,0.7962327
5707,30,1.809213,1.270672,0,0,0.8308204,0.5565405
5708,30,0.3993285,0.1009295,0,0,-0.7290251,0.684487
5709,30,2.956074,1.42663,0,0,0.7844633,0.6201752
5710,30,-0.2827045,-1.404685,0,0,0.9758208,0.2185722
5711,30,0.05943746,-0.3903526,0,0,0.01157796,0.9999329
5712,30,-0.1998144,0.002418336,0,0,-0.7250592,0.6886866
5713,30,0.796275,0.8708958,0,0,0.8962275,0.4435946
5714,30,-0.2130602,0.2006146,0,0,-0.9331281,0.3595442
5715,30,0.0317008,0.8925299,0,0,0.9952593,0.09725642
5716,30,0.3118846,0.2690264,0,0,-0.5388113,0.8424265
5717,30,1.784533,2.904632,0,0,0.9345175,0.3559171
5718,30,-1.024494,-1.525721,0,0,0.9233861,0.3838724
5719,30,-0.76974,0.01885167,0,0,0.614489,0.7889254
5720,30,0.9992654,-0.4023727,0,0,-0.8812488,0.4726526
5721,30,0.2193955,0.1020788,0,0,0.8407821,0.5413737
5722,30,1.703712,0.02042197,0,0,-0.7641197,0.6450745
5723,30,0.3271714,-0.6181814,0,0,0.1943561,0.980931
5724,30,0.03565624,0.05410565,0,0,-0.6327077,0.7743907
5725,30,1.076027,0.4358329,0,0,0.797886,0.6028084
5726,30,-0.3780804,-0.1101535,0,0,-0.6142592,0.7891043
5727,30,-0.6512699,1.808198,0,0,-0.9931896,0.1165093
5728,30,3.175557,-2.339973,0,0,-0.9203153,0.3911773
5729,30,0.1611561,-0.4839134,0,0,0.1426985,0.9897662
5730,30,1.09346,-0.2613023,0,0,-0.8282024,0.5604291
5731,30,0.2844582,-0.6895329,0,0,0.1712556,0.9852266
5732,30,0.08992916,-0.01220343,0,0,-0.9077995,0.4194043
5733,30,0.2633003,0.2191141,0,0,0.9113251,0.4116874
5734,30,0.1099821,0.4878469,0,0,-0.1954048,0.9807227
5735,30,1.537627,1.685791,0,0,0.9207519,0.3901486
5736,30,1.005896,-0.9999015,0,0,-0.9414355,0.3371931
5737,30,0.309034,0.08304844,0,0,0.813652,0.5813522
5738,30,1.699569,0.732199,0,0,-0.5838487,0.8118625
5739,30,1.572139,-1.326794,0,0,0.4079036,0.913025
5740,30,0.004074401,0.08175787,0,0,-0.97258,0.2325684
5741,30,0.7803333,0.6304084,0,0,0.903138,0.4293504
5742,30,0.4163933,-0.6750761,0,0,-0.9727297,0.2319414
5743,30,0.3717179,-0.09601671,0,0,0.6479195,0.7617089
5744,30,0.1981115,0.1590095,0,0,-0.5178453,0.8554742
5745,30,1.209642,0.3538086,0,0,0.8076116,0.5897146
5746,30,-0.2880656,-0.4593169,0,0,-0.2389079,0.9710422
5747,30,-0.2601536,3.609649,0,0,-0.9990926,0.04259032
5748,30,-0.4353781,-3.576231,0,0,0.9982705,0.05878713
5749,30,-0.418999,0.4072655,0,0,0.3630391,0.9317739
5750,30,-0.04308254,-1.200834,0,0,0.9997693,0.02147815
5751,30,-0.637179,-0.6270771,0,0,0.9187464,0.394848
5752,30,0.9291921,1.24049,0,0,-0.3109815,0.950416
5753,30,0.904322,-0.1180753,0,0,0.6968473,0.7172195
5754,30,0.6409083,-0.3090644,0,0,-0.848489,0.5292131
5755,30,0.1109048,0.113469,0,0,0.9787017,0.2052875
5756,30,1.467552,1.113651,0,0,-0.4236152,0.9058422
5757,30,1.849767,-0.08363952,0,0,0.7286377,0.6848993
5758,30,0.5423847,-0.3630376,0,0,-0.8774818,0.47961
5759,30,0.6928305,0.7584587,0,0,0.9555187,0.2949307
5760,30,0.8766593,-2.301421,0,0,-0.9743295,0.2251269
5761,30,-0.2259894,0.1895407,0,0,0.402546,0.9153997
5762,30,0.8913224,-0.7419551,0,0,-0.886886,0.4619883
5763,30,-0.5547761,-0.2370076,0,0,0.848469,0.5292451
5764,30,0.5980484,1.225023,0,0,-0.1752189,0.9845295
5765,30,-0.0008740003,-0.06486002,0,0,0.9411387,0.3380207
5766,30,0.5915111,2.562092,0,0,-0.04589214,0.9989464
5767,30,2.203308,-1.653378,0,0,0.5276079,0.849488
5768,30,0.9992672,-0.5994542,0,0,-0.834976,0.5502864
5769,30,0.4970106,-0.8545924,0,0,0.3713309,0.9285006
5770,30,0.3221559,0.02495758,0,0,-0.6629297,0.7486816
5771,30,0.884347,-0.4580797,0,0,0.6221179,0.7829236
5772,30,-0.07742656,0.02571613,0,0,-0.5048274,0.8632203
5773,30,0.9979414,1.237727,0,0,0.9767367,0.2144423
5774,30,0.1642361,-0.9289759,0,0,-0.9841193,0.1775082
5775,30,-0.2401623,-0.1311113,0,0,0.8753139,0.4835552
5776,30,0.03795289,0.6546234,0,0,0.05593291,0.9984345
5777,30,0.6884786,2.026135,0,0,0.9996473,0.02655726
5778,30,3.959261,-1.608177,0,0,-0.7516297,0.6595853
5779,30,-0.3404602,-0.4133556,0,0,-0.1589126,0.9872926
5780,30,0.1089004,0.04684206,0,0,-0.6009594,0.7992796
5781,30,0.6587415,-0.2112716,0,0,0.7254533,0.6882714
5782,30,0.6763216,-0.1267137,0,0,-0.6888012,0.7249503
5783,30,-0.0513493,-0.02125795,0,0,0.596502,0.8026116
5784,30,-0.146587,0.1859645,0,0,0.3828607,0.9238061
5785,30,1.444756,1.323605,0,0,0.9719879,0.2350309
5786,30,1.644382,0.2382776,0,0,-0.5277489,0.8494005
5787,30,2.195953,0.152054,0,0,0.845203,0.5344454
5788,30,0.04000333,-1.506984,0,0,-0.9834301,0.1812879
5789,30,-0.5562869,0.06533115,0,0,0.7663757,0.6423926
