1.028223670
1.352236292
1.516270689
1.719630927
1.807851979
1.962985086
2.068386474
2.141942934
2.279266466
2.329450539
2.417958972
2.511254618
2.586956414
2.624994118
2.732159517
2.780234666
2.839534552
2.899068121
2.983184174
3.015930916
3.065208322
3.144084634
3.183723565
3.241376563
3.270694466
3.347629780
3.392034502
3.416884465
3.476576504
3.526029768
3.573340514
3.606825611
3.640057267
3.713614598
3.729545035
3.775309080
3.810647879
3.857725119
3.904574552
3.932968933
3.956422536
4.014257224
4.050460926
4.076773299
4.118486783
4.140124738
4.197386234
4.224753121
4.248064535
4.281269228
4.329114926
4.352487241
4.395439299
4.409589175
4.443500615
4.492964906
4.516571638
4.536398944
4.573220940
4.602028142
4.640971446
4.666408088
4.695745193
4.708250194
4.761448299
4.781716277
4.807076214
4.836026193
4.858929506
4.892836214
4.932053742
4.942654276
4.966436553
4.998184779
5.035838415
5.050955531
5.082200773
5.105120531
5.121265447
5.167079245
5.184308444
5.208003165
5.224778151
5.259584210
5.282615118
5.311638809
5.334284287
5.350616973
5.372643837
5.411783464
5.433916249
5.443507595
5.477901868
5.490884486
5.523183049
5.548443494
5.573557038
5.583206327
5.605484693
5.642270054
5.658386361
5.681417122
5.700616366
5.723343257
5.739276119
5.778259977
5.790479497
5.809069641
5.827222320
5.853015880
5.880965674
5.894351221
5.922040038
5.937683144
5.949177134
5.983251808
6.007557893
6.020472022
6.036402750
6.061295164
6.079747945
6.103477089
6.129070210
6.139440484
6.160963907
6.172643705
6.211123327
6.219964052
6.239177075
6.260768905
6.275401097
6.294962791
6.321453874
6.341398120
6.357743682
6.364793960
6.392628343
6.414081276
6.434870611
6.446879351
6.471665484
6.481526717
6.498496159
6.531280108
6.543217732
6.557469382
6.575009180
6.591752097
6.617057556
6.629550517
6.655254365
6.666194296
6.680864048
6.696316547
6.724801416
6.742284123
6.752387766
6.769060377
6.792787484
6.798960682
6.827583680
6.843835435
6.860268424
6.873058893
6.883979959
6.912020535
6.930101603
6.939999810
6.961825713
6.973464061
6.989102682
7.006193310
7.032953494
7.044920565
7.053368133
7.072214161
7.088439749
7.109823042
7.124498034
7.139894750
7.158421824
7.168544763
7.179769575
7.210906364
7.219188397
7.239378402
7.244499057
7.266176276
7.280879582
7.297343381
7.317311401
7.332693850
7.341884802
7.355689696
7.372115764
7.398455120
7.406400338
7.418294785
7.439923854
7.447927586
7.463300505
7.483923200
7.502382134
7.512545516
7.526185124
7.535083070
7.559281803
7.572756304
7.588184587
7.602520655
7.615184847
7.632386645
7.636655856
7.665285563
7.679634965
7.687243787
7.701159117
7.717055670
7.730151181
7.750806709
7.759666381
7.780843043
7.790183911
7.798217586
7.814988137
7.836701601
7.850251699
7.860157344
7.872491109
7.889247693
7.900824963
7.914215984
7.938215953
7.943694119
7.959764910
7.968963300
7.980947977
8.005153949
8.014392521
8.027035514
8.041725684
8.056707358
8.062048812
8.080407692
8.098861535
8.113787533
8.122086503
8.130100976
8.149415229
8.160794529
8.179385517
8.188879472
8.205030254
8.215707205
8.227625553
8.235526424
8.261796966
8.270914892
8.280133933
8.295417032
8.304365712
8.321087587
8.332638024
8.348274176
8.365485661
8.371260399
8.383817313
8.393404508
8.412631454
8.428049456
8.439587808
8.445566169
8.465324047
8.473446099
8.482743217
8.503418711
8.516344933
8.527794233
8.537140525
8.546345090
8.561867263
8.580768418
8.586415081
8.602795764
8.615191319
8.623319896
8.636427555
8.646150080
8.670707363
8.675067320
8.687201917
8.696384791
8.712130935
8.721554398
8.737803958
8.749902989
8.761585158
8.776906475
8.780493310
8.790914692
8.812101548
8.823314673
8.835035499
8.842880809
8.856209221
8.868724423
8.877889680
8.892434670
8.909593167
8.918954322
8.924572541
8.939350595
8.947141870
8.966650627
8.980104844
8.983001867
9.001384545
9.010032096
9.020002859
9.029420094
9.049181344
9.059131494
9.071438176
9.077367260
9.087596342
9.104677804
9.113275107
9.128243224
9.138895146
9.149833061
9.161559540
9.167802508
9.179293742
9.199995588
9.208732545
9.215660198
9.227147786
9.241482041
9.246664781
9.264042367
9.272617042
9.289348560
9.297287607
9.305783610
9.313819386
9.328138993
9.344560006
9.352449127
9.364150380
9.371690835
9.386396113
9.394815671
9.401989451
9.422656012
9.431246690
9.439964121
9.451457024
9.456778977
9.471912038
9.485862634
9.495811874
9.504226896
9.521298539
9.523933702
9.535195311
9.545670840
9.561319126
9.576125353
9.580296967
9.588207355
9.602134993
9.611982358
9.622470141
9.635917632
9.646570702
9.657650919
9.665675082
9.676715395
9.680399028
9.703673218
9.708759555
9.719725479
9.729490114
9.738910530
9.750470630
9.758641244
9.770889036
9.785970939
9.794463338
9.803522026
9.808412410
9.822509321
9.832893955
9.849320229
9.853820436
9.863901758
9.877589141
9.885947995
9.890316457
9.905177343
9.921628621
9.927031406
9.937792965
9.945102405
9.954169170
9.967849079
9.978542772
9.986937163
10.001928023
10.007422374
10.017694059
10.026712161
10.033511569
10.052426837
10.061205938
10.068775810
10.075742806
10.089327106
10.097529979
10.105477893
10.121106642
10.128300776
10.142522293
10.148278383
10.154621997
10.164576182
10.179710193
10.189914853
10.199291996
10.206387486
10.218674588
10.225549724
10.237179426
10.242490545
10.260947999
10.270919842
10.273529533
10.285767232
10.293149150
10.303471501
10.317984318
10.325160072
10.334620329
10.345833556
10.355580991
10.360449469
10.369118039
10.384757634
10.395353119
10.403780751
10.412354588
10.416497287
10.434074488
10.436333548
10.450304392
10.460725960
10.471733762
10.478469246
10.488130731
10.493912114
10.503911855
10.521381924
10.527827985
10.532982340
10.545813585
10.553958165
10.561607981
10.571760887
10.581656653
10.595226035
10.603514941
10.610178864
10.616994573
10.626296576
10.639572631
10.648083550
10.660844656
10.664125993
10.676172010
10.686493547
10.691628876
10.698789052
10.717182686
10.722661852
10.733973656
10.737238351
10.748528791
10.756469240
10.768176398
10.778370225
10.785048399
10.798789985
10.805392553
10.810326524
10.821009897
10.828735120
10.844810825
10.852145332
10.858340548
10.866062504
10.877166422
10.886079540
10.891841403
10.904807438
10.916334998
10.922077051
10.932642867
10.939542555
10.942911042
10.959092942
10.969595084
10.975605555
10.985547823
10.993144727
11.003241391
11.009492673
11.017813261
11.029195689
11.043279152
11.047785177
11.053997160
11.062371818
11.073179063
11.080087159
11.094679714
11.099069987
11.108594017
11.120768691
11.124312356
11.133707764
11.139063636
11.156264448
11.162628211
11.170753269
11.178914979
11.184546042
11.195392060
11.205639038
11.210807445
11.224516387
11.232326640
11.240828046
11.246446044
11.255042455
11.261657052
11.276373067
11.285436961
11.291581388
11.297042564
11.311044043
11.315190549
11.322286441
11.333900389
11.343671787
11.354095385
11.361099319
11.366253557
11.373450889
11.384038873
11.394900205
11.403324859
11.410528363
11.421035377
11.425925321
11.437711225
11.441121274
11.449344218
11.466575217
11.470812909
11.477397930
11.486652510
11.492337107
11.502970921
11.510440648
11.522538290
11.527017304
11.539270156
11.546199338
11.553437985
11.556692052
11.569266259
11.579975143
11.589657444
11.596311331
11.600335543
11.611563274
11.620392170
11.625545651
11.635305612
11.646959730
11.655468795
11.660788740
11.668706966
11.676127828
11.681639493
11.698172447
11.702152036
11.710191974
11.718689374
11.728398492
11.732540784
11.742269363
11.748087901
11.761955938
11.769387907
11.778673949
11.780704527
11.788914788
11.800597381
11.806299713
11.817253703
11.826306466
11.830822123
11.842730707
11.848110290
11.853938232
11.860664996
11.874887301
11.884609795
11.887083071
11.896642101
11.903413711
11.911497507
11.919606471
11.929145412
11.935199928
11.948720015
11.953115420
11.958875179
11.967838750
11.972552697
11.984347116
11.995887517
12.000412099
12.007462795
12.014959212
12.025204124
12.031197658
12.035169129
12.049359871
12.057165280
12.064453348
12.073028580
12.076103474
12.083631212
12.095013774
12.103266384
12.111570470
12.117651879
12.127473545
12.134119216
12.139556917
12.148413638
12.153875845
12.169357428
12.174312279
12.180657648
12.185445993
12.196985096
12.201049472
12.211264236
12.219841495
12.227385593
12.235755947
12.243919094
12.250193339
12.254105203
12.262468983
12.277303134
12.280056999
12.291009718
12.295123059
12.301952164
12.312329190
12.318140203
12.324220942
12.335385728
12.345196351
12.350329775
12.356911142
12.363035086
12.370374146
12.378764765
12.391131752
12.396630889
12.400283663
12.412508935
12.418037834
12.423991125
12.430408557
12.440130447
12.450391480
12.459821864
12.461179461
12.471531126
12.474053478
12.486521515
12.492682980
12.501020957
12.509673449
12.516743575
12.523162993
12.531356787
12.537191185
12.540676889
12.556198131
12.562800883
12.568436971
12.574685247
12.581849493
12.591085491
12.595081237
12.605548413
12.612606883
12.620864109
12.631665882
12.633742570
12.639120643
12.647987842
12.655636921
12.666784756
12.673066475
12.679515713
12.684739220
12.695070490
12.700157037
12.707079748
12.712916030
12.727597832
12.730723696
12.738022160
12.745622147
12.749903048
12.756991209
12.768300784
12.775239245
12.781233280
12.789525553
12.797219227
12.803198582
12.809116229
12.814882485
12.824846283
12.835125663
12.842157505
12.846440513
12.851144727
12.861170380
12.868926750
12.872750609
12.885916707
12.888583979
12.899840031
12.904425107
12.912133254
12.916064052
12.922607800
12.935724615
12.942694145
12.946698614
12.954786548
12.962013799
12.966982785
12.977198699
12.980381934
12.989809814
13.001152750
13.005295847
13.011725705
13.017172178
13.023725922
13.031769253
13.041058965
13.049168300
13.054730142
13.059468337
13.070755444
13.075508744
13.078845447
13.087510494
13.098727157
13.105109328
13.112205362
13.118263751
13.121381693
13.131148434
13.137817542
13.147220912
13.151682569
13.161338278
13.168239208
13.173635663
13.179353475
13.187596626
13.190348786
13.205423891
13.210952209
13.214514052
13.222141844
13.228696304
13.237058401
13.241225855
13.249735065
13.258478929
13.264881312
13.273659970
13.277911594
13.284294661
13.287373697
13.299934516
13.305913754
13.315218245
13.319076674
13.325848064
13.333199841
13.340831585
13.344958496
13.351453344
13.362278600
13.371465988
13.374437458
13.379647485
13.388348539
13.392341849
13.400846810
13.411099323
13.415639156
13.421303729
13.432020666
13.435244301
13.442105948
13.447104403
13.454293063
13.466069040
13.470835619
13.478675669
13.482576464
13.487561128
13.497749254
13.503306227
13.508802160
13.518729518
13.525679998
13.530765369
13.539713958
13.542433975
13.548289945
13.555780269
13.568595592
13.571197687
13.578622820
13.583169028
13.592865941
13.596764408
13.602954732
13.611486650
13.617053891
13.628400763
13.632668108
13.638167726
13.642517838
13.650168278
13.657128888
13.665924816
13.673041383
13.678345709
13.684631101
13.691812984
13.698662388
13.704385231
13.706459203
13.720726618
13.726407414
13.731718483
13.738299258
13.743524415
13.748528353
13.758299472
13.763438325
13.772193472
13.776781262
13.786102991
13.792628546
13.794491056
13.802949077
13.807623100
13.817158586
13.826911690
13.832128659
13.833866097
13.842347504
13.850934511
13.854396973
13.861307775
13.869261195
13.877319079
13.883675340
13.889675992
13.895235498
13.899940341
13.905059255
13.916812717
13.922920268
13.927106556
13.936595926
13.938984365
13.947992727
13.953006044
13.958866809
13.964484824
13.976360860
13.981092362
13.987126518
13.991391744
13.996789857
14.006102541
14.009557787
14.020341278
14.025889934
14.029967123
14.039019129
14.046724892
14.047608351
14.054307284
14.061947125
14.072031194
14.077894042
14.083066109
14.088495801
14.093941996
14.100671200
14.108861929
14.112891607
14.120743483
14.129163954
14.136348300
14.137730896
14.147448381
14.150152424
14.155952255
14.167952481
14.172911735
14.179813446
14.182000302
14.191719678
14.196729398
14.203041981
14.206767441
14.217222990
14.222628716
14.231432384
14.236060326
14.239825902
14.244776579
14.253465107
14.260076995
14.267389995
14.274321365
14.278161393
14.286324441
14.291446431
14.297619157
14.302239982
14.307700247
14.321159639
14.323657683
14.328624645
14.335447547
14.340552818
14.346701006
14.353235274
14.362141574
14.365326049
14.374126171
14.380222162
14.386358699
14.390585596
14.394803528
14.402552513
14.411413922
14.418299107
14.423648645
14.428989582
14.432120720
14.443507189
14.445687177
14.451183891
14.460020240
14.467562058
14.473149702
14.479442944
14.483183127
14.489726303
14.493487629
14.503449067
14.512689067
14.513726886
14.520728248
14.529171384
14.533012410
14.538273482
14.545860028
14.549089902
14.559671073
14.567122110
14.571201595
14.575001159
14.581474892
14.587057304
14.595324673
14.599707041
14.609043883
14.613061983
14.618894822
14.626965813
14.631066256
14.636026288
14.639565426
14.651850595
14.656839549
14.662775762
14.668182282
14.672157472
14.679478426
14.685231573
14.691335041
14.698063728
14.703621990
14.713575577
14.716130106
14.721809038
14.726281893
14.733446562
14.737911140
14.749889042
14.752796223
14.758120423
14.763443225
14.770792693
14.777006456
14.780215176
14.786454856
14.795008947
14.803429709
14.805624853
14.814104361
14.817873937
14.820250874
14.830059213
14.837029397
14.842249287
14.849086702
14.854306408
14.860513073
14.866046441
14.871797033
14.875287397
14.882290899
14.892349654
14.898222248
14.901934597
14.905549851
14.913344677
14.919284706
14.923539456
14.931861850
14.938546952
14.942061153
14.951815645
14.955477542
14.959428105
14.965741456
14.969573636
14.980735435
14.985317217
14.991762721
14.996105375
15.001380446
15.007084736
15.014940423
15.018359911
15.023487024
15.034343615
15.038070665
15.044644278
15.048201698
15.054987952
15.057712497
15.066038931
15.074135333
15.080464039
15.083032627
15.089794820
15.097391561
15.102459682
15.104170839
15.112587081
15.118710362
15.127189471
15.133071432
15.136772807
15.141104066
15.146345367
15.154744146
15.158441366
15.167139364
15.170970050
15.179205178
15.182838394
15.189213253
15.195330973
15.197911373
15.203308159
15.215478243
15.219189590
15.222880852
15.230068282
15.233936711
15.240215611
15.246440547
15.251213760
15.258497282
15.264027480
15.271767646
15.276687554
15.280684610
15.284404926
15.291212679
15.298049775
15.305095341
15.312579496
15.315277229
15.319301916
15.329164524
15.331297713
15.338369751
15.340998258
15.350828608
15.357831661
15.362136809
15.367110055
15.371953719
15.377293463
15.381503785
15.391814277
15.395374833
15.401176419
15.407153383
15.414545331
15.416835203
15.423549634
15.428284738
15.432570124
15.442764934
15.448910235
15.452426975
15.458404733
15.460542305
15.469832803
15.474334091
15.478517067
15.487809774
15.491650716
15.497936830
15.504299549
15.510100965
15.511346308
15.517226399
15.525380757
15.533481626
15.537769167
15.541856173
15.548483624
15.552464030
15.559477047
15.563548739
15.570108568
15.574460772
15.584576959
15.589351338
15.591393395
15.598095521
15.602839760
15.607500969
15.615088353
15.623003960
15.626529272
15.631484327
15.637410517
15.644168965
15.648631488
15.651612613
15.657630089
15.667864016
15.670767515
15.678945672
15.681708104
15.685936882
15.691103776
15.699190343
15.703355244
15.709730918
15.716188741
15.720792949
15.728320917
15.730874303
15.736247536
15.742576039
15.744794614
15.756805955
15.760917630
15.765697355
15.768340524
15.776556567
15.781008639
15.785454103
15.792115291
15.797619607
15.803973284
15.810695063
15.815266282
15.820041185
15.823571432
15.828255720
15.836607061
15.843078227
15.847650438
15.854695476
15.856772150
15.863132286
15.870235754
15.874602232
15.876483874
15.885530560
15.893585729
15.897729347
15.901462232
15.908003192
15.910251620
15.917707244
15.922381771
15.931174262
15.935156935
15.938485489
15.947617936
15.951184636
15.955312590
15.960173224
15.965479244
15.972090231
15.981578672
15.983314983
15.989573696
15.992468050
15.998588619
16.005131372
16.010037813
16.014374924
16.022380681
16.027716992
16.032264900
16.038061708
16.042774978
16.046480100
16.050200186
16.061479333
16.064785598
16.070554868
16.074898829
16.079541176
16.087030945
16.089323928
16.095939398
16.100687305
16.107473576
16.114231589
16.120622913
16.122773723
16.126033273
16.133633270
16.137887505
16.144514711
16.152210595
16.155500531
16.160080693
16.166265517
16.172834233
16.175210758
16.180870769
16.184602339
16.195372392
16.199161169
16.203419503
16.208896625
16.214144235
16.216078667
16.225010967
16.229471269
16.235444688
16.240080579
16.247873581
16.250927512
16.256729082
16.260871373
16.264711995
16.270766533
16.278450397
16.286250462
16.287685510
16.292279432
16.297562772
16.304984301
16.308608893
16.311835295
16.320892018
16.324609478
16.331752533
16.337013573
16.340276366
16.345395253
16.348445551
16.355637901
16.363823536
16.367159756
16.372659218
16.377502486
16.383194338
16.386987490
16.393403050
16.397685767
16.400761136
16.411524472
16.415811573
16.419436957
16.424537310
16.428265866
16.434304989
16.438964281
16.445988809
16.451187914
16.457690934
16.459045781
16.469065829
16.470964254
16.475603980
16.479188919
16.486434788
16.493947787
16.498390812
16.504782294
16.506744908
16.511201633
16.518449620
16.522786238
16.528011007
16.533253501
16.539506118
16.546264439
16.549541318
16.553647093
16.560252435
16.562163937
16.567813116
16.577619351
16.582504683
16.583847646
16.590592669
16.596003241
16.600396371
16.606255440
16.608829382
16.616061828
16.622025911
16.628519202
16.632677258
16.637265618
16.640323068
16.644666786
16.653844008
16.655661399
16.664372355
16.668077104
16.672442178
16.677896196
16.684085507
16.687499530
16.691185715
16.696317993
16.705557714
16.710395430
16.714271050
16.717699842
16.723725668
16.728015088
16.732695663
16.739478427
16.745241207
16.748109107
16.756018512
16.760604446
16.765331822
16.767286432
16.774855239
16.776722691
16.786766906
16.791034569
16.796239156
16.800512923
16.802948031
16.810811612
16.815806658
16.818550294
16.824027944
16.832550507
16.836016283
16.841199520
16.847668450
16.848879432
16.853770123
16.859222421
16.866971757
16.872188252
16.876257024
16.880507344
16.886530203
16.891915408
16.894503781
16.900538906
16.904717251
16.910588154
16.919788384
16.922049150
16.925406501
16.930430493
16.935145341
16.940930550
16.945360498
16.952100214
16.957433458
16.960634642
16.967705333
16.971068622
16.977634496
16.979552519
16.982874143
16.992722096
16.998085718
17.001609863
17.006956873
17.011409034
17.014174079
17.021430645
17.026289803
17.029789365
17.036605011
17.041667028
17.048654912
17.050883596
17.055493742
17.059791524
17.064755590
17.069654191
17.078381248
17.082208577
17.085877470
17.089200277
17.097278001
17.100754829
17.103861688
17.109769395
17.114798176
17.122535983
17.126118773
17.132047595
17.134748227
17.139124989
17.143172264
17.150082420
17.156691893
17.159114111
17.166173918
17.170409599
17.174346483
17.180593005
17.183906239
17.188497610
17.191825659
17.202410482
17.204999649
17.210650262
17.213123766
17.218131221
17.223575416
17.228803332
17.232095002
17.241486902
17.241924233
17.248785391
17.255824613
17.258236853
17.261994919
17.266091644
17.271736864
17.278419710
17.284419173
17.289413718
17.291106351
17.297591407
17.301062322
17.307870987
17.311370868
17.314911263
17.322017788
17.329283012
17.331937306
17.335900102
17.341551028
17.345514625
17.347722283
17.356489427
17.362029161
17.366208371
17.369874087
17.375325020
17.381080545
17.384455361
17.388800650
17.392658734
17.399409779
17.405335791
17.411177509
17.414922075
17.418344006
17.420949383
17.429285908
17.432036474
17.437856387
17.443842489
17.448397761
17.452455674
17.458618894
17.462426418
17.466125527
17.470594771
17.474150357
17.484618255
17.487583613
17.490225055
17.497022212
17.499332895
17.505742780
17.508790183
17.515967675
17.518624250
17.524788054
17.531433299
17.535283594
17.539273995
17.543313133
17.546688680
17.552400661
17.558376038
17.564515400
17.569177814
17.572755010
17.575790312
17.583062227
17.587991840
17.589717824
17.594328595
17.602374058
17.606757937
17.612998616
17.615189959
17.620485179
17.623606919
17.628090743
17.634796156
17.639852998
17.645819976
17.647242131
17.655286026
17.659109339
17.661797078
17.667961575
17.671349096
17.675101756
17.684248096
17.688789625
17.692218507
17.694966823
17.700838371
17.704726330
17.711284609
17.713380692
17.720412926
17.725611702
17.729510439
17.734917995
17.740694712
17.742489164
17.745865331
17.751323403
17.759443139
17.762939523
17.768203597
17.772668350
17.775195451
17.781115293
17.786695380
17.789052715
17.795141545
17.798861660
17.807477807
17.810183430
17.815300907
17.817236654
17.822972426
17.827422455
17.831152837
17.840200575
17.842703461
17.846660371
17.851476312
17.857517746
17.861082152
17.864966101
17.868595947
17.873946086
17.881625884
17.885430373
17.889872074
17.894813259
17.896744255
17.901142574
17.908823955
17.911649933
17.916615481
17.923206008
17.926306635
17.932163648
17.935599214
17.940502658
17.944302259
17.946642584
17.954711397
17.961474037
17.964752599
17.967532174
17.971924299
17.978475180
17.981103748
17.985926314
17.990916892
17.996796746
18.000060949
18.008086807
18.010723745
18.013396398
18.018775716
18.021661963
18.027931067
18.034208273
18.038593966
18.042989913
18.047069732
18.050669641
18.056738410
18.060780144
18.064902950
18.067013956
18.076395673
18.081523403
18.083121663
18.089643428
18.092251446
18.095908899
18.101374191
18.106578659
18.112817953
18.115961536
18.120512488
18.125759682
18.131155564
18.134388793
18.136410389
18.143261629
18.146559156
18.154505315
18.159283158
18.162322686
18.165564409
18.169564304
18.176367119
18.179284111
18.183751474
18.189733640
18.193991643
18.200308972
18.202618535
18.208696779
18.211314425
18.215771176
18.218173053
18.228209924
18.230882019
18.235518376
18.239162129
18.244751505
18.247428325
18.253162070
18.257635245
18.260362599
18.266692938
18.272444897
18.277741570
18.281430859
18.283446773
18.288415614
18.292869224
18.298283496
18.302737780
18.310288444
18.312058640
18.315115569
18.322671528
18.325918534
18.329779497
18.332840436
18.337730289
18.345209024
18.349762490
18.353762940
18.357119712
18.361738856
18.364825754
18.370000820
18.375824450
18.380094380
18.383691298
18.390074460
18.394644617
18.397813562
18.402011538
18.407040072
18.408939324
18.414610940
18.423804657
18.424732156
18.430096382
18.433453524
18.436954787
18.444869357
18.445696127
18.450170954
18.456560453
18.461410332
18.465673791
18.471431400
18.474660145
18.478913799
18.479768615
18.487306082
18.491882393
18.498652583
18.500724455
18.506368472
18.509266014
18.515155901
18.518180262
18.523612856
18.526159163
18.530811137
18.539216840
18.543117363
18.545262280
18.549362304
18.555057026
18.557085558
18.562654731
18.568354757
18.573221137
18.577090768
18.580829380
18.587220466
18.590378066
18.594150872
18.597718891
18.601182226
18.609376206
18.612673115
18.618614364
18.622291119
18.623847979
18.629005944
18.634617909
18.639909478
18.640827115
18.648478003
18.652673487
18.657672087
18.661864393
18.665343468
18.668892116
18.673707424
18.676034647
18.684817323
18.689557492
18.691624393
18.695487775
18.701407958
18.705191547
18.708874955
18.712911650
18.718140005
18.721704893
18.729416546
18.732402698
18.736449669
18.740770663
18.742201290
18.748295493
18.753495770
18.757921231
18.763322850
18.767162668
18.771478494
18.774505428
18.781980321
18.783364650
18.786475479
18.791181493
18.798827666
18.803820677
18.805872969
18.811352074
18.813845457
18.818179687
18.823366297
18.827046117
18.833098326
18.836840218
18.840488651
18.847584923
18.850631028
18.852913967
18.857688400
18.861958927
18.865492098
18.872877058
18.878201471
18.880378450
18.883989111
18.888209973
18.893855922
18.897045100
18.902195416
18.904001368
18.912438357
18.915342422
18.920517869
18.924093974
18.928220522
18.931650146
18.933706710
18.941910514
18.946411312
18.949731787
18.955458737
18.957330151
18.963519316
18.966868176
18.970769493
18.974981559
18.978353081
18.984925666
18.990911419
18.994455566
18.996555608
19.000370073
19.005298183
19.010619792
19.012636317
19.020284034
19.023768344
19.026966879
19.032401333
19.037239838
19.040362316
19.043927523
19.046852933
19.052269378
19.060146471
19.062410443
19.066259408
19.071677610
19.073624544
19.077620809
19.084633594
19.086421755
19.091477737
19.095932024
19.103050281
19.104689239
19.109547440
19.113431309
19.116449837
19.120308795
19.125493437
19.132122025
19.136212083
19.139632758
19.141690669
19.148255417
19.152583194
19.155472608
19.158443390
19.164695345
19.169066191
19.174508368
19.179023490
19.182979225
19.183832176
19.189620676
19.193026258
19.199500631
19.203045900
19.208115352
19.211745135
19.216200237
19.220654524
19.223647942
19.229210678
19.231592594
19.234228269
19.244668725
19.245646941
19.250775089
19.253506850
19.257944404
19.261867399
19.266067232
19.270824247
19.274978666
19.280585311
19.283155045
19.289054267
19.293833857
19.295961830
19.298906844
19.303349154
19.308805967
19.313848136
19.319702022
19.321893950
19.326508014
19.328294913
19.335348339
19.338546048
19.341637310
19.346171712
19.351389685
19.357331238
19.361310644
19.362844107
19.369172145
19.370999395
19.374696035
19.380007155
19.387290386
19.389628489
19.392421079
19.398613584
19.401732655
19.406319731
19.409477315
19.413691372
19.416895831
19.423214958
19.428713754
19.432629259
19.435178179
19.439820628
19.441103690
19.448652798
19.451454331
19.455495756
19.461904961
19.465188369
19.468230184
19.474339361
19.477711654
19.480576064
19.484140325
19.487671881
19.495661575
19.499155602
19.503298533
19.506004899
19.510088062
19.515195960
19.517485454
19.523073766
19.527371103
19.530422750
19.536313004
19.541786416
19.544579823
19.547259371
19.551410823
19.556096550
19.558278616
19.566050077
19.569601627
19.574637785
19.576324125
19.580675582
19.585990288
19.590337033
19.592658030
19.595729580
19.602429999
19.608123956
19.610234189
19.616038630
19.618763764
19.621359534
19.625104447
19.631378941
19.634869544
19.640482790
19.643305163
19.647652280
19.653238998
19.655092016
19.660599997
19.662365852
19.667605799
19.670689114
19.679275028
19.682205270
19.684106020
19.688162500
19.692664885
19.696686095
19.700923670
19.704194556
19.710665380
19.712957948
19.718473032
19.722741005
19.726301994
19.730276932
19.732567125
19.735821275
19.743051686
19.747758035
19.750652407
19.756069945
19.758231702
19.761771322
19.767170138
19.771300427
19.774207509
19.777600677
19.784487257
19.788466182
19.792985893
19.795596698
19.798643848
19.803391029
19.806496650
19.811111261
19.817874431
19.820802842
19.824254137
19.827317775
19.834592573
19.836287835
19.838711509
19.844667927
19.846704123
19.853626909
19.858382481
19.862075145
19.865179955
19.868601053
19.871569958
19.876886756
19.881522528
19.885006644
19.889296970
19.894811561
19.897835747
19.901756954
19.906088299
19.910199763
19.911887642
19.915621632
19.923363201
19.927842244
19.930255940
19.933939617
19.938052039
19.941395965
19.947433051
19.948405860
19.953804988
19.959663824
19.961183237
19.969147980
19.970705101
19.975496676
19.976624280
19.981484590
19.986205719
19.990393097
19.996419204
20.000269018
20.001855427
20.007051297
20.010753009
20.015466966
20.019023479
20.020992361
20.026011140
20.033327459
20.036227018
20.039066759
20.043594660
20.047210121
20.049571947
20.053933531
20.060586655
20.062998641
20.068024153
20.071133799
20.076226923
20.079908132
20.083667543
20.085990906
20.090669204
20.093921290
20.100854728
20.104534695
20.109589646
20.111025156
20.113303332
20.120039768
20.123587577
20.126232056
20.131134461
20.136522744
20.139587117
20.144135051
20.149114611
20.150991807
20.154897829
20.157995549
20.161839373
20.169699494
20.172189810
20.175453756
20.179760391
20.183584185
20.187027843
20.191021114
20.195673897
20.198308394
20.202346160
20.209010778
20.213260840
20.215339533
20.218970651
20.223433895
20.225098086
20.231436660
20.234465699
20.240998127
20.243722454
20.246937174
20.250672826
20.256702421
20.258858900
20.262792786
20.264170425
20.271419506
20.275594484
20.280682305
20.283510512
20.286736538
20.290457160
20.293079577
20.299357873
20.301817350
20.307410813
20.310173722
20.315164554
20.320085415
20.322695191
20.325580335
20.330772865
20.333052292
20.336087865
20.344185248
20.348376122
20.349539539
20.354143358
20.357295340
20.362524203
20.365339300
20.369387788
20.372901546
20.378026396
20.382779240
20.385818269
20.391790703
20.393220014
20.396034354
20.399691490
20.404901004
20.410202858
20.413244510
20.418578967
20.421346148
20.423896087
20.429636544
20.433027138
20.435962828
20.439652762
20.443293966
20.450455077
20.454162846
20.456367547
20.460316143
20.463195792
20.468607240
20.469979875
20.476040349
20.481221358
20.484063275
20.486832346
20.493570222
20.495390277
20.499689460
20.502487026
20.505816880
20.510110237
20.516322075
20.520319049
20.523701157
20.527080875
20.530023401
20.533193558
20.539410994
20.542757886
20.544017796
20.551407114
20.554285950
20.559342687
20.561833591
20.566478302
20.569742732
20.571258267
20.576150344
20.582267234
20.586751343
20.590285692
20.591854263
20.597063757
20.601362526
20.604373094
20.607484562
20.612269434
20.615549025
20.620399490
20.626578359
20.628664934
20.631626433
20.634629189
20.638881951
20.642725852
20.647009216
20.652400926
20.655170998
20.660440376
20.661717049
20.667188804
20.671631644
20.673508275
20.677720788
20.679564018
20.689103021
20.689748969
20.694371782
20.698242835
20.701786154
20.703343327
20.709312755
20.712462382
20.717405479
20.720486550
20.725121151
20.729023272
20.733851290
20.736555006
20.738506010
20.743457011
20.746437097
20.751075796
20.757809112
20.760327822
20.763322020
20.765698052
20.770981062
20.775235036
20.777962156
20.781052760
20.786157652
20.790438355
20.795051583
20.798888204
20.801409266
20.805918067
20.808251520
20.810576128
20.817692952
20.821505154
20.825096828
20.828529679
20.832714446
20.836373143
20.839128020
20.844880520
20.846322373
20.849515561
20.855284138
20.861177617
20.863621840
20.867625021
20.869239276
20.873654753
20.877623455
20.881769898
20.884877492
20.891242031
20.893894165
20.896154821
20.902315731
20.905960543
20.908164576
20.910948791
20.915073976
20.919438485
20.926347682
20.927584781
20.932881090
20.934870425
20.938270867
20.942611524
20.946358697
20.950953548
20.953318198
20.957704204
20.964051693
20.966172642
20.969488594
20.973877803
20.976111884
20.980235788
20.982593417
20.990319410
20.993286198
20.996213450
21.000292936
21.002662764
21.008502684
21.011265978
21.013790250
21.017682288
21.022748970
21.026869919
21.031316542
21.035665731
21.037593866
21.040394692
21.043657554
21.049523205
21.052138427
21.057083194
21.061858637
21.063584479
21.068428960
21.072099173
21.075575698
21.078998454
21.082810959
21.084022419
21.091900039
21.096481737
21.099085965
21.100404654
21.106804096
21.108161021
21.112270067
21.116915380
21.120588637
21.124852541
21.128062144
21.132720851
21.137921989
21.138523710
21.143302820
21.145614646
21.149172955
21.155137366
21.158730601
21.164064324
21.165876318
21.169264582
21.171948788
21.178420377
21.180414812
21.183211001
21.187329251
21.193006595
21.196592214
21.200459564
21.203870559
21.206849774
21.209713549
21.213419558
21.217060937
21.223707975
21.226507989
21.228950603
21.233362910
21.237518936
21.241164045
21.243538642
21.247462744
21.251804440
21.253643829
21.261713370
21.263914400
21.267227847
21.270983322
21.272549170
21.277435516
21.281704354
21.284833517
21.289142662
21.293895846
21.296867287
21.300183805
21.304774418
21.308608868
21.311449529
21.312253433
21.317974023
21.324320915
21.326892108
21.330922170
21.334170338
21.336629449
21.340988372
21.344306238
21.349085607
21.351034765
21.356601805
21.359092036
21.365533673
21.368495702
21.369846905
21.373887731
21.378317686
21.380056093
21.385196084
21.391132506
21.394147355
21.396801629
21.399395410
21.405465268
21.407109340
21.412327625
21.413604711
21.417538561
21.423631360
21.427354660
21.430739541
21.434466079
21.437698449
21.439847549
21.442977375
21.449202794
21.452062048
21.456056496
21.460035237
21.464003386
21.466520156
21.471833290
21.473506838
21.477645059
21.480227277
21.484060992
21.490746688
21.494557795
21.496323155
21.499864030
21.502599808
21.507649075
21.511327916
21.512718266
21.519928792
21.521390466
21.525922642
21.530307598
21.534269964
21.537092400
21.539046444
21.543142332
21.546287993
21.552200585
21.556733967
21.558617961
21.563121756
21.566323619
21.568257827
21.574116167
21.576909459
21.580114717
21.582666994
21.589337972
21.593061573
21.595766702
21.599159688
21.602655065
21.605530263
21.608264991
21.613513696
21.617774895
21.622589280
21.624425094
21.627300943
21.633032758
21.636120119
21.638317051
21.641817929
21.645357682
21.650052993
21.654357272
21.659662291
21.661597152
21.663709340
21.667490804
21.671312282
21.675399555
21.679202679
21.682332121
21.687831671
21.689616901
21.695524898
21.696596742
21.701556038
21.704520506
21.707013817
21.709592793
21.717908447
21.719978554
21.722767240
21.726898593
21.729664617
21.733347397
21.736944019
21.740836865
21.743768263
21.748166399
21.751829111
21.756704852
21.759994048
21.763262977
21.765829961
21.767721428
21.773859354
21.775821645
21.781841312
21.785421510
21.789094373
21.790347510
21.794891385
21.800387795
21.801728406
21.804755903
21.808593296
21.813026417
21.819358043
21.820526012
21.824381310
21.827886556
21.830870317
21.833366641
21.837772281
21.842688347
21.846818130
21.848378951
21.853491681
21.857368087
21.860438450
21.863096247
21.867477753
21.869569752
21.872852950
21.879229664
21.883002394
21.886679782
21.888393736
21.891629825
21.895371457
21.900084082
21.903080462
21.905220189
21.911311060
21.914819835
21.916969046
21.922905521
21.925343213
21.927255421
21.931718017
21.932926003
21.939698734
21.943381499
21.947600720
21.949724054
21.953202933
21.957017604
21.960497978
21.963453943
21.968164400
21.969913325
21.974070178
21.980456099
21.982981063
21.986349028
21.987889443
21.993041416
21.994919560
21.998841037
22.003499749
22.008842159
22.010136874
22.014540669
22.017236776
22.021941985
22.025829350
22.027275316
22.030178762
22.034738874
22.040167965
22.043611803
22.046701755
22.051040793
22.052946223
22.054594651
22.060779717
22.063893921
22.066781630
22.071768315
22.074453186
22.079223639
22.082228331
22.085493054
22.088805396
22.091381571
22.095048760
22.097922699
22.105901906
22.107021191
22.110359500
22.112824415
22.117354037
22.121087002
22.123400698
22.127502508
22.130805572
22.135127363
22.138569594
22.144049614
22.145494409
22.149726215
22.151689154
22.154643964
22.158693702
22.164583928
22.166272866
22.171507481
22.174893540
22.176141376
22.181070399
22.184569426
22.188689715
22.190068876
22.193042835
22.199820123
22.203012336
22.206840333
22.209212373
22.212150215
22.215617131
22.219025476
22.222294450
22.227135707
22.231183002
22.233988790
22.236539815
22.242620508
22.244714102
22.247187138
22.250326032
22.254569777
22.256825457
22.263024755
22.267235315
22.269316056
22.272424236
22.275482996
22.278393367
22.284165357
22.285363967
22.289497489
22.293219397
22.298154941
22.301488198
22.303757179
22.308588330
22.311103325
22.313222086
22.315991625
22.321950071
22.326634689
22.329064140
22.331865205
22.336258394
22.338245978
22.343001416
22.346229559
22.347982630
22.353160814
22.355703568
22.361038471
22.365426582
22.367872949
22.369541251
22.373146836
22.376815410
22.380863635
22.383601743
22.389378581
22.392288028
22.394492071
22.398381732
22.402867117
22.405490581
22.408448250
22.411795628
22.413605225
22.420871876
22.424215703
22.426309934
22.430822373
22.432545179
22.436925574
22.438299110
22.444368093
22.447224704
22.449955386
22.454819089
22.458006843
22.462145666
22.465092678
22.467319918
22.471381537
22.473476343
22.477399588
22.483061433
22.486610779
22.490294126
22.491717534
22.494401943
22.500725045
22.502054260
22.505688468
22.508337738
22.514032766
22.516279617
22.521386782
22.524237728
22.527724831
22.529773584
22.532567500
22.536300269
22.540668384
22.545951969
22.547568753
22.551387852
22.555206563
22.558176405
22.561127342
22.565403391
22.568301853
22.570210071
22.574512220
22.581395437
22.583289520
22.585144738
22.589849680
22.591763140
22.595027962
22.599679471
22.602061746
22.606996879
22.611147914
22.612514493
22.617050523
22.621196644
22.624488735
22.626185633
22.628703453
22.633187665
22.637818398
22.641676555
22.645958018
22.647745493
22.650958446
22.653412230
22.658272567
22.661289128
22.664504413
22.667681555
22.671932460
22.676284343
22.679554535
22.682707373
22.684501140
22.689436296
22.691226340
22.693558121
22.701017511
22.703288233
22.706895095
22.708687466
22.713165357
22.716555467
22.719925491
22.722184584
22.726581086
22.728489363
22.734765899
22.737047952
22.742198701
22.743862217
22.746783862
22.748918942
22.753283398
22.758011071
22.759959607
22.765026840
22.768669273
22.770765571
22.774213753
22.778842436
22.781475028
22.783789022
22.786760676
22.790344555
22.796666144
22.799555171
22.802284155
22.804443011
22.809097473
22.810776366
22.815198803
22.817929847
22.822690447
22.826078736
22.827952966
22.834079913
22.836695352
22.838655604
22.842904278
22.844550118
22.848359493
22.852114857
22.857569616
22.860680624
22.863174528
22.866858446
22.868400468
22.873217677
22.877575094
22.879152387
22.881409732
22.887367317
22.890890610
22.894270169
22.897330758
22.901129073
22.903219406
22.905340921
22.909472930
22.914072433
22.918289373
22.920796872
22.924681984
22.926521789
22.932623468
22.933261904
22.936788256
22.940920721
22.943056459
22.946817526
22.952962855
22.955574743
22.958714665
22.960035652
22.963738833
22.968420864
22.969906565
22.974760548
22.978085011
22.982108265
22.985137243
22.988015394
22.992681052
22.995069226
22.998002444
23.000631495
23.002873706
23.009762616
23.012875627
23.015062263
23.019813829
23.021501034
23.024214658
23.028206886
23.032771216
23.034178360
23.038292945
23.041989458
23.046320696
23.050043152
23.052493524
23.055219704
23.058066936
23.061461976
23.064556519
23.068640127
23.075005286
23.075884718
23.077921114
23.082329161
23.086026582
23.089982256
23.091201455
23.094650619
23.098708211
23.102452365
23.107372215
23.109904197
23.112865926
23.115765197
23.118975309
23.120335421
23.126628431
23.128933783
23.133066474
23.135975251
23.140044263
23.143026567
23.145525520
23.150250074
23.151895986
23.155428667
23.157060182
23.164205923
23.167037091
23.170405204
23.172494461
23.175430217
23.178848872
23.183061545
23.185008257
23.188943447
23.193255311
23.196428861
23.198902445
23.204287562
23.207239277
23.208467712
23.211278563
23.215606649
23.218070607
23.223807167
23.226693974
23.230298369
23.232955987
23.234932076
23.239514257
23.242533524
23.245829212
23.249117947
23.250774803
23.257081039
23.260982780
23.262491985
23.265962739
23.269669454
23.271700521
23.274339061
23.278445424
23.284336325
23.285421523
23.290001632
23.291778058
23.296332725
23.299416603
23.302480279
23.304999561
23.307529774
23.312162917
23.315680612
23.320844669
23.322968075
23.325935766
23.328045765
23.330772664
23.336147889
23.338369702
23.341087668
23.346731432
23.348619583
23.352023558
23.356671034
23.358212801
23.362381409
23.364968779
23.366399894
23.370866489
23.376983766
23.379681785
23.381441664
23.384848693
23.389048628
23.390641420
23.394492623
23.398249212
23.401214691
23.404162928
23.408285448
23.413019422
23.415091446
23.419079841
23.419884941
23.424242001
23.426379701
23.430971933
23.434782145
23.438830577
23.441947444
23.444231657
23.446317402
23.452395222
23.454079347
23.456535872
23.459408486
23.463445214
23.469118183
23.470502361
23.475154174
23.477840433
23.479211712
23.483276086
23.485860015
23.490101143
23.494195486
23.497386284
23.499540704
23.504292310
23.507010059
23.510923020
23.511894537
23.516464869
23.519377335
23.520849025
23.528065279
23.531008673
23.533198304
23.535836622
23.539002210
23.542131144
23.546001761
23.549185111
23.551223452
23.556574427
23.559108184
23.562749621
23.566099626
23.569822920
23.572081449
23.574222063
23.576524518
23.582382090
23.585434437
23.589493871
23.592198478
23.594950965
23.597837956
23.601165451
23.604915617
23.608055152
23.609805925
23.614112207
23.617818232
23.623407942
23.624822422
23.626663944
23.630742113
23.633354847
23.636605248
23.639335522
23.644719186
23.648276270
23.650100906
23.652987689
23.657464438
23.660989916
23.662400538
23.666663695
23.667959582
23.672266856
23.677590758
23.680256047
23.683311336
23.687177479
23.688493056
23.690817100
23.695831066
23.698970069
23.702161408
23.704678831
23.710710160
23.711213043
23.715811808
23.718732613
23.722394501
23.723369867
23.727532049
23.729629543
23.736221001
23.739027840
23.741384210
23.744307992
23.746682076
23.751342526
23.754235411
23.755709154
23.760511668
23.763664971
23.766560541
23.771177443
23.775152323
23.776494355
23.779402784
23.782229257
23.785241902
23.789060670
23.793268127
23.796803653
23.799829178
23.802413591
23.805796950
23.808302492
23.812929199
23.815681993
23.816711743
23.820334588
23.826565866
23.829010191
23.832232260
23.834516741
23.838159384
23.840653341
23.842511827
23.848267355
23.849882471
23.855226504
23.857146261
23.859868167
23.864879902
23.867213493
23.870112789
23.871999376
23.875899373
23.878589974
23.882950433
23.887699273
23.890844120
23.892217884
23.894632850
23.898689362
23.902092428
23.905516092
23.907341765
23.911823095
23.915040480
23.919242416
23.921539700
23.925306797
23.927768847
23.930765217
23.932818675
23.935624366
23.942207723
23.944683717
23.946507763
23.951115008
23.953074671
23.956187098
23.960140197
23.962296393
23.966276236
23.967910926
23.972430401
23.977388001
23.979483017
23.983064291
23.985371710
23.986725148
23.991489633
23.994591613
23.997229814
24.002503052
24.005046990
24.008148041
24.009687881
24.015567515
24.017210244
24.020080764
24.022320398
24.025584765
24.030085077
24.034763107
24.037104544
24.039491624
24.043184611
24.045128498
24.048130207
24.051840624
24.056144456
24.057882623
24.061905989
24.065078067
24.070064162
24.071075397
24.074049965
24.078034865
24.080582629
24.081652861
24.087203758
24.091878306
24.094576691
24.096987749
24.099294316
24.102689558
24.106534954
24.109644699
24.111726415
24.114517417
24.120320370
24.121504802
24.126076863
24.130311173
24.131097909
24.134704908
24.136105379
24.140461479
24.144352135
24.147809472
24.151574066
24.153952491
24.156886252
24.160190284
24.163416215
24.166429146
24.168933143
24.173031019
24.173426061
24.181186647
24.183213655
24.185674003
24.188269823
24.191547735
24.194360668
24.197253681
24.200504783
24.205051933
24.207845449
24.210429901
24.214345486
24.217066824
24.221387738
24.223150817
24.224858867
24.228648920
24.231854472
24.237404293
24.238991640
24.244107130
24.244942720
24.247947638
24.250306273
24.255948008
24.257342148
24.259933321
24.264088625
24.267806890
24.271155487
24.274536958
24.276941436
24.279853413
24.282544412
24.285232386
24.287824138
24.293472773
24.297102787
24.299267268
24.300845673
24.305385146
24.309418414
24.309899298
24.314519355
24.316866072
24.319974240
24.323749929
24.328156721
24.331822036
24.333166053
24.335971685
24.339395191
24.340946442
24.346065748
24.348801330
24.351913533
24.356582145
24.358427704
24.360934610
24.365126822
24.368007508
24.371576034
24.372299374
24.375181021
24.380949341
24.384639414
24.387126265
24.389821814
24.393246389
24.394544015
24.398944260
24.401450454
24.404884635
24.408808477
24.411304129
24.414408226
24.418828445
24.422244143
24.423309741
24.426312102
24.429592662
24.432674945
24.435146685
24.441748281
24.443082518
24.445824435
24.449546484
24.450435460
24.455957367
24.457922142
24.460985385
24.463309631
24.467222440
24.471944352
24.474445406
24.476929646
24.481127505
24.483077401
24.484669946
24.487895058
24.492761057
24.496116181
24.499073450
24.501952293
24.505331300
24.507699993
24.511558721
24.514077824
24.516794929
24.519591954
24.522429892
24.526950094
24.531734846
24.533422707
24.536382506
24.537365384
24.542324929
24.544420391
24.548218405
24.550514273
24.555843034
24.557813835
24.559980076
24.564888633
24.567507375
24.569825714
24.572617340
24.575215564
24.577522918
24.584133226
24.585445485
24.589956328
24.591218390
24.595162416
24.597063960
24.600027889
24.604833895
24.606736573
24.608953606
24.613383647
24.617508634
24.620177075
24.622774777
24.625961148
24.627909432
24.631281529
24.633389969
24.637917066
24.642359547
24.644884170
24.647716219
24.649128557
24.653673233
24.657383195
24.659487371
24.660697127
24.665669177
24.668234244
24.672492095
24.676299268
24.678560934
24.681676157
24.683185517
24.685938595
24.690416783
24.692673909
24.697376035
24.699374210
24.702939982
24.706379750
24.708779659
24.711816442
24.715296748
24.717734849
24.719720769
24.722532760
24.729221300
24.731460529
24.733031238
24.736585126
24.739637582
24.741476809
24.745659180
24.748131207
24.751503445
24.754828526
24.758641271
24.760366320
24.765631237
24.767591153
24.769734443
24.772584346
24.774677473
24.779159308
24.782308181
24.786435193
24.789771877
24.792124447
24.793159927
24.797767779
24.801093252
24.803458636
24.806755556
24.808254333
24.813530116
24.816735077
24.820706415
24.821903395
24.824883644
24.828615509
24.830289492
24.832608522
24.838011511
24.841611502
24.843447752
24.846505233
24.849790987
24.853446873
24.855510850
24.858365154
24.861762702
24.863407160
24.867290458
24.872371300
24.874669727
24.878306204
24.879947431
24.882235682
24.885096877
24.890090123
24.891524559
24.894511067
24.899565911
24.901347431
24.904869840
24.907335334
24.912090962
24.913445423
24.915213268
24.918631991
24.921648429
24.926953542
24.930415813
24.931377833
24.935134531
24.937700187
24.940612861
24.943629654
24.946785571
24.949556360
24.953660406
24.954666342
24.961235141
24.962551920
24.965555854
24.967835006
24.970722879
24.973779594
24.975946123
24.980660577
24.984362792
24.987353377
24.989328066
24.992105800
24.995357400
24.999454778
25.001241307
25.003936838
25.005772257
25.011432526
25.014390699
25.017075891
25.021190797
25.022395477
25.025360958
25.027410842
25.031251168
25.035530005
25.037252777
25.041650826
25.044048660
25.046736056
25.051317506
25.052746718
25.055202428
25.059298149
25.060766928
25.063567948
25.069215312
25.073251610
25.073961731
25.076632914
25.079505724
25.083318032
25.085829221
25.088375688
25.092112213
25.094998263
25.098723340
25.101168891
25.105438299
25.107371238
25.110596344
25.112816181
25.114201845
25.118692066
25.123067566
25.125997000
25.128437481
25.132210787
25.134398795
25.135887301
25.141129938
25.143209876
25.145664504
25.148135734
25.152250146
25.156565237
25.159526913
25.161319903
25.164383847
25.167098047
25.169038059
25.173466936
25.174957630
25.181072947
25.182778908
25.184965328
25.187944067
25.192612509
25.194232797
25.197507615
25.198798690
25.203058089
25.205230648
25.210251105
25.213564023
25.216014194
25.218192264
25.221167229
25.223077930
25.226837725
25.231016651
25.232381112
25.236013358
25.239975949
25.242761131
25.245408651
25.248511183
25.251413881
25.254212679
25.255836984
25.258288776
25.265020772
25.266232421
25.270110110
25.272414281
25.274081268
25.278577257
25.280549349
25.284040260
25.286136137
25.289864181
25.293086576
25.295950994
25.300329031
25.303192081
25.304816417
25.306262196
25.310783612
25.312772785
25.316603839
25.320361825
25.324045444
25.325949725
25.328268738
25.331730960
25.335015108
25.337837649
25.340322279
25.342300337
25.345574084
25.351181617
25.353980259
25.354896890
25.359096153
25.361648808
25.363463267
25.366121865
25.370598412
25.373340055
25.377162279
25.378651710
25.382895633
25.385687517
25.388475319
25.391481953
25.393455825
25.395905302
25.399440191
25.402701831
25.407779145
25.409816706
25.412074844
25.414702374
25.416500698
25.421519545
25.424036563
25.425204757
25.429483094
25.433721601
25.435071524
25.439637795
25.442012388
25.445067847
25.446762630
25.450210994
25.451284973
25.456350959
25.460878574
25.462518222
25.465064048
25.468759810
25.470703539
25.474498050
25.476035335
25.480709405
25.482224909
25.484306675
25.489787701
25.492856039
25.496055850
25.497249364
25.500431702
25.502978617
25.505779781
25.508974616
25.512591477
25.515770389
25.520016863
25.520597284
25.523547708
25.528584310
25.530571298
25.532083008
25.535182164
25.537650695
25.542567147
25.545538725
25.548696518
25.551800627
25.553252780
25.555913863
25.558899912
25.562562608
25.565151741
25.568476060
25.571275120
25.574297983
25.578592301
25.580543701
25.582801897
25.586159362
25.588468278
25.591120459
25.593215306
25.599706855
25.601575076
25.604051047
25.605920827
25.610054906
25.611731886
25.615849557
25.618238639
25.619850519
25.624488327
25.626998938
25.630980644
25.633635064
25.636652789
25.639854141
25.640130618
25.643164208
25.647834358
25.650571651
25.653681404
25.657921077
25.659112885
25.662258793
25.665065825
25.668511901
25.671668806
25.672736801
25.676029094
25.679057747
25.684635843
25.686307029
25.689874369
25.690438457
25.694307781
25.697436188
25.699150626
25.702719154
25.706964261
25.709315800
25.712020680
25.714727164
25.719314625
25.720951344
25.723243839
25.726013229
25.729051213
25.730836329
25.736545752
25.738809354
25.742014944
25.745182360
25.746109165
25.748884506
25.753165051
25.755778475
25.758693541
25.760063260
25.765264901
25.768423438
25.770069923
25.774695101
25.775658748
25.779496501
25.780428962
25.783640794
25.787652775
25.792158551
25.794160863
25.796495470
25.799264310
25.802269525
25.806459911
25.806946043
25.810535505
25.813676284
25.816269282
25.819538303
25.824821885
25.826395466
25.827918389
25.831450046
25.833232010
25.836570516
25.840099614
25.842348895
25.847456404
25.848349367
25.852199393
25.854506387
25.857590107
25.860986696
25.863568546
25.864996857
25.867141382
25.872654540
25.876265130
25.878159762
25.880769984
25.884405431
25.885704201
25.888211201
25.892396969
25.895109664
25.897477758
25.901501479
25.903480326
25.907492016
25.910610508
25.912869621
25.914649176
25.917520576
25.921015471
25.922532800
25.927569679
25.931403257
25.933481029
25.935382011
25.937399126
25.942073671
25.944433993
25.946449647
25.949555908
25.952234085
25.956060800
25.959755751
25.961938340
25.965224189
25.967946142
25.969022777
25.972854687
25.974151250
25.980099274
25.981943487
25.984571422
25.988375979
25.990330247
25.993461420
25.995939462
25.999615527
26.001183168
26.004123677
26.006277802
26.012032170
26.014262347
26.017221826
26.019206714
26.021397075
26.024250196
26.027906442
26.030196613
26.032854187
26.037499300
26.040213695
26.040965494
26.045969381
26.048692539
26.051116218
26.052933045
26.055208939
26.058735473
26.062184830
26.066539381
26.068785393
26.071031595
26.073710858
26.076616760
26.078361449
26.083093728
26.084740196
26.087605908
26.090359210
26.094491813
26.098077735
26.100093909
26.101692644
26.106150532
26.107555839
26.109257357
26.113244617
26.117618400
26.120876813
26.122349350
26.125499248
26.127676042
26.131560101
26.134370526
26.135991572
26.138808492
26.141743417
26.145856873
26.148412021
26.152384809
26.155110740
26.156277652
26.158588764
26.161553604
26.165799146
26.167324903
26.171594321
26.174003085
26.178130878
26.178692960
26.182895636
26.186554733
26.186944809
26.191369621
26.192697525
26.194991011
26.201708022
26.203082596
26.205475393
26.208086810
26.210937605
26.213533537
26.216170781
26.218936598
26.222733662
26.224987750
26.227924962
26.231408874
26.234548191
26.237295355
26.239645902
26.241519999
26.244184994
26.247041688
26.250957528
26.254180281
26.257789941
26.259786254
26.262185472
26.263908203
26.268256570
26.271367958
26.273317833
26.274464216
26.279645081
26.282178606
26.286438157
26.287823274
26.291269039
26.292968649
26.296224693
26.297479981
26.301480526
26.305242609
26.308550064
26.311217119
26.312035775
26.317703174
26.318620929
26.321558701
26.324417934
26.327197293
26.329180465
26.332423340
26.337571138
26.339994996
26.341648473
26.344627971
26.346377665
26.349713170
26.352546420
26.356380128
26.357341948
26.362243438
26.364724717
26.367094212
26.369973037
26.373956080
26.375595107
26.377676096
26.379689101
26.383119705
26.388393957
26.389846522
26.393179876
26.396059882
26.397666624
26.400263682
26.404559321
26.405580384
26.409550556
26.411879612
26.414573286
26.418541530
26.422132889
26.424086925
26.426337362
26.428217159
26.432046305
26.433945149
26.436493763
26.441867968
26.444183230
26.446042382
26.448899379
26.451318375
26.455451483
26.457225695
26.459694532
26.462256871
26.464677638
26.469617699
26.472029908
26.475052599
26.477388816
26.480327563
26.482327099
26.483428592
26.489008739
26.490789475
26.493929824
26.497077827
26.500113399
26.502353747
26.505822512
26.507808683
26.511065620
26.513148674
26.514905803
26.518530241
26.522850977
26.526687916
26.528647450
26.528957654
26.533242047
26.535729829
26.538998246
26.540990922
26.543787360
26.548131597
26.549797474
26.552712446
26.557279908
26.558850123
26.560974768
26.563835619
26.565756083
26.568559571
26.572769080
26.576418884
26.578120569
26.581913016
26.583274484
26.586235433
26.588762143
26.592875850
26.594473419
26.596706229
26.599335865
26.604774642
26.606787682
26.608949102
26.612322027
26.614257635
26.616307356
26.619473012
26.621831857
26.626147666
26.629040896
26.631741348
26.633744468
26.636482740
26.640726437
26.642700249
26.644197755
26.646878764
26.650799548
26.652370472
26.657651325
26.659827402
26.662903858
26.664870110
26.665936215
26.670036330
26.672836423
26.675668865
26.678147112
26.681650328
26.684365516
26.687485800
26.690416640
26.692201506
26.696229505
26.697334879
26.700247030
26.701570191
26.707565123
26.710635408
26.711876180
26.714890323
26.717667418
26.720235438
26.722498800
26.726008950
26.728634919
26.730312594
26.734765179
26.736650552
26.741079616
26.743608952
26.745242113
26.747630834
26.750021120
26.752793551
26.756687438
26.758528885
26.763708319
26.765229319
26.767218228
26.769686354
26.773785609
26.776248135
26.778042094
26.780918159
26.782687325
26.787342462
26.790717179
26.793635791
26.795145824
26.798056721
26.801099285
26.802185405
26.805582628
26.809140428
26.812929365
26.813989942
26.817428814
26.821077067
26.823039493
26.826295231
26.827941494
26.830865900
26.833989859
26.834672625
26.840267162
26.843929359
26.845152379
26.848499096
26.850165603
26.852089788
26.856988689
26.858719573
26.860399359
26.864246861
26.867573564
26.870441690
26.872530888
26.876624665
26.878767597
26.880547104
26.882312078
26.885624143
26.888779142
26.893049645
26.895229022
26.898001969
26.900057166
26.903173752
26.905486633
26.908581256
26.910877703
26.914218562
26.915429055
26.919145282
26.924257098
26.925681151
26.927955732
26.929923202
26.933585065
26.935148233
26.937790506
26.941564137
26.944635506
26.948033172
26.949918558
26.951900592
26.956298022
26.957897611
26.961338082
26.963217377
26.964263829
26.968722221
26.972746815
26.974751626
26.978527915
26.980566299
26.982231439
26.984679747
26.987566755
26.991898003
26.992954719
26.995927811
27.000233538
27.001584238
27.005638665
27.008053774
27.009994044
27.012884785
27.015103698
27.017609712
27.019772743
27.026098710
27.026915279
27.030023924
27.031375414
27.034769131
27.037997834
27.040087183
27.042412504
27.045537254
27.048379944
27.050857169
27.055276119
27.057109273
27.060476768
27.062172888
27.064467708
27.066248390
27.070113770
27.073096641
27.076578376
27.078709225
27.082235118
27.084782461
27.085444419
27.090198927
27.093043675
27.094114451
27.096786073
27.099336328
27.104316107
27.106910194
27.109349982
27.111365570
27.114349684
27.115955791
27.119176206
27.121880104
27.124586473
27.128888004
27.130537708
27.132683352
27.136492842
27.140098723
27.141321018
27.142971272
27.147339063
27.147884443
27.151702871
27.155638408
27.159378130
27.160958441
27.162741310
27.165800477
27.167935768
27.171343813
27.174508193
27.176027794
27.178571703
27.183274919
27.185122391
27.188363008
27.190607879
27.193502394
27.195767466
27.197853963
27.199162327
27.204939553
27.206905765
27.210443443
27.211996615
27.215034296
27.217210768
27.220865316
27.222503345
27.225512509
27.227666542
27.230676599
27.233658508
27.237785461
27.240660190
27.242033324
27.244350787
27.246235154
27.250301012
27.252118378
27.254947461
27.259011530
27.261817285
27.263370586
27.266339669
27.269429806
27.272287060
27.275040604
27.275780611
27.279193630
27.281421192
27.287110700
27.288820937
27.290345337
27.294424800
27.296146002
27.297712790
27.300988041
27.304432344
27.306989605
27.309246862
27.312326745
27.315556312
27.319181759
27.319990404
27.323997035
27.325231954
27.327701092
27.330606994
27.333130093
27.337802331
27.340312963
27.343315838
27.343828312
27.346711806
27.350962711
27.352749199
27.355524856
27.356803710
27.361104030
27.363909147
27.366489952
27.370570752
27.372145474
27.374147823
27.376983864
27.378657529
27.381616348
27.385710740
27.388302933
27.390950800
27.393738574
27.395828140
27.399554534
27.400733374
27.404028282
27.407313174
27.408605893
27.410244897
27.415948324
27.418781706
27.420757007
27.423055563
27.425061550
27.428675743
27.429568470
27.434025228
27.435490658
27.439498375
27.442101105
27.444822890
27.446535149
27.451177730
27.452838722
27.454861591
27.456629214
27.459608812
27.462908449
27.466349772
27.469570685
27.472152804
27.473950495
27.476506670
27.478147165
27.482923717
27.484067717
27.486772217
27.489985525
27.492113199
27.496656014
27.498817594
27.500856551
27.503506887
27.505979932
27.508616992
27.509841716
27.513487068
27.518589877
27.520191281
27.521518825
27.525165444
27.527575239
27.530224013
27.533270688
27.534869394
27.537660795
27.540180777
27.543616140
27.547257249
27.549644330
27.552483962
27.554366743
27.555913455
27.558557851
27.562474933
27.564996683
27.566970403
27.571307741
27.573820913
27.574887866
27.578634100
27.581622527
27.583667058
27.586063272
27.587887306
27.590340246
27.595147570
27.598362019
27.600044696
27.602679327
27.604303212
27.607882476
27.610093266
27.611843298
27.616677742
27.617344060
27.621662588
27.622911767
27.627562979
27.629993869
27.631367985
27.633881231
27.636704205
27.638737356
27.641227389
27.645901442
27.648138102
27.651227105
27.653299165
27.654819456
27.657854706
27.661583970
27.663597710
27.665730769
27.667393618
27.672150856
27.674792757
27.677627475
27.679642620
27.683709679
27.684003949
27.686164047
27.689452097
27.692603145
27.695812281
27.699330093
27.700293983
27.703610412
27.706358113
27.709065409
27.711617261
27.713309832
27.716286478
27.719005731
27.720784927
27.726454907
27.728463478
27.730098981
27.732064872
27.735278608
27.736977596
27.741435999
27.741779836
27.745903652
27.749106110
27.751091557
27.754244741
27.756595330
27.759848495
27.761924194
27.764331296
27.765615122
27.768309076
27.773517231
27.775294577
27.778306827
27.780616710
27.783445168
27.784723860
27.787638681
27.791341458
27.793251472
27.795529526
27.798175620
27.802200035
27.804357945
27.808248206
27.809549873
27.810982429
27.814688576
27.816540685
27.818855214
27.822501213
27.826489321
27.828614854
27.830564615
27.832034457
27.836644204
27.838919780
27.840252301
27.843217157
27.845646976
27.848249713
27.852511278
27.854751622
27.858042358
27.859425330
27.862063468
27.864089673
27.866216567
27.870180660
27.872941128
27.875059753
27.878129088
27.881267286
27.883418247
27.885779458
27.888622673
27.891849185
27.892676454
27.895061917
27.898134463
27.903201176
27.905193459
27.906817191
27.910159027
27.911226885
27.914477374
27.917479128
27.919925941
27.921481074
27.926204592
27.927756424
27.930130456
27.934641101
27.936070864
27.938887316
27.940466142
27.942210489
27.946272888
27.948000523
27.952354996
27.955307023
27.956797300
27.959778790
27.961398246
27.964663155
27.967226885
27.970410630
27.971628758
27.973951621
27.977914388
27.982248163
27.983146372
27.985535025
27.988726152
27.990552781
27.993012628
27.994528004
27.999029207
28.002051398
28.003977114
28.007384423
28.008538925
28.012260994
28.015224956
28.016651880
28.019107149
28.021805428
28.023750263
28.027954374
28.030564866
28.034544220
28.035531217
28.037856340
28.039154173
28.043358281
28.045677289
28.048114644
28.050465698
28.054287583
28.056651075
28.058765764
28.062086741
28.064943575
28.066199615
28.069017857
28.071635800
28.072423605
28.078214428
28.080896572
28.082778604
28.084514271
28.088290342
28.089706921
28.092373246
28.095368770
28.097697018
28.100698155
28.102249542
28.106193049
28.109951839
28.111214941
28.114084216
28.115903115
28.118385492
28.120246228
28.124175155
28.126095390
28.130305875
28.132922236
28.134123490
28.137025752
28.139156793
28.143890396
28.144563533
28.146214285
28.149036768
28.152674220
28.155828404
28.158891037
28.161098559
28.163188111
28.165913730
28.167226701
28.170119457
28.173462389
28.175918983
28.179503090
28.180910485
28.183905117
28.187293217
28.189912859
28.190882402
28.194255497
28.196677407
28.198576545
28.200609602
28.206553629
28.207586212
28.210753228
28.212001605
28.214507054
28.217508712
28.220116483
28.222521187
28.225157200
28.227194655
28.231820231
28.232799916
28.236063322
28.239355422
28.241523055
28.242895488
28.245031410
28.247577345
28.251336043
28.254942442
28.256192396
28.260476326
28.261611216
28.263273530
28.267438491
28.268966714
28.272244291
28.273888586
28.276383465
28.279323536
28.283687599
28.285901985
28.287927063
28.289535558
28.292502557
28.294850930
28.297262545
28.299465716
28.303917333
28.306396141
28.307999085
28.310425172
28.313958349
28.316381749
28.318366634
28.321239995
28.322251811
28.325462584
28.328780978
28.332744114
28.334332822
28.337156072
28.339359766
28.341821979
28.342382391
28.347435303
28.350236373
28.350355681
28.354921378
28.357452623
28.360401833
28.362534530
28.365242376
28.367818397
28.369818876
28.371629729
28.373956618
28.377790258
28.381688837
28.384155239
28.385036555
28.387709484
28.390710767
28.393362893
28.395869862
28.397311564
28.400976833
28.403265463
28.405811535
28.409414707
28.412506649
28.414497852
28.415512109
28.418411255
28.421076410
28.423003891
28.427042642
28.429363711
28.432618712
28.434443802
28.437708971
28.438317491
28.442904949
28.444411972
28.447200784
28.449061826
28.450484506
28.456749391
28.457609293
28.460365809
28.463273011
28.464995038
28.467222357
28.469477660
28.472391408
28.475447657
28.478063104
28.480917904
28.483093246
28.485574195
28.489407305
28.490888987
28.493426561
28.494506376
28.498706605
28.499570597
28.503544338
28.507687697
28.509608840
28.511183081
28.513388828
28.515686355
28.519311060
28.521298052
28.523698403
28.525752876
28.529701645
28.531515181
28.535502348
28.536994175
28.539339415
28.542883809
28.543849974
28.545267668
28.548865850
28.553038593
28.555514037
28.557220818
28.560008285
28.562671068
28.564865925
28.566980628
28.570509243
28.572346008
28.573917230
28.577344526
28.580412699
28.584405520
28.585815575
28.587926295
28.590423816
28.591792860
28.595363712
28.597878470
28.599915891
28.603817786
28.606815985
28.608193743
28.609995560
28.614560678
28.616124335
28.618390678
28.620064414
28.622752271
28.625247780
28.629722571
28.632017169
28.634004121
28.637183059
28.638042993
28.641140305
28.643195233
28.646230775
28.649382995
28.651345383
28.653369297
28.657710134
28.659464299
28.662408721
28.664145994
28.666558454
28.669343356
28.670821055
28.673060565
28.678184868
28.680146786
28.682619752
28.684881652
28.686370967
28.689447804
28.692950881
28.694554429
28.696117841
28.699366058
28.702562008
28.705171058
28.707799832
28.711186793
28.713240424
28.714018503
28.716943245
28.718922950
28.723222990
28.724437437
28.728896969
28.730327420
28.732799548
28.735505165
28.737970990
28.740215749
28.743325008
28.744791995
28.747226887
28.749280797
28.754321551
28.757033642
28.758359061
28.759886677
28.763517271
28.765620129
28.766901074
28.770875593
28.772829176
28.776338962
28.778703702
28.780392216
28.784181865
28.786202479
28.789351609
28.790170394
28.793111924
28.794507419
28.798516630
28.801508952
28.804314108
28.807027354
28.809437278
28.810139200
28.812896608
28.816791710
28.818709054
28.820814151
28.822856783
28.826771089
28.829207954
28.832102212
28.834353032
28.836771113
28.838559921
28.840875397
28.843557676
28.844979048
28.850450361
28.852178135
28.854054203
28.856610364
28.858868788
28.862356332
28.864196390
28.865659760
28.869493974
28.870854518
28.873420764
28.877516962
28.880921938
28.881513882
28.885325188
28.885908613
28.888269621
28.891655021
28.894018578
28.897013410
28.899141470
28.902999261
28.904522272
28.906648701
28.909550186
28.913027512
28.914081843
28.916906672
28.917345565
28.921850417
28.925606662
28.927689522
28.930176956
28.931886193
28.934823284
28.936206363
28.939374082
28.941963717
28.944234628
28.947198611
28.950026285
28.951429237
28.956513342
28.957478765
28.959272935
28.961826810
28.964409806
28.966342947
28.968825817
28.972569331
28.976514678
28.977450208
28.979211192
28.982183211
28.984524446
28.987390685
28.990142022
28.991435413
28.993700209
28.997302151
29.001003658
29.002228519
29.005563192
29.007556718
29.009883481
29.011711728
29.013068482
29.017547223
29.020098141
29.022464831
29.025158733
29.027646464
29.029779480
29.032294661
29.035684238
29.036497705
29.039291469
29.042182256
29.043276675
29.048411238
29.050758006
29.053202215
29.054968041
29.056112400
29.059613460
29.062484691
29.064078248
29.066604462
29.071059627
29.071721651
29.075064745
29.077241039
29.080694797
29.082848570
29.084084435
29.086718329
29.088711782
29.091339909
29.096396465
29.097232231
29.100073907
29.102741897
29.104779670
29.106333742
29.109313963
29.112738340
29.114497643
29.116105391
29.119365869
29.122998520
29.125394345
29.127657622
29.129422274
29.132452121
29.133880702
29.135993104
29.139074270
29.142080008
29.145835023
29.147540630
29.149474247
29.151168583
29.155565460
29.156846323
29.159383634
29.161241765
29.163417713
29.167426766
29.168881151
29.173511459
29.174936797
29.177121470
29.178938180
29.181237100
29.183505411
29.186836619
29.189225933
29.191771670
29.194649597
29.197007774
29.199370507
29.202554292
29.203488256
29.207243934
29.209059491
29.210331501
29.212654718
29.217980219
29.220215847
29.221490290
29.224095529
29.227099232
29.227843505
29.231729640
29.233278795
29.236393482
29.238525760
29.241642161
29.243884469
29.246683296
29.249676751
29.252198872
29.253486469
29.254744383
29.258424157
29.260542762
29.263580332
29.267178744
29.269135935
29.272221293
29.272526944
29.275449354
29.279274947
29.281246232
29.282342943
29.285852380
29.287299725
29.291636570
29.294625198
29.295930148
29.298526985
29.300800235
29.303036149
29.304884619
29.307011700
29.311194686
29.313689251
29.316146992
29.317385743
29.321258933
29.323197372
29.325504131
29.328013818
29.329863789
29.332573502
29.333971962
29.338320420
29.341037863
29.344069176
29.345445993
29.347122741
29.349749207
29.351786546
29.355934551
29.356967626
29.358969202
29.363714353
29.365002642
29.367087369
29.370543944
29.372935991
29.374882146
29.376832503
29.378670749
29.380983287
29.385198347
29.387888613
29.390455945
29.392070580
29.394105441
29.397429372
29.398796110
29.401632525
29.404210738
29.406815801
29.408503562
29.411486047
29.415383891
29.417844427
29.418811257
29.421413630
29.423638541
29.426058608
29.427949046
29.430967555
29.435067485
29.436369652
29.439399301
29.441199151
29.442925695
29.446972782
29.448689959
29.451116401
29.451932657
29.455262933
29.458712197
29.462286053
29.462953899
29.466901684
29.468471444
29.470144071
29.471657001
29.476077375
29.477247805
29.480944262
29.482790595
29.485755763
29.487948537
29.490703742
29.493474679
29.494700576
29.497517657
29.499599490
29.501743316
29.503915258
29.509345183
29.510789053
29.512141269
29.514721599
29.516672905
29.520117225
29.521516166
29.524431236
29.526497064
29.529475130
29.532157202
29.534392321
29.537595834
29.540105779
29.541445623
29.544547604
29.545422441
29.547570345
29.551929806
29.554254226
29.556617378
29.559966408
29.561058368
29.563607198
29.565634696
29.568877214
29.571265645
29.573535035
29.574035091
29.578486371
29.581537416
29.584102670
29.586565162
29.587774771
29.590107401
29.593134798
29.594309044
29.597450936
29.600264733
29.603924489
29.605833927
29.606619628
29.610379857
29.613392914
29.615322025
29.616570990
29.619208553
29.622135895
29.623464330
29.628084166
29.630417448
29.632766914
29.634541771
29.636916989
29.638286500
29.641382425
29.644737255
29.646006848
29.648861248
29.651388407
29.654704846
29.657285580
29.658092790
29.662139958
29.663986506
29.665085857
29.667779776
29.669628424
29.674615975
29.676428081
29.678837713
29.680491072
29.683622509
29.684635709
29.688610502
29.690092551
29.692083515
29.695066874
29.697785679
29.699711471
29.703570687
29.706187697
29.707612662
29.709503737
29.711318966
29.714374020
29.716682225
29.719130927
29.722697741
29.725224862
29.727179034
29.728636109
29.732009037
29.734270994
29.736602699
29.739143717
29.740351243
29.742426484
29.747265918
29.749352859
29.752252886
29.752864129
29.756647107
29.757993421
29.759841633
29.762374252
29.766524933
29.767575991
29.770462641
29.773557307
29.774959200
29.778694956
29.780664505
29.781940468
29.785409766
29.786150737
29.789036598
29.792008619
29.795533424
29.798363646
29.799945199
29.801844012
29.803181402
29.807027019
29.809746754
29.810777414
29.813338829
29.816444652
29.819425750
29.821125439
29.824661907
29.826475282
29.828873756
29.830595862
29.832477084
29.834773418
29.837781010
29.842103396
29.843204991
29.845157247
29.848515533
29.850197061
29.852385184
29.855049743
29.857588749
29.859523013
29.861763269
29.863709589
29.868983021
29.869944345
29.872289811
29.874530151
29.876622832
29.878368658
29.881133152
29.884017829
29.885794145
29.890121421
29.891193475
29.894047623
29.895456709
29.899150006
29.901711297
29.903217096
29.904296583
29.907342105
29.910176638
29.913640090
29.915858720
29.918841861
29.920415023
29.921861365
29.924805008
29.926559873
29.930198904
29.931781032
29.934321908
29.937091298
29.939382833
29.942925915
29.944507829
29.946793102
29.948386409
29.951988534
29.953072341
29.954266897
29.959482053
29.962079030
29.963924954
29.965903844
29.967632476
29.971054645
29.972830523
29.975270724
29.977927142
29.979120805
29.982475715
29.985589985
29.987598143
29.990765659
29.993120989
29.994384318
29.996332747
29.998267532
30.001654241
30.004468667
30.006390240
30.009843819
30.011966789
30.013699959
30.015858596
30.019044546
30.021540016
30.022654360
30.025511637
30.026877505
30.030471386
30.035031315
30.035655598
30.037611624
30.040288907
30.042342057
30.044388557
30.047313027
30.048710895
30.052781424
30.055036991
30.056384588
30.059408823
30.062903522
30.064057618
30.066718606
30.068566687
30.070391090
30.072950003
30.075513201
30.079401304
30.081786942
30.083287302
30.086500034
30.087341796
30.089274552
30.093923232
30.094563811
30.097465030
30.098623638
30.103206513
30.104900362
30.107657651
30.109936294
30.112185259
30.114528069
30.115718267
30.117934870
30.120909070
30.124503405
30.126829598
30.129335605
30.130527575
30.133158495
30.136424978
30.138279217
30.139622282
30.142971663
30.144765660
30.146860542
30.150308045
30.153679013
30.156015652
30.157125150
30.158659846
30.161972660
30.163662967
30.166254204
30.169181652
30.171426282
30.174518134
30.176705622
30.178269506
30.181331157
30.183675519
30.186447190
30.187362168
30.189798927
30.191340474
30.196733434
30.197985333
30.200318138
30.203204694
30.204641572
30.207019211
30.208544663
30.212094865
30.214388285
30.215972699
30.219650843
30.220806731
30.224730800
30.226569065
30.229588512
30.230358834
30.232830092
30.235010447
30.237905925
30.239243841
30.243961635
30.246492004
30.247606287
30.249374576
30.252124900
30.254779362
30.257563996
30.259080779
30.260620508
30.264288434
30.266038872
30.269870719
30.272045163
30.273687973
30.276820308
30.277960646
30.280111169
30.281767602
30.285809002
30.288073638
30.290719662
30.292429957
30.295802173
30.297181545
30.299791347
30.302024040
30.304731366
30.306760686
30.307714652
30.310821821
30.314928100
30.317208319
30.319309206
30.321234812
30.322672796
30.325367548
30.328115588
30.330079283
30.332351647
30.335282290
30.338547535
30.339760202
30.341787618
30.346650077
30.346940866
30.348729513
30.351385405
30.353269133
30.355625544
30.359258446
30.362088822
30.364100496
30.366359580
30.368293402
30.369934942
30.373177482
30.374878900
30.378281772
30.379610179
30.381319292
30.385472089
30.387977872
30.390469848
30.391461659
30.394552552
30.396569423
30.398270344
30.400026441
30.403596211
30.407135373
30.408832254
30.410789518
30.413270342
30.415106480
30.418359834
30.420476047
30.422142515
30.423822234
30.426977638
30.429515307
30.432248097
30.435844685
30.436863631
30.439423246
30.441021719
30.442301468
30.446352656
30.448393662
30.450064783
30.453843668
30.455990739
30.457515251
30.461161236
30.462109883
30.465630391
30.466992116
30.469271830
30.471007367
30.473118227
30.478086462
30.480109240
30.481381291
30.483497677
30.486280554
30.488521485
30.489800937
30.493131671
30.495288945
30.497734935
30.500011218
30.502575569
30.505551298
30.508034960
30.509703842
30.512268437
30.512963794
30.516366986
30.517797468
30.521976326
30.523554934
30.527316825
30.529083989
30.529823863
30.532401088
30.535941830
30.538025733
30.539634967
30.541458839
30.544087220
30.547821112
30.549902135
30.552280493
30.555185471
30.556037052
30.558278541
30.561230034
30.561999359
30.565738920
30.569170516
30.570479432
30.573138162
30.574898424
30.578318012
30.580159055
30.581913726
30.584184638
30.587129579
30.588102058
30.590661433
30.595393187
30.596980986
30.599190281
30.600666728
30.603294229
30.604677654
30.607903895
30.610697795
30.611617534
30.615003662
30.617926607
30.619816361
30.621984472
30.624783320
30.627219362
30.629434193
30.630438239
30.631949143
30.636009394
30.638495396
30.642334826
30.642567590
30.645804518
30.647799734
30.649282869
30.652310057
30.654799972
30.656627211
30.658875200
30.661548725
30.663664901
30.667669673
30.669660532
30.670883800
30.672696657
30.676137189
30.676828740
30.679864809
30.681894723
30.686608575
30.687374024
30.689960049
30.691541616
30.694317719
30.697402455
30.698710718
30.700987625
30.703342285
30.704519491
30.708761798
30.711478632
30.713140347
30.716100408
30.718045487
30.719317922
30.721311864
30.723946560
30.727504123
30.728935312
30.731271008
30.734384232
30.736990105
30.737996780
30.741651960
30.743283797
30.745136803
30.747594846
30.749346969
30.751255634
30.756064799
30.757755828
30.760667494
30.761237432
30.763433218
30.766478611
30.769123133
30.770256149
30.772926073
30.775723741
30.778519807
30.779704583
30.783579178
30.785628889
30.787858127
30.789395608
30.791157066
30.793733396
30.795617050
30.799378271
30.801664296
30.804289479
30.805925671
30.808509583
30.810286858
30.812148562
30.816214324
30.817225370
30.818720235
30.821166802
30.824710215
30.828335909
30.829053572
30.831546491
30.833871075
30.836448541
30.836812738
30.840067744
30.842861881
30.845196232
30.848737936
30.850038799
30.851463979
30.855106516
30.857355667
30.859334757
30.861070938
30.862771485
30.865938269
30.867626883
30.871137948
30.874369053
30.876255200
30.877219281
30.879748182
30.881445870
30.884823220
30.886494974
30.889161514
30.891080265
30.894047687
30.896673992
30.898624022
30.901316607
30.903107746
30.905623142
30.907453325
30.909171962
30.910658696
30.915780462
30.918108378
30.918714943
30.922155167
30.923869554
30.925687200
30.928588221
30.930567388
30.932695720
30.935754873
30.936392500
30.940584333
30.942451646
30.945847591
30.947462820
30.949011500
30.950786007
30.953062245
30.956268488
30.957585381
30.960945270
30.964301865
30.965396066
30.968110278
30.968846597
30.973414255
30.974443496
30.976662424
30.978528721
30.980455511
30.983532148
30.987027095
30.989374230
30.990794858
30.992976182
30.995622303
30.997080770
30.998658936
31.002370483
31.004357069
31.007337477
31.008674521
31.011469202
31.014531061
31.016546367
31.017730659
31.020952867
31.022599830
31.024166073
31.026515962
31.029996193
31.033464929
31.034840498
31.036989645
31.038518674
31.040795590
31.043406365
31.046375278
31.047946589
31.048985959
31.053625936
31.054880879
31.057473241
31.060206423
31.062831719
31.064465411
31.065620068
31.068072244
31.070177012
31.073426114
31.076282530
31.078453883
31.080750085
31.082447410
31.084752199
31.087434788
31.089052346
31.091777425
31.093791555
31.095845775
31.097411854
31.102531891
31.103827785
31.105622321
31.108314948
31.109103027
31.112573029
31.113869061
31.116060651
31.119616712
31.121805584
31.124182604
31.126280848
31.128128000
31.130922335
31.134129009
31.134763451
31.136738798
31.139011553
31.141330894
31.145134945
31.147096998
31.149529510
31.152174463
31.153825826
31.154367304
31.157698169
31.160776439
31.162504217
31.164298804
31.167319835
31.169853596
31.171981896
31.175148838
31.176300475
31.178690029
31.180818809
31.182851918
31.184327324
31.187112796
31.191346615
31.193601291
31.194513489
31.196216574
31.199835753
31.201103176
31.204128117
31.205265056
31.208491689
31.209711759
31.213092920
31.215048441
31.218903253
31.220149164
31.221911971
31.224582028
31.225852416
31.227506442
31.231626203
31.233029406
31.235934792
31.238591720
31.240838472
31.242280801
31.244456837
31.247559436
31.249690438
31.251494256
31.252733912
31.255105191
31.259333363
31.261282163
31.264338508
31.264856717
31.267844361
31.269316746
31.271633451
31.274317742
31.275854588
31.279573299
31.281296559
31.283539498
31.285552902
31.288937554
31.291014919
31.292653724
31.293776401
31.297095587
31.298847270
31.300506888
31.305313307
31.306619391
31.309256241
31.310814143
31.312587328
31.314723296
31.318059388
31.319571631
31.322008373
31.323515920
31.326555182
31.330012337
31.331434192
31.333481678
31.336699914
31.337897878
31.339916848
31.341227318
31.344045840
31.347838139
31.349730756
31.351930339
31.354375813
31.355791718
31.358702700
31.360568248
31.363162496
31.364901887
31.366681904
31.369639090
31.371397840
31.375298149
31.377916847
31.379068302
31.380710067
31.382654155
31.385577319
31.387248300
31.390150545
31.391760759
31.395953711
31.397202845
31.398528176
31.401887119
31.404298324
31.405887447
31.408532090
31.410107889
31.411167613
31.414635088
31.418548560
31.419988035
31.422111190
31.424443418
31.426314148
31.428571414
31.429598055
31.433509004
31.435663664
31.436820359
31.439814913
31.442492596
31.445060168
31.447210113
31.449184996
31.451160178
31.452995294
31.455216169
31.456993764
31.459987134
31.463509033
31.465748190
31.466969386
31.469641253
31.470226928
31.475013773
31.475884876
31.477470003
31.479954188
31.482642163
31.484934942
31.487885673
31.490077954
31.493126878
31.493683075
31.496328188
31.497451384
31.500408493
31.502627994
31.505760222
31.508570998
31.509113518
31.513133455
31.514128092
31.516575436
31.519098992
31.520971683
31.523465288
31.525124543
31.526151031
31.531103141
31.533713272
31.534837204
31.536753660
31.539450914
31.540852092
31.543023304
31.545989963
31.547608333
31.550252668
31.553181165
31.555240506
31.556613151
31.560113421
31.562607231
31.563622865
31.565819247
31.567263083
31.569943436
31.573015302
31.575177000
31.578698847
31.580187609
31.581556512
31.583783192
31.586013757
31.588588857
31.591232929
31.592481994
31.594612867
31.597637037
31.600161904
31.603193237
31.604943871
31.605899059
31.609291038
31.610642868
31.612635713
31.614122017
31.618687431
31.620493831
31.622980899
31.624079515
31.626727854
31.629684957
31.630799888
31.633974431
31.634927846
31.637642816
31.639366056
31.642543915
31.645722922
31.647265819
31.650214445
31.651742619
31.652347342
31.655172496
31.658318632
31.660197905
31.662167706
31.665128825
31.668037569
31.669169885
31.671400577
31.674206870
31.676756691
31.678429031
31.679069955
31.682702820
31.683545331
31.688837526
31.689925168
31.691986472
31.694048443
31.696126462
31.698088907
31.700613884
31.702269673
31.705033917
31.707675369
31.709209816
31.711548960
31.715284814
31.716740882
31.718911768
31.720351007
31.722834833
31.724592655
31.726591972
31.729515007
31.732846135
31.734712859
31.736973371
31.738596167
31.740241673
31.743131971
31.745834019
31.747802953
31.748740556
31.750940483
31.755152427
31.756594667
31.759278544
31.761812804
31.763181689
31.765435867
31.767201106
31.768453260
31.772535057
31.774014135
31.777192865
31.779157987
31.780938701
31.783214385
31.786370643
31.787755615
31.789213807
31.792474947
31.793783851
31.795471207
31.798836941
31.802749617
31.804014095
31.805597090
31.807119550
31.809975205
31.811820404
31.814346552
31.816220884
31.818719158
31.821448382
31.823409559
31.826018818
31.827718753
31.830932588
31.832381841
31.834287191
31.836094177
31.837440128
31.841089623
31.844581334
31.845559839
31.848176975
31.850758131
31.852336512
31.853244050
31.857062268
31.859093374
31.860601778
31.862990459
31.865089297
31.868185958
31.871337010
31.872263949
31.875034428
31.876543392
31.878015753
31.881247101
31.882361810
31.885007560
31.889069097
31.890611624
31.892215787
31.893940184
31.896861171
31.899678656
31.900883700
31.902915815
31.904794419
31.907435513
31.909486679
31.913360377
31.914817871
31.917378478
31.918819954
31.921076662
31.922377590
31.924764128
31.927942251
31.930570094
31.931066509
31.935419489
31.936284300
31.939454806
31.940978586
31.943186210
31.946119293
31.947153110
31.948919495
31.950772754
31.955239958
31.957102080
31.959592019
31.961174354
31.962542717
31.965228680
31.967676210
31.969339934
31.972008190
31.973445234
31.976841900
31.978860759
31.980334712
31.984816579
31.985353391
31.987626211
31.988874020
31.991325652
31.993616411
31.995743549
31.999035082
32.001379571
32.003757100
32.004895788
32.007307829
32.009226527
32.012152934
32.013942361
32.016042372
32.017628849
32.019653498
32.024054232
32.025750732
32.027489308
32.029337552
32.032532717
32.033176673
32.034976379
32.037818408
32.040358212
32.043678005
32.044717288
32.047084875
32.049802475
32.051287996
32.054421806
32.056180220
32.057321118
32.059720560
32.062062100
32.064225029
32.067578363
32.070397731
32.071765920
32.073728147
32.075126133
32.077099924
32.080717453
32.082458027
32.083351161
32.087107349
32.089091863
32.091565241
32.093310837
32.096615931
32.097624048
32.100096852
32.101902034
32.103524194
32.105254899
32.109508152
32.111936246
32.113596747
32.115107022
32.117884651
32.119742543
32.121820014
32.123576588
32.126953309
32.128081966
32.129926799
32.132972147
32.135889053
32.138187405
32.140264930
32.141439702
32.143492828
32.146211513
32.147024016
32.150696392
32.152472297
32.155528184
32.158232344
32.159461452
32.160457707
32.164239262
32.166514088
32.167983232
32.169850138
32.171248188
32.174465819
32.177353860
32.179803489
32.181795762
32.184127960
32.185556829
32.187119478
32.189781726
32.191551719
32.194747929
32.196434103
32.199479431
32.200396508
32.203737984
32.206333000
32.207348151
32.209791388
32.211899375
32.213688838
32.215935214
32.217125881
32.222332225
32.223932057
32.224733889
32.227882653
32.228877647
32.231405514
32.233900592
32.236457823
32.237282976
32.240050944
32.243096599
32.244712946
32.247730246
32.249299884
32.252349830
32.254073171
32.254549299
32.256757235
32.259933501
32.262357990
32.264915464
32.267212251
32.269451878
32.271028741
32.272939103
32.275371621
32.278242989
32.279185124
32.282060749
32.283011562
32.286067235
32.289377649
32.292115572
32.293134770
32.294685014
32.297065130
32.299665524
32.300784805
32.303115043
32.306166021
32.308958628
32.310606242
32.312460681
32.314551340
32.318064858
32.319105010
32.320974689
32.323244591
32.325239704
32.326471705
32.330983457
32.332293631
32.335310318
32.337328002
32.338347972
32.341141553
32.341656582
32.345861842
32.347289570
32.349474355
32.351004167
32.355064908
32.356178090
32.358598646
32.361059856
32.363135409
32.364484049
32.367090798
32.367891502
32.370720628
32.374197749
32.377182955
32.378024035
32.380009391
32.382102576
32.384607341
32.386812261
32.388963588
32.389928105
32.393505350
32.394938697
32.397132051
32.400757245
32.402897583
32.404269224
32.406041898
32.408336394
32.409457584
32.412751229
32.414370368
32.417484520
32.419903644
32.421626603
32.423954871
32.425865956
32.427542564
32.430905040
32.432584827
32.433853774
32.435348526
32.438378852
32.442297627
32.443839193
32.445299918
32.448172036
32.449716682
32.451338601
32.453277981
32.456135801
32.458385891
32.460345786
32.463396707
32.464653561
32.467021219
32.470410999
32.471575849
32.473475682
32.475104225
32.477544446
32.479554535
32.481457315
32.485374904
32.487432012
32.489732521
32.490586230
32.492061763
32.495890148
32.497019991
32.499486263
32.501695772
32.502972080
32.506454550
32.508512312
32.511024297
32.512936521
32.515299794
32.516660618
32.519320817
32.519884875
32.522300062
32.526812673
32.527723072
32.530125128
32.532363295
32.534699513
32.535898761
32.539004257
32.540230249
32.543515367
32.544154501
32.546371062
32.549123948
32.552518868
32.554460589
32.556511969
32.558022133
32.559607058
32.561776580
32.564363599
32.566738908
32.567835821
32.572080935
32.573484611
32.575169487
32.577243287
32.580174946
32.582561189
32.583890883
32.585188600
32.587644769
32.589697557
32.592740870
32.595891082
32.597711584
32.598657382
32.601885470
32.603135734
32.604486468
32.607756422
32.609982810
32.611667629
32.614163821
32.615816155
32.619564864
32.621115469
32.622961202
32.624880649
32.627224909
32.629361795
32.629902065
32.632884452
32.636295602
32.638836485
32.640657435
32.641952540
32.644296434
32.646083553
32.649346865
32.650780429
32.652233822
32.654522255
32.657032696
32.660157970
32.661263794
32.665029127
32.666412780
32.668262576
32.669155639
32.671821963
32.673942536
32.676680824
32.678877738
32.681207509
32.683944106
32.685046648
32.687283886
32.690202210
32.691440209
32.693830810
32.695923781
32.697821954
32.698575929
32.703835530
32.705350088
32.707230985
32.708783255
32.710958093
32.713118936
32.715074390
32.716699179
32.719768709
32.721876581
32.723938504
32.726483921
32.727994210
32.731355777
32.732635369
32.735152791
32.736549091
32.737725390
32.740710215
32.742860890
32.746126776
32.747944264
32.750911930
32.751749379
32.753690769
32.755297266
32.758743567
32.761073440
32.761601432
32.763881471
32.767323730
32.768847245
32.772324774
32.773584897
32.775396738
32.778290184
32.778952316
32.781219005
32.783217211
32.785811050
32.789889228
32.790517463
32.792453766
32.794493546
32.797512362
32.799141868
32.800724728
32.803533664
32.804693314
32.807394179
32.808835138
32.812563250
32.815349632
32.816286533
32.818524177
32.820204811
32.821907742
32.824082784
32.827097626
32.828675375
32.830873023
32.833836946
32.836158585
32.837162472
32.839520493
32.843001781
32.843736490
32.845769682
32.847790831
32.848753667
32.852995487
32.855575282
32.856924481
32.859932176
32.860733615
32.862841221
32.865109230
32.867325730
32.869185923
32.871731852
32.873929695
32.875575138
32.878397755
32.880865230
32.883578534
32.884763073
32.885570339
32.888793308
32.891222202
32.891312044
32.895218079
32.898494596
32.900168929
32.901479964
32.903829766
32.905369691
32.908313083
32.910509870
32.911815058
32.914014391
32.915563766
32.918995600
32.921647741
32.923187718
32.925462770
32.927838860
32.929236677
32.930747034
32.932264882
32.936424383
32.937405708
32.940366493
32.942497241
32.944195190
32.946922283
32.948283790
32.950982082
32.952779416
32.954728613
32.956134090
32.958626834
32.960808185
32.964972119
32.966273643
32.967931724
32.969212645
32.971746583
32.973725829
32.976349377
32.977661894
32.980007284
32.983080527
32.985420645
32.985864425
32.989798525
32.991551824
32.993270532
32.995648661
32.996434719
32.998850578
33.000819506
33.004631851
33.006528874
33.008190121
33.010880567
33.012361739
33.013854725
33.016291078
33.018638983
33.021629813
33.022002453
33.024021929
33.027580865
33.030239136
33.031650853
33.034113640
33.035619294
33.037794788
33.039056172
33.041844879
33.043038594
33.047121130
33.048605501
33.051403321
33.052698475
33.053845122
33.057640646
33.059593972
33.060664780
33.062380142
33.065238789
33.066804145
33.069661720
33.072486645
33.074737416
33.076504474
33.077918236
33.079525804
33.081776256
33.084283271
33.086367187
33.088704545
33.090812347
33.093133571
33.095389683
33.097456857
33.099372582
33.101329242
33.104138345
33.105078520
33.106593739
33.108744926
33.113264646
33.114596674
33.117065401
33.117600531
33.120986282
33.122220099
33.123905785
33.127388903
33.128201218
33.130535702
33.133491469
33.135017839
33.137481912
33.140381683
33.142483237
33.143206863
33.145771575
33.146764404
33.149542258
33.152212987
33.153779455
33.157906586
33.158707369
33.160557128
33.162330948
33.164617095
33.167384432
33.169238264
33.170445385
33.172725482
33.174634205
33.178005697
33.180650319
33.181913802
33.184263209
33.185562111
33.188434235
33.189333573
33.191105330
33.194444977
33.197111582
33.198809911
33.200371983
33.203337973
33.204866729
33.207651306
33.208971486
33.210931386
33.213142479
33.214919953
33.216395826
33.220641282
33.222226144
33.224737388
33.226339511
33.228147624
33.228782593
33.232749554
33.234136222
33.236459097
33.237793335
33.241171060
33.243426331
33.244733165
33.247184330
33.250157109
33.251538319
33.252694620
33.254862923
33.256633105
33.259230457
33.262725370
33.264664657
33.265841872
33.268751027
33.269552363
33.272687615
33.273841979
33.276346905
33.278816625
33.280107884
33.282391626
33.284686374
33.288622159
33.289913570
33.290543974
33.293570478
33.295076399
33.297038442
33.298816269
33.301511103
33.304074530
33.306871873
33.308244457
33.309927055
33.312059380
33.314621910
33.316670116
33.319033738
33.319745804
33.321302800
33.325144666
33.327081036
33.329783743
33.331602692
33.333756812
33.335400042
33.336666873
33.338625149
33.341842205
33.343643303
33.345453898
33.348241819
33.350239756
33.352005272
33.355090888
33.356314657
33.358438503
33.360061651
33.362631346
33.363802890
33.365586566
33.370102446
33.371853132
33.373585873
33.374656704
33.377076827
33.379241450
33.381656160
33.383065370
33.385116471
33.388087577
33.389099119
33.392434222
33.394213377
33.396609050
33.398913803
33.400601849
33.401429440
33.403948809
33.405546743
33.408885155
33.411229404
33.412882247
33.415607851
33.417589087
33.418608077
33.420623369
33.424411922
33.424887906
33.427069970
33.428935023
33.430807525
33.434856854
33.436169182
33.438802996
33.440156837
33.441636542
33.444410774
33.445314945
33.448249275
33.449747493
33.453097496
33.455664655
33.456335782
33.458336181
33.461789266
33.463314086
33.465205786
33.466561701
33.468943416
33.470667076
33.472832133
33.475979123
33.478784537
33.480200498
33.481742934
33.483743657
33.485696818
33.487172086
33.490743304
33.492230962
33.493287338
33.496477839
33.499081074
33.500665275
33.503357086
33.504469297
33.507311611
33.509329145
33.509791269
33.511729980
33.515077080
33.518313357
33.519476840
33.522123133
33.523205844
33.525414679
33.527608726
33.530072510
33.531231340
33.533861681
33.535259367
33.538334116
33.539601685
33.543219394
33.545229792
33.546729238
33.548314111
33.549547945
33.552477628
33.554492898
33.555987333
33.559463955
33.561418525
33.563372822
33.565431274
33.566525947
33.569915713
33.571461592
33.573332449
33.575305277
33.576510188
33.578861174
33.583057239
33.584855379
33.585316996
33.588648166
33.590557301
33.591181114
33.593677083
33.595838433
33.598677282
33.600445919
33.602357202
33.604745554
33.607104260
33.609031957
33.611372965
33.612981663
33.614591684
33.616558581
33.618496087
33.620581375
33.623628307
33.626763868
33.627821304
33.629680271
33.630895016
33.633284195
33.636401157
33.637528469
33.639513045
33.641086941
33.644828552
33.645706664
33.648545099
33.651085987
33.652831270
33.654177209
33.656400854
33.658197689
33.659092316
33.663008805
33.665023404
33.667636845
33.668929102
33.670845434
33.673862052
33.674646731
33.676910126
33.679568786
33.681274926
33.682849726
33.684267533
33.688285420
33.690431153
33.692721262
33.693474849
33.695713002
33.697813194
33.699267592
33.701648618
33.704202886
33.705658426
33.709516824
33.710095067
33.712499090
33.714059035
33.717529466
33.719011096
33.720369561
33.721606353
33.724379223
33.726230959
33.729597875
33.731437035
33.733864987
33.735537448
33.737042861
33.738554322
33.741010378
33.743957084
33.744588648
33.748061739
33.748808473
33.751702707
33.754513023
33.756411165
33.757849039
33.759998481
33.761972418
33.763549226
33.765861202
33.766596080
33.771571711
33.773073568
33.774198281
33.776689286
33.778281373
33.780488621
33.782876924
33.784553062
33.786475149
33.788120481
33.790628918
33.793151667
33.795367619
33.797872743
33.799673351
33.801344856
33.803265425
33.803693810
33.807262275
33.809540798
33.811185933
33.813803520
33.816632687
33.817719004
33.819129836
33.822666586
33.823400360
33.826524161
33.827522924
33.829040247
33.831284212
33.834444210
33.837568109
33.838809504
33.840298602
33.842006162
33.844733651
33.846125138
33.847834446
33.850418146
33.852943725
33.854708446
33.857230519
33.858258626
33.861957525
33.863526691
33.864799217
33.866833000
33.869159725
33.870053867
33.872609241
33.875642055
33.878154759
33.879859336
33.882099252
33.883507653
33.884677253
33.887515991
33.890303210
33.891694483
33.892799721
33.895359518
33.898369175
33.900723256
33.901952148
33.904672499
33.906734844
33.907816808
33.909542604
33.911543995
33.913776599
33.916704406
33.919483153
33.920540256
33.922379273
33.924910857
33.926466852
33.929421466
33.930451422
33.931983393
33.935329789
33.935992008
33.938242645
33.942561026
33.943498873
33.945668007
33.947078257
33.948567451
33.951161562
33.952722420
33.955502982
33.956794055
33.960083535
33.961631903
33.963784627
33.965853248
33.967498040
33.970457533
33.971931099
33.973399068
33.975077964
33.976593590
33.980860643
33.982403150
33.984492679
33.986569908
33.988236141
33.990228439
33.991420001
33.994047241
33.996825985
33.997897322
33.999890521
34.003051765
34.004125802
34.007456183
34.009341982
34.010892982
34.011957616
34.014753790
34.016256678
34.017983112
34.020621450
34.023758299
34.026223173
34.027124024
34.028246012
34.030992584
34.034197888
34.034496131
34.037157454
34.038857296
34.040532679
34.043487745
34.045730159
34.048360030
34.049780351
34.051820393
34.053832348
34.054972877
34.056622946
34.059408533
34.062152708
34.064105434
34.065493741
34.068769200
34.069790757
34.072178935
34.073788200
34.076564220
34.077860848
34.079719314
34.081140023
34.083604453
34.087492679
34.089023861
34.090481714
34.092592126
34.094327365
34.095467270
34.099174279
34.099918274
34.101797258
34.104896924
34.107178635
34.108424206
34.110631835
34.113531848
34.115639305
34.116473515
34.118665646
34.119704817
34.122965298
34.124058029
34.128156426
34.129292539
34.131758736
34.132968431
34.135395357
34.136453238
34.139213037
34.141494978
34.143149727
34.144814304
34.146577664
34.150147128
34.152142821
34.154150316
34.155189077
34.157829986
34.159498482
34.161375312
34.162071133
34.165866959
34.168101424
34.170298262
34.172283022
34.173446352
34.175724039
34.178528121
34.179855926
34.181939882
34.183334451
34.185369623
34.187720440
34.190442166
34.192344104
34.195839352
34.196613657
34.197184479
34.199915778
34.201687562
34.204238569
34.206580140
34.207548945
34.211006539
34.212725863
34.214408834
34.216695844
34.218933391
34.220747770
34.222359157
34.224528939
34.225839610
34.227299703
34.231909237
34.233467832
34.235031080
34.236588324
34.239043777
34.240810516
34.242321712
34.244667625
34.246917955
34.248671007
34.251071496
34.252461710
34.255818227
34.257568863
34.259394356
34.261793473
34.262488288
34.264385051
34.266684164
34.268915577
34.271063631
34.274264732
34.275621492
34.277852129
34.279184833
34.280479184
34.284186694
34.285682386
34.287094302
34.288325700
34.291231858
34.293580221
34.296180475
34.298527894
34.299441355
34.302306072
34.303203777
34.305006123
34.307155345
34.309184824
34.312080916
34.314279654
34.315830944
34.317594830
34.320175686
34.322496503
34.323874461
34.325337424
34.328158159
34.329779573
34.330519637
34.333731341
34.337304300
34.338691071
34.340223257
34.342191888
34.343479472
34.345879828
34.347936640
34.350053953
34.352193069
34.353340038
34.357090606
34.358598331
34.359647264
34.363334614
34.364329424
34.366879732
34.367556967
34.369387751
34.371431355
34.375015951
34.376524569
34.379098997
34.380788485
34.382823695
34.383744832
34.386549037
34.388462542
34.390282701
34.392592034
34.393909207
34.396167355
34.398766624
34.402047002
34.402836186
34.404837542
34.406070586
34.408670492
34.410253497
34.411989342
34.414119016
34.417793260
34.419184376
34.420788335
34.422504561
34.425066533
34.426768125
34.429595631
34.430410656
34.432007649
34.434391579
34.436251073
34.439827851
34.441296873
34.443269299
34.445554668
34.447041279
34.448491978
34.449632457
34.453776118
34.454557098
34.456610189
34.459303692
34.461111491
34.463583128
34.465130512
34.467169373
34.469610479
34.470920750
34.472312673
34.474815316
34.475901601
34.479838172
34.482291395
34.483576463
34.485171865
34.486472118
34.489593818
34.490823218
34.493408153
34.494357802
34.497121220
34.499449799
34.500911952
34.503455981
34.506121591
34.508315253
34.508725947
34.510865369
34.513221817
34.514118415
34.516940511
34.520081395
34.521194937
34.524055556
34.525815384
34.526915481
34.529236526
34.531238328
34.533736582
34.535338566
34.537270010
34.537563770
34.542097543
34.544145467
34.545703986
34.547832599
34.549600883
34.551104753
34.553106348
34.554601670
34.557193624
34.559470819
34.561879100
34.563746126
34.565566120
34.567014424
34.570381884
34.572173206
34.572606086
34.575245037
34.576715770
34.579369180
34.580680938
34.584415791
34.586879069
34.587246127
34.589788767
34.590874565
34.592875877
34.596054679
34.596945035
34.599297272
34.601153119
34.603786694
34.605527512
34.608490046
34.609329689
34.611652820
34.614041071
34.615502226
34.616275238
34.618443969
34.621592265
34.624917358
34.625629410
34.627169512
34.630342088
34.631142249
34.633128590
34.635615051
34.637474716
34.639257000
34.640827077
34.643433426
34.645419627
34.648548388
34.650053153
34.651974881
34.653157492
34.654836232
34.656988896
34.659405131
34.660987829
34.663408798
34.666794727
34.667582002
34.669217167
34.671068119
34.674122991
34.676083828
34.676711304
34.679318452
34.680514657
34.682726277
34.686490314
34.687684684
34.690277201
34.691402176
34.693464563
34.695147729
34.697148871
34.698362128
34.702145171
34.703114828
34.705236778
34.707354001
34.709827670
34.711871751
34.713540153
34.715604185
34.716867070
34.719468810
34.720649911
34.722004323
34.726155093
34.727769846
34.730158017
34.731745643
34.732614051
34.734921191
34.737263383
34.739955599
34.740598959
34.742357079
34.745339551
34.747571795
34.749184373
34.751641472
34.754051735
34.755465655
34.757274170
34.757944676
34.760605304
34.762788916
34.765243826
34.767670290
34.769996206
34.770602907
34.773528615
34.774981565
34.776929337
34.779129870
34.781274365
34.782328764
34.784674834
34.786084233
34.790428483
34.791843888
34.793094409
34.794545090
34.797555573
34.798274147
34.800232477
34.802790255
34.804478664
34.807627139
34.808866797
34.811337411
34.812379257
34.815421823
34.817067268
34.819170474
34.820673776
34.821616357
34.824062542
34.826797284
34.829152803
34.831282901
34.833461448
34.835074834
34.836477624
34.837594188
34.840800648
34.842682756
34.844508860
34.846030740
34.848413978
34.851493077
34.852182242
34.855516601
34.856782241
34.858146216
34.860452994
34.862387235
34.863327278
34.865556714
34.869754392
34.870872499
34.872477571
34.874488779
34.875857619
34.878803560
34.880607349
34.881415076
34.884293279
34.886126220
34.887383415
34.890425099
34.892778079
34.894859452
34.896804890
34.897995172
34.899878839
34.901224075
34.903554750
34.906222644
34.907863596
34.910161709
34.912581207
34.914522154
34.915586227
34.917663869
34.920512317
34.922261787
34.923430320
34.924883410
34.926958816
34.930075985
34.932781893
34.934308769
34.935802743
34.937940847
34.939353769
34.941395673
34.943041674
34.945920368
34.946801419
34.950407750
34.951600694
34.952782631
34.956448485
34.958121428
34.959352155
34.961510907
34.962641849
34.965397834
34.966326627
34.968916106
34.972270887
34.974091779
34.975720844
34.976682568
34.979580673
34.980291650
34.983488181
34.985269099
34.986803372
34.988030512
34.991252671
34.993358744
34.996140679
34.996388486
34.999969351
35.000774791
35.002575183
35.004127523
35.005680393
35.009396470
35.010898548
35.013109894
35.015063600
35.016876907
35.018340881
35.020991493
35.022738666
35.024254051
35.026171503
35.028556343
35.029324896
35.032737220
35.035366307
35.037269226
35.038879745
35.039677036
35.041628414
35.044545576
35.045822556
35.047548720
35.050385775
35.052426439
35.054780890
35.055737677
35.058066166
35.060693439
35.062441503
35.063515786
35.065907678
35.066891767
35.068915689
35.072565078
35.074910678
35.075516473
35.078222160
35.080011843
35.081609485
35.082590415
35.085731677
35.087604039
35.089746981
35.090573183
35.093639148
35.095813609
35.098022785
35.100063578
35.100944195
35.103731666
35.104805586
35.106217172
35.109017814
35.110575980
35.114249075
35.115856830
35.117177534
35.118579227
35.120753894
35.123376539
35.125184882
35.126644068
35.127894274
35.130551988
35.132971582
35.134499382
35.137725049
35.139565680
35.140342706
35.142765209
35.144221017
35.145398661
35.148385725
35.150358285
35.152674772
35.154624722
35.156381005
35.158724400
35.160287180
35.162379297
35.163918681
35.166808089
35.167535090
35.169230837
35.170865568
35.175455527
35.176296595
35.178214049
35.180312869
35.181331861
35.183843570
35.185109161
35.187725123
35.189234266
35.191552654
35.193654825
35.196044369
35.197227468
35.199627968
35.202571063
35.203769282
35.204570888
35.206416935
35.209218573
35.210243684
35.213614304
35.215474261
35.217914190
35.219762990
35.220407870
35.222346584
35.225189778
35.226790889
35.228935913
35.230089101
35.232445432
35.234276027
35.238030628
35.238626040
35.241034017
35.242457616
35.244492545
35.246313938
35.247699426
35.249171776
35.252844897
35.254833146
35.256707225
35.257766132
35.260251993
35.262492809
35.263841831
35.266144670
35.267855560
35.269246049
35.271209299
35.273551356
35.276045615
35.278864868
35.279922667
35.282133040
35.283200422
35.284779701
35.286863105
35.290219517
35.290739677
35.292621714
35.296554139
35.297044759
35.299041301
35.301326440
35.303540117
35.305276808
35.306955785
35.308413672
35.309713747
35.312427628
35.315347425
35.318117257
35.318664187
35.320388450
35.322962383
35.324103010
35.326547524
35.327775501
35.330445710
35.332425783
35.333864399
35.336042912
35.338573143
35.341404631
35.342133086
35.343870254
35.345835888
35.347545191
35.349354671
35.350987717
35.354077739
35.356493547
35.357909790
35.360159883
35.361700550
35.362437502
35.366263291
35.367664410
35.368686665
35.371272940
35.371880585
35.375788175
35.377589183
35.379336686
35.381579069
35.383822118
35.384466055
35.386042674
35.388260417
35.390574466
35.392578727
35.395384653
35.396311805
35.399052992
35.400253527
35.402866053
35.404821502
35.406041007
35.407945535
35.410060042
35.411844808
35.412793994
35.416955863
35.419263337
35.420307677
35.421434249
35.423669489
35.425593510
35.427435518
35.429534045
35.431327553
35.433137531
35.435989576
35.437350040
35.439432208
35.441964973
35.443322512
35.445847044
35.446804820
35.448685932
35.449486647
35.452979280
35.455490648
35.456927546
35.459524805
35.460983808
35.462439943
35.464714405
35.465676947
35.469278114
35.470396283
35.471290837
35.473980266
35.476185621
35.478707250
35.481135799
35.482251194
35.484011589
35.485499515
35.487782887
35.489223177
35.491052826
35.493549238
35.496609416
35.498035306
35.499539044
35.500720532
35.504142280
35.505397078
35.507609570
35.508325386
35.510809919
35.512606121
35.514369975
35.518245327
35.518877323
35.521508661
35.523161527
35.524315353
35.526048765
35.527939422
35.530536796
35.532502080
35.534239688
35.535975592
35.538869562
35.540794802
35.541669203
35.544420168
35.546323525
35.547764366
35.549449355
35.550726479
35.552932176
35.557008751
35.557832779
35.559874926
35.561688756
35.563187810
35.564795163
35.567636999
35.569019815
35.570405070
35.572976156
35.575000303
35.576946572
35.578651866
35.582149266
35.582910944
35.585066571
35.585659421
35.588191104
35.589734351
35.592214019
35.593942753
35.597396399
35.598308746
35.600311034
35.601959170
35.603684851
35.606067131
35.607782898
35.610024821
35.611480935
35.612005412
35.615742567
35.618250340
35.620190777
35.621435588
35.623042147
35.625999506
35.626659576
35.627666605
35.630779528
35.633249278
35.634686399
35.637400622
35.638496187
35.640630150
35.642948219
35.644899862
35.646394331
35.647900723
35.650057329
35.651203181
35.653921002
35.656094839
35.659210095
35.660462031
35.662057493
35.663245859
35.664929962
35.667903838
35.669503301
35.671050992
35.672817284
35.675679385
35.677339850
35.679309143
35.681462304
35.683396499
35.685472357
35.686386404
35.688312833
35.690200672
35.691416257
35.695833762
35.696786666
35.698506614
35.700376539
35.702746342
35.703795635
35.705911440
35.707998870
35.709775522
35.711934865
35.713082571
35.715151571
35.718893205
35.719887267
35.721783597
35.723981683
35.724851174
35.726541391
35.729007823
35.730522887
35.732924576
35.735086077
35.737928718
35.738869653
35.740377781
35.742362823
35.745215584
35.746855277
35.748383242
35.749000079
35.751763059
35.753902202
35.756636552
35.758547167
35.760553039
35.762273019
35.763229519
35.765789851
35.766606442
35.769366213
35.771666830
35.773008918
35.775557278
35.777062110
35.779227220
35.782086381
35.783195326
35.784125542
35.787407706
35.788143139
35.790120366
35.791217956
35.795100647
35.797333530
35.799000824
35.799906465
35.801954085
35.803967394
35.805832827
35.807799869
35.810077116
35.810775114
35.813304838
35.816196087
35.817312776
35.819658183
35.822383555
35.823276465
35.825007221
35.826679285
35.827597785
35.831107651
35.832477081
35.835233837
35.836814291
35.839278440
35.840424196
35.841803893
35.844531923
35.846545149
35.847692239
35.849813909
35.851429489
35.852938046
35.856567214
35.858749497
35.859964806
35.861236533
35.863507973
35.864953901
35.866986842
35.868717523
35.870364319
35.873848770
35.875284623
35.876248664
35.879205835
35.880457512
35.883700716
35.884020773
35.886380747
35.887566687
35.889727497
35.891293387
35.894425011
35.896830721
35.897951935
35.900460956
35.901869274
35.902761535
35.904752823
35.907942959
35.909333875
35.910548523
35.912604440
35.915623396
35.917086545
35.919216134
35.920997034
35.923148182
35.924435228
35.926260516
35.927602177
35.929339399
35.932367303
35.934849039
35.936788123
35.938193329
35.939122203
35.941958447
35.944169434
35.945023997
35.947273154
35.949195225
35.950825271
35.953090134
35.954809038
35.958300306
35.959450844
35.961099941
35.962280570
35.964217529
35.966558979
35.967323538
35.970891469
35.971793541
35.974634152
35.976900849
35.977582280
35.979988138
35.981690625
35.983994375
35.986145623
35.986960728
35.988381265
35.990389398
35.994157025
35.995748725
35.997109353
35.999412465
36.001142975
36.002306678
36.004006067
36.006316476
36.008341513
36.010283692
36.012193101
36.014636671
36.015567454
36.018744947
36.020086369
36.022462775
36.023355936
36.024658702
36.027581160
36.028664301
36.030495441
36.034367536
36.035883296
36.037023615
36.039113340
36.040062250
36.042565901
36.045304976
36.045964153
36.047829842
36.050117676
36.051849312
36.054482232
36.056615649
36.058179761
36.060018647
36.062062827
36.063770116
36.064223084
36.066522894
36.069311028
36.071956782
36.073104129
36.075116416
36.077217903
36.079097923
36.080219388
36.082931279
36.084230373
36.086783392
36.087354904
36.089288738
36.092289428
36.094565921
36.096963244
36.098311472
36.099006722
36.101430724
36.102992604
36.105102939
36.107367836
36.108315909
36.111583223
36.113474470
36.115348196
36.115670751
36.119717045
36.120996438
36.121969360
36.124133291
36.125730762
36.127047965
36.130026592
36.132592499
36.134283301
36.136500192
36.137231137
36.139626688
36.141022574
36.142658452
36.145335079
36.147174009
36.148673881
36.150191512
36.153105331
36.155403105
36.156839544
36.158667001
36.160132204
36.162650524
36.163354188
36.165183012
36.167159445
36.170495348
36.172365556
36.173829016
36.175652965
36.177087809
36.178941606
36.181791780
36.182974191
36.184587098
36.185786853
36.189202546
36.189914008
36.193151946
36.194755501
36.197133485
36.198540763
36.199640171
36.200890618
36.203607189
36.205729800
36.207158405
36.209952344
36.211706638
36.213459511
36.215188203
36.217450050
36.218685615
36.221397116
36.222426102
36.224247526
36.225887489
36.227320435
36.231793000
36.232841608
36.233996635
36.235991663
36.237895055
36.239577157
36.241318178
36.242803598
36.246040364
36.246532063
36.249617774
36.250911100
36.252998254
36.255377663
36.257321669
36.258714620
36.260229488
36.261885705
36.263415554
36.265772779
36.268428646
36.270005174
36.273203352
36.273766318
36.275419307
36.276681842
36.279532994
36.281466091
36.283065083
36.284612186
36.285922689
36.289426310
36.290639002
36.293179638
36.295171453
36.296190430
36.298164450
36.299836938
36.301703625
36.302568711
36.305948228
36.308259675
36.310298778
36.310834610
36.313374103
36.315335060
36.317519016
36.318699301
36.320363747
36.322864896
36.324051342
36.325479642
36.328708665
36.331268913
36.332777636
36.333838848
36.336257993
36.337094896
36.338833473
36.341892809
36.343046203
36.344839843
36.347488447
36.349267693
36.351633779
36.352279563
36.354804824
36.357529559
36.358447792
36.359669466
36.361215992
36.363436745
36.366197080
36.368647982
36.370318665
36.371556074
36.373769082
36.375438779
36.376328781
36.379677375
36.380356606
36.382672563
36.384868091
36.386316320
36.388312066
36.391411413
36.392940570
36.394203815
36.395644261
36.397699673
36.399602571
36.400873890
36.402885136
36.406043738
36.408384517
36.409054631
36.411289653
36.412294386
36.415257215
36.416452064
36.419098373
36.419805100
36.421630669
36.423487120
36.426904814
36.428068350
36.430227978
36.432271717
36.433947839
36.434967098
36.436847267
36.438156201
36.441293805
36.443512671
36.444079102
36.447380960
36.448866555
36.450099635
36.452825307
36.454291939
36.455980254
36.457819885
36.459414039
36.460890371
36.462893905
36.466636409
36.467763044
36.469964002
36.471070295
36.471895880
36.475226801
36.476269974
36.478353986
36.479878056
36.482281900
36.484723752
36.485684042
36.487940646
36.490600449
36.491885300
36.493704265
36.495375081
36.496289180
36.498577164
36.500385200
36.503535371
36.505398178
36.506554484
36.509064219
36.510554233
36.511697729
36.513574121
36.516593544
36.517888810
36.518949394
36.520949802
36.523328588
36.526212634
36.527941508
36.528837179
36.531434652
36.532627613
36.534424603
36.535524668
36.538365591
36.539666418
36.542984009
36.544698956
36.545639112
36.547560078
36.549569445
36.552277747
36.553427854
36.554616477
36.556547940
36.558614400
36.560429064
36.562692086
36.565566230
36.567132019
36.568577078
36.569692260
36.571841822
36.573160151
36.575806569
36.577411352
36.579478654
36.581148781
36.583568816
36.585444537
36.587002564
36.589119152
36.590859311
36.592386872
36.594850544
36.595525534
36.596366730
36.600998144
36.602271759
36.604429941
36.605413440
36.607849912
36.608906930
36.611036397
36.613002766
36.614551962
36.617009669
36.617921507
36.620635791
36.622529334
36.624337145
36.627336449
36.628258589
36.629489245
36.631025674
36.633114782
36.635059169
36.636912905
36.639216398
36.641838385
36.643711404
36.644288282
36.646306295
36.648268440
36.651279510
36.651667130
36.653716322
36.655316671
36.657083994
36.659754361
36.662598503
36.663872760
36.664875667
36.667666685
36.668645940
36.670434462
36.671671445
36.674291732
36.676679256
36.678485628
36.680235247
36.681580803
36.684573677
36.685831298
36.687332887
36.689627392
36.691368023
36.692005597
36.694708782
36.695985927
36.699633946
36.701075474
36.703220527
36.703976058
36.706282196
36.706868173
36.710035009
36.711842526
36.713256251
36.714461520
36.717974868
36.719285200
36.720701070
36.723350967
36.725137815
36.726956097
36.728222197
36.729325875
36.731561245
36.733249024
36.736456776
36.738220053
36.739740104
36.741971456
36.742688439
36.745293611
36.746940122
36.748322590
36.750750189
36.752780433
36.753404831
36.755680446
36.758942053
36.760609600
36.762410757
36.763497972
36.765102745
36.767445434
36.768684064
36.770214851
36.772873075
36.775283849
36.776767303
36.779226343
36.780090804
36.781677994
36.784789998
36.786058988
36.787635333
36.789055594
36.790522883
36.792910611
36.796117454
36.796811543
36.799793554
36.801011375
36.802808037
36.803814096
36.805418100
36.808201264
36.810170661
36.811165353
36.814073909
36.815304981
36.817718657
36.819453698
36.821620818
36.823012506
36.824448729
36.826799719
36.827830308
36.829429737
36.831635311
36.835598283
36.836508507
36.837524249
36.839197911
36.841767585
36.842913844
36.845030368
36.847305173
36.847857493
36.850734224
36.852300709
36.854363239
36.856682294
36.858817782
36.860033844
36.862056794
36.863566059
36.864347003
36.866513815
36.869662950
36.870609184
36.873391677
36.875029382
36.876972513
36.878444246
36.879574173
36.882398377
36.884265016
36.885646037
36.886922217
36.888548615
36.891389160
36.894051109
36.895439466
36.897406338
36.898663493
36.900190363
36.902174589
36.904066435
36.905235398
36.907916681
36.910197843
36.911920744
36.913580077
36.914800902
36.917997821
36.919435434
36.920822251
36.921941318
36.924424670
36.926073033
36.927077772
36.930816768
36.932505373
36.934189527
36.936210498
36.937120807
36.938551552
36.941136573
36.942697787
36.945227220
36.946153735
36.947754275
36.951080064
36.952265578
36.954616452
36.955634384
36.958361428
36.959930905
36.960492185
36.962630503
36.964037777
36.967343193
36.969485581
36.970751508
36.972896765
36.974052427
36.976056747
36.977957739
36.979922745
36.981460386
36.982999735
36.984975279
36.987255122
36.988436416
36.992085046
36.993400195
36.994613850
36.996068790
36.997923754
36.999348592
37.002056706
37.003008397
37.005454869
37.008271249
37.009719368
37.010562441
37.013146473
37.014810612
37.016717269
37.019102601
37.019550941
37.021624686
37.022748762
37.026143771
37.028550110
37.029882268
37.031255923
37.033435117
37.035423104
37.035938166
37.037790561
37.041044896
37.041887061
37.044270362
37.045657757
37.048261541
37.049783057
37.051928728
37.054009662
37.054796229
37.056762930
37.058529574
37.059990866
37.061854507
37.064769158
37.066966691
37.069005664
37.069722621
37.071117800
37.073110699
37.076046630
37.077342133
37.078010286
37.080747364
37.082339862
37.084717126
37.086728542
37.088352846
37.091315610
37.091720580
37.093191220
37.095663933
37.096252121
37.098589678
37.101346666
37.103752892
37.104347405
37.106792824
37.108870456
37.109874416
37.112177022
37.113624666
37.115997933
37.117235391
37.118861692
37.120062441
37.123891903
37.125836947
37.126754261
37.129006864
37.129911954
37.132327271
37.133126611
37.135772291
37.137514995
37.139054033
37.141990344
37.143704221
37.144547548
37.146754871
37.149465541
37.150637886
37.152670491
37.153355350
37.154930615
37.157780982
37.159290434
37.162095515
37.164125621
37.165409411
37.167070297
37.168401398
37.170265945
37.172146792
37.174605297
37.175923497
37.177222736
37.180092915
37.181214621
37.184468655
37.185766590
37.186753506
37.188910933
37.191059060
37.191997161
37.193426052
37.195438454
37.199144062
37.200219222
37.201936327
37.203495404
37.205164183
37.207295799
37.209114989
37.210647742
37.212620061
37.213821030
37.215813676
37.218235535
37.220265405
37.222337191
37.224217441
37.226044479
37.226943809
37.227846001
37.230827739
37.232390292
37.234711313
37.236045346
37.238797893
37.240434872
37.242096311
37.242995057
37.246356012
37.247310097
37.248951105
37.250537544
37.252449700
37.253400002
37.257368782
37.259087867
37.260373104
37.261962714
37.263624559
37.265489296
37.267083977
37.268899840
37.270472645
37.273378272
37.274517044
37.276343060
37.278286759
37.280922427
37.282286620
37.284068396
37.285289177
37.287082819
37.288961689
37.290010664
37.293020575
37.295024341
37.297692482
37.298309208
37.300262907
37.302097349
37.302825074
37.306235505
37.307677192
37.308886638
37.310000467
37.312955741
37.315397840
37.316488848
37.319226906
37.320252657
37.322237030
37.323929608
37.324819409
37.326504691
37.329463289
37.330943290
37.333802473
37.335143014
37.336071437
37.338495930
37.340771338
37.341834740
37.343815268
37.345247928
37.347497397
37.348600561
37.350463346
37.353605008
37.356232511
37.356607735
37.358190425
37.359875522
37.361890835
37.363351810
37.365545811
37.367154268
37.369295390
37.371280171
37.373399822
37.374665045
37.376569763
37.378700523
37.380867399
37.381668285
37.383424600
37.384540290
37.386807353
37.390268693
37.391473193
37.392756399
37.395883060
37.396344098
37.397603382
37.399917403
37.401935794
37.403810981
37.405301128
37.407138734
37.408986564
37.411422681
37.413281007
37.415624944
37.416243078
37.418491764
37.419201759
37.421961146
37.423178460
37.424605855
37.428535579
37.429464157
37.431621677
37.432391668
37.434143947
37.436951458
37.438431420
37.439671784
37.441784507
37.442813288
37.445343468
37.447155097
37.450111115
37.451158256
37.453055380
37.454920360
37.456065740
37.457734216
37.458847591
37.462295385
37.463408794
37.465450352
37.467295064
37.469694715
37.470580067
37.473393468
37.473825892
37.476674652
37.478244862
37.479389458
37.480456668
37.483248782
37.485925760
37.488103351
37.489419662
37.490564149
37.492275185
37.494253032
37.495861453
37.498092846
37.499315061
37.501161230
37.504157886
37.505180130
37.506583083
37.509442122
37.511610742
37.512547824
37.513586698
37.515833946
37.517177141
37.519112778
37.521545772
37.523911211
37.525797858
37.526933775
37.528931796
37.530265299
37.531867945
37.534564938
37.535646632
37.537891456
37.538843285
37.540567934
37.544283310
37.545383768
37.546925871
37.548785950
37.550677221
37.551832806
37.553773401
37.554693358
37.557421340
37.559942437
37.561704721
37.562984719
37.565067618
37.566529875
37.568372937
37.571297773
37.571780833
37.572796519
37.575769502
37.576627068
37.579148308
37.581540414
37.583643594
37.585567421
37.586312297
37.587954646
37.589204193
37.592090315
37.593579076
37.595091293
37.597075663
37.599802164
37.600748279
37.602869488
37.604790982
37.606647280
37.608090297
37.610125830
37.611262927
37.612580921
37.614430640
37.618239889
37.619340145
37.621372776
37.622043806
37.624526139
37.626445676
37.627230685
37.629413797
37.631768570
37.633254721
37.634380744
37.637357844
37.638389597
37.641793825
37.642516303
37.644141343
37.646038397
37.647228273
37.648813793
37.650947692
37.653072166
37.654923918
37.657598735
37.659154800
37.660328763
37.661246569
37.664308350
37.665958103
37.667691453
37.668981573
37.669966437
37.672824479
37.674860915
37.677180592
37.678757947
37.680576517
37.681845190
37.683752205
37.684673959
37.687029435
37.688489468
37.691373731
37.692944278
37.694368663
37.696312655
37.698397465
37.700319185
37.701778807
37.703203728
37.705222677
37.706770378
37.708460142
37.709440233
37.713845936
37.714698445
37.716194860
37.718201223
37.719425929
37.720781717
37.723187660
37.725342660
37.726213204
37.728219308
37.730526114
37.732375837
37.734597386
37.735364973
37.738366326
37.739962364
37.740932953
37.742292481
37.743795850
37.746249998
37.748531040
37.750560701
37.752495907
37.753884674
37.755886069
37.756754257
37.759095083
37.760830598
37.763020550
37.763770492
37.766302242
37.767226249
37.770109098
37.772632337
37.774110324
37.775541041
37.776187164
37.779107351
37.780525169
37.781236891
37.784002920
37.785999411
37.788894749
37.789614351
37.790982071
37.793193694
37.795294427
37.797073895
37.798265028
37.800370724
37.801394326
37.802938521
37.806039501
37.807898778
37.809627176
37.812013121
37.812746844
37.814582520
37.815895519
37.817366164
37.820678625
37.821618381
37.822939953
37.825514646
37.827707645
37.828958228
37.830942242
37.832948191
37.834363890
37.836285708
37.837107779
37.839645633
37.840084815
37.843686082
37.846321090
37.847042513
37.848550314
37.850342250
37.851806370
37.854441072
37.855611195
37.856911817
37.859178585
37.861269786
37.862601878
37.864574955
37.867760824
37.868253350
37.870576414
37.871889257
37.872874454
37.874899773
37.876900648
37.878503630
37.881798844
37.882298643
37.884829355
37.886553917
37.887777720
37.889200371
37.891818776
37.893784193
37.894658222
37.896190457
37.897655625
37.900825714
37.903118513
37.904379105
37.905693374
37.908184377
37.909192915
37.910308890
37.912628405
37.914277614
37.916541917
37.918349702
37.920568645
37.921911274
37.923090022
37.926413973
37.927342253
37.928890075
37.930307945
37.932165983
37.933886633
37.935477101
37.937955000
37.940769226
37.942153698
37.943357793
37.944403687
37.946581484
37.948439844
37.950216142
37.952238189
37.953487651
37.955210794
37.958064331
37.959244214
37.961430668
37.963328563
37.964507433
37.966664824
37.968157494
37.969114897
37.970406525
37.974043839
37.975949148
37.977055998
37.979393986
37.980381849
37.982944671
37.983501026
37.986097530
37.987762346
37.989195263
37.991048847
37.992416673
37.994969514
37.997243553
37.999089066
38.000846016
38.001889645
38.003025826
38.005228976
38.006952985
38.009287078
38.009905739
38.013660307
38.014672522
38.016253346
38.017827919
38.019573273
38.022424198
38.023371824
38.024660454
38.026101021
38.028448862
38.029549192
38.033489569
38.034106351
38.036160508
38.037587763
38.039557665
38.040940449
38.041858514
38.044574990
38.046434266
38.048137451
38.050067388
38.051242122
38.054204190
38.055780413
38.057022478
38.059096255
38.060455751
38.062363245
38.063508238
38.064975684
38.067625145
38.070587327
38.071497709
38.073687163
38.074585146
38.076001822
38.078410460
38.080345893
38.081912514
38.083180534
38.084684171
38.087760339
38.088966879
38.090725586
38.093401012
38.095191072
38.095682259
38.097637135
38.098992190
38.100733702
38.103044969
38.105192511
38.106928936
38.109058406
38.110496876
38.111718981
38.114064639
38.115932328
38.116682341
38.119770162
38.120626035
38.121468489
38.123935077
38.127220643
38.128850765
38.130016207
38.131234863
38.133547103
38.134645068
38.136776299
38.137756478
38.140432867
38.142249178
38.144070827
38.146146350
38.147221360
38.149321368
38.151636714
38.152982549
38.154722622
38.155521317
38.157286279
38.159573858
38.161548441
38.164133774
38.165489314
38.167589094
38.169040006
38.169891215
38.171378806
38.174766298
38.175477613
38.177124871
38.178925821
38.181161444
38.182903180
38.185218240
38.186925598
38.188032031
38.190381030
38.191317071
38.192962079
38.194874310
38.195898059
38.199447182
38.201776072
38.202197029
38.203530174
38.206265304
38.207432735
38.209512080
38.211033605
38.212506181
38.214522756
38.216020635
38.217698350
38.220565597
38.222288440
38.224229022
38.225283458
38.226867221
38.228470506
38.229669546
38.232211939
38.234461489
38.235216755
38.238012016
38.240361874
38.240762182
38.242737127
38.244688453
38.247211116
38.248055596
38.249496657
38.251221572
38.252309215
38.256380117
38.256874229
38.259780892
38.260711262
38.262128405
38.263822973
38.265984650
38.266841748
38.269252830
38.271022338
38.272943956
38.274822251
38.276121985
38.278402771
38.281058222
38.281895713
38.283009047
38.284838675
38.287105713
38.287992501
38.289640419
38.292835253
38.294759280
38.296316254
38.297651721
38.299051479
38.300803596
38.302737007
38.305063311
38.306091003
38.307594235
38.309231630
38.311858999
38.313999476
38.315494640
38.316994109
38.319327109
38.320627104
38.321933335
38.322597400
38.325521831
38.327441248
38.329672437
38.331342941
38.332714246
38.335118492
38.335844105
38.338340308
38.339752894
38.341859849
38.342625623
38.344686150
38.346547492
38.347973036
38.351760459
38.352822418
38.353709454
38.355989915
38.356557234
38.358983896
38.360809318
38.362440465
38.363756017
38.366807910
38.368006766
38.369926164
38.371103322
38.373854690
38.375241811
38.376682039
38.378654886
38.379538147
38.380961782
38.383389527
38.386373509
38.387646246
38.389089408
38.391381115
38.392524115
38.393880442
38.395562359
38.397665052
38.399935711
38.401444816
38.401788755
38.405143959
38.406873608
38.408786817
38.410482749
38.412435853
38.412842127
38.415460540
38.416521845
38.417982878
38.420436805
38.422795121
38.425001468
38.426092919
38.427761255
38.428439512
38.432024147
38.432795150
38.434591468
38.435617183
38.437995114
38.439406206
38.441762343
38.443706603
38.446034544
38.447330491
38.448846483
38.449822367
38.451966063
38.453116514
38.455636711
38.457486619
38.459187328
38.461319228
38.462506467
38.465259297
38.465937218
38.467737307
38.470332583
38.471070225
38.473384035
38.473722648
38.475776759
38.479481635
38.480916587
38.482142531
38.483675998
38.485526820
38.487393288
38.487951753
38.491023199
38.492181254
38.493580833
38.496403546
38.497818946
38.499110940
38.501698064
38.503392797
38.505258629
38.506726057
38.507038446
38.509391144
38.511477106
38.513044300
38.515435494
38.517830166
38.519416232
38.519985644
38.522200963
38.523416167
38.525943637
38.527651231
38.528722396
38.530644886
38.531964318
38.534610225
38.536831021
38.538664394
38.539618563
38.541405012
38.543358862
38.544621594
38.545988470
38.547408228
38.550823120
38.552226415
38.553687598
38.555638438
38.557013547
38.559009663
38.561275494
38.561921272
38.563977403
38.565975524
38.566658981
38.568794872
38.571579723
38.573242565
38.575431687
38.576867369
38.577928875
38.579062829
38.581110110
38.583851879
38.584418098
38.586755052
38.588145978
38.591350716
38.592064128
38.593283257
38.596162209
38.597640178
38.599101280
38.600480663
38.601904281
38.603410762
38.605624027
38.608765570
38.610048384
38.611253027
38.613009017
38.614922389
38.616064949
38.618270902
38.619366558
38.621988984
38.622998242
38.625307328
38.626194593
38.629275483
38.631408605
38.632332231
38.633535358
38.635981551
38.636831553
38.638369746
38.640580076
38.642193223
38.645030010
38.646684318
38.647882563
38.649732700
38.650906739
38.652895047
38.655500714
38.656616211
38.657589205
38.658981731
38.661779086
38.663677863
38.665812620
38.667229050
38.669395638
38.670495260
38.671970133
38.673197750
38.675027323
38.678031399
38.678435175
38.681314644
38.682869546
38.684186617
38.686409842
38.688067407
38.690310202
38.690627297
38.692952852
38.694723998
38.696078208
38.697045424
38.701000991
38.702435956
38.704138840
38.705147481
38.706405398
38.708749357
38.710487532
38.711635972
38.714007364
38.715197137
38.717485927
38.719099680
38.721450015
38.722355327
38.725036504
38.726572261
38.727731020
38.728876553
38.730997313
38.731842142
38.735467516
38.736572522
38.738401563
38.740736000
38.741901895
38.743143024
38.744661209
38.747255642
38.748632260
38.750392518
38.751399170
38.753338645
38.755711196
38.758071873
38.759631196
38.761095774
38.762551893
38.763873339
38.765857263
38.767269291
38.768924659
38.770895146
38.774102342
38.774785992
38.776375511
38.777684052
38.780489089
38.781806354
38.783380409
38.784906400
38.786179517
38.788194893
38.789758208
38.792135617
38.794887640
38.795864391
38.797064670
38.799689957
38.800089367
38.801391208
38.804217506
38.806093606
38.807332174
38.808893901
38.811558669
38.812941714
38.814906564
38.816386017
38.817968056
38.820265072
38.821625999
38.822056516
38.824010023
38.826459492
38.829196052
38.830787651
38.831962469
38.833742562
38.835037386
38.836842488
38.838990226
38.840363441
38.841651050
38.844028201
38.845320167
38.847779146
38.848743031
38.852010409
38.853271350
38.854196096
38.855805487
38.857087548
38.859709842
38.860329729
38.862846855
38.865344059
38.866636950
38.868911441
38.869689318
38.871267206
38.873519784
38.875420599
38.876596566
38.878547915
38.879777637
38.880791376
38.884641270
38.886260082
38.887038871
38.889416744
38.890702800
38.892405744
38.893602623
38.895013133
38.897457853
38.899581465
38.900959949
38.902905434
38.904550579
38.906337780
38.908116424
38.910229693
38.911253844
38.912823872
38.914194083
38.916399376
38.917458029
38.920297484
38.922562898
38.924342692
38.925351857
38.926241390
38.928362869
38.930136367
38.932504139
38.933758576
38.934434855
38.937610393
38.939188062
38.940459550
38.943323071
38.944099133
38.946445891
38.947411885
38.949353085
38.950273177
38.951749623
38.954639122
38.956797997
38.958818388
38.959272734
38.961514671
38.963446800
38.964859091
38.965905538
38.968681738
38.970045819
38.971102818
38.972966877
38.974906250
38.978169888
38.978700685
38.981327608
38.981524367
38.983768497
38.985096613
38.986672165
38.988871226
38.990364787
38.992504780
38.995028529
38.996001908
38.997403763
38.998853592
39.001947021
39.003068413
39.003937894
39.005753209
39.007164979
39.009264178
39.011608894
39.013790989
39.015057564
39.017134356
39.018550162
39.019039056
39.021495622
39.023113525
39.024830753
39.027116479
39.028438933
39.029904897
39.032419747
39.034006151
39.035916134
39.037420067
39.038433490
39.040798762
39.042056247
39.043248522
39.044735114
39.048583779
39.049793335
39.051016505
39.052661365
39.054593152
39.055346436
39.058268523
39.059228416
39.061043027
39.062569042
39.064122672
39.067022729
39.067773397
39.070329003
39.072087450
39.073704800
39.074917113
39.076306999
39.077183861
39.080191940
39.081729195
39.083423446
39.085927227
39.087373648
39.088679773
39.090320935
39.092056220
39.094058244
39.095628353
39.097290788
39.098206867
39.100072316
39.102253184
39.105082893
39.107063150
39.107355833
39.108828750
39.111348876
39.112489611
39.113792853
39.115759544
39.117774874
39.119814581
39.122026852
39.122464396
39.124656475
39.127331747
39.128121491
39.129986892
39.131653963
39.132537855
39.134742889
39.135785671
39.139135135
39.140255417
39.142751764
39.143799066
39.145595643
39.146362318
39.148124707
39.150741141
