x, y0, y1, y2, y3, y4, y5, y6, y7, y8, y9, y10, y11, y12, y13, y14, y15, y16
0.002004, -0.09785713, 0.5, 0.08328283, 0.01128713, -0.02242647, -0.03786764, -0.04733009, -0.05504855, -0.05951924, -0.06201924, -0.06526698, -0.06723557, -0.06973556, -0.07223556, -0.07223556, -0.07473557, -0.07473557
0.004008, -0.09619047, 0.5, 0.08452021, 0.01267327, -0.02088236, -0.03632353, -0.04580097, -0.05351943, -0.05800482, -0.06050482, -0.06373785, -0.06572114, -0.06822114, -0.07072113, -0.07072113, -0.07322115, -0.07322115
0.008016, -0.09285713, 0.5, 0.08699495, 0.01544554, -0.01779412, -0.03323529, -0.04274271, -0.05046117, -0.05497597, -0.05747597, -0.0606796, -0.0626923, -0.0651923, -0.06769229, -0.06769229, -0.0701923, -0.0701923
0.012024, -0.0895238, 0.5, 0.0894697, 0.01821782, -0.01470589, -0.03014706, -0.03968446, -0.04740292, -0.05194712, -0.05444713, -0.05762135, -0.05966345, -0.06216345, -0.06466345, -0.06466345, -0.06716346, -0.06716346
0.016032, -0.08619047, 0.5, 0.09194445, 0.0209901, -0.01161765, -0.02705882, -0.03662621, -0.04434467, -0.04891828, -0.05141828, -0.0545631, -0.0566346, -0.0591346, -0.0616346, -0.0616346, -0.06413461, -0.06413461
0.02004, -0.08285713, 0.5, 0.0944192, 0.02376238, -0.008529413, -0.02397059, -0.03356795, -0.04128642, -0.04588943, -0.04838943, -0.05150485, -0.05360576, -0.05610576, -0.05860575, -0.05860575, -0.06110577, -0.06110577
0.024048, -0.0795238, 0.5, 0.09689394, 0.02653465, -0.005441179, -0.02088235, -0.0305097, -0.03822816, -0.04286058, -0.04536058, -0.0484466, -0.05057691, -0.05307691, -0.05557691, -0.05557691, -0.05807692, -0.05807692
0.028056, -0.07619046, 0.5, 0.09936869, 0.02930693, -0.002352943, -0.01779412, -0.02745145, -0.03516991, -0.03983174, -0.04233174, -0.04538834, -0.04754807, -0.05004806, -0.05254806, -0.05254806, -0.05504807, -0.05504807
0.032064, -0.07285713, 0.5, 0.1018434, 0.0320792, 0.0007352913, -0.01470588, -0.0243932, -0.03211166, -0.03680289, -0.03930289, -0.04233009, -0.04451922, -0.04701922, -0.04951922, -0.04951922, -0.05201923, -0.05201923
0.036072, -0.0695238, 0.5, 0.1043182, 0.03485148, 0.003823529, -0.01161764, -0.02133495, -0.0290534, -0.03377404, -0.03627405, -0.03927184, -0.04149038, -0.04399037, -0.04649037, -0.04649037, -0.04899038, -0.04899038
0.04008, -0.06619047, 0.5, 0.1067929, 0.03762376, 0.006911763, -0.008529409, -0.0182767, -0.02599515, -0.0307452, -0.0332452, -0.03621359, -0.03846153, -0.04096153, -0.04346153, -0.04346153, -0.04596154, -0.04596154
0.044088, -0.06285714, 0.5, 0.1092677, 0.04039604, 0.009999998, -0.005441175, -0.01521844, -0.0229369, -0.02771635, -0.03021635, -0.03315534, -0.03543269, -0.03793268, -0.04043268, -0.04043268, -0.04293269, -0.04293269
0.048096, -0.0595238, 0.5, 0.1117424, 0.04316831, 0.01308823, -0.00235294, -0.01216019, -0.01987865, -0.02468751, -0.02718751, -0.03009709, -0.03240384, -0.03490384, -0.03740384, -0.03740384, -0.03990385, -0.03990385
0.052104, -0.05619047, 0.5, 0.1142172, 0.04594059, 0.01617647, 0.0007352969, -0.009101938, -0.01682039, -0.02165866, -0.02415866, -0.02703883, -0.02937499, -0.03187499, -0.03437499, -0.03437499, -0.036875, -0.036875
0.056112, -0.05285713, 0.5, 0.1166919, 0.04871287, 0.0192647, 0.003823531, -0.006043687, -0.01376214, -0.01862981, -0.02112981, -0.02398058, -0.02634615, -0.02884615, -0.03134615, -0.03134615, -0.03384615, -0.03384615
0.06012, -0.0495238, 0.5, 0.1191667, 0.05148515, 0.02235294, 0.006911765, -0.002985436, -0.01070389, -0.01560097, -0.01810097, -0.02092233, -0.02331731, -0.0258173, -0.0283173, -0.0283173, -0.03081731, -0.03081731
0.064128, -0.04619047, 0.5, 0.1216414, 0.05425742, 0.02544117, 0.01, 7.281568E-05, -0.007645635, -0.01257212, -0.01507212, -0.01786408, -0.02028846, -0.02278846, -0.02528846, -0.02528846, -0.02778846, -0.02778846
0.068136, -0.04285714, 0.5, 0.1241162, 0.0570297, 0.02852941, 0.01308824, 0.00313107, -0.004587381, -0.009543272, -0.01204327, -0.01480582, -0.01725961, -0.01975961, -0.02225961, -0.02225961, -0.02475962, -0.02475962
0.06956743, -0.04166666, 0.5, 0.125, 0.0580198, 0.02963235, 0.01419118, 0.004223302, -0.003495148, -0.008461541, -0.01096154, -0.01371359, -0.01617788, -0.01867788, -0.02117788, -0.02117788, -0.02367789, -0.02367789
0.072144, -0.0395238, 0.5, 0.1275, 0.05980198, 0.03161765, 0.01617647, 0.006189324, -0.001529126, -0.006514424, -0.009014425, -0.01174757, -0.01423077, -0.01673076, -0.01923076, -0.01923076, -0.02173077, -0.02173077
0.07243028, -0.03928571, 0.5, 0.1275, 0.06, 0.03183823, 0.01639706, 0.006407767, -0.001310683, -0.006298081, -0.008798082, -0.01152913, -0.01401442, -0.01651442, -0.01901442, -0.01901442, -0.02151443, -0.02151443
0.07328914, -0.03857142, 0.5, 0.1275, 0.06075, 0.0325, 0.01705883, 0.007063108, -0.0006553418, -0.005649041, -0.008149043, -0.01087379, -0.01336538, -0.01586538, -0.01836538, -0.01836538, -0.02086539, -0.02086539
0.07386171, -0.03809524, 0.5, 0.1275, 0.06125, 0.033, 0.0175, 0.007499999, -0.0002184499, -0.005216351, -0.007716352, -0.01043689, -0.01293269, -0.01543269, -0.01793269, -0.01793269, -0.0204327, -0.0204327
0.074148, -0.03785714, 0.5, 0.1275, 0.0615, 0.03325, 0.01777778, 0.007750004, -7.450581E-10, -0.005000001, -0.007500001, -0.01021844, -0.01271634, -0.01521634, -0.01771634, -0.01771634, -0.02021635, -0.02021635
0.07443428, -0.03761905, 0.5, 0.1275, 0.06175, 0.0335, 0.01805555, 0.007999999, 0.0002499937, -0.004750005, -0.007250007, -0.01, -0.0125, -0.015, -0.0175, -0.0175, -0.02, -0.02
0.07500686, -0.03714285, 0.5, 0.1275, 0.06225, 0.034, 0.01861111, 0.008500005, 0.0007499988, -0.004249999, -0.006750002, -0.01, -0.0125, -0.0145, -0.01699999, -0.0175, -0.01949999, -0.02
0.07529314, -0.03690476, 0.5, 0.12775, 0.0625, 0.03425, 0.01888889, 0.008750001, 0.0009999949, -0.004000003, -0.006500005, -0.01, -0.0125, -0.01425, -0.01675, -0.0175, -0.01925, -0.02
0.076152, -0.03619047, 0.5, 0.1285, 0.06325, 0.035, 0.01972222, 0.009500002, 0.001749996, -0.003250002, -0.005750004, -0.01, -0.0125, -0.0135, -0.016, -0.0175, -0.0185, -0.02
0.07643829, -0.03595237, 0.5, 0.12875, 0.0635, 0.03525, 0.02, 0.009750005, 0.001999999, -0.002999999, -0.005500001, -0.01, -0.0125, -0.01325, -0.01575, -0.0175, -0.01825, -0.02
0.07672457, -0.03571428, 0.5, 0.129, 0.06375, 0.0355, 0.02024999, 0.009999999, 0.002249995, -0.002750003, -0.005250006, -0.01, -0.0125, -0.013, -0.0155, -0.0175, -0.018, -0.02
0.07701086, -0.03547619, 0.5, 0.12925, 0.064, 0.03575, 0.0205, 0.01025, 0.002499999, -0.002500001, -0.005000001, -0.01, -0.0125, -0.01275, -0.01525, -0.0175, -0.01775, -0.02
0.07729714, -0.03523809, 0.5, 0.1295, 0.06425, 0.036, 0.02075, 0.0105, 0.002750005, -0.002249995, -0.005000001, -0.01, -0.0125, -0.0125, -0.015, -0.0175, -0.0175, -0.02
0.07758342, -0.035, 0.5, 0.12975, 0.0645, 0.03625, 0.021, 0.01075, 0.003000001, -0.001999999, -0.005000001, -0.009750004, -0.01225, -0.0125, -0.01475001, -0.01725, -0.01725, -0.01975
0.07786971, -0.03475, 0.5, 0.13, 0.06475, 0.0365, 0.02125, 0.011, 0.003250003, -0.001749996, -0.005000001, -0.009500001, -0.012, -0.0125, -0.0145, -0.017, -0.017, -0.0195
0.07815599, -0.0345, 0.5, 0.1302778, 0.065, 0.03675, 0.0215, 0.01125, 0.0035, -0.0015, -0.005000001, -0.009250005, -0.01175, -0.0125, -0.01425001, -0.01675, -0.01675, -0.01925
0.07901485, -0.03375, 0.5, 0.1311111, 0.065, 0.0375, 0.02225, 0.012, 0.004250001, -0.0007499991, -0.005000001, -0.008500003, -0.011, -0.0125, -0.01350001, -0.016, -0.016, -0.0185
0.07930114, -0.0335, 0.5, 0.1313889, 0.065, 0.03775, 0.0225, 0.01225, 0.004500004, -0.0004999965, -0.005000001, -0.008250001, -0.01075, -0.0125, -0.01325, -0.01575, -0.01575, -0.01825
0.07958743, -0.03324999, 0.5, 0.1316667, 0.065, 0.038, 0.0225, 0.0125, 0.004750006, -0.0002499939, -0.005000001, -0.007999999, -0.0105, -0.0125, -0.013, -0.0155, -0.0155, -0.018
0.07987371, -0.033, 0.5, 0.1319444, 0.065, 0.03825, 0.0225, 0.01274999, 0.004999999, -7.450581E-10, -0.005000001, -0.007750002, -0.01025, -0.0125, -0.01275, -0.01525, -0.01525, -0.01775
0.08016, -0.03275, 0.5, 0.1322222, 0.065, 0.0385, 0.0225, 0.013, 0.00525, 0.0002500048, -0.004772724, -0.007500001, -0.01, -0.0125, -0.0125, -0.015, -0.015, -0.0175
0.08044628, -0.0325, 0.5, 0.1325, 0.065, 0.03874999, 0.0225, 0.01324999, 0.005499996, 0.0005000009, -0.004545454, -0.007250004, -0.009750001, -0.01225001, -0.01225001, -0.01475, -0.01475, -0.01725
0.08073257, -0.03225, 0.5, 0.1325, 0.065, 0.039, 0.0225, 0.0135, 0.005749999, 0.0007500035, -0.00431818, -0.007000001, -0.009499999, -0.012, -0.012, -0.0145, -0.0145, -0.017
0.08187772, -0.03125, 0.5, 0.1325, 0.06600001, 0.04, 0.0225, 0.0145, 0.006750003, 0.001750007, -0.003409086, -0.005999997, -0.008499995, -0.011, -0.011, -0.0135, -0.0135, -0.016
0.082164, -0.031, 0.5, 0.1325, 0.06625, 0.04, 0.0225, 0.01475, 0.006999999, 0.002000003, -0.003181817, -0.005750001, -0.008249999, -0.01075, -0.01075, -0.01325, -0.01325, -0.01575
0.08245029, -0.03075, 0.5, 0.1325, 0.0665, 0.04, 0.02272727, 0.015, 0.007250001, 0.002250006, -0.002954542, -0.005499999, -0.007999996, -0.0105, -0.0105, -0.013, -0.013, -0.0155
0.08273657, -0.0305, 0.5, 0.1325, 0.06675, 0.04, 0.02295454, 0.015, 0.007499999, 0.002499999, -0.002727273, -0.005250002, -0.00775, -0.01025, -0.01025, -0.01275, -0.01275, -0.01525
0.08302286, -0.03025, 0.5, 0.1325, 0.067, 0.04, 0.02318182, 0.015, 0.007749998, 0.002727277, -0.002500001, -0.005000001, -0.007500001, -0.01, -0.01, -0.0125, -0.0125, -0.015
0.08330914, -0.03, 0.5, 0.1325, 0.06725001, 0.04, 0.02340909, 0.015, 0.008, 0.002954552, -0.00225, -0.00475, -0.007249995, -0.00975, -0.009772726, -0.01227272, -0.0125, -0.01477272
0.08359542, -0.02977273, 0.5, 0.13275, 0.0675, 0.04, 0.02363636, 0.015, 0.008249995, 0.003181821, -0.002000004, -0.004500004, -0.006999999, -0.009500003, -0.009545458, -0.01204545, -0.0125, -0.01454545
0.08445428, -0.02909091, 0.5, 0.1335, 0.06825, 0.04, 0.02431818, 0.015, 0.008999995, 0.00386364, -0.001250002, -0.003750002, -0.006249997, -0.008750003, -0.008863638, -0.01136364, -0.0125, -0.01386364
0.08474057, -0.02886364, 0.5, 0.13375, 0.0685, 0.04, 0.02454545, 0.015, 0.009249996, 0.004090915, -0.0009999996, -0.0035, -0.005999995, -0.0085, -0.008636364, -0.01113636, -0.0125, -0.01363636
0.08531314, -0.02840909, 0.5, 0.13425, 0.06900001, 0.0405, 0.025, 0.015, 0.009749994, 0.004545459, -0.0005000009, -0.003000001, -0.005499996, -0.008000001, -0.00818182, -0.01068182, -0.0125, -0.01318182
0.08559943, -0.02818182, 0.5, 0.1345, 0.06925001, 0.04075, 0.02525, 0.015, 0.009999999, 0.004772733, -0.0002499983, -0.002749998, -0.005249993, -0.007749998, -0.007954545, -0.01045454, -0.0125, -0.01295454
0.08588571, -0.02795454, 0.5, 0.13475, 0.0695, 0.041, 0.0255, 0.01525, 0.01024999, 0.004999999, -7.450581E-10, -0.002500001, -0.005000001, -0.007500001, -0.007727276, -0.01022727, -0.0125, -0.01272727
0.086172, -0.02772727, 0.5, 0.135, 0.06975, 0.04125, 0.02575, 0.0155, 0.0105, 0.005250003, 0.0002500004, -0.002249997, -0.004772728, -0.007272729, -0.007500001, -0.01, -0.0125, -0.0125
0.08645828, -0.0275, 0.5, 0.13525, 0.07, 0.0415, 0.026, 0.01574999, 0.01074999, 0.005499999, 0.0004999965, -0.002000001, -0.004545459, -0.007045459, -0.007500001, -0.009750006, -0.01225, -0.01225
0.08760343, -0.0265, 0.5, 0.13625, 0.07090909, 0.0425, 0.027, 0.01675, 0.01175, 0.006500003, 0.0015, -0.0009999973, -0.003636366, -0.006136366, -0.007500001, -0.008750002, -0.01125, -0.01125
0.088176, -0.026, 0.5, 0.13675, 0.07136364, 0.043, 0.0275, 0.01725, 0.01225, 0.007000002, 0.001999999, -0.0004999986, -0.003181821, -0.005681822, -0.007500001, -0.008250003, -0.01075, -0.01075
0.08846229, -0.02575, 0.5, 0.137, 0.07159091, 0.04325, 0.02775, 0.0175, 0.0125, 0.007250004, 0.002250002, -0.000249996, -0.002954547, -0.005454547, -0.007500001, -0.008, -0.0105, -0.0105
0.08874857, -0.02550001, 0.5, 0.13725, 0.07181818, 0.0435, 0.028, 0.01775, 0.0125, 0.007499999, 0.002499999, -7.450581E-10, -0.002727278, -0.005227278, -0.007500001, -0.007750005, -0.01025, -0.01025
0.08903486, -0.02525001, 0.5, 0.1375, 0.07204545, 0.04375, 0.02825, 0.018, 0.0125, 0.007750002, 0.002727272, 0.000227277, -0.002500001, -0.005000001, -0.007500001, -0.007500001, -0.01, -0.01
0.08932114, -0.025, 0.5, 0.13775, 0.07227273, 0.044, 0.02850001, 0.01825, 0.0125, 0.008000004, 0.002954547, 0.0004545519, -0.002249997, -0.004749996, -0.007249999, -0.007249999, -0.009772724, -0.009772724
0.08960743, -0.02477273, 0.5, 0.138, 0.0725, 0.04425, 0.02875, 0.0185, 0.0125, 0.008250001, 0.003181816, 0.0006818208, -0.002000001, -0.0045, -0.007000003, -0.007000003, -0.009545455, -0.009545455
0.09046628, -0.02409091, 0.5, 0.13875, 0.07325, 0.045, 0.0295, 0.01925, 0.0125, 0.009000001, 0.003863635, 0.00136364, -0.001249999, -0.003749999, -0.006250002, -0.006250002, -0.008863636, -0.008863636
0.09103885, -0.02363637, 0.5, 0.13925, 0.07375, 0.04545454, 0.03, 0.01975, 0.0125, 0.009500001, 0.004318179, 0.001818183, -0.0007500005, -0.00325, -0.005750003, -0.005750003, -0.008409092, -0.008409092
0.09132514, -0.02340909, 0.5, 0.1395, 0.074, 0.04568182, 0.03025, 0.02, 0.0125, 0.009750003, 0.004545454, 0.002045458, -0.0004999979, -0.002999997, -0.0055, -0.0055, -0.008181818, -0.008181818
0.09161142, -0.02318182, 0.5, 0.13975, 0.07425, 0.04590908, 0.0305, 0.02022727, 0.0125, 0.009999999, 0.004772723, 0.002272727, -0.0002500018, -0.002750001, -0.005250005, -0.005250005, -0.007954549, -0.007954549
0.09189771, -0.02295454, 0.5, 0.14, 0.0745, 0.04613636, 0.03075, 0.02045454, 0.01275, 0.009999999, 0.004999999, 0.002499999, -7.450581E-10, -0.002500001, -0.005000001, -0.005000001, -0.007727274, -0.007727274
0.092184, -0.02272727, 0.5, 0.14, 0.07475001, 0.04636364, 0.03100001, 0.02068182, 0.013, 0.009999999, 0.005249999, 0.002749999, 0.000227272, -0.002272724, -0.004772725, -0.004772725, -0.007500001, -0.007500001
0.09247028, -0.0225, 0.5, 0.14, 0.075, 0.04659091, 0.03125, 0.02090909, 0.01325, 0.009999999, 0.005499995, 0.002999995, 0.0004545409, -0.002045455, -0.004545456, -0.004545456, -0.007250005, -0.007250005
0.09361543, -0.0215, 0.5, 0.14, 0.07600001, 0.0475, 0.03225001, 0.02181818, 0.01425, 0.009999999, 0.006499999, 0.003999999, 0.001363635, -0.001136361, -0.003636362, -0.003636362, -0.006250001, -0.006250001
0.09390171, -0.02125, 0.5, 0.14, 0.07625, 0.04775, 0.0325, 0.02204545, 0.0145, 0.009999999, 0.006749995, 0.004249995, 0.001590903, -0.0009090922, -0.003409093, -0.003409093, -0.006000005, -0.006000005
0.09447429, -0.02075, 0.5, 0.14, 0.07675, 0.04825, 0.03295455, 0.0225, 0.015, 0.009999999, 0.00725, 0.00475, 0.002045453, -0.0004545425, -0.002954544, -0.002954544, -0.0055, -0.0055
0.09476057, -0.0205, 0.5, 0.14, 0.077, 0.0485, 0.03318182, 0.02275, 0.01522727, 0.009999999, 0.007499999, 0.004999999, 0.002272722, -0.0002272735, -0.002727275, -0.002727275, -0.005250004, -0.005250004
0.09504686, -0.02025, 0.5, 0.1402273, 0.07725, 0.04875, 0.0334091, 0.023, 0.01545455, 0.01025, 0.007727278, 0.005227277, 0.002499999, -7.450581E-10, -0.002500001, -0.002500001, -0.005000001, -0.005000001
0.09533314, -0.02, 0.5, 0.1404545, 0.0775, 0.049, 0.03363637, 0.02325, 0.01568182, 0.0105, 0.007954553, 0.005454551, 0.00275, 0.000250004, -0.002272729, -0.002272729, -0.004772723, -0.004772723
0.09647828, -0.01909091, 0.5, 0.1413636, 0.0775, 0.05, 0.03454546, 0.02425, 0.01659091, 0.0115, 0.00886364, 0.006363639, 0.003749997, 0.001250001, -0.001363641, -0.001363641, -0.003863635, -0.003863635
0.09705085, -0.01863637, 0.5, 0.1418182, 0.0775, 0.05045454, 0.035, 0.02475, 0.01704546, 0.012, 0.009318184, 0.006818183, 0.004249996, 0.00175, -0.0009090974, -0.0009090974, -0.003409091, -0.003409091
0.09733714, -0.01840909, 0.5, 0.1420455, 0.0775, 0.05068182, 0.03522728, 0.025, 0.01727273, 0.01225, 0.009545458, 0.007045458, 0.004499999, 0.002000003, -0.0006818225, -0.0006818225, -0.003181816, -0.003181816
0.09762342, -0.01818182, 0.5, 0.1422727, 0.0775, 0.05090909, 0.03545455, 0.02522727, 0.0175, 0.0125, 0.009772727, 0.007272727, 0.004749995, 0.002249999, -0.0004545536, -0.0004545536, -0.002954547, -0.002954547
0.09790971, -0.01795455, 0.5, 0.1425, 0.0775, 0.05113636, 0.03568182, 0.02545454, 0.01775001, 0.01272727, 0.009999999, 0.007499999, 0.004999999, 0.002499999, -0.0002272787, -0.0002272787, -0.002727272, -0.002727272
0.098196, -0.01772727, 0.5, 0.14275, 0.0775, 0.05136364, 0.03590909, 0.02568182, 0.01800001, 0.01295455, 0.01025, 0.007727272, 0.005227271, 0.002727271, -7.450581E-10, -7.450581E-10, -0.002500001, -0.002500001
0.09848228, -0.0175, 0.5, 0.143, 0.0775, 0.0515909, 0.03613636, 0.02590909, 0.01825, 0.01318182, 0.0105, 0.007954541, 0.00545454, 0.00295454, 0.0002499982, 0.0002499982, -0.002272731, -0.002272731
0.09962743, -0.01659091, 0.5, 0.144, 0.0785, 0.0525, 0.03704546, 0.02681818, 0.01925, 0.01409091, 0.0115, 0.008863634, 0.006363634, 0.003863633, 0.001250002, 0.001250002, -0.001363635, -0.001363635
0.1002, -0.01613637, 0.5, 0.1445, 0.079, 0.053, 0.0375, 0.02727273, 0.01975, 0.01454545, 0.012, 0.009318179, 0.006818178, 0.004318177, 0.001750001, 0.001750001, -0.0009090903, -0.0009090903
0.1004863, -0.01590909, 0.5, 0.14475, 0.07925001, 0.05325, 0.03775, 0.0275, 0.02, 0.01477273, 0.01225, 0.009545453, 0.007045452, 0.004545452, 0.002000003, 0.002000003, -0.0006818149, -0.0006818149
0.1007726, -0.01568182, 0.5, 0.145, 0.0795, 0.0535, 0.038, 0.02775, 0.02022727, 0.015, 0.0125, 0.009772722, 0.007272721, 0.004772721, 0.002249999, 0.002249999, -0.0004545454, -0.0004545454
0.1010589, -0.01545455, 0.5, 0.1452273, 0.07975, 0.05375, 0.03825, 0.028, 0.02045454, 0.01522727, 0.01272727, 0.009999999, 0.007499999, 0.004999999, 0.002499999, 0.002499999, -0.00022727, -0.00022727
0.1013451, -0.01522728, 0.5, 0.1454545, 0.08, 0.05399999, 0.0385, 0.02824999, 0.02068181, 0.01545454, 0.01295454, 0.01024999, 0.007727268, 0.005227268, 0.002727267, 0.002727267, -7.450581E-10, -7.450581E-10
0.1016314, -0.015, 0.5, 0.1456818, 0.08022727, 0.05425, 0.03875, 0.0285, 0.02090909, 0.01568182, 0.01318182, 0.0105, 0.007954543, 0.005454543, 0.002954542, 0.002954542, 0.0002499997, 0.0002499997
0.1024903, -0.01425, 0.5, 0.1463636, 0.08090909, 0.055, 0.0395, 0.02925, 0.02159091, 0.01636364, 0.01386364, 0.01125, 0.008636362, 0.006136361, 0.003636361, 0.003636361, 0.000999999, 0.000999999
0.1030629, -0.01375, 0.5, 0.1468182, 0.08136363, 0.05545454, 0.04, 0.02975, 0.02204545, 0.01681818, 0.01431818, 0.01175, 0.009090905, 0.006590905, 0.004090905, 0.004090905, 0.001499996, 0.001499996
0.1033491, -0.0135, 0.5, 0.1470454, 0.08159091, 0.05568182, 0.04022727, 0.03, 0.02227273, 0.01704545, 0.01454546, 0.012, 0.00931818, 0.00681818, 0.00431818, 0.00431818, 0.001749998, 0.001749998
0.1036354, -0.01325, 0.5, 0.1472727, 0.08181818, 0.05590909, 0.04045454, 0.03022727, 0.0225, 0.01727272, 0.01477273, 0.01225, 0.009545449, 0.007045449, 0.004545449, 0.004545449, 0.001999994, 0.001999994
0.1039217, -0.013, 0.5, 0.1475, 0.08204545, 0.05613636, 0.04068182, 0.03045454, 0.02272728, 0.0175, 0.015, 0.0125, 0.009772724, 0.007272724, 0.004772724, 0.004772724, 0.002249996, 0.002249996
0.104208, -0.01275, 0.5, 0.14775, 0.08227273, 0.05636364, 0.04090909, 0.03068182, 0.02295455, 0.01775, 0.01522727, 0.01272728, 0.009999999, 0.007499999, 0.004999999, 0.004999999, 0.002499999, 0.002499999
0.1044943, -0.0125, 0.5, 0.148, 0.0825, 0.05659091, 0.04113636, 0.03090909, 0.02318182, 0.018, 0.01545454, 0.01295455, 0.01025, 0.00772727, 0.005227268, 0.005227268, 0.002727269, 0.002727269
0.1056394, -0.01159091, 0.5, 0.149, 0.08350001, 0.0575, 0.04204546, 0.03181818, 0.02409091, 0.019, 0.01636364, 0.01386364, 0.01125, 0.008636365, 0.006136364, 0.006136364, 0.003636365, 0.003636365
0.106212, -0.01113637, 0.5, 0.1495, 0.084, 0.058, 0.0425, 0.03227273, 0.02454546, 0.0195, 0.01681818, 0.01431818, 0.01175, 0.00909091, 0.006590909, 0.006590909, 0.00409091, 0.00409091
0.1064983, -0.01090909, 0.5, 0.14975, 0.08425, 0.05825, 0.04272727, 0.0325, 0.02477273, 0.01975, 0.01704546, 0.01454546, 0.012, 0.009318185, 0.006818184, 0.006818184, 0.004318186, 0.004318186
0.1067846, -0.01068182, 0.5, 0.15, 0.0845, 0.0585, 0.04295454, 0.03272727, 0.025, 0.02, 0.01727273, 0.01477273, 0.01225, 0.009545455, 0.007045453, 0.007045453, 0.004545455, 0.004545455
0.1070709, -0.01045455, 0.5, 0.15, 0.08475, 0.05875, 0.04318182, 0.03295454, 0.02522727, 0.02022728, 0.0175, 0.015, 0.0125, 0.00977273, 0.007272729, 0.007272729, 0.00477273, 0.00477273
0.1073571, -0.01022728, 0.5, 0.15, 0.085, 0.059, 0.04340909, 0.03318182, 0.02545454, 0.02045454, 0.01772727, 0.01522727, 0.01272727, 0.009999999, 0.007499999, 0.007499999, 0.004999999, 0.004999999
0.1076434, -0.01, 0.5, 0.15, 0.08522727, 0.05925, 0.04363636, 0.03340909, 0.02568182, 0.02068182, 0.01795454, 0.01545455, 0.01295454, 0.01022727, 0.007727272, 0.007727272, 0.005227272, 0.005227272
0.1085023, -0.009318182, 0.5, 0.15, 0.08590909, 0.06, 0.04431818, 0.03409091, 0.02636364, 0.02136364, 0.01863636, 0.01613637, 0.01363636, 0.01090909, 0.00840909, 0.00840909, 0.005909091, 0.005909091
0.1093611, -0.008636364, 0.5, 0.15, 0.08659091, 0.06068182, 0.045, 0.03477273, 0.02704545, 0.02204546, 0.01931818, 0.01681818, 0.01431818, 0.01159091, 0.009090909, 0.009090909, 0.00659091, 0.00659091
0.1096474, -0.008409095, 0.5, 0.15, 0.08681818, 0.06090908, 0.04524999, 0.035, 0.02727272, 0.02227273, 0.01954545, 0.01704545, 0.01454545, 0.01181818, 0.009318178, 0.009318178, 0.006818179, 0.006818179
0.1099337, -0.00818182, 0.5, 0.15, 0.08704545, 0.06113636, 0.0455, 0.03522727, 0.0275, 0.0225, 0.01977272, 0.01727273, 0.01477272, 0.01204545, 0.009545453, 0.009545453, 0.007045453, 0.007045453
0.11022, -0.007954544, 0.5, 0.15025, 0.08727273, 0.06136364, 0.04575, 0.03545455, 0.02772727, 0.02295455, 0.02, 0.0175, 0.015, 0.01227273, 0.009772727, 0.009772727, 0.007272728, 0.007272728
0.1105063, -0.007727276, 0.5, 0.1505, 0.0875, 0.06159091, 0.046, 0.03568182, 0.02795454, 0.02340909, 0.02022727, 0.01772727, 0.01522727, 0.0125, 0.009999999, 0.009999999, 0.007499999, 0.007499999
0.1107926, -0.007500001, 0.5, 0.15075, 0.08772727, 0.06181818, 0.04625, 0.03590909, 0.02818182, 0.02386364, 0.02045454, 0.01795455, 0.01545455, 0.01272727, 0.01045454, 0.01022727, 0.007954551, 0.007727274
0.1116514, -0.006818182, 0.5, 0.1515, 0.08840909, 0.0625, 0.047, 0.03659091, 0.02886364, 0.02522727, 0.02113637, 0.01863637, 0.01613637, 0.01340909, 0.01181818, 0.01090909, 0.009318189, 0.008409092
0.112224, -0.006363639, 0.5, 0.152, 0.08886363, 0.06295455, 0.0475, 0.03704545, 0.02931818, 0.02613636, 0.02159091, 0.01909091, 0.01659091, 0.01386364, 0.01272727, 0.01136364, 0.01022728, 0.008863636
0.1125103, -0.006136364, 0.5, 0.15225, 0.08909091, 0.06318182, 0.04772728, 0.03727273, 0.02954546, 0.02659091, 0.02181819, 0.01931819, 0.01681819, 0.01409091, 0.01318182, 0.01159091, 0.01068183, 0.009090911
0.1127966, -0.005909095, 0.5, 0.1525, 0.08931818, 0.06340909, 0.04795454, 0.0375, 0.02977272, 0.02704545, 0.02204546, 0.01954546, 0.01704546, 0.01431818, 0.01363636, 0.01181818, 0.01113636, 0.009318179
0.1130829, -0.00568182, 0.5, 0.1527273, 0.08954545, 0.06363636, 0.04818182, 0.03772727, 0.03, 0.0275, 0.02227273, 0.01977273, 0.01727273, 0.01454545, 0.01409091, 0.01204546, 0.01159091, 0.009545455
0.1133691, -0.005454551, 0.5, 0.1529545, 0.08977272, 0.06386364, 0.04840909, 0.03795454, 0.03045454, 0.02772727, 0.0225, 0.02, 0.0175, 0.01477272, 0.01454545, 0.01227272, 0.01204545, 0.009772724
0.1136554, -0.005227276, 0.5, 0.1531818, 0.09, 0.06409091, 0.04863636, 0.03818182, 0.03090909, 0.02795454, 0.02272727, 0.02022728, 0.01772727, 0.015, 0.015, 0.0125, 0.0125, 0.009999999
0.1139417, -0.005000001, 0.5, 0.1534091, 0.09025, 0.06431819, 0.04886364, 0.03840909, 0.03136364, 0.02818182, 0.02295455, 0.02045455, 0.01795455, 0.01522727, 0.01522727, 0.01272728, 0.01272728, 0.01022728
0.1148006, -0.004318186, 0.5, 0.1540909, 0.091, 0.065, 0.04954545, 0.03909091, 0.03272726, 0.02886363, 0.02363636, 0.02113636, 0.01863636, 0.01590909, 0.01590909, 0.01340909, 0.01340909, 0.01090909
0.1153731, -0.003863635, 0.5, 0.1545455, 0.0915, 0.06545455, 0.05, 0.03954545, 0.03363636, 0.02931818, 0.02409091, 0.02159091, 0.01909091, 0.01636364, 0.01636364, 0.01386364, 0.01386364, 0.01136364
0.1159457, -0.00340909, 0.5, 0.155, 0.092, 0.0659091, 0.05045455, 0.04, 0.03454545, 0.02977273, 0.02454546, 0.02204546, 0.01954545, 0.01681818, 0.01681818, 0.01431818, 0.01431818, 0.01181818
0.116232, -0.003181815, 0.5, 0.1552273, 0.09225, 0.06613637, 0.05068182, 0.04022728, 0.035, 0.03, 0.02477273, 0.02227273, 0.01977273, 0.01704546, 0.01704546, 0.01454546, 0.01454546, 0.01204546
0.1165183, -0.002954545, 0.5, 0.1554545, 0.0925, 0.06636364, 0.05090909, 0.04045454, 0.03522727, 0.03022727, 0.025, 0.0225, 0.02, 0.01727272, 0.01727272, 0.01477273, 0.01477273, 0.01227273
0.1168046, -0.00272727, 0.5, 0.1556818, 0.09272727, 0.06659091, 0.05113637, 0.04068182, 0.03545455, 0.03045454, 0.02522728, 0.02272728, 0.02022727, 0.0175, 0.0175, 0.015, 0.015, 0.0125
0.1170909, -0.002500001, 0.5, 0.1559091, 0.09295455, 0.06681819, 0.05136364, 0.04090909, 0.03568181, 0.03068181, 0.02545455, 0.02295454, 0.02045454, 0.01772727, 0.01772727, 0.01522727, 0.01522727, 0.01272727
0.1179497, -0.001875001, 0.5, 0.1565909, 0.09363636, 0.0675, 0.05204546, 0.04159091, 0.03636364, 0.03136363, 0.02613636, 0.02363636, 0.02113636, 0.01840909, 0.01840909, 0.01590909, 0.01590909, 0.01340909
0.1185223, -0.001458336, 0.5, 0.1570455, 0.09409091, 0.06795455, 0.0525, 0.04204545, 0.03681818, 0.03181818, 0.02659091, 0.02409091, 0.0215909, 0.01886363, 0.01886363, 0.01636363, 0.01636363, 0.01386363
0.1190949, -0.001041666, 0.5, 0.1575, 0.09454545, 0.06840909, 0.05295455, 0.0425, 0.03727273, 0.03227273, 0.02704546, 0.02454546, 0.02204545, 0.01931818, 0.01931818, 0.01681818, 0.01681818, 0.01431818
0.1193811, -0.0008333359, 0.5, 0.1577273, 0.09477273, 0.06863637, 0.05318182, 0.04272727, 0.0375, 0.0325, 0.02727273, 0.02477273, 0.02227272, 0.01954545, 0.01954545, 0.01704545, 0.01704545, 0.01454545
0.1196674, -0.0006250008, 0.5, 0.1579545, 0.095, 0.06886364, 0.05340909, 0.04295454, 0.03772727, 0.03272728, 0.0275, 0.025, 0.0225, 0.01977273, 0.01977273, 0.01727273, 0.01727273, 0.01477273
0.1199537, -0.0004166657, 0.5, 0.1581818, 0.09522727, 0.06909091, 0.05363636, 0.04318182, 0.03795455, 0.03295455, 0.02772727, 0.02522727, 0.02270833, 0.02, 0.02, 0.0175, 0.0175, 0.015
0.1205263, -7.450581E-10, 0.5, 0.1586364, 0.09568182, 0.06954546, 0.05409091, 0.04363636, 0.03840909, 0.03340909, 0.02818182, 0.02568182, 0.023125, 0.02090909, 0.02045454, 0.01795455, 0.01795455, 0.01583333
0.1210989, 0.0004545461, 0.5, 0.1590909, 0.09613636, 0.07, 0.05454545, 0.0440909, 0.03886364, 0.03386364, 0.02863636, 0.02613636, 0.02354167, 0.02181818, 0.02090909, 0.01840909, 0.01840909, 0.01666666
0.1216714, 0.0009090899, 0.5, 0.1595455, 0.09659091, 0.07045455, 0.055, 0.04454545, 0.03931818, 0.03431818, 0.0290909, 0.0265909, 0.02395833, 0.02272727, 0.02136363, 0.01886364, 0.01886364, 0.01749999
0.122244, 0.00136364, 0.5, 0.16, 0.09704545, 0.07090909, 0.05545455, 0.045, 0.03977273, 0.03477273, 0.02954545, 0.02704545, 0.024375, 0.02363637, 0.02181818, 0.01931819, 0.01931819, 0.01833334
0.1225303, 0.001590909, 0.5, 0.1602273, 0.09727272, 0.07113636, 0.05568182, 0.04545454, 0.04, 0.035, 0.02977272, 0.02727272, 0.02458333, 0.02409091, 0.02204545, 0.01954545, 0.01954545, 0.01875
0.1228166, 0.001818184, 0.5, 0.1604545, 0.0975, 0.07136364, 0.05590909, 0.04590909, 0.04022728, 0.03520833, 0.03, 0.0275, 0.02479167, 0.02454546, 0.02227273, 0.01977273, 0.01977273, 0.01916667
0.1231029, 0.002045453, 0.5, 0.1606818, 0.09772727, 0.07159091, 0.05613636, 0.04636363, 0.04045454, 0.03541666, 0.03045453, 0.02791665, 0.025, 0.025, 0.0225, 0.02, 0.02, 0.01958333
0.1233891, 0.002272727, 0.5, 0.1609091, 0.09795454, 0.07181818, 0.05636363, 0.04681818, 0.04068182, 0.035625, 0.03090908, 0.02833333, 0.02545455, 0.02522727, 0.02272728, 0.02041667, 0.02020833, 0.02
0.1236754, 0.002499999, 0.5, 0.1611364, 0.09818181, 0.07204545, 0.05659091, 0.04727273, 0.04090909, 0.03583333, 0.03136363, 0.02875, 0.02590911, 0.02545455, 0.02295455, 0.02083334, 0.02041667, 0.02022728
0.124248, 0.00340908, 0.5, 0.1615909, 0.09863636, 0.0725, 0.05704546, 0.04818182, 0.04136364, 0.03625, 0.03227272, 0.02958333, 0.02681819, 0.02590909, 0.02340909, 0.02166667, 0.02083333, 0.02068182
0.1245343, 0.003863618, 0.5, 0.1618182, 0.09886363, 0.07272727, 0.05727272, 0.04863636, 0.04159091, 0.03645833, 0.03272726, 0.02999999, 0.02727273, 0.02613636, 0.02363636, 0.02208333, 0.02104166, 0.02090909
0.1248206, 0.004318167, 0.5, 0.1620454, 0.0990909, 0.07295454, 0.0575, 0.04909091, 0.04181819, 0.03666666, 0.03318181, 0.03041666, 0.02772728, 0.02636364, 0.02386364, 0.0225, 0.02125, 0.02113637
0.1253931, 0.005227255, 0.5, 0.1625, 0.09954545, 0.07340909, 0.05791667, 0.05, 0.04227273, 0.03708333, 0.0340909, 0.03124999, 0.02863637, 0.02681818, 0.02431818, 0.02333333, 0.02166666, 0.02159091
0.1256794, 0.005681793, 0.5, 0.1627273, 0.09977272, 0.07363636, 0.058125, 0.05022727, 0.0425, 0.03729166, 0.03454543, 0.03166665, 0.02909091, 0.02704545, 0.02454545, 0.02374999, 0.02187499, 0.02181818
0.1259657, 0.006136355, 0.5, 0.1629546, 0.1, 0.07386364, 0.05833334, 0.05045455, 0.04272728, 0.0375, 0.035, 0.03208333, 0.02954547, 0.02727273, 0.02477273, 0.02416668, 0.02208333, 0.02204546
0.126252, 0.006590893, 0.5, 0.1631818, 0.1002273, 0.07409091, 0.05854167, 0.05068182, 0.04295455, 0.03772726, 0.03522727, 0.0325, 0.03, 0.0275, 0.025, 0.02458333, 0.02229167, 0.02227273
0.1265383, 0.007045431, 0.5, 0.1634091, 0.1004545, 0.07431819, 0.05875, 0.05090909, 0.04318182, 0.03795454, 0.03545454, 0.03272727, 0.03022727, 0.02772727, 0.02520832, 0.025, 0.0225, 0.0225
0.1268246, 0.007499999, 0.5, 0.1636364, 0.1006818, 0.07454547, 0.05895834, 0.05113637, 0.0434091, 0.03818182, 0.03568182, 0.03295455, 0.03045455, 0.02795455, 0.02541666, 0.02522727, 0.02272728, 0.02272728
0.1273971, 0.007954542, 0.5, 0.1640909, 0.1011364, 0.075, 0.059375, 0.0515909, 0.04386363, 0.03863635, 0.03613636, 0.03340909, 0.03090909, 0.02840909, 0.02583333, 0.02568181, 0.02318181, 0.02318181
0.128256, 0.008636362, 0.5, 0.1647727, 0.1018182, 0.07568182, 0.06, 0.05227272, 0.04454545, 0.03931817, 0.03681818, 0.03409091, 0.03159091, 0.02909091, 0.02645832, 0.02636363, 0.02386363, 0.02386363
0.1285423, 0.008863644, 0.5, 0.165, 0.1020455, 0.0759091, 0.06045455, 0.0525, 0.04477273, 0.03954546, 0.03704546, 0.03431819, 0.03181819, 0.02931819, 0.02666667, 0.02659091, 0.02409091, 0.02409091
0.1288286, 0.009090913, 0.5, 0.1652273, 0.1022727, 0.07613637, 0.06090909, 0.05272727, 0.045, 0.03977273, 0.03727273, 0.03454546, 0.03204546, 0.02954546, 0.026875, 0.02681818, 0.02431818, 0.02431818
0.1291149, 0.009318182, 0.5, 0.1654545, 0.1025, 0.07636364, 0.06136363, 0.05295454, 0.04522727, 0.04, 0.0375, 0.03477273, 0.03227273, 0.02977273, 0.02708333, 0.02704545, 0.02454545, 0.02454545
0.1294011, 0.009545452, 0.5, 0.1656818, 0.1029167, 0.0765909, 0.06181816, 0.0531818, 0.04545454, 0.04022727, 0.03770833, 0.035, 0.0325, 0.03, 0.02729166, 0.02727272, 0.02477271, 0.02477271
0.1296874, 0.009772733, 0.5, 0.1659091, 0.1033333, 0.07681818, 0.06227272, 0.05340909, 0.04568182, 0.04045455, 0.03791667, 0.03522728, 0.03270834, 0.03020834, 0.0275, 0.0275, 0.025, 0.025
0.1299737, 0.009999999, 0.5, 0.1661364, 0.10375, 0.07704545, 0.06272726, 0.05363636, 0.04590909, 0.04068182, 0.038125, 0.03545455, 0.03291667, 0.03041667, 0.02795454, 0.02772726, 0.02545453, 0.02520833
0.1305463, 0.01041667, 0.5, 0.1665909, 0.1045833, 0.0775, 0.06363636, 0.05409091, 0.04636364, 0.04113637, 0.03854167, 0.03590909, 0.03333334, 0.03083334, 0.02886364, 0.02818182, 0.02636364, 0.025625
0.1314051, 0.01104167, 0.5, 0.1672727, 0.1058333, 0.078125, 0.065, 0.05477273, 0.04704546, 0.04181818, 0.03916667, 0.03659091, 0.03395834, 0.03145834, 0.03022728, 0.02886364, 0.02772728, 0.02625
0.1316914, 0.01125, 0.5, 0.1675, 0.10625, 0.07833333, 0.06522726, 0.055, 0.04727273, 0.04204545, 0.039375, 0.03681818, 0.03416667, 0.03166667, 0.03068182, 0.02909091, 0.02818182, 0.02645834
0.1319777, 0.01145833, 0.5, 0.1677273, 0.1066667, 0.07854167, 0.06545454, 0.05520833, 0.0475, 0.04227272, 0.03958333, 0.03704545, 0.034375, 0.031875, 0.03113636, 0.02931818, 0.02863635, 0.02666667
0.132264, 0.01166667, 0.5, 0.1679545, 0.1070833, 0.07875001, 0.06568182, 0.05541667, 0.04791668, 0.0425, 0.03979167, 0.03727273, 0.03458334, 0.03208334, 0.03159092, 0.02954546, 0.02909092, 0.02687501
0.1325503, 0.011875, 0.5, 0.1681818, 0.1075, 0.07895833, 0.06590909, 0.055625, 0.04833334, 0.04291666, 0.04, 0.0375, 0.03479167, 0.03229167, 0.03204546, 0.02977273, 0.02954546, 0.02708334
0.1328366, 0.01208333, 0.5, 0.1684091, 0.1077273, 0.07916667, 0.06613636, 0.05583333, 0.04875, 0.04333333, 0.04022727, 0.03770833, 0.035, 0.0325, 0.0325, 0.03, 0.03, 0.02729167
0.1331228, 0.01229166, 0.5, 0.1686364, 0.1079545, 0.079375, 0.06636363, 0.05604166, 0.04916666, 0.04374999, 0.04045454, 0.03791666, 0.03522727, 0.03295454, 0.03272727, 0.03020833, 0.03020833, 0.0275
0.1334091, 0.0125, 0.5, 0.1688636, 0.1081818, 0.07958334, 0.06659091, 0.05625, 0.04958334, 0.04416667, 0.04068182, 0.038125, 0.03545455, 0.0334091, 0.03295455, 0.03041667, 0.03041667, 0.02772728
0.1339817, 0.01295454, 0.5, 0.1693182, 0.1086364, 0.08, 0.06704545, 0.05666666, 0.05041666, 0.04499999, 0.04113636, 0.03854166, 0.03590909, 0.03431818, 0.03340909, 0.03083333, 0.03083333, 0.02818182
0.1345543, 0.01340909, 0.5, 0.1697727, 0.1090909, 0.0809091, 0.0675, 0.05708333, 0.05125, 0.04583333, 0.04159091, 0.03895833, 0.03636364, 0.03522727, 0.03386363, 0.03125, 0.03125, 0.02863637
0.1348406, 0.01363636, 0.5, 0.17, 0.1093182, 0.08136364, 0.06772728, 0.05729166, 0.05166665, 0.04625, 0.04181818, 0.03916666, 0.0365909, 0.03568181, 0.0340909, 0.03145833, 0.03145833, 0.02886363
0.1351269, 0.01386364, 0.5, 0.1702273, 0.1095455, 0.0818182, 0.06795456, 0.0575, 0.05208334, 0.04666668, 0.04204546, 0.039375, 0.03681818, 0.03613637, 0.03431818, 0.03166667, 0.03166667, 0.02909092
0.1354131, 0.01409091, 0.5, 0.1704545, 0.1097727, 0.08227274, 0.06818182, 0.05772727, 0.0525, 0.04708334, 0.04227273, 0.03958333, 0.03704545, 0.0365909, 0.03454545, 0.031875, 0.031875, 0.02931818
0.1356994, 0.01431818, 0.5, 0.1706818, 0.11, 0.08272728, 0.06840909, 0.05795454, 0.05272727, 0.0475, 0.0425, 0.03979166, 0.03727272, 0.03704544, 0.03477272, 0.03208333, 0.03208333, 0.02954545
0.1359857, 0.01454546, 0.5, 0.1709091, 0.1102273, 0.08318184, 0.06863637, 0.05818182, 0.05295455, 0.04772728, 0.04291668, 0.04, 0.0375, 0.0375, 0.035, 0.03229167, 0.03229167, 0.02977273
0.136272, 0.01477273, 0.5, 0.1711364, 0.1104545, 0.08363637, 0.06886365, 0.05840909, 0.05318182, 0.04795455, 0.04333334, 0.04022727, 0.03795453, 0.03770833, 0.03520833, 0.0325, 0.0325, 0.03
0.1365583, 0.015, 0.5, 0.1713636, 0.1106818, 0.08409091, 0.06909091, 0.05863636, 0.05340909, 0.04818182, 0.04375, 0.04045454, 0.03840907, 0.03791666, 0.03541666, 0.03295453, 0.03272726, 0.03045454
0.1371309, 0.01583334, 0.5, 0.1718182, 0.1111364, 0.085, 0.06954546, 0.05909091, 0.05386364, 0.04863637, 0.04458334, 0.04090909, 0.03931817, 0.03833333, 0.03583333, 0.03386363, 0.03318182, 0.03136364
0.1377034, 0.01666666, 0.5, 0.1722727, 0.1115909, 0.08545454, 0.07, 0.05954545, 0.05431818, 0.0490909, 0.04541666, 0.04136363, 0.04022725, 0.03874999, 0.03625, 0.03477271, 0.03363635, 0.03227272
0.1379897, 0.01708334, 0.5, 0.1725, 0.1118182, 0.08568182, 0.07020834, 0.05977273, 0.05454546, 0.04931818, 0.04583334, 0.04159091, 0.04068182, 0.03895834, 0.03645834, 0.03522728, 0.03386364, 0.03272729
0.138276, 0.0175, 0.5, 0.1727083, 0.1120455, 0.08590909, 0.07041667, 0.06, 0.05477273, 0.04954545, 0.04625, 0.04181818, 0.04113635, 0.03916667, 0.03666667, 0.03568181, 0.03409091, 0.03318182
0.1385623, 0.01791666, 0.5, 0.1729167, 0.1122727, 0.08613636, 0.070625, 0.06041666, 0.055, 0.04977272, 0.04666666, 0.04204545, 0.0415909, 0.039375, 0.03687499, 0.03613635, 0.03431818, 0.03363636
0.1388486, 0.01833334, 0.5, 0.173125, 0.1125, 0.08636364, 0.07083334, 0.06083334, 0.05520834, 0.05, 0.04708334, 0.04227273, 0.04204546, 0.03958334, 0.03708334, 0.03659092, 0.03454546, 0.03409093
0.1391349, 0.01875, 0.5, 0.1733333, 0.1127273, 0.08659091, 0.07104167, 0.06125, 0.05541667, 0.05022727, 0.0475, 0.0425, 0.0425, 0.03979167, 0.03729167, 0.03704545, 0.03477273, 0.03454547
0.1394211, 0.01916666, 0.5, 0.1735417, 0.1129545, 0.08681818, 0.07125, 0.06166666, 0.055625, 0.05045454, 0.04772727, 0.04291666, 0.04270833, 0.04, 0.0375, 0.0375, 0.035, 0.035
0.1399937, 0.02, 0.5, 0.1739583, 0.1134091, 0.08727273, 0.07166667, 0.0625, 0.05604167, 0.05090909, 0.04818182, 0.04375, 0.043125, 0.04045455, 0.03795455, 0.03791667, 0.03541667, 0.03541667
0.14028, 0.02022727, 0.5, 0.1741667, 0.1136364, 0.0875, 0.071875, 0.06291666, 0.05625, 0.05113636, 0.04840909, 0.04416666, 0.04333333, 0.04068182, 0.03818182, 0.038125, 0.035625, 0.035625
0.1405663, 0.02045455, 0.5, 0.174375, 0.1138636, 0.08770834, 0.07208334, 0.06333334, 0.05645834, 0.05136364, 0.04863637, 0.04458334, 0.04354167, 0.0409091, 0.0384091, 0.03833334, 0.03583334, 0.03583334
0.1411389, 0.02090909, 0.5, 0.1747917, 0.1143182, 0.088125, 0.0725, 0.06416666, 0.056875, 0.05181818, 0.04909091, 0.04541666, 0.04395833, 0.04136363, 0.03886364, 0.03875, 0.03625, 0.03625
0.1414251, 0.02113636, 0.5, 0.175, 0.1145454, 0.08833333, 0.07272726, 0.06458332, 0.05708333, 0.05204545, 0.04931818, 0.04583332, 0.04416666, 0.0415909, 0.0390909, 0.03895833, 0.03645833, 0.03645833
0.1417114, 0.02136364, 0.5, 0.1752273, 0.1147727, 0.08854167, 0.07295454, 0.065, 0.05729167, 0.05227273, 0.04954546, 0.04625, 0.044375, 0.04181818, 0.03931819, 0.03916667, 0.03666667, 0.03666667
0.1419977, 0.02159091, 0.5, 0.1754545, 0.115, 0.08875, 0.07318182, 0.06522727, 0.0575, 0.0525, 0.04977274, 0.04666666, 0.04458333, 0.04204545, 0.03954545, 0.039375, 0.036875, 0.036875
0.142284, 0.02181818, 0.5, 0.1756818, 0.1152083, 0.08895833, 0.07340909, 0.06545454, 0.05772727, 0.05291665, 0.05, 0.04708332, 0.04479166, 0.04227272, 0.03977272, 0.03958333, 0.03708333, 0.03708333
0.1425703, 0.02204546, 0.5, 0.1759091, 0.1154167, 0.08916667, 0.07363637, 0.06568182, 0.05795455, 0.05333333, 0.05020834, 0.0475, 0.045, 0.0425, 0.04, 0.03979167, 0.03729167, 0.03729167
0.1428566, 0.02227273, 0.5, 0.1761364, 0.115625, 0.089375, 0.07386363, 0.06590909, 0.05818182, 0.05374999, 0.05041667, 0.04772727, 0.04522727, 0.04270833, 0.04041666, 0.04, 0.0375, 0.0375
0.1431428, 0.0225, 0.5, 0.1763636, 0.1158333, 0.08958333, 0.07409091, 0.06613636, 0.05840909, 0.05416665, 0.050625, 0.04795454, 0.04545454, 0.04291666, 0.04083332, 0.04022727, 0.03795453, 0.03770832
0.1437154, 0.02291667, 0.5, 0.1768182, 0.11625, 0.09, 0.07454545, 0.06659091, 0.05886364, 0.055, 0.05104167, 0.04840909, 0.04590908, 0.04333333, 0.04166667, 0.04068182, 0.03886363, 0.03812499
0.144288, 0.02333334, 0.5, 0.1772727, 0.1166667, 0.09045455, 0.075, 0.06704547, 0.05931819, 0.05583334, 0.05145834, 0.04886364, 0.04636364, 0.04375, 0.04250001, 0.04113637, 0.03977273, 0.03854166
0.1445743, 0.02354166, 0.5, 0.1775, 0.116875, 0.09068181, 0.07541666, 0.06727273, 0.05954546, 0.05624999, 0.05166667, 0.04909091, 0.04659091, 0.04395833, 0.04291667, 0.04136364, 0.04022727, 0.03875
0.1448606, 0.02375, 0.5, 0.1777273, 0.1170833, 0.09090909, 0.07583333, 0.0675, 0.05977273, 0.05666665, 0.051875, 0.04931818, 0.04681817, 0.04416667, 0.04333333, 0.04159091, 0.04068181, 0.03895833
0.1451468, 0.02395833, 0.5, 0.1779545, 0.1172917, 0.09113636, 0.07624999, 0.06770833, 0.06, 0.05708331, 0.05208333, 0.04954545, 0.04704545, 0.04437499, 0.04375, 0.04181818, 0.04113635, 0.03916666
0.1454331, 0.02416667, 0.5, 0.1781818, 0.1175, 0.09136364, 0.07666667, 0.06791667, 0.06041668, 0.0575, 0.05229167, 0.04977273, 0.04727273, 0.04458334, 0.04416668, 0.04204546, 0.04159091, 0.039375
0.1457194, 0.024375, 0.5, 0.1784091, 0.1177273, 0.09159091, 0.07708333, 0.068125, 0.06083334, 0.05770833, 0.0525, 0.05, 0.0475, 0.04479166, 0.04458334, 0.04227273, 0.04204546, 0.03958333
0.1460057, 0.02458332, 0.5, 0.1786364, 0.1179545, 0.09181818, 0.07749999, 0.06833333, 0.06125, 0.05791666, 0.05272727, 0.05020833, 0.04770833, 0.045, 0.045, 0.0425, 0.0425, 0.03979165
0.146292, 0.02479167, 0.5, 0.1788636, 0.1181818, 0.09204546, 0.07791667, 0.06854167, 0.06166668, 0.058125, 0.05295455, 0.05041667, 0.04791667, 0.04545456, 0.04520834, 0.04291669, 0.04270834, 0.04
0.1465783, 0.025, 0.5, 0.1790909, 0.1184091, 0.09227273, 0.07833333, 0.06875, 0.06208334, 0.05833333, 0.05318182, 0.050625, 0.048125, 0.0459091, 0.04541667, 0.04333334, 0.04291667, 0.04045454
0.1468646, 0.02541665, 0.5, 0.1793182, 0.1186364, 0.0925, 0.07874999, 0.06895833, 0.0625, 0.05854166, 0.05340909, 0.05083333, 0.04833333, 0.04636363, 0.045625, 0.04375, 0.043125, 0.04090908
0.1477234, 0.02666665, 0.5, 0.18, 0.1193182, 0.093125, 0.08, 0.06958333, 0.06375, 0.05916667, 0.05409091, 0.05145833, 0.04895833, 0.04772727, 0.04625, 0.045, 0.04375, 0.04227272
0.148296, 0.02749999, 0.5, 0.1804167, 0.1197727, 0.09354167, 0.08045454, 0.07, 0.06458334, 0.05958334, 0.05454546, 0.051875, 0.049375, 0.04863637, 0.04666667, 0.04583335, 0.04416667, 0.04318182
0.1485823, 0.02791665, 0.5, 0.180625, 0.12, 0.09375, 0.08068182, 0.07022727, 0.065, 0.05979167, 0.05477273, 0.05208333, 0.04958333, 0.0490909, 0.046875, 0.04625, 0.044375, 0.04363636
0.1488686, 0.02833331, 0.5, 0.1808333, 0.1204167, 0.09395833, 0.08090908, 0.07045454, 0.06522726, 0.06, 0.055, 0.05229166, 0.04979166, 0.04954544, 0.04708333, 0.04666666, 0.04458333, 0.0440909
0.1491549, 0.02874999, 0.5, 0.1810417, 0.1208333, 0.09416667, 0.08113636, 0.07068182, 0.06545455, 0.06022728, 0.05541668, 0.0525, 0.05, 0.05, 0.04729167, 0.04708334, 0.04479167, 0.04454546
0.1494411, 0.02916665, 0.5, 0.18125, 0.12125, 0.094375, 0.08136363, 0.07090909, 0.06568182, 0.06045455, 0.05583334, 0.05295454, 0.05041666, 0.05020833, 0.0475, 0.0475, 0.045, 0.045
0.1500137, 0.03, 0.5, 0.1816667, 0.1220833, 0.09479167, 0.08181818, 0.07136364, 0.06613637, 0.0609091, 0.05666668, 0.05386364, 0.05125, 0.050625, 0.04795455, 0.04791667, 0.04541666, 0.04541666
0.1503, 0.03022727, 0.5, 0.181875, 0.1225, 0.095, 0.08204545, 0.07159091, 0.06636363, 0.06113636, 0.05708334, 0.05431818, 0.05166666, 0.05083333, 0.04818182, 0.048125, 0.04562499, 0.04562499
0.1508726, 0.03068182, 0.5, 0.1822917, 0.1233333, 0.0959091, 0.0825, 0.07204546, 0.06681819, 0.06159091, 0.05791668, 0.05522728, 0.05250001, 0.05125001, 0.04863637, 0.04854167, 0.04604166, 0.04604166
0.1511589, 0.03090909, 0.5, 0.1825, 0.12375, 0.09636365, 0.08270833, 0.07227273, 0.06704545, 0.06181818, 0.05833334, 0.05568182, 0.05291667, 0.05145834, 0.04886364, 0.04875, 0.04625, 0.04625
0.1514451, 0.03113636, 0.5, 0.1827273, 0.1241667, 0.09681819, 0.08291665, 0.0725, 0.06727272, 0.06204545, 0.05875, 0.05613636, 0.05333333, 0.05166667, 0.04909091, 0.04895833, 0.04645833, 0.04645833
0.1517314, 0.03136364, 0.5, 0.1829545, 0.1245833, 0.09727275, 0.083125, 0.07291669, 0.0675, 0.06227273, 0.05916668, 0.05659092, 0.05375001, 0.05187501, 0.04931819, 0.04916667, 0.04666667, 0.04666667
0.1520177, 0.03159091, 0.5, 0.1831818, 0.125, 0.09772728, 0.08333333, 0.07333335, 0.06770833, 0.0625, 0.05958334, 0.05704546, 0.05416667, 0.05208334, 0.04954546, 0.049375, 0.046875, 0.046875
0.152304, 0.03181818, 0.5, 0.1834091, 0.1252273, 0.09818183, 0.08354166, 0.07375, 0.06791666, 0.06291667, 0.06, 0.0575, 0.05458333, 0.05229167, 0.04977273, 0.04958333, 0.04708333, 0.04708333
0.1525903, 0.03204545, 0.5, 0.1836364, 0.1254545, 0.09863637, 0.08374999, 0.07416666, 0.06812499, 0.06333333, 0.06020833, 0.05770833, 0.055, 0.0525, 0.05, 0.04979166, 0.04729166, 0.04729166
0.1528766, 0.03227273, 0.5, 0.1838636, 0.1256818, 0.09909093, 0.08395834, 0.07458334, 0.06833334, 0.06375001, 0.06041667, 0.05791667, 0.05522728, 0.05270834, 0.05041669, 0.05, 0.0475, 0.0475
0.1531629, 0.0325, 0.5, 0.1840909, 0.1259091, 0.09954546, 0.08416667, 0.075, 0.06854166, 0.06416667, 0.060625, 0.058125, 0.05545454, 0.05291667, 0.05083334, 0.05022727, 0.04791667, 0.04770833
0.1534491, 0.03291666, 0.5, 0.1843182, 0.1261364, 0.1, 0.08437499, 0.07541666, 0.06874999, 0.06458332, 0.06083333, 0.05833333, 0.05568181, 0.053125, 0.05125, 0.05045454, 0.04833333, 0.04791666
0.154308, 0.03416666, 0.5, 0.185, 0.1268182, 0.100625, 0.085, 0.07666666, 0.06937499, 0.06583332, 0.06145833, 0.05895833, 0.05636363, 0.05375, 0.05250001, 0.05113636, 0.04958333, 0.04854167
0.1548806, 0.035, 0.5, 0.1858333, 0.1272727, 0.1010417, 0.08583334, 0.0775, 0.06979167, 0.06666667, 0.061875, 0.059375, 0.05681818, 0.05416667, 0.05333335, 0.05159091, 0.05041667, 0.04895834
0.1551668, 0.03541666, 0.5, 0.18625, 0.1275, 0.10125, 0.08625, 0.07772727, 0.07, 0.06708333, 0.06208333, 0.05958333, 0.05704545, 0.054375, 0.05375, 0.05181818, 0.05083334, 0.04916667
0.1554531, 0.03583334, 0.5, 0.1866667, 0.1277083, 0.1014583, 0.08666668, 0.07795455, 0.07041669, 0.0675, 0.06229167, 0.05979167, 0.05727273, 0.05458334, 0.05416669, 0.05204546, 0.05125002, 0.04937501
0.1557394, 0.03625, 0.5, 0.1870833, 0.1279167, 0.1016667, 0.08708334, 0.07818182, 0.07083335, 0.06770834, 0.0625, 0.06, 0.0575, 0.05479167, 0.05458334, 0.05227273, 0.05166668, 0.04958334
0.1560257, 0.03666666, 0.5, 0.1875, 0.128125, 0.101875, 0.0875, 0.07840909, 0.07125001, 0.06791666, 0.06295453, 0.06020833, 0.05791667, 0.055, 0.055, 0.0525, 0.05208334, 0.04979167
0.156312, 0.03708332, 0.5, 0.1879167, 0.1283333, 0.1020833, 0.08791666, 0.07863636, 0.07166667, 0.06812499, 0.06340907, 0.06041666, 0.05833333, 0.05541666, 0.05520833, 0.05291665, 0.0525, 0.05
0.1565983, 0.0375, 0.5, 0.1883333, 0.1285417, 0.1022917, 0.08833334, 0.07886364, 0.07208335, 0.06833334, 0.06386364, 0.060625, 0.05875001, 0.05583334, 0.05541667, 0.05333333, 0.05272728, 0.05041668
0.1568846, 0.03770833, 0.5, 0.18875, 0.12875, 0.1025, 0.08875, 0.07909091, 0.07250001, 0.06854167, 0.06431817, 0.06083333, 0.05916667, 0.05625, 0.055625, 0.05374999, 0.05295455, 0.05083334
0.1577434, 0.03833333, 0.5, 0.19, 0.129375, 0.1031818, 0.09, 0.07977273, 0.07375, 0.06916667, 0.06568182, 0.06145833, 0.06041667, 0.0575, 0.05625, 0.055, 0.05363637, 0.05208334
0.1580297, 0.03854167, 0.5, 0.1902273, 0.1295833, 0.1034091, 0.09022727, 0.08, 0.07416667, 0.069375, 0.06613635, 0.06166666, 0.06083333, 0.05791666, 0.05645833, 0.05541665, 0.05386364, 0.0525
0.1586023, 0.03895834, 0.5, 0.1906818, 0.13, 0.1038636, 0.09068182, 0.08041667, 0.075, 0.06979167, 0.06704546, 0.06208333, 0.06166667, 0.05875, 0.056875, 0.05624999, 0.05431819, 0.05333334
0.1588886, 0.03916667, 0.5, 0.1909091, 0.1302273, 0.1040909, 0.09090909, 0.080625, 0.07522728, 0.07, 0.0675, 0.06229166, 0.06208333, 0.05916666, 0.05708333, 0.05666666, 0.05454545, 0.05375
0.1591749, 0.03937501, 0.5, 0.1911364, 0.1304545, 0.1043182, 0.09113637, 0.08083334, 0.07545456, 0.07022728, 0.06770834, 0.0625, 0.0625, 0.05958334, 0.05729167, 0.05708334, 0.05477273, 0.05416668
0.1594611, 0.03958334, 0.5, 0.1913636, 0.1306818, 0.1045455, 0.09136364, 0.08104167, 0.07568182, 0.07045455, 0.06791668, 0.06291667, 0.06270833, 0.06, 0.0575, 0.0575, 0.055, 0.05458334
0.1597474, 0.03979167, 0.5, 0.1915909, 0.1309091, 0.1047727, 0.09159091, 0.08125, 0.07590909, 0.07068182, 0.068125, 0.06333333, 0.06291666, 0.06022727, 0.05791666, 0.05770833, 0.05541665, 0.055
0.1600337, 0.04, 0.5, 0.1918182, 0.1311364, 0.105, 0.09181818, 0.08145833, 0.07613636, 0.07090908, 0.06833334, 0.06374999, 0.06312499, 0.06045454, 0.05833332, 0.05791666, 0.05583331, 0.05522727
0.1606063, 0.04041667, 0.5, 0.1922727, 0.1315909, 0.1058333, 0.09227274, 0.081875, 0.07659091, 0.07136364, 0.06875, 0.06458334, 0.06354167, 0.06090909, 0.05916666, 0.05833333, 0.05666665, 0.05568182
0.1608926, 0.04062499, 0.5, 0.1925, 0.1318182, 0.10625, 0.0925, 0.08208333, 0.07681818, 0.0715909, 0.06895833, 0.065, 0.06374999, 0.06113636, 0.05958332, 0.05854166, 0.05708331, 0.05590909
0.1614651, 0.04104167, 0.5, 0.1929167, 0.1322727, 0.1070833, 0.09291667, 0.0825, 0.07727273, 0.07204545, 0.069375, 0.06583335, 0.06416667, 0.06159091, 0.06041666, 0.05895833, 0.05791665, 0.05636363
0.1617514, 0.04125, 0.5, 0.193125, 0.1325, 0.1075, 0.093125, 0.08291666, 0.0775, 0.07227272, 0.06958333, 0.06625, 0.064375, 0.06181818, 0.06083332, 0.05916666, 0.05833331, 0.0565909
0.1620377, 0.04145834, 0.5, 0.1933333, 0.1329167, 0.1079167, 0.09333334, 0.08333334, 0.07770834, 0.0725, 0.06979167, 0.06666669, 0.06458334, 0.06204546, 0.06125, 0.059375, 0.05874999, 0.05681818
0.162324, 0.04166667, 0.5, 0.1935417, 0.1333333, 0.1083333, 0.09354167, 0.08375, 0.07791667, 0.07291666, 0.07, 0.06708335, 0.06479166, 0.06227273, 0.06166666, 0.05958333, 0.05916665, 0.05704545
0.1626103, 0.041875, 0.5, 0.19375, 0.13375, 0.10875, 0.09375, 0.08416666, 0.078125, 0.07333332, 0.07020833, 0.0675, 0.065, 0.0625, 0.06208332, 0.05979166, 0.05958331, 0.05727272
0.1628966, 0.04208334, 0.5, 0.1939583, 0.1341667, 0.1091667, 0.09395834, 0.08458334, 0.07833334, 0.07375, 0.07041667, 0.06772728, 0.06520834, 0.06291668, 0.0625, 0.06, 0.06, 0.0575
0.1634691, 0.0425, 0.5, 0.194375, 0.135, 0.11, 0.094375, 0.08541666, 0.07875, 0.07458333, 0.07083333, 0.06818182, 0.065625, 0.06375, 0.06291666, 0.06083332, 0.06041666, 0.05833332
0.164328, 0.04375, 0.5, 0.195, 0.13625, 0.110625, 0.095, 0.08666666, 0.079375, 0.07583334, 0.07145833, 0.06886364, 0.06625, 0.065, 0.06354167, 0.06208332, 0.06104166, 0.05958332
0.1646143, 0.04416665, 0.5, 0.1952083, 0.1366667, 0.1108333, 0.09541667, 0.08708332, 0.07958333, 0.07624999, 0.07166666, 0.0690909, 0.06645833, 0.06541666, 0.06374999, 0.06249998, 0.06124999, 0.05999998
0.1649006, 0.04458334, 0.5, 0.1954167, 0.1370834, 0.1110417, 0.09583335, 0.0875, 0.07979167, 0.07666668, 0.071875, 0.06931818, 0.06666667, 0.06583335, 0.06395833, 0.06291667, 0.06145833, 0.06041666
0.1651869, 0.04499999, 0.5, 0.195625, 0.1375, 0.11125, 0.09625001, 0.08770833, 0.08, 0.07708334, 0.07208333, 0.06954545, 0.066875, 0.06625, 0.06416667, 0.06333333, 0.06166667, 0.06083333
0.1654731, 0.04541665, 0.5, 0.1958333, 0.1377083, 0.1114583, 0.09666666, 0.08791666, 0.08041666, 0.0775, 0.07229166, 0.06977272, 0.06708333, 0.06666666, 0.064375, 0.06374998, 0.061875, 0.06124999
0.1657594, 0.04583333, 0.5, 0.1960417, 0.1379167, 0.1116667, 0.09708335, 0.088125, 0.08083335, 0.07770834, 0.0725, 0.07, 0.06729167, 0.06708334, 0.06458334, 0.06416667, 0.06208334, 0.06166667
0.1660457, 0.04624999, 0.5, 0.19625, 0.138125, 0.111875, 0.0975, 0.08833333, 0.08125, 0.07791667, 0.07291666, 0.07041666, 0.0675, 0.0675, 0.06479166, 0.06458333, 0.06229167, 0.06208333
0.166332, 0.04666665, 0.5, 0.1964583, 0.1383333, 0.1120833, 0.09791666, 0.08854166, 0.08166666, 0.078125, 0.07333332, 0.07083332, 0.06791666, 0.06770834, 0.065, 0.065, 0.0625, 0.0625
0.1669046, 0.0475, 0.5, 0.196875, 0.13875, 0.1125, 0.09875, 0.08895833, 0.0825, 0.07854167, 0.07416666, 0.07166667, 0.06875, 0.068125, 0.06583334, 0.06541667, 0.06333334, 0.06291667
0.1677634, 0.048125, 0.5, 0.1975, 0.139375, 0.113125, 0.1, 0.08958334, 0.08375, 0.07916667, 0.07541667, 0.07291667, 0.07, 0.06875, 0.06708334, 0.06604167, 0.06458334, 0.06354167
0.168336, 0.04854166, 0.5, 0.1979167, 0.1397917, 0.1135417, 0.1004167, 0.09, 0.08458333, 0.07958333, 0.07624999, 0.07374999, 0.07083332, 0.06916666, 0.06791666, 0.06645833, 0.06541666, 0.06395833
0.1686223, 0.04875, 0.5, 0.198125, 0.14, 0.11375, 0.100625, 0.09041668, 0.085, 0.07979167, 0.07666668, 0.07416668, 0.07125, 0.069375, 0.06833334, 0.06666667, 0.06583335, 0.06416667
0.1689086, 0.04895833, 0.5, 0.1983333, 0.1402083, 0.1139583, 0.1008333, 0.09083334, 0.08520833, 0.08, 0.07708333, 0.07458334, 0.07166666, 0.06958333, 0.06875, 0.066875, 0.06625, 0.064375
0.1691948, 0.04916666, 0.5, 0.1985417, 0.1404167, 0.1141667, 0.1010417, 0.09125, 0.08541666, 0.08041666, 0.0775, 0.075, 0.07208332, 0.06979166, 0.06916666, 0.06708333, 0.06666666, 0.06458333
0.1694811, 0.049375, 0.5, 0.19875, 0.140625, 0.114375, 0.10125, 0.09166668, 0.085625, 0.08083335, 0.07770834, 0.07520834, 0.0725, 0.07, 0.06958334, 0.06729167, 0.06708334, 0.06479167
0.1697674, 0.04958333, 0.5, 0.1989583, 0.1408333, 0.1145833, 0.1014583, 0.09208334, 0.08583333, 0.08125, 0.07791667, 0.07541668, 0.07270832, 0.07041667, 0.07, 0.0675, 0.0675, 0.065
0.17034, 0.05, 0.5, 0.199375, 0.14125, 0.115, 0.101875, 0.09291668, 0.08625001, 0.08208334, 0.07833334, 0.07583334, 0.073125, 0.07125001, 0.07041667, 0.06791668, 0.06791668, 0.06583333
0.1711989, 0.05125, 0.5, 0.2, 0.141875, 0.11625, 0.1025, 0.09416669, 0.08687501, 0.08333335, 0.07895834, 0.07645834, 0.07375, 0.07250002, 0.07104167, 0.06854168, 0.06854168, 0.06708334
0.1717714, 0.05208332, 0.5, 0.2004545, 0.1422917, 0.1170833, 0.1029167, 0.095, 0.08729167, 0.08416667, 0.079375, 0.076875, 0.07416666, 0.07333334, 0.07145833, 0.06895833, 0.06895833, 0.06791665
0.1720577, 0.05249999, 0.5, 0.2006818, 0.1425, 0.1175, 0.103125, 0.09520832, 0.0875, 0.08458333, 0.07958333, 0.07708333, 0.074375, 0.07375, 0.07166666, 0.06916666, 0.06916666, 0.06833331
0.172344, 0.05291667, 0.5, 0.2009091, 0.1427083, 0.1179167, 0.1033333, 0.09541667, 0.08791669, 0.085, 0.07979167, 0.07729167, 0.07458334, 0.07416669, 0.071875, 0.069375, 0.069375, 0.06874999
0.1726303, 0.05333333, 0.5, 0.2011364, 0.1429167, 0.1183333, 0.1035417, 0.095625, 0.08833335, 0.08520833, 0.08, 0.0775, 0.07479167, 0.07458334, 0.07208333, 0.06958333, 0.06958333, 0.06916665
0.1729166, 0.05374999, 0.5, 0.2013636, 0.143125, 0.11875, 0.10375, 0.09583332, 0.08875, 0.08541666, 0.08041666, 0.07791665, 0.075, 0.075, 0.07229166, 0.06979166, 0.06979166, 0.06958331
0.1732029, 0.05416667, 0.5, 0.2015909, 0.1433333, 0.1191667, 0.1039583, 0.09604166, 0.08916669, 0.08562501, 0.08083335, 0.07833333, 0.07541668, 0.07520834, 0.0725, 0.07, 0.07, 0.07
0.1737754, 0.055, 0.5, 0.2020455, 0.14375, 0.12, 0.104375, 0.09645832, 0.09, 0.08604167, 0.08166666, 0.07916665, 0.07625, 0.075625, 0.07291666, 0.07083333, 0.07083333, 0.07041666
0.174348, 0.05541667, 0.5, 0.2025, 0.1441667, 0.1204167, 0.1047917, 0.096875, 0.09083334, 0.08645834, 0.0825, 0.07999999, 0.07708334, 0.07604168, 0.07333333, 0.07166667, 0.07166667, 0.07083333
0.1746343, 0.055625, 0.5, 0.2027083, 0.144375, 0.120625, 0.105, 0.09708332, 0.09125001, 0.08666667, 0.08291667, 0.08041665, 0.0775, 0.07625, 0.07354166, 0.07208333, 0.07208333, 0.07104167
0.1752069, 0.05604167, 0.5, 0.203125, 0.1447917, 0.1210417, 0.1058333, 0.0975, 0.09208335, 0.08708334, 0.08375001, 0.08124999, 0.07833334, 0.07666668, 0.07395834, 0.07291667, 0.07291667, 0.07145833
0.1754931, 0.05625, 0.5, 0.2033333, 0.145, 0.12125, 0.10625, 0.09770833, 0.0925, 0.08729167, 0.08416667, 0.08166665, 0.07875, 0.076875, 0.07416667, 0.07333334, 0.07333334, 0.07166667
0.1757794, 0.05645833, 0.5, 0.2035417, 0.1454545, 0.1214583, 0.1066667, 0.09791666, 0.09270833, 0.0875, 0.08458333, 0.08208331, 0.07916666, 0.07708333, 0.074375, 0.07375, 0.07375, 0.071875
0.1760657, 0.05666667, 0.5, 0.20375, 0.1459091, 0.1216667, 0.1070833, 0.098125, 0.09291667, 0.08770834, 0.085, 0.0825, 0.07958334, 0.07729167, 0.07458334, 0.07416668, 0.07416668, 0.07208334
0.176352, 0.056875, 0.5, 0.2039583, 0.1463636, 0.121875, 0.1075, 0.09833333, 0.093125, 0.08791667, 0.08520833, 0.08270833, 0.08, 0.0775, 0.07479167, 0.07458334, 0.07458334, 0.07229166
0.1766383, 0.05708333, 0.5, 0.2041667, 0.1468182, 0.1220833, 0.1079167, 0.09854166, 0.09333333, 0.088125, 0.08541666, 0.08291665, 0.08020833, 0.07791666, 0.075, 0.075, 0.075, 0.0725
0.1772109, 0.0575, 0.5, 0.2045833, 0.1477273, 0.1225, 0.10875, 0.09895833, 0.09375, 0.08854167, 0.08583333, 0.08333333, 0.080625, 0.07875, 0.07583334, 0.07541668, 0.07541668, 0.07333333
0.1777834, 0.05833334, 0.5, 0.205, 0.1486364, 0.1234091, 0.1095833, 0.099375, 0.09416667, 0.08895834, 0.08625001, 0.08375, 0.08104167, 0.07958334, 0.07666668, 0.07583334, 0.07583334, 0.07416667
0.1780697, 0.05875, 0.5, 0.2054167, 0.1490909, 0.1238636, 0.11, 0.09958333, 0.094375, 0.08916667, 0.08645833, 0.08395834, 0.08125, 0.08, 0.07708333, 0.07604168, 0.07604168, 0.07458334
0.1786423, 0.05958334, 0.5, 0.20625, 0.15, 0.1247727, 0.1104167, 0.1, 0.09479167, 0.08958334, 0.08687501, 0.08437501, 0.08166667, 0.08083334, 0.07791667, 0.07645834, 0.07645834, 0.07541668
0.1789286, 0.06, 0.5, 0.2066667, 0.1502083, 0.1252273, 0.110625, 0.1004167, 0.095, 0.08979167, 0.08708334, 0.08458334, 0.081875, 0.08125, 0.07833333, 0.07666668, 0.07666668, 0.07583334
0.1792149, 0.06041666, 0.5, 0.2070833, 0.1504167, 0.1256818, 0.1108333, 0.1008333, 0.09541666, 0.09, 0.08729167, 0.08479167, 0.08208333, 0.08166666, 0.07874999, 0.076875, 0.076875, 0.07624999
0.1795011, 0.06083332, 0.5, 0.2075, 0.150625, 0.1261363, 0.1110417, 0.10125, 0.09583332, 0.09041665, 0.0875, 0.085, 0.08229166, 0.08208331, 0.07916665, 0.07708333, 0.07708333, 0.07666665
0.1797874, 0.06125, 0.5, 0.2079167, 0.1508333, 0.1265909, 0.11125, 0.1016667, 0.09625, 0.09083334, 0.08791667, 0.08541667, 0.0825, 0.0825, 0.07958333, 0.07729167, 0.07729167, 0.07708333
0.1800737, 0.06166666, 0.5, 0.2083333, 0.1510417, 0.1270455, 0.1114583, 0.1020833, 0.09666666, 0.09124999, 0.08833333, 0.08583333, 0.08291666, 0.08270833, 0.08, 0.0775, 0.0775, 0.0775
0.18036, 0.06208332, 0.5, 0.20875, 0.15125, 0.1275, 0.1116667, 0.1025, 0.09708332, 0.09166665, 0.08874999, 0.08624999, 0.08333332, 0.08291666, 0.08020833, 0.07791665, 0.07791665, 0.07770833
0.1806463, 0.0625, 0.5, 0.2091667, 0.1514583, 0.1277083, 0.111875, 0.1029167, 0.0975, 0.09208333, 0.08916667, 0.08666667, 0.08375001, 0.083125, 0.08041667, 0.07833333, 0.07833333, 0.07791667
0.1812188, 0.06333332, 0.5, 0.21, 0.151875, 0.128125, 0.1122917, 0.10375, 0.09833332, 0.09291666, 0.09, 0.08749999, 0.08458333, 0.08354166, 0.08083333, 0.07916665, 0.07916665, 0.07833333
0.1815051, 0.06375001, 0.5, 0.2102083, 0.1520833, 0.1283333, 0.1125, 0.1041667, 0.09875, 0.09333334, 0.09041668, 0.08791667, 0.08500002, 0.08375, 0.08104167, 0.07958333, 0.07958333, 0.07854167
0.1820777, 0.06458332, 0.5, 0.210625, 0.1525, 0.12875, 0.1133333, 0.105, 0.09958332, 0.09416666, 0.09124999, 0.08874999, 0.08583333, 0.08416667, 0.08145833, 0.08041665, 0.08041665, 0.07895833
0.182364, 0.06500001, 0.5, 0.2108333, 0.1529167, 0.1289583, 0.11375, 0.1052083, 0.1, 0.09458334, 0.09166668, 0.08916667, 0.08625002, 0.08437501, 0.08166667, 0.08083333, 0.08083333, 0.07916667
0.1826503, 0.06541667, 0.5, 0.2110417, 0.1533334, 0.1291667, 0.1141667, 0.1054167, 0.1002083, 0.095, 0.09208333, 0.08958333, 0.08666668, 0.08458334, 0.081875, 0.08124999, 0.08124999, 0.079375
0.1829366, 0.06583333, 0.5, 0.21125, 0.15375, 0.129375, 0.1145833, 0.105625, 0.1004167, 0.09520833, 0.0925, 0.09, 0.08708334, 0.08479167, 0.08208333, 0.08166665, 0.08166665, 0.07958333
0.1832228, 0.06625, 0.5, 0.2114583, 0.1541667, 0.1295833, 0.115, 0.1058333, 0.100625, 0.09541666, 0.09270833, 0.0901923, 0.0875, 0.085, 0.08229166, 0.08208331, 0.08208331, 0.07979166
0.1835091, 0.06666668, 0.5, 0.2116667, 0.1545833, 0.1297917, 0.1154167, 0.1060417, 0.1008333, 0.095625, 0.09291667, 0.09038462, 0.08770834, 0.08538464, 0.0825, 0.0825, 0.0825, 0.08
0.1837954, 0.06708334, 0.5, 0.211875, 0.155, 0.13, 0.1158333, 0.10625, 0.1010417, 0.09583333, 0.093125, 0.09057692, 0.08791667, 0.08576924, 0.08291665, 0.08291665, 0.08270833, 0.0803846
0.1840817, 0.0675, 0.5, 0.2120833, 0.1554167, 0.1301923, 0.11625, 0.1064583, 0.10125, 0.09604166, 0.09333333, 0.09076922, 0.088125, 0.08615385, 0.08333332, 0.08333332, 0.08291665, 0.08076921
0.1846543, 0.06791667, 0.5, 0.2125, 0.15625, 0.1305769, 0.1170833, 0.106875, 0.1016667, 0.09645833, 0.09375, 0.09115385, 0.08854167, 0.08692309, 0.08416666, 0.08416666, 0.08333333, 0.08153845
0.1849406, 0.068125, 0.5, 0.2127083, 0.1566667, 0.1307692, 0.1175, 0.1070833, 0.101875, 0.09666666, 0.09395833, 0.09134615, 0.08875, 0.0873077, 0.08458333, 0.08458333, 0.08354166, 0.08192306
0.1855131, 0.06854167, 0.5, 0.213125, 0.1575, 0.1311538, 0.1179167, 0.1075, 0.1022917, 0.09708333, 0.094375, 0.09173077, 0.08916667, 0.08807693, 0.08541667, 0.08541667, 0.08395834, 0.0826923
0.1857994, 0.06875, 0.5, 0.2133333, 0.1577083, 0.1313462, 0.118125, 0.1079167, 0.1025, 0.09729166, 0.09458333, 0.09192307, 0.089375, 0.08846155, 0.08583333, 0.08583333, 0.08416667, 0.08307691
0.1860857, 0.06895834, 0.5, 0.2135417, 0.1579167, 0.1315385, 0.1183333, 0.1083333, 0.1029167, 0.0975, 0.09479167, 0.09211539, 0.08958334, 0.08884618, 0.08625001, 0.08625001, 0.08437501, 0.08346154
0.186372, 0.06916667, 0.5, 0.21375, 0.158125, 0.1317308, 0.1185417, 0.10875, 0.1033333, 0.09791666, 0.095, 0.09230769, 0.08979167, 0.08923078, 0.08666667, 0.08666667, 0.08458333, 0.08384615
0.1866583, 0.069375, 0.5, 0.2139583, 0.1583333, 0.1319231, 0.11875, 0.1091667, 0.10375, 0.09833333, 0.09541666, 0.0925, 0.09, 0.08961539, 0.08708334, 0.08708334, 0.08479167, 0.08423076
0.1869446, 0.06958333, 0.5, 0.2141667, 0.1585416, 0.1321154, 0.1189583, 0.1095833, 0.1041667, 0.09874999, 0.09583332, 0.09291665, 0.09041665, 0.09, 0.0875, 0.0875, 0.085, 0.08461536
0.1872309, 0.06979167, 0.5, 0.214375, 0.15875, 0.1323077, 0.1191667, 0.11, 0.1045833, 0.09916667, 0.09625, 0.09333333, 0.09083334, 0.09020834, 0.08791667, 0.08770834, 0.08538463, 0.085
0.1875171, 0.07, 0.5, 0.2145833, 0.1589583, 0.1325, 0.119375, 0.1104167, 0.105, 0.09958333, 0.09666666, 0.09374999, 0.09124999, 0.09041667, 0.08833333, 0.08791667, 0.08576924, 0.08520833
0.1880897, 0.07083335, 0.5, 0.215, 0.159375, 0.1333333, 0.1197917, 0.11125, 0.1058333, 0.1004167, 0.0975, 0.09458333, 0.09208334, 0.09083334, 0.08916668, 0.08833334, 0.08653847, 0.085625
0.188376, 0.07125001, 0.5, 0.2152083, 0.1595833, 0.13375, 0.12, 0.1116667, 0.10625, 0.1008333, 0.09791666, 0.09499999, 0.0925, 0.09104167, 0.08958334, 0.08854167, 0.08692308, 0.08583333
0.1886623, 0.07166667, 0.5, 0.2154167, 0.1597917, 0.1341667, 0.1204167, 0.1120833, 0.1066667, 0.10125, 0.09833332, 0.09541666, 0.09291666, 0.09125, 0.09, 0.08875, 0.08730768, 0.08604166
0.1889486, 0.07208335, 0.5, 0.215625, 0.16, 0.1345833, 0.1208333, 0.1125, 0.1070833, 0.1016667, 0.09875, 0.09583333, 0.09333334, 0.09145834, 0.09041668, 0.08895834, 0.08769231, 0.08625
0.1892349, 0.07250001, 0.5, 0.2158333, 0.1601923, 0.135, 0.12125, 0.1127083, 0.1075, 0.1020833, 0.09916666, 0.09624999, 0.09375, 0.09166667, 0.09083334, 0.08916667, 0.08807692, 0.08645833
0.1895211, 0.07291666, 0.5, 0.2160417, 0.1603846, 0.1354167, 0.1216667, 0.1129167, 0.1076923, 0.1025, 0.09958332, 0.09666666, 0.09416666, 0.091875, 0.09124999, 0.089375, 0.08846153, 0.08666666
0.1898074, 0.07333335, 0.5, 0.21625, 0.1605769, 0.1358333, 0.1220833, 0.113125, 0.1078846, 0.1026923, 0.1, 0.09708333, 0.09458334, 0.09208334, 0.09166668, 0.08958334, 0.08884615, 0.086875
0.1900937, 0.07375, 0.5, 0.2164583, 0.1607692, 0.13625, 0.1225, 0.1133333, 0.1080769, 0.1028846, 0.1002083, 0.0975, 0.095, 0.09229167, 0.09208333, 0.08979167, 0.08923076, 0.08708333
0.19038, 0.07416666, 0.5, 0.2166667, 0.1609615, 0.1366667, 0.1229167, 0.1135417, 0.1082692, 0.1030769, 0.1004167, 0.09770833, 0.09519231, 0.0925, 0.0925, 0.09, 0.08961537, 0.08729166
0.1906663, 0.07458334, 0.5, 0.216875, 0.1611538, 0.1370833, 0.1233333, 0.11375, 0.1084615, 0.1032692, 0.100625, 0.09791667, 0.09538462, 0.09291668, 0.09270834, 0.09038462, 0.09, 0.0875
0.1909526, 0.075, 0.5, 0.2170833, 0.1613462, 0.1375, 0.12375, 0.1139583, 0.1086539, 0.1034615, 0.1008333, 0.098125, 0.09557692, 0.09333334, 0.09291667, 0.09076923, 0.09020833, 0.08791666
0.1915251, 0.07538461, 0.5, 0.2175, 0.1617308, 0.1379167, 0.1245833, 0.114375, 0.1090385, 0.1038461, 0.10125, 0.09854165, 0.09596153, 0.09416667, 0.09333333, 0.09153844, 0.09062499, 0.08874998
0.1918114, 0.07557692, 0.5, 0.2179167, 0.1619231, 0.138125, 0.125, 0.1145833, 0.1092308, 0.1040385, 0.1014583, 0.09875, 0.09615385, 0.09458334, 0.09354167, 0.09192307, 0.09083333, 0.08916666
0.192384, 0.07596153, 0.5, 0.21875, 0.1623077, 0.1385417, 0.1254167, 0.115, 0.1096154, 0.1044231, 0.101875, 0.09916666, 0.09653845, 0.09541667, 0.09395833, 0.09269229, 0.09124999, 0.08999999
0.1926703, 0.07615384, 0.5, 0.2191667, 0.1625, 0.13875, 0.125625, 0.1154167, 0.1098077, 0.1046154, 0.1020833, 0.099375, 0.09673077, 0.09583334, 0.09416667, 0.09307692, 0.09145834, 0.09041667
0.1929566, 0.07634615, 0.5, 0.2195833, 0.1629167, 0.1389583, 0.1258333, 0.1158333, 0.11, 0.1048077, 0.1022917, 0.09958333, 0.09692308, 0.09625001, 0.094375, 0.09346154, 0.09166667, 0.09083334
0.1932428, 0.07653846, 0.5, 0.22, 0.1633333, 0.1391667, 0.1260417, 0.11625, 0.1104167, 0.105, 0.1025, 0.09979166, 0.09711538, 0.09666666, 0.09458333, 0.09384614, 0.09187499, 0.09124999
0.1935291, 0.07673077, 0.5, 0.2204167, 0.16375, 0.139375, 0.12625, 0.1166667, 0.1108333, 0.1054167, 0.1028846, 0.1, 0.09730769, 0.09708334, 0.09479167, 0.09423077, 0.09208334, 0.09166668
0.1938154, 0.07692307, 0.5, 0.2208333, 0.1641667, 0.1395833, 0.1264583, 0.1170833, 0.11125, 0.1058333, 0.1032692, 0.1004167, 0.0975, 0.0975, 0.095, 0.09461538, 0.09229167, 0.09208334
0.1941017, 0.07711538, 0.5, 0.22125, 0.1645833, 0.1397917, 0.1266667, 0.1175, 0.1116667, 0.10625, 0.1036538, 0.1008333, 0.09791666, 0.09770833, 0.09538461, 0.095, 0.0925, 0.0925
0.194388, 0.07730769, 0.5, 0.2216667, 0.165, 0.14, 0.126875, 0.1179167, 0.1120833, 0.1066667, 0.1040385, 0.10125, 0.09833334, 0.09791667, 0.09576923, 0.09520834, 0.09291668, 0.09270834
0.1946743, 0.0775, 0.5, 0.2220833, 0.1654167, 0.1404167, 0.1270833, 0.1183333, 0.1125, 0.1070833, 0.1044231, 0.1016667, 0.09875, 0.098125, 0.09615385, 0.09541667, 0.09333334, 0.09291667
0.1949606, 0.07791667, 0.5, 0.2225, 0.1658333, 0.1408333, 0.1272917, 0.11875, 0.1129167, 0.1075, 0.1048077, 0.1020833, 0.09916666, 0.09833333, 0.09653845, 0.095625, 0.09375, 0.093125
0.1952468, 0.07833333, 0.5, 0.2227083, 0.16625, 0.14125, 0.1275, 0.1191667, 0.1133333, 0.1079167, 0.1051923, 0.1025, 0.09958332, 0.09854166, 0.09692306, 0.09583332, 0.09416666, 0.09333333
0.1958194, 0.07916667, 0.5, 0.223125, 0.1670833, 0.1420833, 0.1283333, 0.12, 0.1141667, 0.10875, 0.1059615, 0.1033333, 0.1004167, 0.09895833, 0.0976923, 0.09625, 0.095, 0.09375
0.1961057, 0.07958332, 0.5, 0.2233333, 0.1675, 0.1425, 0.12875, 0.1201923, 0.1145833, 0.1091667, 0.1063461, 0.10375, 0.1008333, 0.09916666, 0.09807691, 0.09645832, 0.09541666, 0.09395833
0.196392, 0.08000001, 0.5, 0.2235417, 0.1677084, 0.1429167, 0.1291667, 0.1203846, 0.115, 0.1095833, 0.1067308, 0.1041667, 0.10125, 0.099375, 0.09846154, 0.09666666, 0.09583334, 0.09416667
0.1966783, 0.08041666, 0.5, 0.22375, 0.1679167, 0.1433333, 0.1295833, 0.1205769, 0.1152083, 0.11, 0.1071154, 0.1045833, 0.1016667, 0.09958333, 0.09884615, 0.096875, 0.09625, 0.094375
0.1969646, 0.08083332, 0.5, 0.2239583, 0.168125, 0.14375, 0.13, 0.1207692, 0.1154167, 0.1104167, 0.1075, 0.105, 0.1020833, 0.09979166, 0.09923076, 0.09708332, 0.09666666, 0.09458333
0.1972509, 0.08125, 0.5, 0.2241667, 0.1683334, 0.1441667, 0.1304167, 0.1209615, 0.115625, 0.1108333, 0.1077083, 0.1051923, 0.1025, 0.1, 0.09961539, 0.09729166, 0.09708334, 0.09479167
0.1975371, 0.08166666, 0.5, 0.224375, 0.1685417, 0.1445833, 0.1308333, 0.1211538, 0.1158333, 0.11125, 0.1079167, 0.1053846, 0.1029167, 0.1003846, 0.1, 0.0975, 0.0975, 0.095
0.1978234, 0.08208332, 0.5, 0.2245833, 0.16875, 0.145, 0.13125, 0.1213462, 0.1160417, 0.1116667, 0.108125, 0.1055769, 0.1033333, 0.1007692, 0.1002083, 0.09791666, 0.09770833, 0.09538461
0.1981097, 0.0825, 0.5, 0.2247917, 0.1689584, 0.1452083, 0.1316667, 0.1215385, 0.11625, 0.1120833, 0.1083333, 0.1057692, 0.10375, 0.1011539, 0.1004167, 0.09833334, 0.09791667, 0.09576924
0.198396, 0.08291665, 0.5, 0.225, 0.1691667, 0.1454167, 0.1320833, 0.1217308, 0.1164583, 0.1125, 0.1085417, 0.1059615, 0.1041667, 0.1015385, 0.100625, 0.09875, 0.098125, 0.09615386
0.1986823, 0.08333331, 0.5, 0.2251923, 0.169375, 0.145625, 0.1325, 0.1219231, 0.1166667, 0.1129167, 0.10875, 0.1061538, 0.1045833, 0.1019231, 0.1008333, 0.09916666, 0.09833333, 0.09653846
0.1995411, 0.08458332, 0.5, 0.2257692, 0.17, 0.14625, 0.1330769, 0.1225, 0.1172917, 0.1141667, 0.109375, 0.1067308, 0.1058333, 0.1030769, 0.1014583, 0.1004167, 0.09895833, 0.09769231
0.1998274, 0.08499999, 0.5, 0.2259615, 0.1702083, 0.1464583, 0.1332692, 0.1229167, 0.1175, 0.1145833, 0.1095833, 0.1069231, 0.10625, 0.1034615, 0.1016667, 0.1008333, 0.09916666, 0.09807692
0.2001137, 0.08541667, 0.5, 0.2261539, 0.1704167, 0.1466667, 0.1334615, 0.1233333, 0.1179167, 0.115, 0.1097917, 0.1071154, 0.1066667, 0.1038462, 0.101875, 0.10125, 0.099375, 0.09846155
0.2004, 0.08583333, 0.5, 0.2263462, 0.170625, 0.146875, 0.1336538, 0.12375, 0.1183333, 0.1152083, 0.11, 0.1073077, 0.1070833, 0.1042308, 0.1020833, 0.1016667, 0.09958334, 0.09884616
0.2006863, 0.08624999, 0.5, 0.2265384, 0.1708333, 0.1470833, 0.1338461, 0.1241667, 0.11875, 0.1154167, 0.1104167, 0.1075, 0.1075, 0.1046154, 0.1022917, 0.1020833, 0.09979166, 0.09923077
0.2009726, 0.08666667, 0.5, 0.2267308, 0.1710417, 0.1472917, 0.1340385, 0.1245833, 0.1191667, 0.115625, 0.1108333, 0.1079167, 0.1077083, 0.105, 0.1025, 0.1025, 0.1, 0.0996154
0.2012589, 0.08708333, 0.5, 0.2269231, 0.17125, 0.1475, 0.1342308, 0.125, 0.1195833, 0.1158333, 0.11125, 0.1083333, 0.1079167, 0.1054167, 0.1029167, 0.1026923, 0.1003846, 0.1
0.2015451, 0.0875, 0.5, 0.2271154, 0.1714583, 0.1479167, 0.1344231, 0.1254167, 0.12, 0.1160417, 0.1116667, 0.10875, 0.108125, 0.1058333, 0.1033333, 0.1028846, 0.1007692, 0.1004167
0.2021177, 0.08788462, 0.5, 0.2275, 0.171875, 0.14875, 0.1348077, 0.12625, 0.1208333, 0.1164583, 0.1125, 0.1095833, 0.1085417, 0.1066667, 0.1041667, 0.1032692, 0.1015385, 0.10125
0.202404, 0.08807692, 0.5, 0.2277083, 0.1720833, 0.1491667, 0.135, 0.1266667, 0.12125, 0.1166667, 0.1129167, 0.11, 0.10875, 0.1070833, 0.1045833, 0.1034615, 0.1019231, 0.1016667
0.2029766, 0.08846154, 0.5, 0.228125, 0.1725, 0.15, 0.1358333, 0.1275, 0.1220833, 0.1170833, 0.11375, 0.1108333, 0.1091667, 0.1079167, 0.1054167, 0.1038461, 0.1026923, 0.1025
0.2032629, 0.08865385, 0.5, 0.2283333, 0.1729167, 0.1504167, 0.13625, 0.1279167, 0.1225, 0.1172917, 0.1141667, 0.11125, 0.109375, 0.1083333, 0.1058333, 0.1040385, 0.1030769, 0.1029167
0.2035491, 0.08884615, 0.5, 0.2285417, 0.1733333, 0.1508333, 0.1366667, 0.1283333, 0.1226923, 0.1175, 0.1145833, 0.1116667, 0.1095833, 0.10875, 0.10625, 0.1042308, 0.1034615, 0.1033333
0.2038354, 0.08903846, 0.5, 0.22875, 0.17375, 0.15125, 0.1370833, 0.12875, 0.1228846, 0.1178846, 0.115, 0.1120833, 0.1097917, 0.1091667, 0.1066667, 0.1044231, 0.1038462, 0.10375
0.2041217, 0.08923077, 0.5, 0.2289583, 0.1741667, 0.1516667, 0.1375, 0.1291667, 0.1230769, 0.1182692, 0.1153846, 0.1125, 0.11, 0.1095833, 0.1070834, 0.1046154, 0.1042308, 0.1041667
0.204408, 0.08942308, 0.5, 0.2291667, 0.1745833, 0.1520833, 0.1379167, 0.1295833, 0.1232692, 0.1186538, 0.1157692, 0.1129167, 0.1103846, 0.11, 0.1075, 0.1048077, 0.1046154, 0.1045833
0.2046943, 0.08961539, 0.5, 0.229375, 0.175, 0.1525, 0.1383333, 0.13, 0.1234615, 0.1190385, 0.1161539, 0.1133333, 0.1107692, 0.1102083, 0.1078846, 0.105, 0.105, 0.105
0.2052668, 0.09, 0.5, 0.2297917, 0.1758333, 0.1528846, 0.1391667, 0.1308333, 0.1238462, 0.1198077, 0.1169231, 0.1141667, 0.1115385, 0.110625, 0.1086538, 0.1058333, 0.1058333, 0.1054167
0.2055531, 0.09041668, 0.5, 0.23, 0.17625, 0.1530769, 0.1395833, 0.13125, 0.1240385, 0.1201923, 0.1173077, 0.1145833, 0.1119231, 0.1108333, 0.1090385, 0.10625, 0.10625, 0.105625
0.2058394, 0.09083334, 0.5, 0.2304167, 0.1766667, 0.1532692, 0.14, 0.1316667, 0.1242308, 0.1205769, 0.1176923, 0.115, 0.1123077, 0.1110417, 0.1094231, 0.1066667, 0.1066667, 0.1058333
0.206412, 0.09166666, 0.5, 0.23125, 0.1775, 0.1536538, 0.1404167, 0.1325, 0.1246154, 0.1213461, 0.1184615, 0.1158333, 0.1130769, 0.1114583, 0.1101923, 0.1075, 0.1075, 0.10625
0.2069846, 0.0925, 0.5, 0.2320833, 0.1778846, 0.1540385, 0.1408333, 0.1329167, 0.125, 0.1221154, 0.1192308, 0.1166667, 0.1138462, 0.111875, 0.1109615, 0.1083333, 0.1083333, 0.1066667
0.2072708, 0.09291666, 0.5, 0.2325, 0.1780769, 0.1542308, 0.1410417, 0.133125, 0.1254167, 0.1225, 0.1196154, 0.1170833, 0.1142308, 0.1120833, 0.1113461, 0.10875, 0.10875, 0.106875
0.2075571, 0.09333334, 0.5, 0.2329167, 0.1782692, 0.1544231, 0.14125, 0.1333333, 0.1258333, 0.1227083, 0.12, 0.1175, 0.1146154, 0.1122917, 0.1117308, 0.1091667, 0.1091667, 0.1070833
0.2078434, 0.09375001, 0.5, 0.2333333, 0.1784615, 0.1546154, 0.1414583, 0.1335417, 0.12625, 0.1229167, 0.1202083, 0.1176923, 0.115, 0.1125, 0.1121154, 0.1095833, 0.1095833, 0.1072917
0.2081297, 0.09416667, 0.5, 0.23375, 0.1786538, 0.1548077, 0.1416667, 0.13375, 0.1266667, 0.123125, 0.1204167, 0.1178846, 0.1152083, 0.1128846, 0.1125, 0.11, 0.11, 0.1075
0.208416, 0.09458335, 0.5, 0.2341667, 0.1788462, 0.155, 0.141875, 0.1339583, 0.1270833, 0.1233333, 0.120625, 0.1180769, 0.1154167, 0.1132692, 0.1127083, 0.1104167, 0.1101923, 0.1078846
0.2087023, 0.095, 0.5, 0.2345833, 0.1790385, 0.1554167, 0.1420833, 0.1341667, 0.1275, 0.1235417, 0.1208333, 0.1182692, 0.115625, 0.1136539, 0.1129167, 0.1108333, 0.1103846, 0.1082692
0.2089886, 0.09541667, 0.5, 0.235, 0.1792308, 0.1558333, 0.1422917, 0.134375, 0.1279167, 0.12375, 0.1210417, 0.1184615, 0.1158333, 0.1140385, 0.113125, 0.11125, 0.1105769, 0.1086538
0.2092749, 0.09583335, 0.5, 0.2351923, 0.1794231, 0.15625, 0.1425, 0.1345833, 0.1283333, 0.1239583, 0.12125, 0.1186538, 0.1160417, 0.1144231, 0.1133333, 0.1116667, 0.1107692, 0.1090385
0.2098474, 0.09666666, 0.5, 0.2355769, 0.1798077, 0.1570833, 0.1432692, 0.135, 0.1291667, 0.124375, 0.1216667, 0.1190385, 0.1164583, 0.1151923, 0.11375, 0.1125, 0.1111538, 0.1098077
0.2101337, 0.09708332, 0.5, 0.2357692, 0.18, 0.1575, 0.1436538, 0.1353846, 0.1295833, 0.1245833, 0.121875, 0.1192308, 0.1166667, 0.1155769, 0.1139583, 0.1129167, 0.1113461, 0.1101923
0.21042, 0.0975, 0.5, 0.2359615, 0.1804167, 0.1579167, 0.1440385, 0.1357692, 0.13, 0.1247917, 0.1220833, 0.1194231, 0.116875, 0.1159615, 0.1141667, 0.1133333, 0.1115385, 0.1105769
0.2107063, 0.09791666, 0.5, 0.2361538, 0.1808333, 0.1583333, 0.1444231, 0.1361539, 0.1304167, 0.125, 0.1222917, 0.1196154, 0.1170833, 0.1163462, 0.114375, 0.11375, 0.1117308, 0.1109615
0.2109926, 0.09833333, 0.5, 0.2363462, 0.18125, 0.15875, 0.1448077, 0.1365385, 0.1308333, 0.1253846, 0.1225, 0.1198077, 0.1172917, 0.1167308, 0.1145833, 0.1141667, 0.1119231, 0.1113461
0.2112789, 0.09875001, 0.5, 0.2365385, 0.1816667, 0.1591667, 0.1451923, 0.1369231, 0.13125, 0.1257692, 0.1229167, 0.12, 0.1175, 0.1171154, 0.1147917, 0.1145833, 0.1121154, 0.1117308
0.2115651, 0.09916667, 0.5, 0.2367308, 0.1820833, 0.1595833, 0.1455769, 0.1373077, 0.1316667, 0.1261538, 0.1233333, 0.1204167, 0.1178846, 0.1175, 0.115, 0.115, 0.1123077, 0.1121154
0.2118514, 0.09958333, 0.5, 0.2369231, 0.1825, 0.16, 0.1459615, 0.1376923, 0.1320833, 0.1265385, 0.12375, 0.1208333, 0.1182692, 0.1177083, 0.1153846, 0.1151923, 0.1125, 0.1125
0.2121377, 0.1, 0.5, 0.2371154, 0.1829167, 0.1602083, 0.1463462, 0.1380769, 0.1325, 0.1269231, 0.1241667, 0.12125, 0.1186538, 0.1179167, 0.1157692, 0.1153846, 0.1129167, 0.1129167
0.2127103, 0.1003846, 0.5, 0.2375, 0.18375, 0.160625, 0.1471154, 0.1388462, 0.1333333, 0.1276923, 0.125, 0.1220833, 0.1194231, 0.1183333, 0.1165385, 0.1157692, 0.11375, 0.11375
0.2129966, 0.1005769, 0.5, 0.2377083, 0.1841667, 0.1608333, 0.1475, 0.1392308, 0.13375, 0.1280769, 0.1254167, 0.1225, 0.1198077, 0.1185417, 0.1169231, 0.1159615, 0.1141667, 0.1141667
0.2135691, 0.1009615, 0.5, 0.238125, 0.185, 0.16125, 0.1479167, 0.14, 0.1345833, 0.1288461, 0.12625, 0.1233333, 0.1205769, 0.1189583, 0.1176923, 0.1163462, 0.115, 0.115
0.2138554, 0.1011538, 0.5, 0.2383333, 0.1852083, 0.1614583, 0.148125, 0.1402083, 0.135, 0.1292308, 0.1266667, 0.12375, 0.1209615, 0.1191667, 0.1180769, 0.1165385, 0.1154167, 0.1154167
0.214428, 0.1015385, 0.5, 0.23875, 0.185625, 0.161875, 0.1485417, 0.140625, 0.1353846, 0.13, 0.1275, 0.1245833, 0.1217308, 0.1195833, 0.1188461, 0.1169231, 0.11625, 0.11625
0.2147143, 0.1017308, 0.5, 0.2389583, 0.1858333, 0.1620833, 0.14875, 0.1408333, 0.1355769, 0.1304167, 0.1276923, 0.125, 0.1221154, 0.1197917, 0.1192308, 0.1171154, 0.1166667, 0.1166667
0.2150006, 0.1019231, 0.5, 0.2391667, 0.1860417, 0.1622917, 0.1489583, 0.1410417, 0.1357692, 0.1308333, 0.1278846, 0.1253846, 0.1225, 0.12, 0.1196154, 0.1173077, 0.1170833, 0.1170833
0.2152869, 0.1021154, 0.5, 0.239375, 0.18625, 0.1625, 0.1491667, 0.14125, 0.1359615, 0.13125, 0.1280769, 0.1257692, 0.1229167, 0.1203846, 0.12, 0.1175, 0.1175, 0.1175
0.2158594, 0.1025, 0.5, 0.2397917, 0.1866667, 0.1632692, 0.1495833, 0.1416667, 0.1363462, 0.1320833, 0.1284615, 0.1265385, 0.12375, 0.1211538, 0.1208333, 0.1183333, 0.1182692, 0.1178846
0.2161457, 0.1029167, 0.5, 0.24, 0.186875, 0.1636538, 0.1497917, 0.141875, 0.1365385, 0.1325, 0.1286538, 0.1269231, 0.1241667, 0.1215385, 0.12125, 0.11875, 0.1186538, 0.1180769
0.216432, 0.1033333, 0.5, 0.2402083, 0.1870833, 0.1640384, 0.15, 0.1420833, 0.1367308, 0.1329167, 0.1288462, 0.1273077, 0.1245833, 0.1219231, 0.1216667, 0.1191667, 0.1190385, 0.1182692
0.2170046, 0.1041667, 0.5, 0.240625, 0.1875, 0.1648077, 0.1507692, 0.1425, 0.1371154, 0.13375, 0.1292308, 0.1280769, 0.1254167, 0.1226923, 0.1225, 0.12, 0.1198077, 0.1186538
0.2175771, 0.105, 0.5, 0.2410417, 0.1882692, 0.1655769, 0.1515385, 0.1432692, 0.1375, 0.1345834, 0.1296154, 0.1288462, 0.12625, 0.1234615, 0.1233333, 0.1208333, 0.1205769, 0.1190385
0.2178634, 0.1054167, 0.5, 0.24125, 0.1886539, 0.1659615, 0.1519231, 0.1436538, 0.1379167, 0.135, 0.1298077, 0.1292308, 0.1266667, 0.1238462, 0.12375, 0.12125, 0.1209615, 0.1192308
0.2181497, 0.1058333, 0.5, 0.2414583, 0.1890385, 0.1663461, 0.1523077, 0.1440385, 0.1383333, 0.1351923, 0.13, 0.1296154, 0.1270833, 0.1242308, 0.1241667, 0.1216667, 0.1213462, 0.1194231
0.218436, 0.10625, 0.5, 0.2416667, 0.1894231, 0.1667308, 0.1526923, 0.1444231, 0.13875, 0.1353846, 0.1304166, 0.13, 0.1275, 0.1246154, 0.1245833, 0.1220833, 0.1217308, 0.1196154
0.2187223, 0.1066667, 0.5, 0.241875, 0.1898077, 0.1671154, 0.1530769, 0.1448077, 0.1391667, 0.1355769, 0.1308333, 0.1302083, 0.1276923, 0.125, 0.125, 0.1225, 0.1221154, 0.1198077
0.2190086, 0.1070833, 0.5, 0.2420833, 0.1901923, 0.1675, 0.1534615, 0.1451923, 0.1395833, 0.1357692, 0.13125, 0.1304167, 0.1278846, 0.1254167, 0.1251923, 0.1228846, 0.1225, 0.12
0.2192948, 0.1075, 0.5, 0.2422917, 0.1905769, 0.1677083, 0.1538462, 0.1455769, 0.14, 0.1359615, 0.1316667, 0.130625, 0.1280769, 0.1258333, 0.1253846, 0.1232692, 0.1227083, 0.1203846
0.2195811, 0.1078846, 0.5, 0.2425, 0.1909615, 0.1679167, 0.1542308, 0.1459615, 0.1404167, 0.1361538, 0.1320833, 0.1308333, 0.1282692, 0.12625, 0.1255769, 0.1236539, 0.1229167, 0.1207692
0.2201537, 0.1086538, 0.5, 0.2432692, 0.1917308, 0.1683333, 0.155, 0.1467308, 0.14125, 0.1365385, 0.1329167, 0.13125, 0.1286538, 0.1270833, 0.1259615, 0.1244231, 0.1233333, 0.1215385
0.2207263, 0.1094231, 0.5, 0.2440384, 0.1925, 0.16875, 0.1558333, 0.1475, 0.1420833, 0.1369231, 0.13375, 0.1316667, 0.1290385, 0.1279167, 0.1263462, 0.1251923, 0.12375, 0.1223077
0.2210126, 0.1098077, 0.5, 0.2444231, 0.1927083, 0.1689583, 0.15625, 0.1479166, 0.1425, 0.1371154, 0.1341667, 0.131875, 0.1292308, 0.1283333, 0.1265385, 0.1255769, 0.1239583, 0.1226923
0.2215851, 0.1105769, 0.5, 0.2451923, 0.193125, 0.169375, 0.1570833, 0.14875, 0.1432692, 0.1375, 0.135, 0.1322917, 0.1296154, 0.1291667, 0.1269231, 0.1263462, 0.124375, 0.1234615
0.2218714, 0.1109615, 0.5, 0.2455769, 0.1933333, 0.1695833, 0.1575, 0.1491666, 0.1436539, 0.1379167, 0.1353846, 0.1325, 0.1298077, 0.1295833, 0.1271154, 0.1267308, 0.1245833, 0.1238462
0.2221577, 0.1113461, 0.5, 0.2459615, 0.1935416, 0.1697917, 0.1579167, 0.1495833, 0.1440385, 0.1383333, 0.1357692, 0.1328846, 0.13, 0.13, 0.1273077, 0.1271154, 0.1247917, 0.1242308
0.222444, 0.1117308, 0.5, 0.2463461, 0.19375, 0.17, 0.1583333, 0.15, 0.1444231, 0.13875, 0.1361538, 0.1332692, 0.1304167, 0.1301923, 0.1275, 0.1275, 0.125, 0.1246154
0.2227303, 0.1121154, 0.5, 0.2467308, 0.1939583, 0.1703846, 0.15875, 0.1504167, 0.1448077, 0.1391667, 0.1365385, 0.1336538, 0.1308333, 0.1303846, 0.1279167, 0.1276923, 0.1253846, 0.125
0.2230166, 0.1125, 0.5, 0.2471154, 0.1941666, 0.1707692, 0.1591667, 0.1508333, 0.1451923, 0.1395833, 0.1369231, 0.1340384, 0.13125, 0.1305769, 0.1283333, 0.1278846, 0.1257692, 0.1254167
0.2233029, 0.1128846, 0.5, 0.2475, 0.194375, 0.1711539, 0.1595833, 0.15125, 0.1455769, 0.14, 0.1373077, 0.1344231, 0.1316667, 0.1307692, 0.12875, 0.1280769, 0.1261539, 0.1258333
0.2235891, 0.1132692, 0.5, 0.2477083, 0.1945833, 0.1715385, 0.16, 0.1516667, 0.1459615, 0.1404167, 0.1376923, 0.1348077, 0.1320833, 0.1309615, 0.1291667, 0.1282692, 0.1265385, 0.12625
0.2241617, 0.1140385, 0.5, 0.248125, 0.195, 0.1723077, 0.1603846, 0.1525, 0.1467308, 0.14125, 0.1384615, 0.1355769, 0.1329167, 0.1313462, 0.13, 0.1286538, 0.1273077, 0.1270833
0.2247343, 0.1148077, 0.5, 0.2485417, 0.1957692, 0.1730769, 0.1607692, 0.1528846, 0.1475, 0.1420833, 0.1392308, 0.1363462, 0.13375, 0.1317308, 0.1308333, 0.1290385, 0.1280769, 0.1279167
0.2250206, 0.1151923, 0.5, 0.24875, 0.1961538, 0.1734615, 0.1609615, 0.1530769, 0.1476923, 0.1425, 0.1396154, 0.1367308, 0.1341667, 0.1319231, 0.13125, 0.1292308, 0.1284615, 0.1283333
0.2253069, 0.1155769, 0.5, 0.2489583, 0.1965384, 0.1738462, 0.1611538, 0.1532692, 0.1478846, 0.1428846, 0.14, 0.1371154, 0.1345833, 0.1321154, 0.1316667, 0.1294231, 0.1288462, 0.12875
0.2255931, 0.1159615, 0.5, 0.2491667, 0.1969231, 0.1742308, 0.1613462, 0.1534615, 0.1480769, 0.1432692, 0.1401923, 0.1375, 0.135, 0.1323077, 0.1320833, 0.1296154, 0.1292308, 0.1291667
0.2258794, 0.1163462, 0.5, 0.249375, 0.1973077, 0.1746154, 0.1615385, 0.1536538, 0.1482692, 0.1436538, 0.1403846, 0.1379167, 0.1353846, 0.1325, 0.1325, 0.1298077, 0.1296154, 0.1295833
0.2261657, 0.1167308, 0.5, 0.2495833, 0.1976923, 0.175, 0.1617308, 0.1538462, 0.1484615, 0.1440385, 0.1405769, 0.1383333, 0.1357692, 0.1329167, 0.1328846, 0.13, 0.13, 0.13
0.2267383, 0.1175, 0.5, 0.25, 0.1984615, 0.1754167, 0.1621154, 0.1542308, 0.1488461, 0.1448077, 0.1409615, 0.1391667, 0.1365385, 0.13375, 0.1336538, 0.1308333, 0.1308333, 0.1303846
0.2273109, 0.1179167, 0.5, 0.2503846, 0.1992308, 0.1758333, 0.1625, 0.1546154, 0.1492308, 0.1455769, 0.1413462, 0.14, 0.1373077, 0.1345833, 0.1344231, 0.1316667, 0.1316667, 0.1307692
0.2278834, 0.1183333, 0.5, 0.2507692, 0.2, 0.17625, 0.1633333, 0.155, 0.1496154, 0.1463462, 0.1417308, 0.1408333, 0.1380769, 0.1354167, 0.1351923, 0.1325, 0.1325, 0.1311538
0.228456, 0.11875, 0.5, 0.2511539, 0.2004167, 0.1766667, 0.1641667, 0.1558333, 0.15, 0.1471154, 0.1421154, 0.1416667, 0.1388461, 0.13625, 0.1359615, 0.1333333, 0.1333333, 0.1315385
0.2287423, 0.1189583, 0.5, 0.2513462, 0.200625, 0.176875, 0.1645833, 0.15625, 0.1504167, 0.1475, 0.1423077, 0.1420833, 0.1392308, 0.1366667, 0.1363462, 0.13375, 0.13375, 0.1317308
0.2290286, 0.1191667, 0.5, 0.2515385, 0.2008333, 0.1770833, 0.165, 0.1566667, 0.1508333, 0.1477083, 0.1425, 0.1425, 0.1396154, 0.1370833, 0.1367308, 0.1341667, 0.1341667, 0.1319231
0.2293148, 0.119375, 0.5, 0.2517308, 0.2010417, 0.1772917, 0.1654167, 0.1570833, 0.15125, 0.1479167, 0.1429167, 0.1426923, 0.14, 0.1375, 0.1371154, 0.1345834, 0.1345834, 0.1321154
0.2296011, 0.1195833, 0.5, 0.2519231, 0.20125, 0.1775, 0.1658333, 0.1575, 0.1516667, 0.148125, 0.1433333, 0.1428846, 0.1403846, 0.1378846, 0.1375, 0.135, 0.135, 0.1323077
0.2298874, 0.1197917, 0.5, 0.2521154, 0.2014583, 0.1778846, 0.16625, 0.1579167, 0.1520833, 0.1483333, 0.14375, 0.1430769, 0.1407692, 0.1382692, 0.1377083, 0.1353846, 0.1353846, 0.1325
0.2301737, 0.12, 0.5, 0.2523077, 0.2016667, 0.1782692, 0.1666667, 0.1583333, 0.1525, 0.1485417, 0.1441667, 0.1432692, 0.1411538, 0.1386538, 0.1379167, 0.1357692, 0.1357692, 0.1329166
0.23046, 0.1203846, 0.5, 0.2525, 0.201875, 0.1786538, 0.1670833, 0.15875, 0.1529167, 0.14875, 0.1445833, 0.1434615, 0.1415385, 0.1390385, 0.138125, 0.1361539, 0.1361539, 0.1333333
0.2307463, 0.1207692, 0.5, 0.2529167, 0.2020833, 0.1790385, 0.1675, 0.1591667, 0.1533333, 0.1489583, 0.145, 0.1436538, 0.1419231, 0.1394231, 0.1383333, 0.1365385, 0.1365385, 0.13375
0.2313188, 0.1215385, 0.5, 0.25375, 0.2025, 0.1798077, 0.1678846, 0.16, 0.1541667, 0.149375, 0.1458333, 0.1440385, 0.1426923, 0.1401923, 0.13875, 0.1373077, 0.1373077, 0.1345833
0.2318914, 0.1223077, 0.5, 0.2545833, 0.2032692, 0.1805769, 0.1682692, 0.1607692, 0.155, 0.1497917, 0.1466667, 0.1444231, 0.1434615, 0.1409615, 0.1391667, 0.1380769, 0.1380769, 0.1354167
0.2321777, 0.1226923, 0.5, 0.255, 0.2036538, 0.1809615, 0.1684615, 0.1611539, 0.1553846, 0.15, 0.1470833, 0.1446154, 0.1438461, 0.1413461, 0.139375, 0.1384615, 0.1384615, 0.1358333
0.232464, 0.1230769, 0.5, 0.2554167, 0.2040385, 0.1813462, 0.1686538, 0.1615385, 0.1557692, 0.1503846, 0.1475, 0.1448077, 0.1442308, 0.1417308, 0.1395833, 0.1388462, 0.1388462, 0.13625
0.2327503, 0.1234615, 0.5, 0.2558333, 0.2044231, 0.1817308, 0.1688462, 0.1619231, 0.1561538, 0.1507692, 0.1478846, 0.145, 0.1446154, 0.1421154, 0.1397917, 0.1392308, 0.1392308, 0.1366667
0.2330366, 0.1238462, 0.5, 0.25625, 0.2048077, 0.1821154, 0.1690385, 0.1623077, 0.1565385, 0.1511539, 0.1482692, 0.1453846, 0.145, 0.1425, 0.14, 0.1396154, 0.1396154, 0.1370833
0.2333228, 0.1242308, 0.5, 0.2566667, 0.2051923, 0.1825, 0.1692308, 0.1626923, 0.1569231, 0.1515385, 0.1486538, 0.1457692, 0.1452083, 0.1428846, 0.1403846, 0.14, 0.14, 0.1375
0.2338954, 0.125, 0.5, 0.2575, 0.2059615, 0.1832692, 0.1696154, 0.1634616, 0.1576923, 0.1523077, 0.1494231, 0.1465385, 0.145625, 0.1436538, 0.1411538, 0.1407692, 0.1403846, 0.1382692
0.234468, 0.1258333, 0.5, 0.2578846, 0.2067308, 0.1840385, 0.17, 0.1642308, 0.1584615, 0.1530769, 0.1501923, 0.1473077, 0.1460417, 0.1444231, 0.1419231, 0.1415385, 0.1407692, 0.1390385
0.2350406, 0.1266667, 0.5, 0.2582692, 0.2075, 0.1848077, 0.1708333, 0.165, 0.1592308, 0.1538462, 0.1509615, 0.1480769, 0.1464583, 0.1451923, 0.1426923, 0.1423077, 0.1411538, 0.1398077
0.2356131, 0.1275, 0.5, 0.2586538, 0.2079167, 0.1855769, 0.1716667, 0.1653846, 0.16, 0.1546154, 0.1517308, 0.1488462, 0.146875, 0.1459615, 0.1434615, 0.1430769, 0.1415385, 0.1405769
0.2358994, 0.1279167, 0.5, 0.2588461, 0.208125, 0.1859615, 0.1720833, 0.1655769, 0.1602083, 0.155, 0.1521154, 0.1492308, 0.1470833, 0.1463461, 0.1438461, 0.1434615, 0.1417308, 0.1409615
0.2361857, 0.1283333, 0.5, 0.2590384, 0.2083333, 0.1863462, 0.1725, 0.1657692, 0.1604167, 0.1553846, 0.1525, 0.1496154, 0.1472917, 0.1467308, 0.1442308, 0.1438462, 0.1419231, 0.1413462
0.236472, 0.12875, 0.5, 0.2592308, 0.2085417, 0.1867308, 0.1729167, 0.1659615, 0.160625, 0.1557692, 0.1528846, 0.15, 0.1475, 0.1471154, 0.1446154, 0.1442308, 0.1421154, 0.1417308
0.2367583, 0.1291667, 0.5, 0.2594231, 0.20875, 0.1871154, 0.1733333, 0.1661538, 0.1608333, 0.1561539, 0.1532692, 0.1504167, 0.1478846, 0.1475, 0.145, 0.1446154, 0.1423077, 0.1421154
0.2370446, 0.1295833, 0.5, 0.2596154, 0.2089583, 0.1875, 0.17375, 0.1663462, 0.1610417, 0.1565385, 0.1536538, 0.1508333, 0.1482692, 0.1477083, 0.1453846, 0.145, 0.1425, 0.1425
0.2373309, 0.13, 0.5, 0.2598077, 0.2091667, 0.1877083, 0.1741667, 0.1665385, 0.16125, 0.1569231, 0.1540385, 0.15125, 0.1486538, 0.1479167, 0.1457692, 0.1452083, 0.1428846, 0.1428846
0.2376171, 0.1303846, 0.5, 0.26, 0.209375, 0.1879167, 0.1745833, 0.1667308, 0.1614583, 0.1573077, 0.1544231, 0.1516667, 0.1490385, 0.148125, 0.1461539, 0.1454167, 0.1432692, 0.1432692
0.2379034, 0.1307692, 0.5, 0.2601923, 0.2095833, 0.188125, 0.175, 0.1669231, 0.1616667, 0.1576923, 0.1548077, 0.1520833, 0.1494231, 0.1483333, 0.1465385, 0.145625, 0.1436538, 0.1436538
0.238476, 0.1315385, 0.5, 0.2605769, 0.21, 0.1885417, 0.1757692, 0.1673077, 0.1620833, 0.1584615, 0.1555769, 0.1529167, 0.1501923, 0.14875, 0.1473077, 0.1460417, 0.1444231, 0.1444231
0.2387623, 0.1319231, 0.5, 0.2607692, 0.2103846, 0.18875, 0.1761538, 0.1675, 0.1622917, 0.1588462, 0.1559615, 0.1533333, 0.1505769, 0.1489583, 0.1476923, 0.14625, 0.1448077, 0.1448077
0.2390486, 0.1323077, 0.5, 0.2609615, 0.2107692, 0.1889583, 0.1765385, 0.1679167, 0.1625, 0.1592308, 0.1563462, 0.15375, 0.1509615, 0.1491667, 0.1480769, 0.1464583, 0.1451923, 0.1451923
0.2396211, 0.1330769, 0.5, 0.2613461, 0.2115385, 0.189375, 0.1773077, 0.16875, 0.1632692, 0.16, 0.1571154, 0.1545833, 0.1517308, 0.1495833, 0.1488462, 0.146875, 0.1459615, 0.1459615
0.2399074, 0.1334615, 0.5, 0.2615384, 0.2119231, 0.1895833, 0.1776923, 0.1691667, 0.1636539, 0.1602083, 0.1575, 0.155, 0.1521154, 0.1497917, 0.1492308, 0.1470833, 0.1463462, 0.1463462
0.2401937, 0.1338461, 0.5, 0.2617308, 0.2123077, 0.1897917, 0.1780769, 0.1695834, 0.1640384, 0.1604167, 0.1577083, 0.1551923, 0.1525, 0.15, 0.1496154, 0.1472917, 0.1467308, 0.1467308
0.24048, 0.1342308, 0.5, 0.2619231, 0.2126923, 0.19, 0.1784615, 0.17, 0.1644231, 0.160625, 0.1579167, 0.1553846, 0.1528846, 0.1503846, 0.15, 0.1475, 0.1471154, 0.1471154
0.2407663, 0.1346154, 0.5, 0.2621154, 0.2130769, 0.1903846, 0.1788462, 0.1704167, 0.1648077, 0.1608333, 0.158125, 0.1555769, 0.1532692, 0.1507692, 0.1503846, 0.1478846, 0.1475, 0.1475
0.2410526, 0.135, 0.5, 0.2623077, 0.2134615, 0.1907692, 0.1792308, 0.1708333, 0.1651923, 0.1610417, 0.1583333, 0.1557692, 0.1536538, 0.1511538, 0.1507692, 0.1482692, 0.1479167, 0.1478846
0.2413388, 0.1351923, 0.5, 0.2625, 0.2138462, 0.1911538, 0.1796154, 0.17125, 0.1655769, 0.16125, 0.1585417, 0.1559615, 0.1540385, 0.1515385, 0.1511538, 0.1486538, 0.1483333, 0.1482692
0.2416251, 0.1353846, 0.5, 0.2629167, 0.2142308, 0.1915385, 0.18, 0.1716667, 0.1659615, 0.1614583, 0.15875, 0.1561538, 0.1544231, 0.1519231, 0.1515385, 0.1490384, 0.14875, 0.1486538
0.2421977, 0.1357692, 0.5, 0.26375, 0.215, 0.1923077, 0.1803846, 0.1725, 0.1667308, 0.161875, 0.1591667, 0.1565385, 0.1551923, 0.1526923, 0.1523077, 0.1498077, 0.1495833, 0.1494231
0.2427703, 0.1361538, 0.5, 0.2645833, 0.2153846, 0.1930769, 0.1807692, 0.1732692, 0.1675, 0.1622917, 0.1595833, 0.1569231, 0.1559615, 0.1534615, 0.1530769, 0.1505769, 0.1504167, 0.1501923
0.2430566, 0.1363462, 0.5, 0.265, 0.2155769, 0.1934615, 0.1809615, 0.1736539, 0.1678846, 0.1625, 0.1597917, 0.1571154, 0.1563462, 0.1538462, 0.1534615, 0.1509615, 0.1508333, 0.1505769
0.2433428, 0.1365385, 0.5, 0.2654167, 0.2157692, 0.1938461, 0.1811538, 0.1740385, 0.1682692, 0.1628846, 0.16, 0.1573077, 0.1567308, 0.1542308, 0.1538461, 0.1513462, 0.15125, 0.1509615
0.2436291, 0.1367308, 0.5, 0.2658333, 0.2159615, 0.1942308, 0.1813462, 0.1744231, 0.1686538, 0.1632692, 0.1603846, 0.1575, 0.1571154, 0.1546154, 0.1542308, 0.1517308, 0.1516667, 0.1513462
0.2439154, 0.1369231, 0.5, 0.26625, 0.2161538, 0.1946154, 0.1815385, 0.1748077, 0.1690385, 0.1636538, 0.1607692, 0.1578846, 0.1575, 0.155, 0.1546154, 0.1521154, 0.1520834, 0.1517308
0.2442017, 0.1371154, 0.5, 0.2666667, 0.2163462, 0.195, 0.1817308, 0.1751923, 0.1694231, 0.1640384, 0.1611538, 0.1582692, 0.1577083, 0.1553846, 0.155, 0.1525, 0.1525, 0.1521154
0.244488, 0.1373077, 0.5, 0.2670833, 0.2165385, 0.1951923, 0.1819231, 0.1755769, 0.1698077, 0.1644231, 0.1615385, 0.1586539, 0.1579167, 0.1557692, 0.1552083, 0.1528846, 0.1528846, 0.1525
0.2447743, 0.1375, 0.5, 0.2675, 0.2167308, 0.1953846, 0.1821154, 0.1759615, 0.1701923, 0.1648077, 0.1619231, 0.1590385, 0.158125, 0.1561538, 0.1554167, 0.1532692, 0.1532692, 0.1527083
0.2450606, 0.1378846, 0.5, 0.2676923, 0.2169231, 0.1955769, 0.1823077, 0.1763462, 0.1705769, 0.1651923, 0.1623077, 0.1594231, 0.1583333, 0.1565385, 0.155625, 0.1536538, 0.1536538, 0.1529167
0.2453468, 0.1382692, 0.5, 0.2678846, 0.2171154, 0.1957692, 0.1825, 0.1767308, 0.1709615, 0.1655769, 0.1626923, 0.1598077, 0.1585417, 0.1569231, 0.1558333, 0.1540385, 0.1540385, 0.153125
0.2459194, 0.1390385, 0.5, 0.2682692, 0.2175, 0.1961538, 0.1833334, 0.1775, 0.1717308, 0.1663461, 0.1634615, 0.1605769, 0.1589583, 0.1576923, 0.15625, 0.1548077, 0.1548077, 0.1535417
0.246492, 0.1398077, 0.5, 0.2686539, 0.2183333, 0.1965385, 0.1841667, 0.1778846, 0.1725, 0.1671154, 0.1642308, 0.1613462, 0.159375, 0.1584615, 0.1566667, 0.1555769, 0.1555769, 0.1539583
0.2467783, 0.1401923, 0.5, 0.2688462, 0.21875, 0.1967308, 0.1845834, 0.1780769, 0.1726923, 0.1675, 0.1646154, 0.1617308, 0.1595833, 0.1588462, 0.156875, 0.1559615, 0.1559615, 0.1541667
0.2470646, 0.1405769, 0.5, 0.2690385, 0.2191667, 0.1969231, 0.185, 0.1782692, 0.1728846, 0.1678846, 0.165, 0.1621154, 0.1597917, 0.1592308, 0.1570833, 0.1563461, 0.1563461, 0.154375
0.2473509, 0.1409615, 0.5, 0.2692308, 0.2195833, 0.1971154, 0.1854167, 0.1784615, 0.1730769, 0.1682692, 0.1653846, 0.1625, 0.16, 0.1596154, 0.1572917, 0.1567308, 0.1567308, 0.1545833
0.2476371, 0.1413462, 0.5, 0.2694231, 0.22, 0.1973077, 0.1858333, 0.1786538, 0.1732692, 0.1686538, 0.1657692, 0.1628846, 0.1603846, 0.16, 0.1575, 0.1571154, 0.1571154, 0.1547917
0.2479234, 0.1417308, 0.5, 0.2696154, 0.2204167, 0.1975, 0.18625, 0.1788462, 0.1734615, 0.1690385, 0.1661539, 0.1632692, 0.1607692, 0.1603846, 0.1578846, 0.1575, 0.1575, 0.155
0.248496, 0.1425, 0.5, 0.27, 0.22125, 0.1983334, 0.1870833, 0.1792308, 0.1738462, 0.1698077, 0.1669231, 0.1640384, 0.1615385, 0.1611539, 0.1586539, 0.1582692, 0.1578846, 0.1557692
0.2487823, 0.1428846, 0.5, 0.2701923, 0.2216666, 0.19875, 0.1875, 0.1794231, 0.1740385, 0.1701923, 0.1673077, 0.1644231, 0.1619231, 0.1615385, 0.1590385, 0.1586538, 0.1580769, 0.1561538
0.2490686, 0.1432692, 0.5, 0.2703846, 0.2220833, 0.1991667, 0.1878846, 0.1796154, 0.1742308, 0.1705769, 0.1676923, 0.1648077, 0.1623077, 0.1619231, 0.1594231, 0.1590385, 0.1582692, 0.1565385
0.2493549, 0.1436539, 0.5, 0.2705769, 0.2225, 0.1995834, 0.1882692, 0.1798077, 0.1744231, 0.1709615, 0.1680769, 0.1651923, 0.1626923, 0.1623077, 0.1598077, 0.1594231, 0.1584615, 0.1569231
0.2496411, 0.1440385, 0.5, 0.2707692, 0.2226923, 0.2, 0.1886538, 0.18, 0.1746154, 0.1713461, 0.1684615, 0.1655769, 0.1630769, 0.1626923, 0.1601923, 0.1598077, 0.1586538, 0.1573077
0.2502137, 0.1448077, 0.5, 0.2711539, 0.2230769, 0.2008334, 0.1894231, 0.1807692, 0.175, 0.1721154, 0.1692308, 0.1663462, 0.1638462, 0.1634616, 0.1609616, 0.1605769, 0.1590385, 0.1580769
0.2505, 0.1451923, 0.5, 0.2713462, 0.2232692, 0.20125, 0.1898077, 0.1811538, 0.1754166, 0.1725, 0.1696154, 0.1667308, 0.1642308, 0.1638462, 0.1613462, 0.1609615, 0.1592308, 0.1584615
0.2507863, 0.1455769, 0.5, 0.2715385, 0.2234615, 0.2016667, 0.1901923, 0.1815384, 0.1758333, 0.1728846, 0.17, 0.1671154, 0.1646154, 0.1642308, 0.1617308, 0.1613461, 0.1594231, 0.1588461
0.2510726, 0.1459615, 0.5, 0.2717308, 0.2236538, 0.2020833, 0.1905769, 0.1819231, 0.17625, 0.1732692, 0.1703846, 0.1675, 0.165, 0.1646154, 0.1621154, 0.1617308, 0.1596154, 0.1592308
0.2513588, 0.1463461, 0.5, 0.2719231, 0.2238461, 0.2025, 0.1909615, 0.1823077, 0.1766666, 0.1736538, 0.1707692, 0.1679167, 0.1653846, 0.165, 0.1625, 0.1621154, 0.1598077, 0.1596154
0.2516451, 0.1467308, 0.5, 0.2721154, 0.2240385, 0.2028846, 0.1913462, 0.1826923, 0.1770833, 0.1740385, 0.1711539, 0.1683334, 0.1657693, 0.1651923, 0.1628846, 0.1625, 0.16, 0.16
0.2522177, 0.1475, 0.5, 0.2725, 0.2244231, 0.2036539, 0.1921154, 0.1834615, 0.1779166, 0.1748077, 0.1719231, 0.1691667, 0.1665385, 0.1655769, 0.1636539, 0.1633333, 0.1607692, 0.1607692
0.252504, 0.1479166, 0.5, 0.2729167, 0.2246154, 0.2040385, 0.1925, 0.1838461, 0.1783333, 0.1751923, 0.1723077, 0.1695834, 0.1669231, 0.1657692, 0.1640385, 0.16375, 0.1611538, 0.1611538
0.2530766, 0.14875, 0.5, 0.27375, 0.225, 0.2048077, 0.1928846, 0.1846154, 0.1791666, 0.1759615, 0.1730769, 0.1704167, 0.1676923, 0.1661538, 0.1648077, 0.1645833, 0.1619231, 0.1619231
0.2533629, 0.1491667, 0.5, 0.2741667, 0.2253847, 0.2051923, 0.1930769, 0.185, 0.1795833, 0.1763462, 0.1734616, 0.1708334, 0.168077, 0.1663462, 0.1651924, 0.165, 0.1623077, 0.1623077
0.2536491, 0.1495833, 0.5, 0.2745833, 0.2257693, 0.2055769, 0.1932692, 0.1853846, 0.18, 0.1767308, 0.1738462, 0.17125, 0.1684616, 0.1665385, 0.1655769, 0.1654167, 0.1626923, 0.1626923
0.2542217, 0.1504167, 0.5, 0.2754167, 0.2265385, 0.2063462, 0.1936538, 0.1861538, 0.1807692, 0.1775, 0.1746154, 0.1720833, 0.1692308, 0.1669231, 0.1663462, 0.16625, 0.1634615, 0.1634615
0.254508, 0.1508333, 0.5, 0.2758333, 0.2269231, 0.2067308, 0.1938462, 0.1865384, 0.1811538, 0.1776923, 0.175, 0.1725, 0.1696154, 0.1671154, 0.1667308, 0.1666667, 0.1638462, 0.1638462
0.2547943, 0.15125, 0.5, 0.27625, 0.2273077, 0.2071154, 0.1940385, 0.186923, 0.1815384, 0.1778846, 0.1751923, 0.1726923, 0.17, 0.1673077, 0.1671154, 0.1670833, 0.1642307, 0.1642307
0.2550806, 0.1516666, 0.5, 0.2766666, 0.2276923, 0.2075, 0.1942308, 0.1873077, 0.181923, 0.1780769, 0.1753846, 0.1728846, 0.1703846, 0.1675, 0.1675, 0.1675, 0.1646154, 0.1646154
0.2553669, 0.1520833, 0.5, 0.2770833, 0.2280769, 0.2076923, 0.1944231, 0.1876923, 0.1823077, 0.1782692, 0.1755769, 0.1730769, 0.1707693, 0.1678846, 0.1678846, 0.1676923, 0.165, 0.165
0.2556531, 0.1525, 0.5, 0.2775, 0.2284616, 0.2078846, 0.1946154, 0.1880769, 0.1826923, 0.1784615, 0.1757692, 0.1732692, 0.1711539, 0.1682693, 0.1682693, 0.1678846, 0.1653846, 0.1653846
0.2562257, 0.1532692, 0.5, 0.2778846, 0.2292308, 0.2082692, 0.195, 0.1888461, 0.1834615, 0.1788462, 0.1761538, 0.1736538, 0.1719231, 0.1690385, 0.1690385, 0.1682692, 0.1661538, 0.1661538
0.2567983, 0.1540384, 0.5, 0.2782692, 0.23, 0.2086538, 0.1957692, 0.1896153, 0.1842307, 0.1792307, 0.1765385, 0.1740385, 0.1726923, 0.1698077, 0.1698077, 0.1686538, 0.166923, 0.166923
0.2570846, 0.1544231, 0.5, 0.2784615, 0.2301923, 0.2088462, 0.1961539, 0.19, 0.1846154, 0.1794231, 0.1767308, 0.1742308, 0.173077, 0.1701923, 0.1701923, 0.1688462, 0.1673077, 0.1673077
0.2573709, 0.1548077, 0.5, 0.2786539, 0.2303846, 0.2090385, 0.1965385, 0.1902083, 0.185, 0.1796154, 0.1769231, 0.1744231, 0.1734616, 0.1705769, 0.1705769, 0.1690385, 0.1676923, 0.1676923
0.2579434, 0.1555769, 0.5, 0.2790385, 0.2307692, 0.2094231, 0.1973077, 0.190625, 0.1857692, 0.18, 0.1773077, 0.1748077, 0.1742308, 0.1713462, 0.1713462, 0.1694231, 0.1684615, 0.1684615
0.2582297, 0.1559615, 0.5, 0.2792308, 0.2309615, 0.2096154, 0.1976923, 0.1908333, 0.1861538, 0.1804167, 0.1775, 0.175, 0.1746154, 0.1717308, 0.1717308, 0.1696154, 0.1688461, 0.1688461
0.258516, 0.1563461, 0.5, 0.2794231, 0.2311538, 0.2098077, 0.1980769, 0.1910416, 0.1865384, 0.1808333, 0.1779167, 0.1753846, 0.175, 0.1721154, 0.1721154, 0.1698077, 0.1692307, 0.1692307
0.2588023, 0.1567307, 0.5, 0.2796154, 0.2313462, 0.21, 0.1984615, 0.19125, 0.1869231, 0.18125, 0.1783333, 0.1757692, 0.1753846, 0.1725, 0.1725, 0.17, 0.1696154, 0.1696154
0.2590886, 0.1571154, 0.5, 0.2798077, 0.2315385, 0.2103846, 0.1988462, 0.1914583, 0.1873077, 0.1816667, 0.17875, 0.1761539, 0.1757693, 0.1729167, 0.1728846, 0.1703846, 0.17, 0.17
0.2593749, 0.1575, 0.5, 0.28, 0.2317308, 0.2107693, 0.1992308, 0.1916667, 0.1876923, 0.1820833, 0.1791667, 0.1765385, 0.1761539, 0.1733334, 0.1732693, 0.1707693, 0.1703846, 0.1703846
0.2599474, 0.1582692, 0.5, 0.2803846, 0.2321154, 0.2115385, 0.2, 0.1920833, 0.1884615, 0.1829167, 0.18, 0.1773077, 0.1769231, 0.1741667, 0.1740385, 0.1715385, 0.1711538, 0.1711538
0.26052, 0.1590384, 0.5, 0.2807692, 0.2325, 0.2123077, 0.2007692, 0.1925, 0.1892307, 0.18375, 0.1808333, 0.1780769, 0.1776923, 0.175, 0.1748077, 0.1723077, 0.171923, 0.171923
0.2610926, 0.1598077, 0.5, 0.2811539, 0.2332693, 0.2130769, 0.2015385, 0.1932693, 0.19, 0.1845834, 0.1816667, 0.1788462, 0.1784616, 0.1758334, 0.1755769, 0.1730769, 0.1726923, 0.1726923
0.2613789, 0.1601923, 0.5, 0.2813461, 0.2336539, 0.2134616, 0.2019231, 0.1936539, 0.1901923, 0.185, 0.1820833, 0.1792308, 0.1788462, 0.17625, 0.1759616, 0.1734616, 0.1730769, 0.1730769
0.2616651, 0.1605769, 0.5, 0.2815385, 0.2340385, 0.2138462, 0.2023077, 0.1940385, 0.1903846, 0.1853846, 0.1825, 0.1796154, 0.1792308, 0.1766667, 0.1763462, 0.1738462, 0.1734615, 0.1734615
0.2619514, 0.1609615, 0.5, 0.2817308, 0.2344231, 0.2142308, 0.2026923, 0.1944231, 0.1905769, 0.1857692, 0.1828846, 0.18, 0.1796154, 0.1770833, 0.1767308, 0.1742308, 0.1738461, 0.1738461
0.2622377, 0.1613461, 0.5, 0.2819231, 0.2348077, 0.2146154, 0.2030769, 0.1948077, 0.1907692, 0.1861538, 0.1832692, 0.1803846, 0.18, 0.1775, 0.1771154, 0.1746154, 0.1742307, 0.1742307
0.262524, 0.1617307, 0.5, 0.2821154, 0.2351923, 0.215, 0.2034615, 0.1951923, 0.1909615, 0.1865384, 0.1836538, 0.1807692, 0.1801923, 0.1778846, 0.1775, 0.175, 0.1746154, 0.1746154
0.2628103, 0.1621154, 0.5, 0.2823077, 0.2355769, 0.2153846, 0.2038462, 0.195577, 0.1911538, 0.1869231, 0.1840385, 0.1811538, 0.1803846, 0.1782693, 0.1776923, 0.1753846, 0.175, 0.175
0.2630966, 0.1625, 0.5, 0.2825, 0.2359616, 0.2157693, 0.2042308, 0.1959616, 0.1913462, 0.1873077, 0.1844231, 0.1815385, 0.1805769, 0.1786539, 0.1778846, 0.1757693, 0.1753846, 0.1751923
0.2636691, 0.1632692, 0.5, 0.2832692, 0.2367308, 0.2165385, 0.205, 0.1967308, 0.1917308, 0.1880769, 0.1851923, 0.1823077, 0.1809615, 0.1794231, 0.1782692, 0.1765385, 0.1761538, 0.1755769
0.2642417, 0.1640384, 0.5, 0.2840384, 0.2375, 0.2173077, 0.2057692, 0.1975, 0.1921154, 0.1888461, 0.1859615, 0.1830769, 0.1813461, 0.1801923, 0.1786538, 0.1773077, 0.176923, 0.1759615
0.2648143, 0.1648077, 0.5, 0.2848077, 0.2383334, 0.2180769, 0.2065385, 0.1982693, 0.1925, 0.1896154, 0.1867308, 0.1838462, 0.1817308, 0.1809616, 0.1790385, 0.1780769, 0.1776923, 0.1763462
0.2651006, 0.1651923, 0.5, 0.2851923, 0.23875, 0.2184616, 0.2069231, 0.1986539, 0.1928846, 0.19, 0.1871154, 0.1842308, 0.1819231, 0.1813462, 0.1792308, 0.1784616, 0.1780769, 0.1765385
0.2653868, 0.1655769, 0.5, 0.2855769, 0.2391667, 0.2188462, 0.2073077, 0.1990385, 0.1932692, 0.1903846, 0.1875, 0.1846154, 0.1821154, 0.1817308, 0.1794231, 0.1788462, 0.1784615, 0.1767308
0.2656731, 0.1659615, 0.5, 0.2859615, 0.2395833, 0.2192308, 0.2076923, 0.1994231, 0.1936538, 0.1907692, 0.1878846, 0.185, 0.1823077, 0.1821154, 0.1796154, 0.1792308, 0.1788461, 0.1769231
0.2659594, 0.1663461, 0.5, 0.2863461, 0.24, 0.2196154, 0.2080769, 0.1998077, 0.1940384, 0.1911538, 0.1882692, 0.1853846, 0.1825, 0.1825, 0.1798077, 0.1796154, 0.1792307, 0.1771154
0.2662457, 0.1667307, 0.5, 0.2867307, 0.2404167, 0.22, 0.2084615, 0.2001923, 0.194423, 0.1915384, 0.1886538, 0.1857692, 0.1828846, 0.1828846, 0.18, 0.18, 0.1796153, 0.1773077
0.266532, 0.1671154, 0.5, 0.2871154, 0.2408334, 0.2201923, 0.2088462, 0.200577, 0.1948077, 0.1919231, 0.1890385, 0.1861539, 0.1832693, 0.1832693, 0.1803846, 0.1803846, 0.18, 0.1775
0.2668183, 0.1675, 0.5, 0.2875, 0.24125, 0.2203846, 0.2092308, 0.2009616, 0.1951923, 0.1923077, 0.1894231, 0.1865385, 0.1836539, 0.1836539, 0.1807692, 0.1807692, 0.1801923, 0.1778846
0.2673908, 0.1678846, 0.5, 0.2878846, 0.2420833, 0.2207692, 0.21, 0.2017308, 0.1959615, 0.1930769, 0.1901923, 0.1873077, 0.1844231, 0.1844231, 0.1815385, 0.1815385, 0.1805769, 0.1786538
0.2676771, 0.1680769, 0.5, 0.2880769, 0.2425, 0.2209615, 0.2101923, 0.2021154, 0.1963461, 0.1934615, 0.1905769, 0.1876923, 0.1848077, 0.1848077, 0.1819231, 0.1819231, 0.1807692, 0.1790384
0.2679634, 0.1682692, 0.5, 0.2882692, 0.2426923, 0.2211538, 0.2103846, 0.2025, 0.1967307, 0.1938461, 0.1909615, 0.1880769, 0.1851923, 0.1851923, 0.1823077, 0.1823077, 0.1809615, 0.179423
0.268536, 0.1686538, 0.5, 0.2886539, 0.2430769, 0.2215385, 0.2107692, 0.2032693, 0.1975, 0.1946154, 0.1917308, 0.1888462, 0.1859616, 0.1859616, 0.1830769, 0.1830769, 0.1813461, 0.1801923
0.2688223, 0.1688462, 0.5, 0.2888461, 0.2432692, 0.2217308, 0.2109615, 0.2036539, 0.1978846, 0.195, 0.1921154, 0.1892308, 0.1863462, 0.1863462, 0.1834616, 0.1834616, 0.1815385, 0.1805769
0.2691086, 0.1690385, 0.5, 0.2890384, 0.2434615, 0.2219231, 0.2111538, 0.2040385, 0.1982692, 0.1951923, 0.1925, 0.1896154, 0.1867308, 0.1867308, 0.1838462, 0.1838462, 0.1817308, 0.1809615
0.2693948, 0.1692308, 0.5, 0.2892308, 0.2436538, 0.2221154, 0.2113461, 0.2044231, 0.1986538, 0.1953846, 0.1926923, 0.19, 0.1871154, 0.1871154, 0.1842308, 0.1842308, 0.1819231, 0.1813461
0.2696811, 0.1694231, 0.5, 0.289423, 0.2438461, 0.2223077, 0.2115385, 0.2048077, 0.1990384, 0.1955769, 0.1928846, 0.1903846, 0.1875, 0.1875, 0.1846154, 0.1846154, 0.1821154, 0.1817307
0.2699674, 0.1696154, 0.5, 0.2896154, 0.2440385, 0.2225, 0.2117308, 0.2051923, 0.1994231, 0.1957692, 0.1930769, 0.1907692, 0.1878846, 0.1876923, 0.185, 0.185, 0.1823077, 0.1821154
0.2702537, 0.1698077, 0.5, 0.2898077, 0.2442308, 0.2229167, 0.2119231, 0.205577, 0.1998077, 0.1959615, 0.1932692, 0.1911539, 0.1882693, 0.1878846, 0.1853846, 0.1853846, 0.1825, 0.1825
0.27054, 0.17, 0.5, 0.29, 0.2444231, 0.2233334, 0.2121154, 0.2059616, 0.2001923, 0.1961538, 0.1934615, 0.1915385, 0.1886539, 0.1880769, 0.1857693, 0.1857693, 0.1828846, 0.1828846
0.2711126, 0.1707692, 0.5, 0.2903846, 0.2448077, 0.2241667, 0.2125, 0.2067308, 0.2009615, 0.1965385, 0.1938462, 0.1923077, 0.1894231, 0.1884615, 0.1865385, 0.1865385, 0.1836538, 0.1836538
0.2713988, 0.1711538, 0.5, 0.2905769, 0.245, 0.2245833, 0.2129167, 0.2071154, 0.2013461, 0.1967308, 0.1940385, 0.1926923, 0.1898077, 0.1886538, 0.1869231, 0.1869231, 0.1840384, 0.1840384
0.2716851, 0.1715384, 0.5, 0.2907692, 0.2453846, 0.225, 0.2133333, 0.2075, 0.2017307, 0.1969231, 0.1942308, 0.1930769, 0.1901923, 0.1888462, 0.1873077, 0.1873077, 0.184423, 0.184423
0.2722577, 0.1723077, 0.5, 0.2911538, 0.2461539, 0.2258334, 0.2141667, 0.2078846, 0.2025, 0.1973077, 0.1946154, 0.1938462, 0.1909616, 0.1892308, 0.1880769, 0.1880769, 0.1851923, 0.1851923
0.272544, 0.1726923, 0.5, 0.2913461, 0.2465385, 0.22625, 0.2145834, 0.2080769, 0.2028846, 0.1975, 0.1948077, 0.1942308, 0.1913462, 0.1894231, 0.1884616, 0.1884616, 0.1855769, 0.1855769
0.2728303, 0.1730769, 0.5, 0.2915384, 0.2469231, 0.2266667, 0.215, 0.2082692, 0.2032692, 0.1978846, 0.195, 0.1946154, 0.1917308, 0.1896154, 0.1888462, 0.1888462, 0.1859615, 0.1859615
0.2731166, 0.1734615, 0.5, 0.2917308, 0.2473077, 0.2270833, 0.2154167, 0.2084615, 0.2036538, 0.1982692, 0.1953846, 0.195, 0.1921154, 0.1898077, 0.1892308, 0.1892308, 0.1863461, 0.1863461
0.2734028, 0.1738461, 0.5, 0.291923, 0.2476923, 0.2275, 0.2158333, 0.2086538, 0.2040384, 0.1986538, 0.1957692, 0.1951923, 0.1925, 0.19, 0.1896154, 0.1896154, 0.1867307, 0.1867307
0.2736891, 0.1742307, 0.5, 0.2921154, 0.2480769, 0.2278846, 0.21625, 0.2088462, 0.2044231, 0.1990384, 0.1961538, 0.1953846, 0.1928846, 0.1903846, 0.19, 0.19, 0.1871154, 0.1871154
0.2739754, 0.1746154, 0.5, 0.2923077, 0.2484616, 0.2282693, 0.2166667, 0.2090385, 0.2048077, 0.1994231, 0.1965385, 0.1955769, 0.1932693, 0.1907693, 0.1903846, 0.1901923, 0.1875, 0.1875
0.2742617, 0.175, 0.5, 0.2925, 0.2488462, 0.2286539, 0.2170833, 0.2092308, 0.2051923, 0.1998077, 0.1969231, 0.1957692, 0.1936539, 0.1911539, 0.1907692, 0.1903846, 0.1878846, 0.1878846
0.274548, 0.1753846, 0.5, 0.2928846, 0.2492308, 0.2290385, 0.2175, 0.2094231, 0.2055769, 0.2001923, 0.1973077, 0.1959615, 0.1940385, 0.1915385, 0.1911539, 0.1905769, 0.1882692, 0.1882692
0.2751206, 0.1761538, 0.5, 0.2936538, 0.25, 0.2298077, 0.2182692, 0.2098077, 0.2063461, 0.2009615, 0.1980769, 0.1963461, 0.1948077, 0.1923077, 0.1919231, 0.1909615, 0.1890384, 0.1890384
0.2754068, 0.1765384, 0.5, 0.2940384, 0.2501923, 0.2301923, 0.2186538, 0.21, 0.2067307, 0.2013461, 0.1984615, 0.1965385, 0.1951923, 0.1926923, 0.1923077, 0.1911538, 0.189423, 0.189423
0.2759794, 0.1773077, 0.5, 0.2948077, 0.2505769, 0.2309616, 0.2194231, 0.2107693, 0.2075, 0.2021154, 0.1992308, 0.1969231, 0.1959616, 0.1934616, 0.1930769, 0.1915385, 0.1901923, 0.1901923
0.2762657, 0.1776923, 0.5, 0.2951923, 0.2507692, 0.2313462, 0.2198077, 0.2111539, 0.2076923, 0.2025, 0.1996154, 0.1971154, 0.1963462, 0.1938462, 0.1934615, 0.1917308, 0.1905769, 0.1905769
0.276552, 0.1780769, 0.5, 0.2955769, 0.2509615, 0.2317308, 0.2201923, 0.2115385, 0.2078846, 0.2028846, 0.2, 0.1973077, 0.1967308, 0.1942308, 0.1938461, 0.1919231, 0.1909615, 0.1909615
0.2768383, 0.1784615, 0.5, 0.2959615, 0.2511539, 0.2321154, 0.2205769, 0.2119231, 0.2080769, 0.2032692, 0.2003846, 0.1975, 0.1971154, 0.1946154, 0.1942307, 0.1921154, 0.1913461, 0.1913461
0.2771246, 0.1788461, 0.5, 0.2963461, 0.2513461, 0.2325, 0.2209615, 0.2123077, 0.2082692, 0.2036538, 0.2007692, 0.1978846, 0.1975, 0.195, 0.1946153, 0.1923077, 0.1917307, 0.1917307
0.2774109, 0.1792308, 0.5, 0.2967308, 0.2515385, 0.2326923, 0.2213462, 0.2126924, 0.2084615, 0.2040385, 0.2011539, 0.1982693, 0.1978846, 0.1953847, 0.195, 0.1925, 0.1921154, 0.1921154
0.2776971, 0.1796154, 0.5, 0.2971154, 0.2517308, 0.2328846, 0.2217308, 0.2130769, 0.2086538, 0.2044231, 0.2015385, 0.1986539, 0.1982693, 0.1957693, 0.1953846, 0.1928846, 0.1925, 0.1925
0.2779834, 0.18, 0.5, 0.2975, 0.2519231, 0.2330769, 0.2221154, 0.2134616, 0.2088462, 0.2048077, 0.2019231, 0.1990385, 0.1986539, 0.1961539, 0.1957692, 0.1932692, 0.1928846, 0.1928846
0.2782697, 0.1803846, 0.5, 0.2976923, 0.2521154, 0.2332692, 0.2225, 0.2138462, 0.2090385, 0.2051923, 0.2023077, 0.1994231, 0.1990385, 0.1965385, 0.1961538, 0.1936538, 0.1932692, 0.1932692
0.2788423, 0.1811538, 0.5, 0.2980769, 0.2525, 0.2336538, 0.2228846, 0.2146154, 0.2094231, 0.2059615, 0.2030769, 0.2001923, 0.1998077, 0.1973077, 0.196923, 0.194423, 0.1940384, 0.1940384
0.2791286, 0.1815384, 0.5, 0.2982692, 0.2528846, 0.2338462, 0.2230769, 0.215, 0.2096154, 0.2063461, 0.2034615, 0.2005769, 0.2001923, 0.1976923, 0.1973076, 0.1948076, 0.194423, 0.194423
0.2797011, 0.1823077, 0.5, 0.2986538, 0.2536539, 0.2342308, 0.2234615, 0.2157693, 0.21, 0.2071154, 0.2042308, 0.2013462, 0.2009616, 0.1984616, 0.1980769, 0.1955769, 0.1951923, 0.1951923
0.2799874, 0.1826923, 0.5, 0.2988462, 0.2540385, 0.2344231, 0.2236538, 0.2161539, 0.2103846, 0.2075, 0.2046154, 0.2017308, 0.2013462, 0.1988462, 0.1984615, 0.1959615, 0.1955769, 0.1955769
0.2802737, 0.1830769, 0.5, 0.2990385, 0.2544231, 0.2346154, 0.2238462, 0.2165385, 0.2107692, 0.2078846, 0.205, 0.2021154, 0.2017308, 0.1992308, 0.1988461, 0.1963461, 0.1959615, 0.1959615
0.28056, 0.1834615, 0.5, 0.2992308, 0.2548077, 0.2348077, 0.2240385, 0.2169231, 0.2111538, 0.2082692, 0.2053846, 0.2025, 0.2021154, 0.1996154, 0.1992307, 0.1967307, 0.1963461, 0.1963461
0.2808463, 0.1838461, 0.5, 0.2994231, 0.2551923, 0.235, 0.2242308, 0.2173077, 0.2115384, 0.2086538, 0.2057692, 0.2028846, 0.2025, 0.2, 0.1996153, 0.1971153, 0.1967307, 0.1967307
0.2811326, 0.1842308, 0.5, 0.2996154, 0.2555769, 0.2353846, 0.2244231, 0.2176923, 0.2119231, 0.2090385, 0.2061539, 0.2032693, 0.2028846, 0.2003846, 0.2, 0.1975, 0.1971154, 0.1971154
0.2814189, 0.1846154, 0.5, 0.2998077, 0.2559616, 0.2357693, 0.2246154, 0.218077, 0.2123077, 0.2094231, 0.2065385, 0.2036539, 0.2032693, 0.2007693, 0.2003846, 0.1978846, 0.1975, 0.1975
0.2817051, 0.185, 0.5, 0.3, 0.2563462, 0.2361539, 0.2248077, 0.2184616, 0.2126923, 0.2098077, 0.2069231, 0.2040385, 0.2036539, 0.2011539, 0.2007692, 0.1982692, 0.1978846, 0.1978846
0.2819914, 0.1853846, 0.5, 0.3001923, 0.2567308, 0.2365385, 0.225, 0.2188462, 0.2130769, 0.2101923, 0.2073077, 0.2044231, 0.2040385, 0.2015385, 0.2011538, 0.1986538, 0.1982692, 0.1982692
0.282564, 0.1861538, 0.5, 0.3005769, 0.2575, 0.2373077, 0.2257143, 0.2196154, 0.2138461, 0.2109615, 0.2080769, 0.2051923, 0.2048077, 0.2023077, 0.2019231, 0.1994231, 0.1990384, 0.1990384
0.2828503, 0.1865384, 0.5, 0.3007692, 0.2576923, 0.2376923, 0.2260714, 0.22, 0.2142307, 0.2113461, 0.2084615, 0.2055769, 0.2051923, 0.2026923, 0.2023077, 0.1998077, 0.199423, 0.199423
0.2834229, 0.1873077, 0.5, 0.3011539, 0.2580769, 0.2384616, 0.2267857, 0.2207693, 0.215, 0.2121154, 0.2092308, 0.2063462, 0.2059616, 0.2034616, 0.2030769, 0.2005769, 0.2001923, 0.2001923
0.2837091, 0.1876923, 0.5, 0.3013462, 0.2582692, 0.2388462, 0.2271429, 0.2211539, 0.2153846, 0.2125, 0.2096154, 0.2067308, 0.2063462, 0.2038462, 0.2034615, 0.2009615, 0.2005769, 0.2005769
0.2839954, 0.1880769, 0.5, 0.3015385, 0.2584615, 0.2392308, 0.2275, 0.2215385, 0.2157692, 0.2128846, 0.21, 0.2071154, 0.2067308, 0.2042308, 0.2038461, 0.2013461, 0.2009615, 0.2009615
0.2842817, 0.1884615, 0.5, 0.3017308, 0.2586538, 0.2396154, 0.2278571, 0.2219231, 0.2161538, 0.2132692, 0.2103846, 0.2075, 0.2071154, 0.2046154, 0.2042307, 0.2017307, 0.2013461, 0.2013461
0.284568, 0.1888461, 0.5, 0.3019231, 0.2588461, 0.24, 0.2282143, 0.2223077, 0.2165384, 0.2136538, 0.2107692, 0.2078846, 0.2075, 0.205, 0.2046154, 0.2021154, 0.2017307, 0.2017307
0.2848543, 0.1892308, 0.5, 0.3021154, 0.2590385, 0.2403847, 0.2285714, 0.2226923, 0.2169231, 0.2140385, 0.2111539, 0.2082693, 0.2076923, 0.2053572, 0.205, 0.2025, 0.2021154, 0.2021154
0.2851406, 0.1896154, 0.5, 0.3023077, 0.2592308, 0.2407693, 0.2289286, 0.223077, 0.2173077, 0.2144231, 0.2115385, 0.2086539, 0.2078846, 0.2057143, 0.2051923, 0.2028846, 0.2025, 0.2025
0.2854269, 0.19, 0.5, 0.3025, 0.2594231, 0.2411539, 0.2292857, 0.2234616, 0.2176923, 0.2148077, 0.2119231, 0.2090385, 0.2080769, 0.2060714, 0.2053846, 0.2032692, 0.2028846, 0.2026923
0.2859994, 0.1907692, 0.5, 0.3032692, 0.2598077, 0.2419231, 0.23, 0.2242308, 0.2184615, 0.2155769, 0.2126923, 0.2098077, 0.2084615, 0.2067857, 0.2057692, 0.2040384, 0.2036538, 0.2030769
0.2862857, 0.1911538, 0.5, 0.3036538, 0.26, 0.2423077, 0.2303846, 0.2246154, 0.2188461, 0.2159615, 0.2130769, 0.2101923, 0.2086538, 0.2071428, 0.2059615, 0.2044231, 0.2040384, 0.2032692
0.286572, 0.1915384, 0.5, 0.3040384, 0.2603846, 0.2426923, 0.2307692, 0.225, 0.2192307, 0.2163461, 0.2134615, 0.2105769, 0.2088462, 0.2075, 0.2061538, 0.2048077, 0.204423, 0.2034615
0.2871446, 0.1923077, 0.5, 0.3048077, 0.2611538, 0.2434616, 0.2315385, 0.2253846, 0.22, 0.2171154, 0.2142308, 0.2113462, 0.2092308, 0.2082143, 0.2065385, 0.2055769, 0.2051923, 0.2038462
0.2874309, 0.1926923, 0.5, 0.3051923, 0.2615385, 0.2438462, 0.2319231, 0.2255769, 0.2203846, 0.2175, 0.2146154, 0.2117308, 0.2094231, 0.2085714, 0.2067308, 0.2059615, 0.2055769, 0.2040385
0.2877171, 0.1930769, 0.5, 0.3055769, 0.2619231, 0.2442308, 0.2323077, 0.2257692, 0.2207692, 0.2176786, 0.215, 0.2121154, 0.2096154, 0.2089286, 0.2069231, 0.2063461, 0.2059615, 0.2042308
0.2880034, 0.1934615, 0.5, 0.3059615, 0.2623077, 0.2446154, 0.2326923, 0.2259615, 0.2211538, 0.2178571, 0.2153571, 0.2125, 0.2098077, 0.2092857, 0.2071154, 0.2067307, 0.2063461, 0.2044231
0.2882897, 0.1938461, 0.5, 0.3063461, 0.2626923, 0.245, 0.2330769, 0.2261539, 0.2215384, 0.2180357, 0.2157143, 0.2128846, 0.21, 0.2096428, 0.2073077, 0.2071154, 0.2067307, 0.2046154
0.288576, 0.1942308, 0.5, 0.3067308, 0.2630769, 0.2451786, 0.2334616, 0.2263462, 0.2219231, 0.2182143, 0.2160715, 0.2132693, 0.2103847, 0.21, 0.2075, 0.2075, 0.2071154, 0.2048077
0.2888623, 0.1946154, 0.5, 0.3071154, 0.2634616, 0.2453572, 0.2338462, 0.2265385, 0.2223077, 0.2183929, 0.2164286, 0.2136539, 0.2107693, 0.2103846, 0.2078846, 0.2078571, 0.2075, 0.205
0.2891486, 0.195, 0.5, 0.3075, 0.2638462, 0.2455357, 0.2342308, 0.2267308, 0.2226923, 0.2185714, 0.2167857, 0.2140385, 0.2111539, 0.2107692, 0.2082692, 0.2082143, 0.2078846, 0.2053846
0.2897211, 0.1957692, 0.5, 0.3078846, 0.2646154, 0.2458929, 0.235, 0.2271154, 0.2234615, 0.2189286, 0.2175, 0.2148077, 0.2119231, 0.2115384, 0.2090384, 0.2089286, 0.2086538, 0.2061538
0.2900074, 0.1961538, 0.5, 0.3080769, 0.265, 0.2460714, 0.2353846, 0.2273077, 0.2238461, 0.2191071, 0.2178571, 0.2151923, 0.2123077, 0.211923, 0.209423, 0.2092857, 0.2090384, 0.2065384
0.2902937, 0.1965384, 0.5, 0.3082692, 0.2653846, 0.24625, 0.2357692, 0.2275, 0.2242307, 0.2192857, 0.2182143, 0.2155769, 0.2126923, 0.2123076, 0.2098076, 0.2096428, 0.2094231, 0.206923
0.2908663, 0.1973077, 0.5, 0.3086539, 0.2661538, 0.2466072, 0.2365385, 0.2282693, 0.225, 0.2196429, 0.2189286, 0.2163462, 0.2134616, 0.2130769, 0.2105769, 0.2103571, 0.2101923, 0.2076923
0.2914388, 0.1980769, 0.5, 0.3090385, 0.2669231, 0.2469643, 0.2373077, 0.2290385, 0.2257692, 0.22, 0.2196429, 0.2171154, 0.2142308, 0.2138461, 0.2113461, 0.2110714, 0.2109615, 0.2084615
0.2917251, 0.1984615, 0.5, 0.3092308, 0.2673077, 0.2471429, 0.2376923, 0.2294231, 0.2261538, 0.2203846, 0.22, 0.2175, 0.2146154, 0.2142307, 0.2117307, 0.2114286, 0.2113461, 0.2088461
0.2920114, 0.1988461, 0.5, 0.3094231, 0.2676923, 0.2473214, 0.2380769, 0.2298077, 0.2265384, 0.2207692, 0.2201923, 0.2178571, 0.215, 0.2146153, 0.2121153, 0.2117857, 0.2117307, 0.2092307
0.2922977, 0.1992308, 0.5, 0.3096154, 0.268077, 0.2475, 0.2384616, 0.2301923, 0.2269231, 0.2211539, 0.2203846, 0.2182143, 0.2153846, 0.215, 0.2125, 0.2121429, 0.2121154, 0.2096154
0.292584, 0.1996154, 0.5, 0.3098077, 0.2684616, 0.2478846, 0.2388462, 0.230577, 0.2273077, 0.2215385, 0.2205769, 0.2185715, 0.2157693, 0.2153846, 0.2128846, 0.2125, 0.2125, 0.21
0.2928703, 0.2, 0.5, 0.31, 0.2688462, 0.2482692, 0.2392308, 0.2309616, 0.2276923, 0.2219231, 0.2207692, 0.2189286, 0.2161539, 0.2157692, 0.2132692, 0.2128846, 0.2126923, 0.2103846
0.2931566, 0.2003571, 0.5, 0.3101923, 0.2692308, 0.2486538, 0.2396154, 0.2313462, 0.2280769, 0.2223077, 0.2209615, 0.2192857, 0.2165385, 0.2161538, 0.2136538, 0.2132692, 0.2128846, 0.2107692
0.2934428, 0.2007143, 0.5, 0.3103846, 0.2696154, 0.2490384, 0.24, 0.2317308, 0.2284615, 0.2226923, 0.2211538, 0.2196429, 0.2169231, 0.2165384, 0.2140384, 0.2136538, 0.2130769, 0.2111538
0.2937291, 0.2010714, 0.5, 0.3105769, 0.27, 0.2494231, 0.2401923, 0.2321154, 0.2288461, 0.2230769, 0.2213462, 0.22, 0.2173077, 0.2169231, 0.2144231, 0.2140384, 0.2132692, 0.2115384
0.2940154, 0.2014285, 0.5, 0.3107692, 0.2701923, 0.2498077, 0.2403846, 0.2325, 0.2292307, 0.2234615, 0.2215385, 0.2203571, 0.2176923, 0.2173077, 0.2148077, 0.214423, 0.2134615, 0.211923
0.294588, 0.2021429, 0.5, 0.3111539, 0.270577, 0.2505769, 0.2407692, 0.2332143, 0.23, 0.2242308, 0.2219231, 0.2210715, 0.2184616, 0.2180769, 0.2155769, 0.2151923, 0.2138462, 0.2126923
0.2951606, 0.2028571, 0.5, 0.3115385, 0.2709616, 0.2513461, 0.2411538, 0.2339286, 0.2303846, 0.225, 0.2223077, 0.2217857, 0.2192308, 0.2188461, 0.2163461, 0.2159615, 0.2142308, 0.2134615
0.2954468, 0.2032143, 0.5, 0.3117308, 0.2711539, 0.2517307, 0.2413462, 0.2342857, 0.2305769, 0.2253846, 0.2225, 0.2221429, 0.2196154, 0.2192307, 0.2167307, 0.2163461, 0.2144231, 0.2138461
0.2957331, 0.2035714, 0.5, 0.3119231, 0.2713462, 0.2521153, 0.2415385, 0.2346428, 0.2307692, 0.2257692, 0.2228846, 0.2225, 0.22, 0.2196154, 0.2171154, 0.2167307, 0.2146154, 0.2142307
0.2960194, 0.2039286, 0.5, 0.3121154, 0.2715385, 0.2525, 0.2417308, 0.235, 0.2309615, 0.2261539, 0.2232693, 0.2226923, 0.2203846, 0.22, 0.2175, 0.2171154, 0.2148077, 0.2146154
0.2963057, 0.2042857, 0.5, 0.3123077, 0.2717308, 0.2528846, 0.2419231, 0.2353572, 0.2311538, 0.2265385, 0.2236539, 0.2228846, 0.2207693, 0.2201923, 0.2178571, 0.2175, 0.215, 0.215
0.296592, 0.2046429, 0.5, 0.3125, 0.2719231, 0.2532692, 0.2421154, 0.2357143, 0.2313462, 0.2269231, 0.2240385, 0.2230769, 0.2211539, 0.2203846, 0.2182143, 0.2178846, 0.2153846, 0.2153571
0.2968783, 0.205, 0.5, 0.3128846, 0.2721154, 0.2536538, 0.2423077, 0.2360714, 0.2315385, 0.2273077, 0.2244231, 0.2232692, 0.2215385, 0.2205769, 0.2185714, 0.2182692, 0.2157692, 0.2157143
0.2971646, 0.2053846, 0.5, 0.3132692, 0.2723077, 0.2540384, 0.2425, 0.2364285, 0.2317308, 0.2276923, 0.2248077, 0.2234615, 0.2219231, 0.2207692, 0.2189285, 0.2186538, 0.2161538, 0.2160714
0.2974508, 0.2057692, 0.5, 0.3136538, 0.2725, 0.2544231, 0.2428846, 0.2367857, 0.2319231, 0.2280769, 0.2251923, 0.2236538, 0.2223077, 0.2209615, 0.2192857, 0.2190384, 0.2165384, 0.2164285
0.2980234, 0.2065385, 0.5, 0.3144231, 0.2732143, 0.2551923, 0.2436539, 0.2375, 0.2323077, 0.2288462, 0.2259616, 0.2240385, 0.223077, 0.2213462, 0.22, 0.2198077, 0.2173077, 0.2171429
0.2983097, 0.2069231, 0.5, 0.3148077, 0.2735715, 0.2555769, 0.2440385, 0.2378846, 0.2325, 0.2292308, 0.2263462, 0.2242308, 0.2234616, 0.2215385, 0.2203571, 0.2201923, 0.2176923, 0.2175
0.2988823, 0.2076923, 0.5, 0.3155769, 0.2742857, 0.2563461, 0.2448077, 0.2386538, 0.2332143, 0.23, 0.2271154, 0.2246154, 0.2242308, 0.2219231, 0.2210714, 0.2209615, 0.2184615, 0.2182143
0.2991686, 0.2080769, 0.5, 0.3159615, 0.2746429, 0.2567307, 0.2451923, 0.2390384, 0.2335714, 0.2303846, 0.2275, 0.2248077, 0.2246154, 0.2221154, 0.2214285, 0.2213461, 0.2188461, 0.2185714
0.2994548, 0.2084615, 0.5, 0.3163461, 0.275, 0.2571153, 0.2455769, 0.239423, 0.2339285, 0.2307692, 0.2278846, 0.225, 0.225, 0.2223077, 0.2217857, 0.2217307, 0.2192307, 0.2189285
0.2997411, 0.2088462, 0.5, 0.3167308, 0.2753572, 0.2575, 0.2459616, 0.2398077, 0.2342857, 0.2311539, 0.2282693, 0.2253847, 0.2253572, 0.2225, 0.2221429, 0.2221154, 0.2196154, 0.2192857
0.3000274, 0.2092308, 0.5, 0.3171154, 0.2757143, 0.2576923, 0.2463462, 0.2401923, 0.2346429, 0.2315385, 0.2286539, 0.2257693, 0.2257143, 0.2228846, 0.2225, 0.2225, 0.22, 0.2196429
0.3003137, 0.2096154, 0.5, 0.3175, 0.2760715, 0.2578846, 0.2467308, 0.2405769, 0.235, 0.2319231, 0.2290385, 0.2261539, 0.2260714, 0.2232692, 0.2228846, 0.2228846, 0.2203571, 0.22
0.3006, 0.21, 0.5, 0.3176923, 0.2764286, 0.2580769, 0.2471154, 0.2409615, 0.2353571, 0.2323077, 0.2294231, 0.2265385, 0.2264286, 0.2236538, 0.2232692, 0.2232692, 0.2207143, 0.2203846
0.3008863, 0.2103846, 0.5, 0.3178846, 0.2767857, 0.2582692, 0.2475, 0.2413461, 0.2357143, 0.2326923, 0.2298077, 0.2269231, 0.2267857, 0.2240384, 0.2236538, 0.2236538, 0.2210714, 0.2207692
0.3011726, 0.2107692, 0.5, 0.3180769, 0.2771429, 0.2584615, 0.2478846, 0.2417307, 0.2360714, 0.2330769, 0.2301923, 0.2273077, 0.2271429, 0.224423, 0.2240384, 0.2240384, 0.2214285, 0.2211538
0.3014588, 0.2111538, 0.5, 0.3182692, 0.2775, 0.2586538, 0.2482692, 0.2421153, 0.2364285, 0.2334615, 0.2305769, 0.2276923, 0.2275, 0.2248076, 0.2244231, 0.2244231, 0.2217857, 0.2215384
0.3017451, 0.2115385, 0.5, 0.3184615, 0.2776923, 0.2588461, 0.2486539, 0.2425, 0.2367857, 0.2338462, 0.2309616, 0.228077, 0.2278572, 0.2251923, 0.2248077, 0.2248077, 0.2221429, 0.2219231
0.3023177, 0.2123077, 0.5, 0.3188461, 0.2780769, 0.2592308, 0.2494231, 0.2432692, 0.2375, 0.2346154, 0.2317308, 0.2288462, 0.2285714, 0.2259615, 0.2255769, 0.2255769, 0.2228571, 0.2226923
0.302604, 0.2126923, 0.5, 0.3190385, 0.2782692, 0.259423, 0.2498077, 0.2436538, 0.2378846, 0.235, 0.2321154, 0.2292308, 0.2289286, 0.2263461, 0.2259615, 0.2259615, 0.2232143, 0.2230769
0.3028903, 0.2130769, 0.5, 0.3192308, 0.2784615, 0.2596154, 0.2501923, 0.2440384, 0.2382692, 0.2353846, 0.2325, 0.2296154, 0.2292857, 0.2267307, 0.2263462, 0.2263462, 0.2235714, 0.2234615
0.3031766, 0.2134615, 0.5, 0.319423, 0.2786539, 0.2598077, 0.2505769, 0.244423, 0.2386538, 0.2357692, 0.2328846, 0.23, 0.2296428, 0.2271153, 0.2267307, 0.2267307, 0.2239285, 0.2238461
0.3034629, 0.2138462, 0.5, 0.3196154, 0.2788462, 0.26, 0.2509616, 0.2448077, 0.2390385, 0.2361539, 0.2332693, 0.2303846, 0.23, 0.2275, 0.2271154, 0.2271154, 0.2242857, 0.2242308
0.3037491, 0.2142308, 0.5, 0.3198077, 0.2790385, 0.2603846, 0.2513462, 0.2451923, 0.2394231, 0.2365385, 0.2336539, 0.2307693, 0.2303846, 0.2278846, 0.2275, 0.2275, 0.2246429, 0.2246154
0.3040354, 0.2146154, 0.5, 0.32, 0.2792308, 0.2607692, 0.2517308, 0.2455769, 0.2398077, 0.2369231, 0.2340385, 0.2311539, 0.2307692, 0.2282692, 0.2278846, 0.2276923, 0.225, 0.225
0.3043217, 0.215, 0.5, 0.3201923, 0.2794231, 0.2611538, 0.2521154, 0.2459615, 0.2401923, 0.2373077, 0.2344231, 0.2315385, 0.2311538, 0.2286538, 0.2282692, 0.2278846, 0.2253846, 0.2253846
0.304608, 0.2153846, 0.5, 0.3203846, 0.2796154, 0.2615384, 0.2525, 0.2463461, 0.2405769, 0.2376923, 0.2348077, 0.2319231, 0.2315384, 0.2290384, 0.2286538, 0.2280769, 0.2257692, 0.2257692
0.3051805, 0.2161538, 0.5, 0.3207692, 0.28, 0.2623076, 0.2532692, 0.2471153, 0.2413461, 0.2384615, 0.2355769, 0.2326923, 0.2323077, 0.2298077, 0.229423, 0.2284615, 0.2265384, 0.2265384
0.3054669, 0.2165385, 0.5, 0.3209615, 0.2803847, 0.2626923, 0.2536539, 0.2475, 0.2417308, 0.2388462, 0.2359616, 0.233077, 0.2326923, 0.2301923, 0.2298077, 0.2286538, 0.2269231, 0.2269231
0.3060394, 0.2173077, 0.5, 0.3213461, 0.2811539, 0.2634615, 0.2544231, 0.2478846, 0.2425, 0.2396154, 0.2367308, 0.2338462, 0.2334615, 0.2309615, 0.2305769, 0.2290385, 0.2276923, 0.2276923
0.3063257, 0.2176923, 0.5, 0.3215384, 0.2815385, 0.2638461, 0.2548077, 0.2480769, 0.2428846, 0.24, 0.2371154, 0.2342308, 0.2338461, 0.2313461, 0.2309615, 0.2292308, 0.2280769, 0.2280769
0.306612, 0.2180769, 0.5, 0.3217308, 0.2819231, 0.2642307, 0.2551923, 0.2482692, 0.2432692, 0.2403846, 0.2375, 0.2346154, 0.2342307, 0.2317307, 0.2313461, 0.2294231, 0.2284615, 0.2284615
0.3068983, 0.2184615, 0.5, 0.321923, 0.2823077, 0.2646153, 0.2555769, 0.2484615, 0.2436538, 0.2407692, 0.2378571, 0.235, 0.2346154, 0.2321154, 0.2317307, 0.2296154, 0.2288461, 0.2288461
0.3071846, 0.2188462, 0.5, 0.3221154, 0.2826923, 0.265, 0.2559616, 0.2486538, 0.2440385, 0.2411539, 0.2382143, 0.2353846, 0.235, 0.2325, 0.2321154, 0.2298077, 0.2292308, 0.2292308
0.3074709, 0.2192308, 0.5, 0.3223077, 0.2830769, 0.2653846, 0.2563462, 0.2488462, 0.2444231, 0.2415385, 0.2385714, 0.2357693, 0.2351923, 0.2328571, 0.2325, 0.23, 0.2296154, 0.2296154
0.3077571, 0.2196154, 0.5, 0.3225, 0.2834616, 0.2657692, 0.2567308, 0.2490385, 0.2448077, 0.2419231, 0.2389286, 0.2361539, 0.2353846, 0.2332143, 0.2328846, 0.2303572, 0.23, 0.23
0.3080434, 0.22, 0.5, 0.3228571, 0.2838462, 0.2661538, 0.2571154, 0.2492308, 0.2451923, 0.2423077, 0.2392857, 0.2365385, 0.2355769, 0.2335714, 0.2332692, 0.2307143, 0.2303846, 0.2303846
0.3083297, 0.2203846, 0.5, 0.3232143, 0.2842308, 0.2665384, 0.2575, 0.2494231, 0.2455769, 0.2426923, 0.2396429, 0.2369231, 0.2357692, 0.2339286, 0.2336538, 0.2310714, 0.2307692, 0.2307692
0.3089023, 0.2211538, 0.5, 0.3239285, 0.285, 0.2673077, 0.2578571, 0.2498077, 0.2463461, 0.2434615, 0.2403571, 0.2376923, 0.2361538, 0.2346428, 0.234423, 0.2317857, 0.2315384, 0.2315384
0.3091886, 0.2215385, 0.5, 0.3242857, 0.2851923, 0.2676923, 0.2580357, 0.25, 0.2467308, 0.2438462, 0.2407143, 0.2380769, 0.2363462, 0.235, 0.2348077, 0.2321429, 0.2319231, 0.2319231
0.3097611, 0.2223077, 0.5, 0.325, 0.2855769, 0.2684615, 0.2583928, 0.2507692, 0.2475, 0.2446154, 0.2414286, 0.2388462, 0.2367308, 0.2357143, 0.2355769, 0.2328572, 0.2326923, 0.2326923
0.3100474, 0.2226923, 0.5, 0.3253571, 0.2857692, 0.2688462, 0.2585714, 0.2511538, 0.2478846, 0.245, 0.2417857, 0.2392308, 0.2369231, 0.2360714, 0.2359615, 0.2332143, 0.2330769, 0.2330769
0.31062, 0.2234615, 0.5, 0.3260714, 0.2861539, 0.2696154, 0.2589286, 0.2519231, 0.2486538, 0.2453571, 0.2425, 0.24, 0.2373077, 0.2367857, 0.2367307, 0.2339286, 0.2338461, 0.2338461
0.3109063, 0.2238462, 0.5, 0.3264286, 0.2863462, 0.27, 0.2591071, 0.2523077, 0.2490385, 0.2455357, 0.2428847, 0.2403572, 0.2375, 0.2371429, 0.2371154, 0.2342857, 0.2342308, 0.2342308
0.3111926, 0.2242308, 0.5, 0.3267857, 0.2865385, 0.2701923, 0.2592857, 0.2526923, 0.2494231, 0.2457143, 0.2432692, 0.2407143, 0.2378846, 0.2375, 0.2375, 0.2346429, 0.2346154, 0.2346154
0.3114789, 0.2246154, 0.5, 0.3271428, 0.2867308, 0.2703846, 0.2594643, 0.2530769, 0.2498077, 0.2458929, 0.2436539, 0.2410714, 0.2382692, 0.2378846, 0.2378846, 0.235, 0.235, 0.235
0.3117651, 0.225, 0.5, 0.3275, 0.2869231, 0.2705769, 0.2596428, 0.2534615, 0.2501923, 0.2460714, 0.2440385, 0.2414286, 0.2386538, 0.2382692, 0.2382692, 0.2353846, 0.2353846, 0.2353572
0.3123377, 0.2257143, 0.5, 0.3278846, 0.2873077, 0.2709615, 0.26, 0.2542307, 0.2509615, 0.2464286, 0.2448077, 0.2421428, 0.239423, 0.2390384, 0.2390384, 0.2361538, 0.2361538, 0.2360714
0.312624, 0.2260714, 0.5, 0.3280769, 0.2875, 0.2711538, 0.2603846, 0.2546154, 0.2513461, 0.2466071, 0.2451923, 0.2425, 0.2398077, 0.239423, 0.239423, 0.2365384, 0.2365384, 0.2364286
0.3129103, 0.2264286, 0.5, 0.3282692, 0.2878847, 0.2713462, 0.2607692, 0.255, 0.2517308, 0.2467857, 0.245577, 0.2428572, 0.2401923, 0.2398077, 0.2398077, 0.2369231, 0.2369231, 0.2367857
0.3131966, 0.2267857, 0.5, 0.3284615, 0.2882693, 0.2715385, 0.2611539, 0.2553571, 0.2521154, 0.2469643, 0.2459616, 0.2432143, 0.2405769, 0.2401923, 0.2401923, 0.2373077, 0.2373077, 0.2371429
0.3134829, 0.2271429, 0.5, 0.3286538, 0.2886539, 0.2717308, 0.2615385, 0.2557143, 0.2525, 0.2471429, 0.2463462, 0.2435714, 0.2409615, 0.2405769, 0.2405769, 0.2376923, 0.2376923, 0.2375
0.3140554, 0.2278571, 0.5, 0.3290385, 0.2894231, 0.2721154, 0.2623077, 0.2564285, 0.2528846, 0.2475, 0.2471154, 0.2442857, 0.2417307, 0.2413461, 0.2413461, 0.2384615, 0.2384615, 0.2382143
0.3143417, 0.2282143, 0.5, 0.3292308, 0.2898077, 0.2723077, 0.2626923, 0.2567857, 0.2530769, 0.2478846, 0.2475, 0.2446428, 0.2421153, 0.2417307, 0.2417307, 0.2388461, 0.2388461, 0.2385714
0.314628, 0.2285714, 0.5, 0.3294231, 0.2901923, 0.2725, 0.263077, 0.2571429, 0.2532692, 0.2482693, 0.2476923, 0.245, 0.2425, 0.2421154, 0.2421154, 0.2392308, 0.2392308, 0.2389286
0.3149143, 0.2289286, 0.5, 0.3296154, 0.2905769, 0.2728572, 0.2634616, 0.2575, 0.2534615, 0.2486539, 0.2478846, 0.2453846, 0.2428571, 0.2425, 0.2425, 0.2396154, 0.2396154, 0.2392857
0.3152006, 0.2292857, 0.5, 0.3298077, 0.2909616, 0.2732143, 0.2638462, 0.2578571, 0.2536539, 0.2490385, 0.2480769, 0.2457692, 0.2432143, 0.2428846, 0.2426786, 0.24, 0.24, 0.2396429
0.3154868, 0.2296429, 0.5, 0.33, 0.2913462, 0.2735714, 0.2642308, 0.2582143, 0.2538461, 0.2494231, 0.2482692, 0.2461538, 0.2435714, 0.2432692, 0.2428571, 0.2403846, 0.2403571, 0.24
0.3157731, 0.23, 0.5, 0.3301923, 0.2917308, 0.2739286, 0.2646154, 0.2585714, 0.2540385, 0.2498077, 0.2484615, 0.2465384, 0.2439286, 0.2436538, 0.2430357, 0.2407692, 0.2407143, 0.2403846
0.3160594, 0.2303846, 0.5, 0.3303846, 0.2921154, 0.2742857, 0.265, 0.2589285, 0.2542308, 0.2501923, 0.2486538, 0.246923, 0.2442857, 0.2440384, 0.2432143, 0.2411538, 0.2410714, 0.2407692
0.3163457, 0.2307692, 0.5, 0.3305769, 0.2925, 0.2746428, 0.2653846, 0.2592857, 0.2544231, 0.2505769, 0.2488462, 0.2473077, 0.2446428, 0.244423, 0.2433928, 0.2415384, 0.2414285, 0.2411538
0.3169183, 0.2315385, 0.5, 0.3309616, 0.2932692, 0.2753572, 0.2661539, 0.26, 0.2548077, 0.2513462, 0.2492308, 0.2480769, 0.2453571, 0.2451923, 0.24375, 0.2423077, 0.2421429, 0.2419231
0.3172046, 0.2319231, 0.5, 0.3311539, 0.2936538, 0.2757143, 0.2665385, 0.2603846, 0.255, 0.2517308, 0.2494231, 0.2484615, 0.2457143, 0.2455769, 0.2439286, 0.2426923, 0.2425, 0.2423077
0.3177771, 0.2326923, 0.5, 0.3315385, 0.2944231, 0.2764286, 0.2673077, 0.2611538, 0.2557143, 0.2525, 0.2498077, 0.2492307, 0.2464285, 0.2463461, 0.2442857, 0.2434615, 0.2432143, 0.2430769
0.3180634, 0.2330769, 0.5, 0.3317308, 0.2948077, 0.2767857, 0.2676923, 0.2615384, 0.2560714, 0.2528846, 0.25, 0.2496154, 0.2467857, 0.2467307, 0.2444643, 0.2438461, 0.2435714, 0.2434615
0.3183497, 0.2334616, 0.5, 0.3319231, 0.2951923, 0.2771429, 0.268077, 0.2619231, 0.2564286, 0.2532693, 0.2503847, 0.25, 0.2471429, 0.2471154, 0.2446429, 0.2442308, 0.2439286, 0.2438462
0.318636, 0.2338462, 0.5, 0.3321154, 0.2955769, 0.2775, 0.2684616, 0.2623077, 0.2567857, 0.2536539, 0.2507693, 0.2503846, 0.2475, 0.2475, 0.2448214, 0.2446154, 0.2442857, 0.2442308
0.3189223, 0.2342308, 0.5, 0.3323077, 0.2959616, 0.2778846, 0.2688462, 0.2626923, 0.2571429, 0.2540385, 0.2511539, 0.2507692, 0.2478846, 0.2478571, 0.245, 0.245, 0.2446429, 0.2446154
0.3192086, 0.2346154, 0.5, 0.3325, 0.2963462, 0.2782692, 0.2692308, 0.2630769, 0.2575, 0.2544231, 0.2515385, 0.2511538, 0.2482692, 0.2482143, 0.2453846, 0.2453571, 0.245, 0.245
0.3194948, 0.235, 0.5, 0.3328846, 0.2967308, 0.2786538, 0.2696154, 0.2634615, 0.2578571, 0.2548077, 0.2519231, 0.2515384, 0.2486538, 0.2485714, 0.2457692, 0.2457143, 0.2453846, 0.2451923
0.3197811, 0.2353846, 0.5, 0.3332692, 0.2971154, 0.2790384, 0.27, 0.2638461, 0.2582143, 0.2551923, 0.2523077, 0.2519231, 0.2490384, 0.2489286, 0.2461538, 0.2460714, 0.2457692, 0.2453846
0.3200674, 0.2357692, 0.5, 0.3336538, 0.2975, 0.2794231, 0.2701923, 0.2642307, 0.2585714, 0.2555769, 0.2526923, 0.2523077, 0.249423, 0.2492857, 0.2465384, 0.2464286, 0.2461538, 0.2455769
0.32064, 0.2365385, 0.5, 0.3344231, 0.2978571, 0.2801923, 0.270577, 0.265, 0.2592857, 0.2563462, 0.2534616, 0.2530769, 0.2501923, 0.25, 0.2473077, 0.2471429, 0.2469231, 0.2459615
0.3212126, 0.2373077, 0.5, 0.3351923, 0.2982143, 0.2809615, 0.2709616, 0.2653846, 0.26, 0.2571154, 0.2542308, 0.2538461, 0.2509615, 0.2507143, 0.2480769, 0.2478571, 0.2476923, 0.2463462
0.3214988, 0.2376923, 0.5, 0.3355769, 0.2983929, 0.2813461, 0.2711539, 0.2655769, 0.2603846, 0.2575, 0.2546154, 0.2542307, 0.2513461, 0.2510714, 0.2484615, 0.2482143, 0.2480769, 0.2465385
0.3217851, 0.2380769, 0.5, 0.3359615, 0.2985714, 0.2817307, 0.2713462, 0.2657692, 0.2607692, 0.2578571, 0.255, 0.2546153, 0.2517307, 0.2514285, 0.2488461, 0.2485714, 0.2484615, 0.2467308
0.3220714, 0.2384616, 0.5, 0.3363462, 0.29875, 0.2821154, 0.2715385, 0.2659615, 0.2611539, 0.2582143, 0.2553572, 0.255, 0.2521154, 0.2517857, 0.2492308, 0.2489286, 0.2488462, 0.2469231
0.3223577, 0.2388462, 0.5, 0.3367308, 0.2989286, 0.2825, 0.2717308, 0.2661538, 0.2615385, 0.2585714, 0.2557143, 0.2551786, 0.2525, 0.2521429, 0.2496154, 0.2492857, 0.2492308, 0.2471154
0.322644, 0.2392308, 0.5, 0.3371154, 0.2991071, 0.2826923, 0.2719231, 0.2663462, 0.2619231, 0.2589286, 0.2560714, 0.2553571, 0.2528846, 0.2525, 0.25, 0.2496429, 0.2496154, 0.2473077
0.3229303, 0.2396154, 0.5, 0.3375, 0.2992857, 0.2828846, 0.2721154, 0.2665385, 0.2623077, 0.2592857, 0.2564286, 0.2555357, 0.2532692, 0.2528846, 0.2503846, 0.25, 0.25, 0.2475
0.3232166, 0.24, 0.5, 0.3376786, 0.2994643, 0.2830769, 0.2723077, 0.2667308, 0.2626923, 0.2596429, 0.2567857, 0.2557143, 0.2536538, 0.2532692, 0.2507692, 0.2503846, 0.2503846, 0.2478571
0.3235028, 0.2401786, 0.5, 0.3378571, 0.2996429, 0.2832692, 0.2725, 0.2669231, 0.2630769, 0.26, 0.2571428, 0.2558928, 0.2540384, 0.2536538, 0.2511538, 0.2507692, 0.2507692, 0.2482143
0.3240754, 0.2405357, 0.5, 0.3382143, 0.3, 0.2836539, 0.2732143, 0.2673077, 0.2638462, 0.2607143, 0.2578571, 0.25625, 0.2548077, 0.2544231, 0.2519231, 0.2515385, 0.2515385, 0.2489286
0.3243617, 0.2407143, 0.5, 0.3383929, 0.3003846, 0.2838461, 0.2735714, 0.2675, 0.2642308, 0.2610714, 0.2582143, 0.2564286, 0.2551923, 0.2548077, 0.2523077, 0.2519231, 0.2519231, 0.2492857
0.3249343, 0.2410714, 0.5, 0.33875, 0.3011538, 0.2842308, 0.2742857, 0.2682692, 0.265, 0.2617857, 0.2589285, 0.2567857, 0.2559615, 0.2555769, 0.2530769, 0.2526923, 0.2526923, 0.25
0.3252206, 0.24125, 0.5, 0.3389286, 0.3015385, 0.2844231, 0.2746429, 0.2686538, 0.2653846, 0.2621429, 0.2592857, 0.2569643, 0.2563461, 0.2559615, 0.2534615, 0.2530769, 0.2530769, 0.2503572
0.3255068, 0.2414286, 0.5, 0.3391071, 0.3019231, 0.2846154, 0.275, 0.2690384, 0.2657692, 0.2625, 0.2596428, 0.2571428, 0.2567307, 0.2563461, 0.2538461, 0.2534615, 0.2534615, 0.2507143
0.3257931, 0.2416071, 0.5, 0.3392857, 0.3023077, 0.2848077, 0.2753572, 0.2694231, 0.2661539, 0.2628846, 0.26, 0.2573214, 0.2571154, 0.2567308, 0.2542308, 0.2538462, 0.2538462, 0.2510715
0.3260794, 0.2417857, 0.5, 0.3394643, 0.3026923, 0.285, 0.2757143, 0.2698077, 0.2665385, 0.2632692, 0.2603846, 0.2575, 0.2575, 0.2571154, 0.2546154, 0.2542308, 0.2542308, 0.2514286
0.3263657, 0.2419643, 0.5, 0.3396429, 0.3030769, 0.2853571, 0.2760714, 0.2701923, 0.2669231, 0.2636538, 0.2607692, 0.2578846, 0.2578571, 0.2575, 0.255, 0.2546154, 0.2546154, 0.2517857
0.326652, 0.2421429, 0.5, 0.3398214, 0.3034616, 0.2857143, 0.2764286, 0.2705769, 0.2673077, 0.2640385, 0.2611538, 0.2582692, 0.2582143, 0.2576923, 0.2553571, 0.255, 0.255, 0.2521429
0.3269383, 0.2423214, 0.5, 0.34, 0.3038462, 0.2860714, 0.2767857, 0.2709615, 0.2676923, 0.2644231, 0.2615384, 0.2586538, 0.2585714, 0.2578846, 0.2557143, 0.2553846, 0.2553571, 0.2525
0.3272246, 0.2425, 0.5, 0.3401923, 0.3042307, 0.2864285, 0.2771428, 0.2713462, 0.2680769, 0.2648077, 0.261923, 0.2590384, 0.2589285, 0.2580769, 0.2560714, 0.2557692, 0.2557143, 0.2528846
0.3275109, 0.2428847, 0.5, 0.3403846, 0.3046154, 0.2867857, 0.2775, 0.2717308, 0.2684616, 0.2651923, 0.2623077, 0.2594231, 0.2592857, 0.2582692, 0.2564286, 0.2561539, 0.2560714, 0.2532693
0.3277971, 0.2432693, 0.5, 0.3405769, 0.305, 0.2871429, 0.2778846, 0.2721154, 0.2688462, 0.265577, 0.2626923, 0.2598077, 0.2596429, 0.2584615, 0.2567857, 0.2565385, 0.2564286, 0.2536539
0.3280834, 0.2436539, 0.5, 0.3407692, 0.3051923, 0.2875, 0.2782692, 0.2725, 0.2692308, 0.2659616, 0.2630769, 0.2601923, 0.26, 0.2586538, 0.2571429, 0.2569231, 0.2567857, 0.2540385
0.328656, 0.2444231, 0.5, 0.3411539, 0.3055769, 0.2882143, 0.2790384, 0.2732143, 0.27, 0.2667308, 0.2638461, 0.2609615, 0.2607143, 0.2590384, 0.2578571, 0.2576923, 0.2575, 0.2548077
0.3292286, 0.2451923, 0.5, 0.3415385, 0.3059615, 0.2889285, 0.2798077, 0.2739286, 0.2707143, 0.2675, 0.2646153, 0.2617307, 0.2614285, 0.259423, 0.2585714, 0.2584615, 0.2582143, 0.2555769
0.3295149, 0.245577, 0.5, 0.3417308, 0.3061539, 0.2892857, 0.2801923, 0.2742857, 0.2710715, 0.2678847, 0.265, 0.2621154, 0.2617857, 0.2596154, 0.2589286, 0.2588462, 0.2585714, 0.2559616
0.3298011, 0.2459616, 0.5, 0.3419231, 0.3063461, 0.2896429, 0.2805769, 0.2746429, 0.2714286, 0.2682693, 0.2653846, 0.2625, 0.2621429, 0.2598077, 0.2592857, 0.2592308, 0.2589286, 0.2563462
0.3300874, 0.2463462, 0.5, 0.3421154, 0.3065385, 0.29, 0.2809615, 0.275, 0.2717857, 0.2686539, 0.2657692, 0.2628846, 0.2625, 0.26, 0.2596429, 0.2596154, 0.2592857, 0.2567308
0.3303737, 0.2467308, 0.5, 0.3423077, 0.3067308, 0.2903846, 0.2813461, 0.2753572, 0.2721429, 0.2690385, 0.2661538, 0.2632692, 0.2628846, 0.2603571, 0.26, 0.26, 0.2596429, 0.2571154
0.33066, 0.2471154, 0.5, 0.3425, 0.3069231, 0.2907692, 0.2817307, 0.2757143, 0.2725, 0.2694231, 0.2665384, 0.2636538, 0.2632692, 0.2607143, 0.2603846, 0.2603571, 0.26, 0.2575
0.3309463, 0.2475, 0.5, 0.3428846, 0.3071154, 0.2911538, 0.2821153, 0.2760714, 0.2728572, 0.2698077, 0.266923, 0.2640384, 0.2636538, 0.2610714, 0.2607692, 0.2607143, 0.2601923, 0.2578846
0.3312326, 0.2478847, 0.5, 0.3432693, 0.3073077, 0.2915385, 0.2825, 0.2764286, 0.2732143, 0.2701924, 0.2673077, 0.2644231, 0.2640385, 0.2614286, 0.2611538, 0.2610714, 0.2603846, 0.2582693
0.3315189, 0.2482693, 0.5, 0.3436539, 0.3075, 0.2919231, 0.2828846, 0.2767857, 0.2735715, 0.270577, 0.2676923, 0.2648077, 0.2644231, 0.2617857, 0.2615385, 0.2614286, 0.2605769, 0.2586538
0.3320914, 0.2490385, 0.5, 0.3444231, 0.3082143, 0.2926923, 0.2836538, 0.2775, 0.2742857, 0.2713462, 0.2684615, 0.2655769, 0.2651923, 0.2625, 0.2623077, 0.2621429, 0.2609615, 0.2594231
0.332664, 0.2498077, 0.5, 0.3451923, 0.3089285, 0.2934615, 0.2844231, 0.2782692, 0.275, 0.2721154, 0.2692308, 0.2663462, 0.2659615, 0.2632143, 0.2630769, 0.2628571, 0.2613461, 0.2601923
0.3329503, 0.2501923, 0.5, 0.3455769, 0.3092857, 0.2938461, 0.2848077, 0.2786538, 0.2751923, 0.2725, 0.2696154, 0.2667308, 0.2663461, 0.2635714, 0.2634615, 0.2632143, 0.2615384, 0.2605769
0.3332366, 0.250577, 0.5, 0.3459616, 0.3096429, 0.2942308, 0.2851923, 0.2790385, 0.2753846, 0.2726786, 0.27, 0.2671154, 0.2667308, 0.2639286, 0.2638462, 0.2635714, 0.2617308, 0.2609616
0.3335229, 0.2509616, 0.5, 0.3463462, 0.31, 0.2946154, 0.2855769, 0.2794231, 0.2755769, 0.2728572, 0.2703571, 0.2675, 0.2671154, 0.2642857, 0.2642308, 0.2639286, 0.2619231, 0.2613462
0.3338091, 0.2513462, 0.5, 0.3467308, 0.3103572, 0.295, 0.2859615, 0.2798077, 0.2757692, 0.2730357, 0.2707143, 0.2678572, 0.2675, 0.2646429, 0.2646154, 0.2642857, 0.2621154, 0.2617308
0.3340954, 0.2517308, 0.5, 0.3471154, 0.3107143, 0.2951923, 0.2863461, 0.2801923, 0.2759615, 0.2732143, 0.2710714, 0.2682143, 0.2678846, 0.265, 0.265, 0.2646429, 0.2623077, 0.2621154
0.3343817, 0.2521154, 0.5, 0.3475, 0.3110714, 0.2953846, 0.2867307, 0.2805769, 0.2761539, 0.2733929, 0.2714286, 0.2685714, 0.2682692, 0.2653846, 0.2653571, 0.265, 0.2625, 0.2625
0.334668, 0.2525, 0.5, 0.3476786, 0.3114285, 0.2955769, 0.2871153, 0.2809615, 0.2763461, 0.2735714, 0.2717857, 0.2689286, 0.2686538, 0.2657692, 0.2657143, 0.2653846, 0.2628846, 0.2628571
0.3349543, 0.2528572, 0.5, 0.3478571, 0.3117857, 0.2957692, 0.2875, 0.2813462, 0.2765385, 0.27375, 0.2721429, 0.2692857, 0.2690385, 0.2661538, 0.2660714, 0.2657692, 0.2632692, 0.2632143
0.3355269, 0.2535715, 0.5, 0.3482143, 0.3125, 0.2961538, 0.2878571, 0.2821154, 0.2769231, 0.2741072, 0.2728571, 0.27, 0.2698077, 0.2669231, 0.2667857, 0.2665385, 0.2640385, 0.2639286
0.3358131, 0.2539286, 0.5, 0.3483928, 0.3126923, 0.2963461, 0.2880357, 0.2825, 0.2771154, 0.2742857, 0.2732143, 0.2703572, 0.2701923, 0.2673077, 0.2671429, 0.2669231, 0.2644231, 0.2642857
0.3363857, 0.2546428, 0.5, 0.34875, 0.3130769, 0.2967308, 0.2883928, 0.2832143, 0.2775, 0.2746429, 0.2739286, 0.2710714, 0.2709616, 0.2680769, 0.2678571, 0.2676923, 0.2651923, 0.265
0.3369583, 0.2553571, 0.5, 0.3491071, 0.3134615, 0.2971154, 0.28875, 0.2839286, 0.2782143, 0.275, 0.2746429, 0.2717857, 0.2717308, 0.2688462, 0.2685714, 0.2684616, 0.2659616, 0.2657143
0.3372446, 0.2557143, 0.5, 0.3492857, 0.3136539, 0.2973077, 0.2889286, 0.2842857, 0.2785715, 0.2753846, 0.275, 0.2721429, 0.2721154, 0.2692308, 0.2689286, 0.2688462, 0.2663462, 0.2660715
0.3375309, 0.2560714, 0.5, 0.3494643, 0.3138461, 0.2975, 0.2891071, 0.2846428, 0.2789286, 0.2757692, 0.2753846, 0.2725, 0.2725, 0.2696154, 0.2692857, 0.2692308, 0.2667308, 0.2664286
0.3378171, 0.2564286, 0.5, 0.3496428, 0.3140385, 0.2978571, 0.2892857, 0.285, 0.2792857, 0.2761538, 0.2757692, 0.2728846, 0.2726786, 0.27, 0.2696429, 0.2696154, 0.2671154, 0.2667857
0.3381034, 0.2567857, 0.5, 0.3498214, 0.3142308, 0.2982143, 0.2894643, 0.2853571, 0.2796429, 0.2765384, 0.2761538, 0.2732692, 0.2728572, 0.2703572, 0.27, 0.27, 0.2675, 0.2671429
0.3383897, 0.2571428, 0.5, 0.35, 0.3144231, 0.2985714, 0.2896428, 0.2857143, 0.28, 0.2769231, 0.2765384, 0.2736538, 0.2730357, 0.2707143, 0.2703846, 0.2701923, 0.2678572, 0.2675
0.338676, 0.2575, 0.5, 0.3501923, 0.3146154, 0.2989286, 0.2898214, 0.2860714, 0.2803572, 0.2773077, 0.2769231, 0.2740385, 0.2732143, 0.2710715, 0.2707693, 0.2703846, 0.2682143, 0.2678847
0.3389623, 0.2578846, 0.5, 0.3503846, 0.3148077, 0.2992857, 0.29, 0.2864286, 0.2807143, 0.2776923, 0.2773077, 0.2744231, 0.2733929, 0.2714286, 0.2711539, 0.270577, 0.2685715, 0.2682693
0.3392486, 0.2582692, 0.5, 0.3505769, 0.315, 0.2996429, 0.2903846, 0.2867857, 0.2810715, 0.2780769, 0.2776923, 0.2748077, 0.2735714, 0.2717857, 0.2715385, 0.2707692, 0.2689286, 0.2686539
0.3398211, 0.2590384, 0.5, 0.3509615, 0.3157692, 0.3003571, 0.2911538, 0.2875, 0.2817857, 0.2788461, 0.2784615, 0.2755769, 0.2739286, 0.2725, 0.2723077, 0.2711539, 0.2696429, 0.2694231
0.3403937, 0.2598076, 0.5, 0.3513461, 0.3165384, 0.3010714, 0.291923, 0.2878846, 0.2825, 0.2796153, 0.2792307, 0.2763461, 0.2742857, 0.2732143, 0.2730769, 0.2715385, 0.2703572, 0.2701923
0.34068, 0.2601923, 0.5, 0.3515385, 0.3169231, 0.3014286, 0.2923077, 0.2880769, 0.2828847, 0.28, 0.2796154, 0.2767308, 0.2744643, 0.2735715, 0.2734616, 0.2717308, 0.2707143, 0.270577
0.3409663, 0.2605769, 0.5, 0.3517308, 0.3173077, 0.3017857, 0.2926923, 0.2882692, 0.2832693, 0.2803846, 0.28, 0.2771154, 0.2746429, 0.2739286, 0.2738462, 0.2719231, 0.2710715, 0.2709616
0.3412526, 0.2609615, 0.5, 0.3519231, 0.3176923, 0.3021429, 0.2930769, 0.2884615, 0.2836539, 0.2807692, 0.2801786, 0.2775, 0.2748214, 0.2742857, 0.2742308, 0.2721154, 0.2714286, 0.2713462
0.3415388, 0.2613461, 0.5, 0.3521154, 0.3180769, 0.3025, 0.2934615, 0.2886539, 0.2840385, 0.2811538, 0.2803571, 0.2778571, 0.275, 0.2746429, 0.2746154, 0.2723077, 0.2717857, 0.2717308
0.3418251, 0.2617307, 0.5, 0.3523077, 0.3184615, 0.3028846, 0.2938461, 0.2888461, 0.2844231, 0.2815384, 0.2805357, 0.2782143, 0.2753846, 0.275, 0.275, 0.2725, 0.2721429, 0.2721154
0.3421114, 0.2621153, 0.5, 0.3525, 0.3188461, 0.3032692, 0.2942307, 0.2890384, 0.2848077, 0.2819231, 0.2807143, 0.2785714, 0.2757692, 0.2753846, 0.2753846, 0.2728572, 0.2725, 0.2725
0.3423977, 0.2625, 0.5, 0.3528847, 0.3192308, 0.3036539, 0.2946154, 0.2892308, 0.2851923, 0.2823077, 0.2808928, 0.2789286, 0.2761539, 0.2757693, 0.2757693, 0.2732143, 0.2728847, 0.2728572
0.342684, 0.2628571, 0.5, 0.3532692, 0.3196154, 0.3040385, 0.295, 0.2894231, 0.2855769, 0.2826923, 0.2810714, 0.2792857, 0.2765385, 0.2761539, 0.2761539, 0.2735715, 0.2732693, 0.2732143
0.3429703, 0.2632143, 0.5, 0.3536538, 0.32, 0.3044231, 0.2953846, 0.2896154, 0.2859616, 0.2830769, 0.28125, 0.2796429, 0.2769231, 0.2765385, 0.2765385, 0.2739286, 0.2736539, 0.2735714
0.3435428, 0.2639286, 0.5, 0.3544231, 0.3207143, 0.3051923, 0.2961538, 0.29, 0.2867308, 0.2838461, 0.2816071, 0.2803571, 0.2776923, 0.2773077, 0.2773077, 0.2746429, 0.2744231, 0.2742857
0.3441154, 0.2646428, 0.5, 0.3551923, 0.3214285, 0.3059615, 0.296923, 0.2907692, 0.2875, 0.2846153, 0.2819643, 0.2810714, 0.2784615, 0.2780769, 0.2780769, 0.2753572, 0.2751923, 0.275
0.3444017, 0.265, 0.5, 0.3555769, 0.3217857, 0.3063462, 0.2973077, 0.2911539, 0.2878847, 0.285, 0.2821428, 0.2814286, 0.2788462, 0.2784616, 0.2784616, 0.2757143, 0.275577, 0.2753572
0.3449743, 0.2657143, 0.5, 0.3563462, 0.3225, 0.3071154, 0.2980769, 0.2919231, 0.2886539, 0.2857143, 0.2825, 0.2821428, 0.2796154, 0.2792308, 0.2792308, 0.2764286, 0.2763462, 0.2760714
0.3452606, 0.2660714, 0.5, 0.3567308, 0.3228571, 0.3075, 0.2984615, 0.2923077, 0.2890385, 0.2860714, 0.2828846, 0.2825, 0.28, 0.2796154, 0.2796154, 0.2767857, 0.2767308, 0.2764286
0.3455468, 0.2664286, 0.5, 0.3571154, 0.3232143, 0.3076923, 0.2988461, 0.2926923, 0.2894231, 0.2864285, 0.2832692, 0.2828846, 0.2803571, 0.28, 0.28, 0.2771429, 0.2771154, 0.2767857
0.3458331, 0.2667857, 0.5, 0.3575, 0.3235714, 0.3078846, 0.2992308, 0.2930769, 0.2898077, 0.2867857, 0.2836538, 0.2832692, 0.2807143, 0.2803846, 0.2801786, 0.2775, 0.2775, 0.2771428
0.3461194, 0.2671429, 0.5, 0.3576786, 0.3239286, 0.3080769, 0.2996154, 0.2934616, 0.2901923, 0.2871428, 0.2840385, 0.2836539, 0.2810715, 0.2807693, 0.2803572, 0.2778847, 0.2778572, 0.2775
0.3464057, 0.2675, 0.5, 0.3578571, 0.3242857, 0.3082692, 0.3, 0.2938462, 0.2905769, 0.2875, 0.2844231, 0.2840385, 0.2814286, 0.2811539, 0.2805357, 0.2782693, 0.2782143, 0.2778846
0.3469783, 0.2682692, 0.5, 0.3582143, 0.325, 0.3086539, 0.3007143, 0.2946154, 0.2913462, 0.2882143, 0.2851923, 0.2848077, 0.2821428, 0.2819231, 0.2808928, 0.2790385, 0.2789286, 0.2786538
0.3472646, 0.2686538, 0.5, 0.3583928, 0.3251923, 0.3088461, 0.3010714, 0.295, 0.2917308, 0.2885714, 0.2855769, 0.2851923, 0.2825, 0.2823077, 0.2810714, 0.2794231, 0.2792857, 0.2790384
0.3478371, 0.2694231, 0.5, 0.35875, 0.3255769, 0.3092308, 0.3017857, 0.2957143, 0.2925, 0.2892857, 0.2863461, 0.2859615, 0.2832143, 0.2830769, 0.2814286, 0.2801923, 0.28, 0.2798077
0.3484097, 0.2701923, 0.5, 0.3591071, 0.3259615, 0.3096154, 0.3025, 0.2964286, 0.2932143, 0.29, 0.2871154, 0.2867308, 0.2839286, 0.2838462, 0.2817857, 0.2809616, 0.2807143, 0.2805769
0.348696, 0.2705769, 0.5, 0.3592857, 0.3261538, 0.3098077, 0.3028571, 0.2967857, 0.2935714, 0.2903846, 0.2875, 0.2871154, 0.2842857, 0.2842308, 0.2819643, 0.2813462, 0.2810714, 0.2809615
0.3489823, 0.2709616, 0.5, 0.3594643, 0.3263461, 0.31, 0.3032143, 0.2971429, 0.2939286, 0.2907692, 0.2878571, 0.2875, 0.2846428, 0.2846154, 0.2821428, 0.2817308, 0.2814286, 0.2813461
0.3492686, 0.2713462, 0.5, 0.3596428, 0.3265384, 0.3103571, 0.3035714, 0.2975, 0.2942857, 0.2911538, 0.2882143, 0.2876923, 0.285, 0.285, 0.2823214, 0.2821154, 0.2817857, 0.2817307
0.3495548, 0.2717308, 0.5, 0.3598214, 0.3267308, 0.3107143, 0.3039286, 0.2978571, 0.2946428, 0.2915384, 0.2885714, 0.2878846, 0.2853846, 0.2853571, 0.2825, 0.2825, 0.2821428, 0.2821153
0.3498411, 0.2721154, 0.5, 0.36, 0.3269231, 0.3110715, 0.3042857, 0.2982143, 0.295, 0.2919231, 0.2889286, 0.2880769, 0.2857693, 0.2857143, 0.2828847, 0.2828572, 0.2825, 0.2825
0.3501274, 0.2725, 0.5, 0.3601923, 0.3271154, 0.3114286, 0.3046429, 0.2985715, 0.2953571, 0.2923077, 0.2892857, 0.2882692, 0.2861539, 0.2860714, 0.2832693, 0.2832143, 0.2828846, 0.2828571
0.3504137, 0.2728846, 0.5, 0.3603846, 0.3273077, 0.3117857, 0.305, 0.2989286, 0.2957143, 0.2926923, 0.2896428, 0.2884615, 0.2865385, 0.2864286, 0.2836539, 0.2835714, 0.2832692, 0.2832143
0.3507, 0.2732692, 0.5, 0.3605769, 0.3275, 0.3121428, 0.3051923, 0.2992857, 0.2960714, 0.2930769, 0.29, 0.2886539, 0.2869231, 0.2867857, 0.2840385, 0.2839286, 0.2836538, 0.2835714
0.3512726, 0.2740385, 0.5, 0.3609615, 0.3282143, 0.3128571, 0.3055769, 0.3, 0.2967857, 0.2938461, 0.2907143, 0.2890384, 0.2876923, 0.2875, 0.2848077, 0.2846428, 0.2844231, 0.2842857
0.3518451, 0.2748077, 0.5, 0.3613462, 0.3289286, 0.3135715, 0.3059615, 0.3007693, 0.2975, 0.2946154, 0.2914286, 0.2894231, 0.2884616, 0.2882143, 0.285577, 0.2853571, 0.2851923, 0.285
0.3521314, 0.2751923, 0.5, 0.3615385, 0.3292857, 0.3139286, 0.3061539, 0.3011539, 0.2976923, 0.295, 0.2917857, 0.2896154, 0.2888462, 0.2885714, 0.2859616, 0.2857143, 0.2855769, 0.2853571
0.352704, 0.2759615, 0.5, 0.3619231, 0.33, 0.3146428, 0.3065385, 0.3019231, 0.2980769, 0.2957143, 0.2925, 0.29, 0.2896154, 0.2892857, 0.2867308, 0.2864285, 0.2863461, 0.2860714
0.3529903, 0.2763461, 0.5, 0.3621154, 0.3303571, 0.315, 0.3067308, 0.3023077, 0.2982692, 0.2960714, 0.2928846, 0.2903571, 0.29, 0.2896428, 0.2871154, 0.2867857, 0.2867307, 0.2864285
0.3532766, 0.2767307, 0.5, 0.3623077, 0.3307143, 0.3153846, 0.3069231, 0.3026923, 0.2984615, 0.2964286, 0.2932692, 0.2907143, 0.2903571, 0.29, 0.2875, 0.2871428, 0.2871153, 0.2867857
0.3535629, 0.2771154, 0.5, 0.3625, 0.3310715, 0.3157693, 0.3071154, 0.303077, 0.2986538, 0.2967857, 0.2936538, 0.2910714, 0.2907143, 0.2903847, 0.2878572, 0.2875, 0.2875, 0.2871429
0.3538491, 0.2775, 0.5, 0.3626786, 0.3314286, 0.3161539, 0.3073077, 0.3034616, 0.2988462, 0.2971429, 0.2940385, 0.2914286, 0.2910714, 0.2907692, 0.2882143, 0.2878846, 0.2878571, 0.2875
0.3541354, 0.2778572, 0.5, 0.3628572, 0.3317857, 0.3165385, 0.3075, 0.3038462, 0.2990385, 0.2975, 0.2944231, 0.2917857, 0.2914286, 0.2911539, 0.2885714, 0.2882692, 0.2882143, 0.2878846
0.354708, 0.2785714, 0.5, 0.3632143, 0.3325, 0.3173077, 0.3082143, 0.3046154, 0.2994231, 0.2982143, 0.2951923, 0.2925, 0.2921428, 0.2919231, 0.2892857, 0.2890384, 0.2889285, 0.2886538
0.3549943, 0.2789285, 0.5, 0.3633929, 0.3326923, 0.3176923, 0.3085714, 0.305, 0.2996154, 0.2985714, 0.2955769, 0.2928571, 0.2925, 0.2923077, 0.2896428, 0.289423, 0.2892857, 0.2890384
0.3555669, 0.2796429, 0.5, 0.36375, 0.333077, 0.3184616, 0.3092857, 0.3053572, 0.3, 0.2992857, 0.2963462, 0.2935714, 0.2932143, 0.293077, 0.2903571, 0.2901923, 0.29, 0.2898077
0.3561394, 0.2803572, 0.5, 0.3641072, 0.3334616, 0.3192308, 0.31, 0.3057143, 0.3007143, 0.3, 0.2971154, 0.2942857, 0.2939286, 0.2938462, 0.2910714, 0.2909615, 0.2907143, 0.2905769
0.3564257, 0.2807143, 0.5, 0.3642857, 0.3336539, 0.3196154, 0.3103571, 0.3058929, 0.3010714, 0.3001923, 0.2975, 0.2946428, 0.2942857, 0.2942308, 0.2914286, 0.2913461, 0.2910714, 0.2909615
0.356712, 0.2810714, 0.5, 0.3644643, 0.3338462, 0.32, 0.3107143, 0.3060714, 0.3014286, 0.3003846, 0.2978571, 0.295, 0.2946428, 0.2946154, 0.2917857, 0.2917307, 0.2914285, 0.2913461
0.3569983, 0.2814285, 0.5, 0.3646429, 0.3340385, 0.3201786, 0.3110714, 0.30625, 0.3017857, 0.3005769, 0.2982143, 0.2953846, 0.295, 0.295, 0.2921428, 0.2921153, 0.2917857, 0.2917307
0.3572846, 0.2817857, 0.5, 0.3648214, 0.3342308, 0.3203571, 0.3114286, 0.3064286, 0.3021429, 0.3007692, 0.2985714, 0.2957692, 0.2953846, 0.2951786, 0.2925, 0.2925, 0.2921429, 0.2921154
0.3575709, 0.2821429, 0.5, 0.365, 0.3344231, 0.3205357, 0.3117857, 0.3066072, 0.3025, 0.3009616, 0.2989286, 0.2961538, 0.2957692, 0.2953571, 0.2928846, 0.2928571, 0.2925, 0.2925
0.3578571, 0.2825, 0.5, 0.3653846, 0.3346154, 0.3207143, 0.3121428, 0.3067857, 0.3028572, 0.3011539, 0.2992857, 0.2965385, 0.2961538, 0.2955357, 0.2932692, 0.2932143, 0.2928846, 0.2926786
0.3581434, 0.2828846, 0.5, 0.3657692, 0.3348077, 0.3208928, 0.3125, 0.3069643, 0.3032143, 0.3013462, 0.2996429, 0.2969231, 0.2965385, 0.2957143, 0.2936538, 0.2935714, 0.2932692, 0.2928571
0.3584297, 0.2832692, 0.5, 0.3661538, 0.335, 0.3210714, 0.3128846, 0.3071429, 0.3035714, 0.3015385, 0.3, 0.2973077, 0.2969231, 0.2958928, 0.2940384, 0.2939285, 0.2936538, 0.2930357
0.3590023, 0.2840384, 0.5, 0.3669231, 0.3357143, 0.3214286, 0.3136538, 0.3075, 0.3042857, 0.3019231, 0.3007143, 0.2980769, 0.2976923, 0.29625, 0.2948076, 0.2946428, 0.294423, 0.2933928
0.3595749, 0.2848077, 0.5, 0.3676923, 0.3364286, 0.3217857, 0.3144231, 0.3082693, 0.305, 0.3023077, 0.3014286, 0.2988462, 0.2984616, 0.2966071, 0.2955769, 0.2953571, 0.2951923, 0.29375
0.3598611, 0.2851923, 0.5, 0.3680769, 0.3367857, 0.3219643, 0.3148077, 0.3086539, 0.3053846, 0.3025, 0.3017857, 0.2992308, 0.2988462, 0.2967857, 0.2959615, 0.2957143, 0.2955769, 0.2939286
0.3604337, 0.2859615, 0.5, 0.3688461, 0.3375, 0.3223214, 0.3155769, 0.3094231, 0.3061538, 0.3032143, 0.3025, 0.3, 0.2996154, 0.2971428, 0.2967307, 0.2964285, 0.2963461, 0.2942857
0.36072, 0.2863461, 0.5, 0.3692307, 0.3378572, 0.3225, 0.3159615, 0.3098077, 0.3065384, 0.3035714, 0.3028846, 0.3003571, 0.3, 0.2973214, 0.2971153, 0.2967857, 0.2967307, 0.2944643
0.3610063, 0.2867308, 0.5, 0.3696154, 0.3382143, 0.3228846, 0.3163462, 0.3101923, 0.3069231, 0.3039286, 0.3032693, 0.3007143, 0.3003572, 0.2975, 0.2975, 0.2971429, 0.2971154, 0.2946429
0.3612926, 0.2871154, 0.5, 0.37, 0.3385715, 0.3232692, 0.3167308, 0.3105769, 0.3073077, 0.3042857, 0.3036539, 0.3010715, 0.3007143, 0.2978846, 0.2978571, 0.2975, 0.2975, 0.2948214
0.3615789, 0.2875, 0.5, 0.3701786, 0.3389286, 0.3236539, 0.3171154, 0.3109616, 0.3076923, 0.3046429, 0.3040385, 0.3014286, 0.3010714, 0.2982692, 0.2982143, 0.2978846, 0.2978571, 0.295
0.3618651, 0.2878571, 0.5, 0.3703571, 0.3392857, 0.3240385, 0.3175, 0.3113462, 0.3080769, 0.305, 0.3044231, 0.3017857, 0.3014286, 0.2986538, 0.2985714, 0.2982692, 0.2982143, 0.2953846
0.3624377, 0.2885714, 0.5, 0.3707143, 0.34, 0.3248077, 0.3182143, 0.3121154, 0.3088461, 0.3057143, 0.3051923, 0.3025, 0.3021429, 0.299423, 0.2992857, 0.2990384, 0.2989285, 0.2961538
0.362724, 0.2889285, 0.5, 0.3708929, 0.3401923, 0.3251923, 0.3185714, 0.3125, 0.3092307, 0.3060714, 0.3055769, 0.3028571, 0.3025, 0.2998076, 0.2996428, 0.299423, 0.2992857, 0.2965384
0.3632966, 0.2896429, 0.5, 0.37125, 0.3405769, 0.3259616, 0.3192857, 0.3132143, 0.31, 0.3067857, 0.3063462, 0.3035715, 0.3032143, 0.3005769, 0.3003571, 0.3001923, 0.3, 0.2973077
0.3638691, 0.2903571, 0.5, 0.3716071, 0.3409615, 0.3267308, 0.32, 0.3139286, 0.3107143, 0.3075, 0.3071154, 0.3042857, 0.3039286, 0.3013461, 0.3010714, 0.3009615, 0.3007143, 0.2980769
0.3641554, 0.2907143, 0.5, 0.3717857, 0.3411539, 0.3271154, 0.3203571, 0.3142857, 0.3110714, 0.3078846, 0.3075, 0.3046429, 0.3042857, 0.3017308, 0.3014286, 0.3013461, 0.3010714, 0.2984615
0.3644417, 0.2910714, 0.5, 0.3719643, 0.3413461, 0.3275, 0.3207143, 0.3146428, 0.3114285, 0.3082692, 0.3076786, 0.305, 0.3046428, 0.3021154, 0.3017857, 0.3017308, 0.3014286, 0.2988461
0.364728, 0.2914286, 0.5, 0.3721429, 0.3415385, 0.3278572, 0.3210714, 0.315, 0.3117857, 0.3086539, 0.3078572, 0.3053572, 0.305, 0.3025, 0.3021429, 0.3021154, 0.3017857, 0.2992308
0.3650143, 0.2917857, 0.5, 0.3723214, 0.3417308, 0.3282143, 0.3214286, 0.3153571, 0.3121429, 0.3090385, 0.3080357, 0.3057143, 0.3051923, 0.3028572, 0.3025, 0.3025, 0.3021429, 0.2996154
0.3653006, 0.2921429, 0.5, 0.3725, 0.3419231, 0.3285714, 0.3217857, 0.3157143, 0.3125, 0.3094231, 0.3082143, 0.3060715, 0.3053846, 0.3032143, 0.3028572, 0.3028572, 0.3025, 0.3
0.3655868, 0.2925, 0.5, 0.3726923, 0.3421154, 0.3289286, 0.3221429, 0.3160714, 0.3128572, 0.3098077, 0.3083929, 0.3064286, 0.3055769, 0.3035714, 0.3032143, 0.3032143, 0.3026923, 0.3003572
0.3658731, 0.2928846, 0.5, 0.3728846, 0.3423077, 0.3292857, 0.3225, 0.3164286, 0.3132143, 0.3101923, 0.3085714, 0.3067857, 0.3057692, 0.3039286, 0.3035714, 0.3035714, 0.3028846, 0.3007143
0.3661594, 0.2932692, 0.5, 0.3730769, 0.3425, 0.3296428, 0.3226923, 0.3167857, 0.3135714, 0.3105769, 0.30875, 0.3071429, 0.3059615, 0.3042857, 0.3039286, 0.3039286, 0.3030769, 0.3010714
0.366732, 0.2940385, 0.5, 0.3734615, 0.3432693, 0.3303572, 0.3230769, 0.3175, 0.3142857, 0.3113462, 0.3091072, 0.3078572, 0.3063461, 0.305, 0.3046429, 0.3046429, 0.3034616, 0.3017857
0.3673046, 0.2948077, 0.5, 0.3738461, 0.3440385, 0.3310714, 0.3234615, 0.3182692, 0.315, 0.3121154, 0.3094643, 0.3085714, 0.3067308, 0.3057143, 0.3053572, 0.3053572, 0.3038462, 0.3025
0.3675908, 0.2951923, 0.5, 0.3740385, 0.3444231, 0.3314286, 0.3236538, 0.3186538, 0.3153846, 0.3125, 0.3096429, 0.3089286, 0.3069231, 0.3060714, 0.3057143, 0.3057143, 0.3040385, 0.3028572
0.3681634, 0.2959615, 0.5, 0.3744231, 0.3451923, 0.3321428, 0.3240384, 0.319423, 0.3161538, 0.3132143, 0.31, 0.3096428, 0.3073077, 0.3067857, 0.3064286, 0.3064286, 0.3044231, 0.3035714
0.3684497, 0.2963462, 0.5, 0.3746154, 0.3455769, 0.3325, 0.3242308, 0.3198077, 0.3165385, 0.3135715, 0.3103847, 0.31, 0.3075, 0.3071429, 0.3067857, 0.3067857, 0.3046154, 0.3039286
0.368736, 0.2967308, 0.5, 0.3748077, 0.3459616, 0.3326923, 0.3244231, 0.3201923, 0.3169231, 0.3139286, 0.3107693, 0.3103846, 0.3078572, 0.3075, 0.3071429, 0.3071429, 0.3048077, 0.3042857
0.3690223, 0.2971154, 0.5, 0.375, 0.3463462, 0.3328846, 0.3246154, 0.3205769, 0.3173077, 0.3142857, 0.3111539, 0.3107692, 0.3082143, 0.3078572, 0.3075, 0.3075, 0.305, 0.3046429
0.3693086, 0.2975, 0.5, 0.3751786, 0.3467308, 0.3330769, 0.3248077, 0.3209615, 0.3176923, 0.3146429, 0.3115385, 0.3111538, 0.3085714, 0.3082143, 0.3078846, 0.3076786, 0.3053572, 0.305
0.3695948, 0.2978571, 0.5, 0.3753572, 0.3471154, 0.3332692, 0.325, 0.3213461, 0.3180769, 0.315, 0.3119231, 0.3115384, 0.3089285, 0.3085714, 0.3082692, 0.3078572, 0.3057143, 0.3053846
0.3698811, 0.2982143, 0.5, 0.3755357, 0.3475, 0.3334615, 0.3253571, 0.3217307, 0.3184615, 0.3153571, 0.3123077, 0.311923, 0.3092857, 0.3089285, 0.3086538, 0.3080357, 0.3060714, 0.3057692
0.3704537, 0.2989286, 0.5, 0.3758929, 0.3478571, 0.3338462, 0.3260714, 0.3225, 0.3192308, 0.3160715, 0.3130769, 0.3126923, 0.31, 0.3096429, 0.3094231, 0.3083929, 0.3067857, 0.3065385
0.3710263, 0.2996429, 0.5, 0.37625, 0.3482143, 0.3342308, 0.3267857, 0.3228571, 0.32, 0.3167857, 0.3138462, 0.3134615, 0.3107143, 0.3103572, 0.3101923, 0.30875, 0.3075, 0.3073077
0.3715988, 0.3003571, 0.5, 0.3766071, 0.3485714, 0.3346154, 0.3275, 0.3232143, 0.3203571, 0.3175, 0.3146154, 0.3142307, 0.3114285, 0.3110714, 0.3109615, 0.3091072, 0.3082143, 0.3080769
0.3718851, 0.3007143, 0.5, 0.3767857, 0.34875, 0.3348077, 0.3278571, 0.3233928, 0.3205357, 0.3178846, 0.315, 0.3146153, 0.3117857, 0.3114285, 0.3113461, 0.3092857, 0.3085714, 0.3084615
0.3721714, 0.3010714, 0.5, 0.3769643, 0.3489286, 0.335, 0.3282143, 0.3235714, 0.3207143, 0.3182693, 0.3153572, 0.315, 0.3121429, 0.3117857, 0.3117308, 0.3094643, 0.3089286, 0.3088462
0.3724577, 0.3014286, 0.5, 0.3771429, 0.3491071, 0.3353572, 0.3285714, 0.32375, 0.3208929, 0.3186539, 0.3157143, 0.3153571, 0.3125, 0.3121429, 0.3121154, 0.3096429, 0.3092857, 0.3092308
0.372744, 0.3017857, 0.5, 0.3773214, 0.3492857, 0.3357143, 0.3289286, 0.3239286, 0.3210714, 0.3190385, 0.3160715, 0.3157143, 0.3128846, 0.3125, 0.3125, 0.3098214, 0.3096429, 0.3096154
0.3730303, 0.3021429, 0.5, 0.3775, 0.3494643, 0.3360714, 0.3292857, 0.3241071, 0.32125, 0.3194231, 0.3164286, 0.3160714, 0.3132692, 0.3128846, 0.3128572, 0.31, 0.31, 0.31
0.3733166, 0.3025, 0.5, 0.3778846, 0.3496429, 0.3364286, 0.3296429, 0.3242857, 0.3214286, 0.3198077, 0.3167857, 0.3164285, 0.3136538, 0.3132692, 0.3132143, 0.3103846, 0.3103572, 0.3103572
0.3736028, 0.3028572, 0.5, 0.3782692, 0.3498214, 0.3367857, 0.33, 0.3244643, 0.3216071, 0.3201923, 0.3171428, 0.3167857, 0.3140384, 0.3136538, 0.3135714, 0.3107692, 0.3107143, 0.3107143
0.3738891, 0.3032143, 0.5, 0.3786538, 0.35, 0.3371428, 0.3303846, 0.3246428, 0.3217857, 0.3205769, 0.3175, 0.3171428, 0.3144231, 0.3140384, 0.3139285, 0.3111538, 0.3110714, 0.3110714
0.3744617, 0.3039286, 0.5, 0.3794231, 0.3507143, 0.3378572, 0.3311539, 0.325, 0.3221429, 0.3213462, 0.3182143, 0.3178571, 0.3151923, 0.3148077, 0.3146429, 0.3119231, 0.3117857, 0.3117857
0.3750343, 0.3046429, 0.5, 0.3801923, 0.3514286, 0.3385714, 0.3319231, 0.3257692, 0.3225, 0.3221154, 0.3189286, 0.3185714, 0.3159615, 0.3155769, 0.3153571, 0.3126923, 0.3125, 0.3125
0.3753206, 0.305, 0.5, 0.3805769, 0.3517857, 0.3389286, 0.3323077, 0.3261538, 0.3228846, 0.3225, 0.3192857, 0.3189285, 0.3163461, 0.3159615, 0.3157143, 0.3130769, 0.3128572, 0.3128572
0.3758931, 0.3057143, 0.5, 0.3813462, 0.3525, 0.3396429, 0.333077, 0.3269231, 0.3236538, 0.3228571, 0.32, 0.3196428, 0.3171154, 0.3167308, 0.3164286, 0.3138462, 0.3135715, 0.3135715
0.3761794, 0.3060715, 0.5, 0.3817308, 0.3528571, 0.34, 0.3334616, 0.3273077, 0.3240385, 0.3230357, 0.3203846, 0.32, 0.3175, 0.3171154, 0.3167857, 0.3142308, 0.3139286, 0.3139286
0.3764657, 0.3064286, 0.5, 0.3821154, 0.3532143, 0.3403846, 0.3338462, 0.3276923, 0.3244231, 0.3232143, 0.3207692, 0.3201923, 0.3178571, 0.3175, 0.3171429, 0.3146154, 0.3142857, 0.3142857
0.376752, 0.3067857, 0.5, 0.3825, 0.3535714, 0.3407692, 0.3342308, 0.3280769, 0.3248077, 0.3233929, 0.3211538, 0.3203846, 0.3182143, 0.3178571, 0.3175, 0.315, 0.3146429, 0.3146429
0.3770383, 0.3071429, 0.5, 0.3826786, 0.3539285, 0.3411538, 0.3346154, 0.3284615, 0.3251923, 0.3235714, 0.3215384, 0.3205769, 0.3185714, 0.3182143, 0.3176923, 0.3153571, 0.315, 0.315
0.3773246, 0.3075, 0.5, 0.3828571, 0.3542857, 0.3415384, 0.335, 0.3288462, 0.3255769, 0.32375, 0.321923, 0.3207692, 0.3189285, 0.3185714, 0.3178846, 0.3157143, 0.3153846, 0.3153571
0.3776109, 0.3078847, 0.5, 0.3830357, 0.3546429, 0.3419231, 0.3351786, 0.3292308, 0.3259616, 0.3239286, 0.3223077, 0.3209615, 0.3192857, 0.3189286, 0.3180769, 0.3160715, 0.3157693, 0.3157143
0.3778971, 0.3082693, 0.5, 0.3832143, 0.355, 0.3423077, 0.3353572, 0.3296154, 0.3263462, 0.3241071, 0.3226923, 0.3211538, 0.3196428, 0.3192857, 0.3182692, 0.3164286, 0.3161539, 0.3160715
0.3781834, 0.3086539, 0.5, 0.3833928, 0.3551923, 0.3426923, 0.3355357, 0.33, 0.3267308, 0.3242857, 0.3230769, 0.3213461, 0.32, 0.3196429, 0.3184615, 0.3167857, 0.3165385, 0.3164286
0.378756, 0.3094231, 0.5, 0.38375, 0.3555769, 0.3434615, 0.3358929, 0.3307143, 0.3275, 0.3246429, 0.3238461, 0.3217308, 0.3207143, 0.3203571, 0.3188461, 0.3175, 0.3173077, 0.3171429
0.3793285, 0.3101923, 0.5, 0.3841071, 0.3559615, 0.3442307, 0.33625, 0.3314286, 0.3282143, 0.325, 0.3246153, 0.3221154, 0.3214285, 0.3210714, 0.3192308, 0.3182143, 0.3180769, 0.3178571
0.3796149, 0.3105769, 0.5, 0.3842857, 0.3561538, 0.3446154, 0.3364286, 0.3317857, 0.3285714, 0.3253572, 0.325, 0.3223077, 0.3217857, 0.3214286, 0.3194231, 0.3185714, 0.3184616, 0.3182143
0.3799011, 0.3109616, 0.5, 0.3844643, 0.3563461, 0.345, 0.3366072, 0.3321429, 0.3289286, 0.3257143, 0.3253571, 0.3225, 0.3221428, 0.3217857, 0.3196154, 0.3189286, 0.3188462, 0.3185714
0.3801874, 0.3113462, 0.5, 0.3846428, 0.3565384, 0.3451786, 0.3367857, 0.3325, 0.3292857, 0.3260714, 0.3257143, 0.3228571, 0.3225, 0.3221429, 0.3198077, 0.3192857, 0.3192308, 0.3189286
0.3804737, 0.3117308, 0.5, 0.3848214, 0.3567308, 0.3453571, 0.3369643, 0.3328572, 0.3296429, 0.3264286, 0.3260714, 0.3232143, 0.3228571, 0.3225, 0.32, 0.3196429, 0.3196154, 0.3192857
0.38076, 0.3121154, 0.5, 0.385, 0.356923, 0.3455357, 0.3371429, 0.3332143, 0.33, 0.3267857, 0.3264286, 0.3235714, 0.3232143, 0.3228846, 0.3203571, 0.32, 0.32, 0.3196429
0.3810463, 0.3125, 0.5, 0.3851923, 0.3571154, 0.3457143, 0.3373214, 0.3335714, 0.3303571, 0.3271428, 0.3267857, 0.3239285, 0.3235714, 0.3232692, 0.3207143, 0.3203846, 0.3203571, 0.32
0.3813326, 0.3128572, 0.5, 0.3853846, 0.3573077, 0.3458928, 0.3375, 0.3339286, 0.3307143, 0.3275, 0.3271429, 0.3242857, 0.3239286, 0.3236538, 0.3210714, 0.3207693, 0.3207143, 0.3203847
0.3816189, 0.3132143, 0.5, 0.3855769, 0.3575, 0.3460714, 0.3378571, 0.3342857, 0.3310715, 0.3278572, 0.3275, 0.3246428, 0.3242857, 0.3240384, 0.3214286, 0.3211538, 0.3210714, 0.3207693
0.3821914, 0.3139286, 0.5, 0.3859615, 0.3582143, 0.3464286, 0.3385714, 0.335, 0.3317857, 0.3285714, 0.3282143, 0.3253571, 0.325, 0.3248077, 0.3221429, 0.3219231, 0.3217857, 0.3215385
0.382764, 0.3146428, 0.5, 0.3863461, 0.3589286, 0.3467857, 0.3392857, 0.3357143, 0.3325, 0.3292857, 0.3289286, 0.3260714, 0.3257143, 0.3255769, 0.3228571, 0.3226923, 0.3225, 0.3223077
0.3833366, 0.3153571, 0.5, 0.3867308, 0.3596429, 0.3471428, 0.34, 0.3364286, 0.3332143, 0.33, 0.3296429, 0.3267857, 0.3264286, 0.3263462, 0.3235714, 0.3234616, 0.3232143, 0.3230769
0.3836229, 0.3157143, 0.5, 0.3869231, 0.36, 0.3473214, 0.3403571, 0.3367857, 0.3335715, 0.3303846, 0.33, 0.3271428, 0.3267857, 0.3267308, 0.3239286, 0.3238462, 0.3235714, 0.3234616
0.3839091, 0.3160714, 0.5, 0.3871154, 0.3603571, 0.3475, 0.3407143, 0.3371429, 0.3339286, 0.3307692, 0.3301923, 0.3275, 0.3271428, 0.3271154, 0.3242857, 0.3242308, 0.3239286, 0.3238462
0.3841954, 0.3164286, 0.5, 0.3873077, 0.3607143, 0.3478571, 0.3410714, 0.3375, 0.3342857, 0.3311538, 0.3303846, 0.3278846, 0.3275, 0.3275, 0.3246429, 0.3246154, 0.3242857, 0.3242308
0.3844817, 0.3167857, 0.5, 0.3875, 0.3610714, 0.3482143, 0.3414285, 0.3378572, 0.3346429, 0.3315384, 0.3305769, 0.3282692, 0.3278846, 0.3276786, 0.325, 0.325, 0.3246429, 0.3246154
0.384768, 0.3171428, 0.5, 0.3876786, 0.3614286, 0.3485714, 0.3417857, 0.3382143, 0.335, 0.331923, 0.3307692, 0.3286538, 0.3282692, 0.3278571, 0.3253846, 0.3253571, 0.325, 0.325
0.3850543, 0.3175, 0.5, 0.3878571, 0.3617857, 0.3489286, 0.3421429, 0.3385715, 0.3353572, 0.3323077, 0.3309616, 0.3290385, 0.3286538, 0.3280357, 0.3257692, 0.3257143, 0.3253846, 0.3253572
0.3853406, 0.3178846, 0.5, 0.3880357, 0.3621429, 0.3492857, 0.3425, 0.3389286, 0.3357143, 0.3326923, 0.3311539, 0.3294231, 0.3290385, 0.3282143, 0.3261539, 0.3260714, 0.3257692, 0.3257143
0.3856269, 0.3182692, 0.5, 0.3882143, 0.3625, 0.3496428, 0.3428846, 0.3392857, 0.3360715, 0.3330769, 0.3313462, 0.3298077, 0.3294231, 0.3283929, 0.3265385, 0.3264286, 0.3261539, 0.3260714
0.3861994, 0.3190384, 0.5, 0.3885714, 0.3628846, 0.3503571, 0.3436538, 0.34, 0.3367857, 0.3338461, 0.3317308, 0.3305769, 0.3301923, 0.32875, 0.3273077, 0.3271429, 0.3269231, 0.3267857
0.386772, 0.3198076, 0.5, 0.3889286, 0.3632692, 0.3510714, 0.3444231, 0.3403846, 0.3375, 0.3346153, 0.3321154, 0.3313461, 0.3309615, 0.3291071, 0.3280769, 0.3278571, 0.3276923, 0.3275
0.3870583, 0.3201923, 0.5, 0.3891071, 0.3634616, 0.3514286, 0.3448077, 0.3405769, 0.3376923, 0.335, 0.3323077, 0.3317308, 0.3313462, 0.3292857, 0.3284616, 0.3282143, 0.328077, 0.3278572
0.3873446, 0.3205769, 0.5, 0.3892857, 0.3636539, 0.3517857, 0.3451923, 0.3407692, 0.3378846, 0.3353571, 0.3325, 0.3321154, 0.3317308, 0.3294643, 0.3288462, 0.3285714, 0.3284616, 0.3282143
0.3876309, 0.3209615, 0.5, 0.3894643, 0.3638462, 0.3521428, 0.3455769, 0.3409615, 0.3380769, 0.3357143, 0.3328571, 0.3325, 0.3321154, 0.3296429, 0.3292308, 0.3289286, 0.3288462, 0.3285714
0.3879171, 0.3213461, 0.5, 0.3896428, 0.3640385, 0.3525, 0.3459615, 0.3411539, 0.3382692, 0.3360714, 0.3332143, 0.3328571, 0.3325, 0.3298214, 0.3296154, 0.3292857, 0.3292308, 0.3289286
0.3882034, 0.3217307, 0.5, 0.3898214, 0.3642308, 0.3526923, 0.3463461, 0.3413461, 0.3384615, 0.3364286, 0.3335714, 0.3332143, 0.3326786, 0.33, 0.33, 0.3296429, 0.3296154, 0.3292857
0.3884897, 0.3221153, 0.5, 0.39, 0.3644231, 0.3528846, 0.3467307, 0.3415385, 0.3386539, 0.3367857, 0.3339286, 0.3335714, 0.3328572, 0.3303572, 0.3303572, 0.33, 0.33, 0.3296428
0.388776, 0.3225, 0.5, 0.3903572, 0.3646154, 0.3530769, 0.3471154, 0.3417308, 0.3388462, 0.3371429, 0.3342857, 0.3339286, 0.3330357, 0.3307143, 0.3307143, 0.3303572, 0.3303572, 0.33
0.3890623, 0.3228571, 0.5, 0.3907143, 0.3648077, 0.3532692, 0.3475, 0.3419231, 0.3390385, 0.3375, 0.3346429, 0.3342857, 0.3332143, 0.3310715, 0.3310715, 0.3307143, 0.3307143, 0.3301923
0.3893486, 0.3232143, 0.5, 0.3910714, 0.365, 0.3534615, 0.3476786, 0.3421154, 0.3392308, 0.3378571, 0.335, 0.3346429, 0.3333929, 0.3314286, 0.3314286, 0.3310714, 0.3310714, 0.3303846
0.3896348, 0.3235714, 0.5, 0.3914286, 0.3653571, 0.3536538, 0.3478571, 0.3423077, 0.3394231, 0.3382143, 0.3353571, 0.335, 0.3335714, 0.3317857, 0.3317857, 0.3314286, 0.3314286, 0.3305769
0.3899211, 0.3239285, 0.5, 0.3917857, 0.3657143, 0.3538461, 0.3480357, 0.3425, 0.3396154, 0.3385714, 0.3357143, 0.3353571, 0.33375, 0.3321429, 0.3321429, 0.3317857, 0.3317857, 0.3307692
0.3904937, 0.3246428, 0.5, 0.3925, 0.3664286, 0.3542308, 0.3483928, 0.3432143, 0.34, 0.3392857, 0.3364286, 0.3360714, 0.3341072, 0.3328572, 0.3328572, 0.3325, 0.3325, 0.3311538
0.3910663, 0.3253571, 0.5, 0.3932143, 0.3671429, 0.3546154, 0.34875, 0.3439286, 0.3407143, 0.34, 0.3371429, 0.3367857, 0.3344643, 0.3335715, 0.3335715, 0.3332143, 0.3332143, 0.3315385
0.3913526, 0.3257143, 0.5, 0.3935714, 0.3675, 0.3548077, 0.3489286, 0.3442857, 0.3410715, 0.3401786, 0.3375, 0.3371429, 0.3346429, 0.3339286, 0.3339286, 0.3335714, 0.3335714, 0.3317308
0.3916388, 0.3260714, 0.5, 0.3939286, 0.3678571, 0.355, 0.3491071, 0.3446428, 0.3414286, 0.3403571, 0.3378571, 0.3375, 0.3348214, 0.3342857, 0.3342857, 0.3339286, 0.3339286, 0.3319231
0.3919251, 0.3264285, 0.5, 0.3942857, 0.3682143, 0.3553571, 0.3492857, 0.345, 0.3417857, 0.3405357, 0.3382143, 0.3378571, 0.335, 0.3346429, 0.3346429, 0.3342857, 0.3342857, 0.3321154
0.3922114, 0.3267857, 0.5, 0.3946428, 0.3685714, 0.3557143, 0.3494643, 0.3453571, 0.3421429, 0.3407143, 0.3385714, 0.3382143, 0.3353572, 0.335, 0.335, 0.3346428, 0.3346428, 0.3323077
0.3924977, 0.3271428, 0.5, 0.395, 0.3689286, 0.3560714, 0.3496428, 0.3457143, 0.3425, 0.3408929, 0.3389286, 0.3385715, 0.3357143, 0.3353847, 0.3353572, 0.335, 0.335, 0.3325
0.392784, 0.3275, 0.5, 0.3951923, 0.3692857, 0.3564286, 0.3498214, 0.3460715, 0.3428572, 0.3410714, 0.3392857, 0.3389286, 0.3360715, 0.3357693, 0.3357143, 0.3353846, 0.3351786, 0.3328571
0.3930703, 0.3278571, 0.5, 0.3953846, 0.3696429, 0.3567857, 0.35, 0.3464286, 0.3432143, 0.34125, 0.3396429, 0.3392857, 0.3364286, 0.3361539, 0.3360715, 0.3357692, 0.3353571, 0.3332143
0.3933566, 0.3282143, 0.5, 0.3955769, 0.37, 0.3571428, 0.3503846, 0.3467857, 0.3435714, 0.3414286, 0.34, 0.3396429, 0.3367857, 0.3365385, 0.3364286, 0.3361538, 0.3355357, 0.3335714
0.3936428, 0.3285714, 0.5, 0.3957692, 0.3701923, 0.3575, 0.3507692, 0.3471428, 0.3439286, 0.3416071, 0.3403571, 0.34, 0.3371429, 0.3369231, 0.3367857, 0.3365384, 0.3357143, 0.3339286
0.3939291, 0.3289286, 0.5, 0.3959615, 0.3703846, 0.3578571, 0.3511538, 0.3475, 0.3442857, 0.3417857, 0.3407143, 0.3403571, 0.3375, 0.3373077, 0.3371429, 0.3369231, 0.3358929, 0.3342857
0.3945017, 0.3296429, 0.5, 0.3963462, 0.3707692, 0.3585714, 0.3519231, 0.3482693, 0.345, 0.3421429, 0.3414286, 0.3410715, 0.3382143, 0.3380769, 0.3378572, 0.3376923, 0.33625, 0.335
0.3950743, 0.3303571, 0.5, 0.3967308, 0.3711539, 0.3592857, 0.3526923, 0.3490385, 0.3457143, 0.3425, 0.3421429, 0.3417857, 0.3389286, 0.3388462, 0.3385714, 0.3384615, 0.3366071, 0.3357143
0.3953606, 0.3307143, 0.5, 0.3969231, 0.3713461, 0.3596428, 0.3530769, 0.3494231, 0.3460714, 0.3428846, 0.3425, 0.3421429, 0.3392857, 0.3392308, 0.3389286, 0.3388461, 0.3367857, 0.3360714
0.3956468, 0.3310714, 0.5, 0.3971154, 0.3715385, 0.36, 0.3534615, 0.3498077, 0.3464285, 0.3432692, 0.3428846, 0.3425, 0.3396429, 0.3396154, 0.3392857, 0.3392307, 0.3369643, 0.3364286
0.3959331, 0.3314286, 0.5, 0.3973077, 0.3717308, 0.3603846, 0.3538461, 0.3501923, 0.3467857, 0.3436538, 0.3432692, 0.3426923, 0.34, 0.34, 0.3396428, 0.3396153, 0.3371429, 0.3367857
0.3962194, 0.3317857, 0.5, 0.3975, 0.3719231, 0.3607692, 0.3542308, 0.3505769, 0.3471428, 0.3440385, 0.3436539, 0.3428846, 0.3403847, 0.3403572, 0.34, 0.34, 0.3373214, 0.3371429
0.3965057, 0.3321429, 0.5, 0.3976786, 0.3721154, 0.3611539, 0.3546154, 0.3509615, 0.3475, 0.3444231, 0.3440385, 0.3430769, 0.3407693, 0.3407143, 0.3403846, 0.3401786, 0.3375, 0.3375
0.396792, 0.3325, 0.5, 0.3978571, 0.3723077, 0.3615385, 0.355, 0.3513462, 0.3478571, 0.3448077, 0.3444231, 0.3432692, 0.3411539, 0.3410715, 0.3407692, 0.3403571, 0.3378846, 0.3378571
0.3970783, 0.3326923, 0.5, 0.3980357, 0.3725, 0.3619231, 0.3553571, 0.3517308, 0.3482143, 0.3451923, 0.3448077, 0.3434615, 0.3415385, 0.3414286, 0.3411538, 0.3405357, 0.3382692, 0.3382143
0.3976508, 0.3330769, 0.5, 0.3983929, 0.3732143, 0.3626923, 0.3560714, 0.3525, 0.3489285, 0.3459615, 0.3455769, 0.3438461, 0.3423077, 0.3421429, 0.3419231, 0.3408929, 0.3390384, 0.3389286
0.3985097, 0.3336539, 0.5, 0.3989286, 0.3742857, 0.3638462, 0.3571428, 0.3530357, 0.35, 0.3471154, 0.3467308, 0.3444231, 0.3434616, 0.3432143, 0.3430769, 0.3414286, 0.3401923, 0.34
0.398796, 0.3338462, 0.5, 0.3991071, 0.3746429, 0.3642308, 0.3575, 0.3532143, 0.3503846, 0.3475, 0.3471154, 0.3446154, 0.3438462, 0.3435714, 0.3434615, 0.3416071, 0.3405769, 0.3403571
0.3990823, 0.3340385, 0.5, 0.3992857, 0.375, 0.3646154, 0.3578571, 0.3533928, 0.3507692, 0.3478571, 0.3475, 0.3448077, 0.3442308, 0.3439285, 0.3438461, 0.3417857, 0.3409615, 0.3407143
0.3993686, 0.3342308, 0.5, 0.3994643, 0.3753572, 0.365, 0.3582143, 0.3535714, 0.3511538, 0.3482143, 0.3478571, 0.345, 0.3446154, 0.3442857, 0.3442307, 0.3419643, 0.3413461, 0.3410714
0.3996548, 0.3344231, 0.5, 0.3996429, 0.3757143, 0.3651786, 0.3585714, 0.35375, 0.3515384, 0.3485714, 0.3482143, 0.3453571, 0.345, 0.3446428, 0.3446153, 0.3421429, 0.3417307, 0.3414285
0.3999411, 0.3346154, 0.5, 0.3998214, 0.3760715, 0.3653572, 0.3589286, 0.3539286, 0.3519231, 0.3489286, 0.3485714, 0.3457143, 0.3453571, 0.345, 0.345, 0.3423214, 0.3421154, 0.3417857
0.4002274, 0.3348077, 0.5, 0.4, 0.3764286, 0.3655357, 0.3592857, 0.3541071, 0.3523077, 0.3492857, 0.3489286, 0.3460715, 0.3457143, 0.3453571, 0.3451786, 0.3425, 0.3425, 0.3421429
0.4005137, 0.335, 0.5, 0.4001923, 0.3767857, 0.3657143, 0.3596428, 0.3542857, 0.3526923, 0.3496428, 0.3492857, 0.3464286, 0.3460714, 0.3457143, 0.3453571, 0.3428571, 0.3428571, 0.3425
0.4008, 0.3353571, 0.5, 0.4003846, 0.3771429, 0.3658929, 0.36, 0.3544643, 0.3530769, 0.35, 0.3496428, 0.3467857, 0.3464286, 0.3460714, 0.3455357, 0.3432143, 0.3432143, 0.3428846
0.4010863, 0.3357143, 0.5, 0.4005769, 0.3775, 0.3660714, 0.3601786, 0.3546428, 0.3534615, 0.3503571, 0.35, 0.3471428, 0.3467857, 0.3464285, 0.3457143, 0.3435714, 0.3435714, 0.3432692
0.4016588, 0.3364286, 0.5, 0.4009615, 0.3778571, 0.3664286, 0.3605357, 0.355, 0.3542307, 0.3510714, 0.3507143, 0.3478571, 0.3475, 0.3471428, 0.3460714, 0.3442857, 0.3442857, 0.3440384
0.4022314, 0.3371429, 0.5, 0.4013462, 0.3782143, 0.3667857, 0.3608929, 0.3557143, 0.355, 0.3517857, 0.3514286, 0.3485714, 0.3482143, 0.3478571, 0.3464286, 0.345, 0.345, 0.3448077
0.402804, 0.3378571, 0.5, 0.4017308, 0.3785714, 0.3671429, 0.36125, 0.3564286, 0.3553571, 0.3525, 0.3521428, 0.3492857, 0.3489285, 0.3485714, 0.3467857, 0.3457143, 0.3457143, 0.3455769
0.4030903, 0.3382143, 0.5, 0.4019231, 0.37875, 0.3673214, 0.3614286, 0.3567857, 0.3555357, 0.3528846, 0.3525, 0.3496428, 0.3492857, 0.3489285, 0.3469643, 0.3460714, 0.3460714, 0.3459615
0.4033765, 0.3385714, 0.5, 0.4021154, 0.3789286, 0.3675, 0.3616071, 0.3571428, 0.3557143, 0.3532692, 0.3526786, 0.35, 0.3496428, 0.3492857, 0.3471428, 0.3464285, 0.3464285, 0.3463461
0.4036629, 0.3389286, 0.5, 0.4023077, 0.3791071, 0.3678572, 0.3617857, 0.3575, 0.3558928, 0.3536538, 0.3528571, 0.3503572, 0.35, 0.3496429, 0.3473214, 0.3467857, 0.3467857, 0.3467308
0.4039491, 0.3392857, 0.5, 0.4025, 0.3792857, 0.3682143, 0.3619643, 0.3578571, 0.3560714, 0.3540384, 0.3530357, 0.3507143, 0.3503571, 0.35, 0.3475, 0.3471428, 0.3471428, 0.3471154
0.4042354, 0.3396429, 0.5, 0.4026786, 0.3794643, 0.3685715, 0.3621429, 0.3582143, 0.35625, 0.3544231, 0.3532143, 0.3510714, 0.3507143, 0.3501923, 0.3478571, 0.3475, 0.3475, 0.3475
0.4045217, 0.34, 0.5, 0.4028572, 0.3796429, 0.3689286, 0.3623214, 0.3585714, 0.3564286, 0.3548077, 0.3533928, 0.3514286, 0.3510714, 0.3503846, 0.3482143, 0.3478846, 0.3478571, 0.3478571
0.404808, 0.3403846, 0.5, 0.4030357, 0.3798214, 0.3692857, 0.3625, 0.3589286, 0.3566071, 0.3551923, 0.3535714, 0.3517857, 0.3514285, 0.3505769, 0.3485714, 0.3482692, 0.3482143, 0.3482143
0.4050943, 0.3407692, 0.5, 0.4032143, 0.38, 0.3696429, 0.3628846, 0.3592857, 0.3567857, 0.3555769, 0.35375, 0.3521428, 0.3517857, 0.3507692, 0.3489285, 0.3486538, 0.3485714, 0.3485714
0.4056669, 0.3415385, 0.5, 0.4035714, 0.3807693, 0.3703572, 0.3636539, 0.36, 0.3571428, 0.3563462, 0.3541071, 0.3528571, 0.3525, 0.3511539, 0.3496429, 0.3494231, 0.3492857, 0.3492857
0.4062394, 0.3423077, 0.5, 0.4039286, 0.3815385, 0.3710714, 0.3644231, 0.3607692, 0.3575, 0.3571154, 0.3544643, 0.3535714, 0.3532143, 0.3515384, 0.3503571, 0.3501923, 0.35, 0.35
0.4065257, 0.3426923, 0.5, 0.4041072, 0.3819231, 0.3714285, 0.3648077, 0.3611538, 0.3578571, 0.3575, 0.3546428, 0.3539285, 0.3535714, 0.3517308, 0.3507143, 0.3505769, 0.3503571, 0.3503571
0.4070983, 0.3434615, 0.5, 0.4044643, 0.3826923, 0.3721428, 0.3655769, 0.361923, 0.3585714, 0.3578571, 0.355, 0.3546428, 0.3542857, 0.3521154, 0.3514285, 0.3513461, 0.3510714, 0.3510714
0.4073846, 0.3438462, 0.5, 0.4046429, 0.3830769, 0.3725, 0.3659616, 0.3623077, 0.3589286, 0.3580357, 0.3553846, 0.355, 0.3546429, 0.3523077, 0.3517857, 0.3517308, 0.3514286, 0.3514286
0.4076709, 0.3442308, 0.5, 0.4048214, 0.3834615, 0.3726923, 0.3663462, 0.3626923, 0.3592857, 0.3582143, 0.3557692, 0.3553846, 0.355, 0.3525, 0.3521429, 0.3521154, 0.3517857, 0.3517857
0.4079571, 0.3446154, 0.5, 0.405, 0.3838462, 0.3728846, 0.3667308, 0.3630769, 0.3596429, 0.3583928, 0.3561538, 0.3557692, 0.3551923, 0.3528571, 0.3525, 0.3525, 0.3521428, 0.3521428
0.4082434, 0.345, 0.5, 0.4053572, 0.3842308, 0.3730769, 0.3671154, 0.3634615, 0.36, 0.3585714, 0.3565385, 0.3561538, 0.3553846, 0.3532143, 0.3528846, 0.3528571, 0.3525, 0.3525
0.4085297, 0.3453571, 0.5, 0.4057143, 0.3846154, 0.3732692, 0.3675, 0.3638462, 0.3603571, 0.35875, 0.3569231, 0.3565384, 0.3555769, 0.3535714, 0.3532692, 0.3532143, 0.3528846, 0.3528571
0.408816, 0.3457143, 0.5, 0.4060714, 0.385, 0.3734615, 0.3678571, 0.3642308, 0.3607143, 0.3589286, 0.3573077, 0.356923, 0.3557692, 0.3539285, 0.3536538, 0.3535714, 0.3532692, 0.3532143
0.4093886, 0.3464286, 0.5, 0.4067857, 0.3853571, 0.3738461, 0.3685715, 0.365, 0.3614286, 0.3592857, 0.3580769, 0.3576923, 0.3561538, 0.3546429, 0.3544231, 0.3542857, 0.3540385, 0.3539286
0.4096749, 0.3467857, 0.5, 0.4071428, 0.3855357, 0.3740385, 0.3689286, 0.3651786, 0.3617857, 0.3594643, 0.3584616, 0.3580769, 0.3563461, 0.355, 0.3548077, 0.3546429, 0.3544231, 0.3542857
0.4102474, 0.3475, 0.5, 0.4078571, 0.3858928, 0.3744231, 0.3696429, 0.3655357, 0.3625, 0.3598214, 0.3592308, 0.3588461, 0.3567308, 0.3557143, 0.3555769, 0.3553571, 0.3551923, 0.355
0.4105337, 0.3478571, 0.5, 0.4082143, 0.3860714, 0.3746154, 0.37, 0.3657143, 0.3628846, 0.36, 0.3596154, 0.3592307, 0.356923, 0.3560714, 0.3559615, 0.3557143, 0.3555769, 0.3553571
0.41082, 0.3482143, 0.5, 0.4085714, 0.38625, 0.3748077, 0.3703571, 0.3658929, 0.3632692, 0.3603571, 0.36, 0.3596153, 0.3571154, 0.3564285, 0.3563461, 0.3560714, 0.3559615, 0.3557143
0.4111063, 0.3485714, 0.5, 0.4089286, 0.3864286, 0.375, 0.3707143, 0.3660714, 0.3636539, 0.3607143, 0.3603572, 0.36, 0.3573077, 0.3567857, 0.3567308, 0.3564286, 0.3563462, 0.3560714
0.4113926, 0.3489286, 0.5, 0.4092857, 0.3866071, 0.3753572, 0.3710715, 0.36625, 0.3640385, 0.3610714, 0.3607143, 0.3601786, 0.3575, 0.3571429, 0.3571154, 0.3567857, 0.3567308, 0.3564286
0.4116789, 0.3492857, 0.5, 0.4096428, 0.3867857, 0.3757143, 0.3714286, 0.3664286, 0.3644231, 0.3614286, 0.3610714, 0.3603571, 0.3578571, 0.3575, 0.3575, 0.3571429, 0.3571154, 0.3567857
0.4119651, 0.3496428, 0.5, 0.41, 0.3869643, 0.3760714, 0.3717857, 0.3666072, 0.3648077, 0.3617857, 0.3614286, 0.3605357, 0.3582143, 0.3578571, 0.3578571, 0.3575, 0.3575, 0.3571428
0.4122514, 0.35, 0.5, 0.4101923, 0.3871428, 0.3764285, 0.3721429, 0.3667857, 0.3651923, 0.3621429, 0.3617857, 0.3607143, 0.3585714, 0.3582143, 0.3582143, 0.3578571, 0.3576786, 0.3575
0.4125377, 0.3503571, 0.5, 0.4103846, 0.3873214, 0.3767857, 0.3725, 0.3669643, 0.3655769, 0.3625, 0.3621429, 0.3608928, 0.3589286, 0.3585714, 0.3585714, 0.3582143, 0.3578571, 0.3576786
0.412824, 0.3507143, 0.5, 0.4105769, 0.3875, 0.3771428, 0.3726786, 0.3671429, 0.3659615, 0.3628571, 0.3625, 0.3610714, 0.3592857, 0.3589285, 0.3589285, 0.3585714, 0.3580357, 0.3578571
0.4133966, 0.3514286, 0.5, 0.4109615, 0.3878571, 0.3778571, 0.3730357, 0.3675, 0.3667308, 0.3635715, 0.3632143, 0.3614286, 0.36, 0.3596429, 0.3596429, 0.3592857, 0.3583929, 0.3582143
0.4136828, 0.3517857, 0.5, 0.4111539, 0.3880357, 0.3782143, 0.3732143, 0.3678572, 0.3671154, 0.3639286, 0.3635714, 0.3616071, 0.3603571, 0.36, 0.36, 0.3596429, 0.3585714, 0.3583928
0.4139691, 0.3521428, 0.5, 0.4113461, 0.3882143, 0.3785714, 0.3733929, 0.3682143, 0.3675, 0.3642857, 0.3639286, 0.3617857, 0.3607143, 0.3603571, 0.3603571, 0.36, 0.35875, 0.3585714
0.4145417, 0.3528571, 0.5, 0.4117308, 0.3885714, 0.3792857, 0.37375, 0.3689286, 0.3678572, 0.365, 0.3646428, 0.3621429, 0.3614286, 0.3610714, 0.3610714, 0.3607143, 0.3591071, 0.3589286
0.414828, 0.3532143, 0.5, 0.4119231, 0.38875, 0.3796429, 0.3739286, 0.3692857, 0.3680357, 0.3653572, 0.365, 0.3623214, 0.3617857, 0.3614286, 0.3614286, 0.3610714, 0.3592857, 0.3591071
0.4151143, 0.3535714, 0.5, 0.4121154, 0.3889286, 0.38, 0.3741072, 0.3696429, 0.3682143, 0.3657143, 0.3651786, 0.3625, 0.3621429, 0.3617857, 0.3617857, 0.3614286, 0.3594643, 0.3592857
0.4154006, 0.3539286, 0.5, 0.4123077, 0.3891071, 0.3801786, 0.3742857, 0.37, 0.3683929, 0.3660715, 0.3653572, 0.3628572, 0.3625, 0.3621429, 0.3621429, 0.3617857, 0.3596429, 0.3594643
0.4156868, 0.3542857, 0.5, 0.4125, 0.3892857, 0.3803571, 0.3744643, 0.3703572, 0.3685714, 0.3664286, 0.3655357, 0.3632143, 0.3628572, 0.3625, 0.3625, 0.3621429, 0.3598214, 0.3596428
0.4159731, 0.3546428, 0.5, 0.4126786, 0.3894643, 0.3805357, 0.3746428, 0.3707143, 0.36875, 0.3667857, 0.3657143, 0.3635714, 0.3632143, 0.3628846, 0.3628572, 0.3625, 0.36, 0.3598214
0.4162594, 0.355, 0.5, 0.4128571, 0.3896428, 0.3807143, 0.3748214, 0.3710714, 0.3689286, 0.3671429, 0.3658929, 0.3639286, 0.3635714, 0.3632692, 0.3632143, 0.3626923, 0.3603571, 0.36
0.4165457, 0.3553571, 0.5, 0.4130357, 0.3898214, 0.3808928, 0.375, 0.3714285, 0.3691072, 0.3675, 0.3660714, 0.3642857, 0.3639286, 0.3636538, 0.3635714, 0.3628846, 0.3607143, 0.3603846
0.416832, 0.3557143, 0.5, 0.4132143, 0.39, 0.3810714, 0.3753847, 0.3717857, 0.3692857, 0.3678572, 0.36625, 0.3646429, 0.3642857, 0.3640385, 0.3639286, 0.363077, 0.3610714, 0.3607692
0.4174046, 0.3564286, 0.5, 0.4135714, 0.3907692, 0.3814286, 0.3761539, 0.3725, 0.3696429, 0.3685714, 0.3666072, 0.3653572, 0.365, 0.3648077, 0.3646429, 0.3634616, 0.3617857, 0.3615385
0.4176908, 0.3567857, 0.5, 0.41375, 0.3911538, 0.3816071, 0.3765385, 0.3728846, 0.3698214, 0.3689286, 0.3667857, 0.3657143, 0.3653572, 0.3651923, 0.365, 0.3636539, 0.3621429, 0.3619231
0.4179771, 0.3571428, 0.5, 0.4139286, 0.3915384, 0.3817857, 0.3769231, 0.3732692, 0.37, 0.3692857, 0.3669643, 0.3660714, 0.3657143, 0.3655769, 0.3653572, 0.3638462, 0.3625, 0.3623077
0.4185497, 0.3578572, 0.5, 0.4142857, 0.3923077, 0.3821429, 0.3776923, 0.3740385, 0.3707143, 0.37, 0.3673214, 0.3667857, 0.3664286, 0.3663462, 0.3660715, 0.3642308, 0.3632143, 0.363077
0.418836, 0.3582143, 0.5, 0.4144643, 0.3926923, 0.3823214, 0.3780769, 0.3744231, 0.3710715, 0.3703846, 0.3675, 0.3671429, 0.3667857, 0.3667308, 0.3664286, 0.3644231, 0.3635714, 0.3634616
0.4191223, 0.3585714, 0.5, 0.4146428, 0.3930769, 0.3825, 0.3784616, 0.3748077, 0.3714286, 0.3707692, 0.3678572, 0.3675, 0.3671429, 0.3671154, 0.3667857, 0.3646154, 0.3639286, 0.3638462
0.4194086, 0.3589286, 0.5, 0.4148214, 0.3934615, 0.3828846, 0.3788462, 0.3751923, 0.3717857, 0.3711538, 0.3682143, 0.3678572, 0.3675, 0.3675, 0.3671429, 0.3648077, 0.3642857, 0.3642308
0.4196948, 0.3592857, 0.5, 0.415, 0.3938462, 0.3832692, 0.3792308, 0.3755769, 0.3721429, 0.3715384, 0.3685714, 0.3682143, 0.3678846, 0.3676786, 0.3675, 0.365, 0.3646429, 0.3646154
0.4199811, 0.3596428, 0.5, 0.4151786, 0.3942308, 0.3836538, 0.3796154, 0.3759615, 0.3725, 0.3719231, 0.3689286, 0.3685714, 0.3682692, 0.3678572, 0.3676786, 0.3653572, 0.365, 0.365
0.4202674, 0.36, 0.5, 0.4153571, 0.3946154, 0.3840384, 0.38, 0.3763461, 0.3728572, 0.3723077, 0.3692857, 0.3689286, 0.3686538, 0.3680357, 0.3678572, 0.3657143, 0.3653572, 0.3653572
0.4205537, 0.3603846, 0.5, 0.4155357, 0.395, 0.3844231, 0.3801786, 0.3767308, 0.3732143, 0.3726923, 0.3696429, 0.3692857, 0.3690385, 0.3682143, 0.3680357, 0.3660715, 0.3657143, 0.3657143
0.4211263, 0.3611538, 0.5, 0.4158928, 0.3953571, 0.3851923, 0.3805357, 0.3775, 0.3739286, 0.3734615, 0.3703572, 0.37, 0.3698077, 0.3685714, 0.3683929, 0.3667857, 0.3664286, 0.3664286
0.4216988, 0.3619231, 0.5, 0.41625, 0.3957143, 0.3859615, 0.3808928, 0.3778571, 0.3746429, 0.3742307, 0.3710714, 0.3707143, 0.3705769, 0.3689286, 0.36875, 0.3675, 0.3671429, 0.3671429
0.4219851, 0.3623077, 0.5, 0.4164286, 0.3958929, 0.3863461, 0.3810714, 0.3780357, 0.375, 0.3746153, 0.3714285, 0.3710714, 0.3709615, 0.3691072, 0.3689286, 0.3678572, 0.3675, 0.3675
0.4222714, 0.3626923, 0.5, 0.4166071, 0.3960714, 0.3867308, 0.38125, 0.3782143, 0.3753847, 0.375, 0.3717857, 0.3714286, 0.3713462, 0.3692857, 0.3691072, 0.3682143, 0.3678572, 0.3678572
0.422844, 0.3634616, 0.5, 0.4169643, 0.3964286, 0.3875, 0.3816071, 0.3785714, 0.3761539, 0.3753572, 0.3725, 0.3721429, 0.3721154, 0.3696429, 0.3694643, 0.3689286, 0.3685715, 0.3685715
0.4231303, 0.3638462, 0.5, 0.4171428, 0.3966071, 0.3876786, 0.3817857, 0.37875, 0.3765385, 0.3755357, 0.3728846, 0.3725, 0.3725, 0.3698214, 0.3696429, 0.3692857, 0.3689286, 0.3689286
0.4234166, 0.3642308, 0.5, 0.4173214, 0.3967857, 0.3878571, 0.3819643, 0.3789286, 0.3769231, 0.3757143, 0.3732692, 0.3728846, 0.3726786, 0.37, 0.3698214, 0.3696429, 0.3692857, 0.3692857
0.4237028, 0.3646154, 0.5, 0.4175, 0.3969643, 0.3880357, 0.3821428, 0.3791071, 0.3773077, 0.3758928, 0.3736538, 0.3732692, 0.3728572, 0.3703572, 0.37, 0.37, 0.3696429, 0.3696429
0.4239891, 0.365, 0.5, 0.4176923, 0.3971429, 0.3882143, 0.3823214, 0.3792857, 0.3776923, 0.3760714, 0.3740384, 0.3736538, 0.3730357, 0.3707143, 0.3703846, 0.3703571, 0.37, 0.37
0.4242754, 0.3653572, 0.5, 0.4178846, 0.3973214, 0.3883929, 0.3825, 0.3794643, 0.3780769, 0.37625, 0.3744231, 0.3740385, 0.3732143, 0.3710715, 0.3707693, 0.3707143, 0.3703847, 0.3703572
0.4245617, 0.3657143, 0.5, 0.4180769, 0.3975, 0.3885714, 0.3828571, 0.3796429, 0.3784616, 0.3764286, 0.3748077, 0.3744231, 0.3733929, 0.3714286, 0.3711539, 0.3710715, 0.3707693, 0.3707143
0.4251343, 0.3664286, 0.5, 0.4184615, 0.3982143, 0.3889286, 0.3835714, 0.38, 0.3792308, 0.3767857, 0.3755769, 0.3751923, 0.37375, 0.3721429, 0.3719231, 0.3717857, 0.3715385, 0.3714286
0.4257068, 0.3671429, 0.5, 0.4188461, 0.3989286, 0.3892857, 0.3842857, 0.3807143, 0.38, 0.3771428, 0.3763461, 0.3759615, 0.3741072, 0.3728572, 0.3726923, 0.3725, 0.3723077, 0.3721429
0.4262794, 0.3678572, 0.5, 0.4192308, 0.3996429, 0.3896429, 0.385, 0.3814286, 0.3803571, 0.3775, 0.3771154, 0.3767308, 0.3744643, 0.3735715, 0.3734616, 0.3732143, 0.3730769, 0.3728572
0.4265657, 0.3682143, 0.5, 0.4194231, 0.4, 0.3898214, 0.3853571, 0.3817857, 0.3805357, 0.3778571, 0.3775, 0.3771154, 0.3746429, 0.3739286, 0.3738462, 0.3735714, 0.3734615, 0.3732143
0.426852, 0.3685714, 0.5, 0.4196154, 0.4003572, 0.39, 0.3857143, 0.3821429, 0.3807143, 0.3782143, 0.3778571, 0.3775, 0.3748214, 0.3742857, 0.3742308, 0.3739285, 0.3738461, 0.3735714
0.4271383, 0.3689286, 0.5, 0.4198077, 0.4007143, 0.3903571, 0.3860714, 0.3825, 0.3808928, 0.3785714, 0.3782143, 0.3776786, 0.375, 0.3746429, 0.3746154, 0.3742857, 0.3742307, 0.3739285
0.4274246, 0.3692857, 0.5, 0.42, 0.4010714, 0.3907143, 0.3864285, 0.3828571, 0.3810714, 0.3789285, 0.3785714, 0.3778571, 0.3753572, 0.375, 0.375, 0.3746428, 0.3746153, 0.3742857
0.4277109, 0.3696429, 0.5, 0.4201786, 0.4014286, 0.3910714, 0.3867857, 0.3832143, 0.38125, 0.3792857, 0.3789286, 0.3780357, 0.3757143, 0.3753572, 0.3753572, 0.375, 0.375, 0.3746428
0.4279971, 0.37, 0.5, 0.4203571, 0.4017857, 0.3914286, 0.3871428, 0.3835714, 0.3814286, 0.3796428, 0.3792857, 0.3782143, 0.3760715, 0.3757143, 0.3757143, 0.3753571, 0.3753571, 0.375
0.4282834, 0.3701786, 0.5, 0.4205357, 0.4021429, 0.3917857, 0.3875, 0.3839286, 0.3816071, 0.38, 0.3796429, 0.3783929, 0.3764286, 0.3760714, 0.3760714, 0.3757143, 0.3757143, 0.3751923
0.4285697, 0.3703572, 0.5, 0.4207143, 0.4025, 0.3921429, 0.3878846, 0.3842857, 0.3817857, 0.3803571, 0.38, 0.3785714, 0.3767857, 0.3764286, 0.3764286, 0.3760714, 0.3760714, 0.3753846
0.4291423, 0.3707143, 0.5, 0.4210714, 0.4028846, 0.3928571, 0.3886538, 0.385, 0.3821428, 0.3810714, 0.3807143, 0.3789286, 0.3775, 0.3771428, 0.3771428, 0.3767857, 0.3767857, 0.3757692
0.4297149, 0.3710714, 0.5, 0.4214286, 0.4032692, 0.3935714, 0.3894231, 0.3857143, 0.3825, 0.3817857, 0.3814286, 0.3792857, 0.3782143, 0.3778571, 0.3778571, 0.3775, 0.3775, 0.3761539
0.4302874, 0.3714286, 0.5, 0.4217857, 0.4036539, 0.3942857, 0.3901923, 0.3864286, 0.3832143, 0.3825, 0.3821429, 0.3796429, 0.3789286, 0.3785714, 0.3785714, 0.3782143, 0.3782143, 0.3765385
0.4305737, 0.3716072, 0.5, 0.4219643, 0.4038461, 0.3946429, 0.3905769, 0.3867857, 0.3835714, 0.3828846, 0.3825, 0.3798214, 0.3792857, 0.3789285, 0.3789285, 0.3785714, 0.3785714, 0.3767308
0.43086, 0.3717857, 0.5, 0.4221428, 0.4040385, 0.395, 0.3909615, 0.3871429, 0.3839285, 0.3832692, 0.3826786, 0.38, 0.3796429, 0.3792857, 0.3792857, 0.3789285, 0.3789285, 0.3769231
0.4311463, 0.3719643, 0.5, 0.4223214, 0.4042308, 0.3951923, 0.3913462, 0.3875, 0.3842857, 0.3836538, 0.3828571, 0.3803571, 0.38, 0.3796428, 0.3796428, 0.3792857, 0.3792857, 0.3771154
0.4314326, 0.3721429, 0.5, 0.4225, 0.4044231, 0.3953846, 0.3917308, 0.3878572, 0.3846428, 0.3840385, 0.3830357, 0.3807143, 0.3803572, 0.38, 0.38, 0.3796428, 0.3796428, 0.3773077
0.4317189, 0.3723214, 0.5, 0.4226786, 0.4046154, 0.395577, 0.3921154, 0.3882143, 0.385, 0.3844231, 0.3832143, 0.3810714, 0.3807143, 0.3803846, 0.3803571, 0.38, 0.38, 0.3775
0.4320051, 0.3725, 0.5, 0.4228571, 0.4048077, 0.3957692, 0.3925, 0.3885714, 0.3853571, 0.3848077, 0.3833928, 0.3814286, 0.3810714, 0.3807692, 0.3807143, 0.3801923, 0.3801786, 0.3778571
0.4322914, 0.3728846, 0.5, 0.4230357, 0.405, 0.3959616, 0.3926786, 0.3889286, 0.3857143, 0.3851923, 0.3835714, 0.3817857, 0.3814286, 0.3811538, 0.3810714, 0.3803846, 0.3803571, 0.3782143
0.4331503, 0.3740384, 0.5, 0.4235714, 0.4055357, 0.3965385, 0.3932143, 0.39, 0.3867857, 0.3863461, 0.3841071, 0.3828571, 0.3825, 0.3823076, 0.3821428, 0.3809615, 0.3808928, 0.3792857
0.4337229, 0.3748077, 0.5, 0.4239286, 0.4058928, 0.3969231, 0.3935714, 0.3903846, 0.3875, 0.3871154, 0.3844643, 0.3835714, 0.3832143, 0.3830769, 0.3828571, 0.3813461, 0.38125, 0.38
0.4340091, 0.3751923, 0.5, 0.4241071, 0.4060714, 0.3971154, 0.39375, 0.3905769, 0.3878571, 0.3875, 0.3846428, 0.3839286, 0.3835714, 0.3834615, 0.3832143, 0.3815385, 0.3814286, 0.3803571
0.4345817, 0.3759615, 0.5, 0.4244643, 0.4064286, 0.3975, 0.3941072, 0.3909615, 0.3885714, 0.3878571, 0.385, 0.3846429, 0.3842857, 0.3842307, 0.3839285, 0.381923, 0.3817857, 0.3810714
0.434868, 0.3763461, 0.5, 0.4246429, 0.4066072, 0.3978572, 0.3942857, 0.3911538, 0.3889285, 0.3880357, 0.3853846, 0.385, 0.3846428, 0.3846153, 0.3842857, 0.3821154, 0.3819643, 0.3814285
0.4351543, 0.3767308, 0.5, 0.4248214, 0.4067857, 0.3982143, 0.3944643, 0.3913462, 0.3892857, 0.3882143, 0.3857692, 0.3853572, 0.385, 0.385, 0.3846428, 0.3823077, 0.3821428, 0.3817857
0.4354406, 0.3771154, 0.5, 0.425, 0.4069643, 0.3985715, 0.3946429, 0.3915385, 0.3896429, 0.3883928, 0.3861538, 0.3857143, 0.3853846, 0.3851786, 0.385, 0.3825, 0.3823214, 0.3821428
0.4357269, 0.3775, 0.5, 0.4251786, 0.4071428, 0.3989286, 0.3948214, 0.3917308, 0.39, 0.3885714, 0.3865385, 0.3860714, 0.3857692, 0.3853571, 0.3851786, 0.3828571, 0.3825, 0.3825
0.4360131, 0.3778571, 0.5, 0.4253572, 0.4073214, 0.3992857, 0.395, 0.3919231, 0.3903571, 0.38875, 0.3869231, 0.3864286, 0.3861538, 0.3855357, 0.3853571, 0.3832143, 0.3828571, 0.3828571
0.4362994, 0.3782143, 0.5, 0.4255357, 0.4075, 0.3996429, 0.3953571, 0.3921154, 0.3907143, 0.3889286, 0.3873077, 0.3867857, 0.3865384, 0.3857143, 0.3855357, 0.3835714, 0.3832143, 0.3832143
0.436872, 0.3789285, 0.5, 0.4258929, 0.4082143, 0.4003572, 0.3960714, 0.3925, 0.3914286, 0.3892857, 0.3880769, 0.3875, 0.3873076, 0.3860714, 0.3858928, 0.3842857, 0.3839285, 0.3839285
0.4377308, 0.38, 0.5, 0.4264286, 0.4092857, 0.4014286, 0.3971429, 0.3935714, 0.3925, 0.3898214, 0.3892308, 0.3885714, 0.3884615, 0.3866071, 0.3864286, 0.3853571, 0.385, 0.385
0.4380171, 0.3803571, 0.5, 0.4266072, 0.4096428, 0.4017857, 0.3975, 0.3939286, 0.3926923, 0.39, 0.3896154, 0.3889285, 0.3888461, 0.3867857, 0.3866071, 0.3857143, 0.3853571, 0.3853571
0.4383034, 0.3807143, 0.5, 0.4267857, 0.41, 0.4021429, 0.3978571, 0.3942857, 0.3928846, 0.3903571, 0.39, 0.3892857, 0.3892307, 0.3869643, 0.3867857, 0.3860714, 0.3857143, 0.3857143
0.4385897, 0.3810714, 0.5, 0.4269643, 0.4103571, 0.4025, 0.3982143, 0.3946429, 0.3930769, 0.3907143, 0.3903571, 0.3896428, 0.3896153, 0.3871428, 0.3869643, 0.3864285, 0.3860714, 0.3860714
0.438876, 0.3814286, 0.5, 0.4271429, 0.4107143, 0.4026786, 0.3985715, 0.395, 0.3932692, 0.3910714, 0.3907143, 0.39, 0.39, 0.3873214, 0.3871428, 0.3867857, 0.3864286, 0.3864286
0.4391623, 0.3817857, 0.5, 0.4273214, 0.4110714, 0.4028572, 0.3989286, 0.3953572, 0.3934616, 0.3914286, 0.3910714, 0.3901923, 0.3901786, 0.3875, 0.3873214, 0.3871428, 0.3867857, 0.3867857
0.4394486, 0.3821428, 0.5, 0.4275, 0.4114286, 0.4030357, 0.3992857, 0.3957143, 0.3936539, 0.3917857, 0.3914286, 0.3903846, 0.3903571, 0.3878571, 0.3875, 0.3875, 0.3871428, 0.3871428
0.4397348, 0.3825, 0.5, 0.4276923, 0.4117857, 0.4032143, 0.3996429, 0.3960714, 0.3938462, 0.3921429, 0.3917857, 0.3905769, 0.3905357, 0.3882143, 0.3878846, 0.3878571, 0.3875, 0.3875
0.4400211, 0.3828571, 0.5, 0.4278846, 0.4121428, 0.4033929, 0.4, 0.3964286, 0.3940385, 0.3925, 0.3921429, 0.3907692, 0.3907143, 0.3885714, 0.3882692, 0.3882143, 0.3878846, 0.3878571
0.4403074, 0.3832143, 0.5, 0.4280769, 0.4125, 0.4035714, 0.4001786, 0.3967857, 0.3942308, 0.3928571, 0.3925, 0.3909615, 0.3908928, 0.3889285, 0.3886538, 0.3885714, 0.3882692, 0.3882143
0.44088, 0.3839286, 0.5, 0.4284616, 0.4128846, 0.4039286, 0.4005357, 0.3975, 0.3946154, 0.3935715, 0.3932143, 0.3913462, 0.39125, 0.3896429, 0.3894231, 0.3892857, 0.3890385, 0.3889286
0.4414526, 0.3846428, 0.5, 0.4288462, 0.4132692, 0.4042857, 0.4008929, 0.3978571, 0.395, 0.3942857, 0.3939286, 0.3917308, 0.3916071, 0.3903571, 0.3901923, 0.39, 0.3898077, 0.3896429
0.4417388, 0.385, 0.5, 0.4290385, 0.4134615, 0.4044643, 0.4010714, 0.3980357, 0.3953571, 0.3946429, 0.3942857, 0.3919231, 0.3917857, 0.3907143, 0.3905769, 0.3903571, 0.3901923, 0.39
0.4420251, 0.3853571, 0.5, 0.4292308, 0.4136539, 0.4046429, 0.40125, 0.3982143, 0.3957143, 0.395, 0.3946429, 0.3921154, 0.3919643, 0.3910714, 0.3909615, 0.3907143, 0.3905769, 0.3903571
0.4423114, 0.3857143, 0.5, 0.4294231, 0.4138461, 0.4048214, 0.4014286, 0.3983929, 0.3960714, 0.3953571, 0.395, 0.3923077, 0.3921429, 0.3914286, 0.3913462, 0.3910714, 0.3909615, 0.3907143
0.4425977, 0.3860714, 0.5, 0.4296154, 0.4140385, 0.405, 0.4016072, 0.3985714, 0.3964286, 0.3957143, 0.3951786, 0.3925, 0.3923214, 0.3917857, 0.3917308, 0.3914286, 0.3913462, 0.3910715
0.442884, 0.3864286, 0.5, 0.4298077, 0.4142308, 0.4053571, 0.4017857, 0.39875, 0.3967857, 0.3960715, 0.3953572, 0.3928571, 0.3925, 0.3921429, 0.3921154, 0.3917857, 0.3917308, 0.3914286
0.4431703, 0.3867857, 0.5, 0.43, 0.4144231, 0.4057143, 0.4019643, 0.3989286, 0.3971429, 0.3964286, 0.3955357, 0.3932143, 0.3928571, 0.3925, 0.3925, 0.3921429, 0.3921154, 0.3917857
0.4434566, 0.3871428, 0.5, 0.4303572, 0.4146154, 0.4060714, 0.4021429, 0.3991071, 0.3975, 0.3967857, 0.3957143, 0.3935714, 0.3932143, 0.3928571, 0.3928571, 0.3925, 0.3925, 0.3921429
0.4437428, 0.3875, 0.5, 0.4307143, 0.4148077, 0.4064285, 0.4023214, 0.3992857, 0.3978571, 0.3971429, 0.3958929, 0.3939286, 0.3935714, 0.3932143, 0.3932143, 0.3928571, 0.3926786, 0.3925
0.4440291, 0.3878571, 0.5, 0.4310714, 0.415, 0.4067857, 0.4025, 0.3994643, 0.3982143, 0.3975, 0.3960714, 0.3942857, 0.3939286, 0.3935714, 0.3935714, 0.3932143, 0.3928571, 0.3926786
0.444888, 0.3889286, 0.5, 0.4321429, 0.4155357, 0.4078571, 0.4036539, 0.4, 0.3992857, 0.3985715, 0.3966072, 0.3953571, 0.395, 0.3946429, 0.3946429, 0.3942857, 0.3933929, 0.3932143
0.4454606, 0.3896429, 0.5, 0.4328572, 0.4158929, 0.4085714, 0.4044231, 0.4007143, 0.4, 0.3992857, 0.3969643, 0.3960714, 0.3957143, 0.3953571, 0.3953571, 0.395, 0.39375, 0.3935714
0.4457468, 0.39, 0.5, 0.4332143, 0.4160714, 0.4089285, 0.4048077, 0.4010714, 0.4003571, 0.3996429, 0.3971429, 0.3964286, 0.3960714, 0.3957143, 0.3957143, 0.3953571, 0.3939286, 0.39375
0.4460331, 0.3903571, 0.5, 0.4335714, 0.41625, 0.4092857, 0.4051923, 0.4014286, 0.4007143, 0.4, 0.3973214, 0.3967857, 0.3964286, 0.3960714, 0.3960714, 0.3957143, 0.3941071, 0.3939286
0.4463194, 0.3907143, 0.5, 0.4339286, 0.4164286, 0.4096428, 0.4055769, 0.4017857, 0.4010715, 0.4001923, 0.3975, 0.3971429, 0.3967857, 0.3964286, 0.3964286, 0.3960715, 0.3942857, 0.3941072
0.4466057, 0.3910715, 0.5, 0.4342857, 0.4166071, 0.41, 0.4059616, 0.4021429, 0.4014286, 0.4003846, 0.3978572, 0.3975, 0.3971429, 0.3967857, 0.3967857, 0.3964286, 0.3944643, 0.3942857
0.446892, 0.3914286, 0.5, 0.4346429, 0.4167857, 0.4101923, 0.4063462, 0.4025, 0.4017857, 0.4005769, 0.3982143, 0.3978571, 0.3975, 0.3971429, 0.3971429, 0.3967857, 0.3946429, 0.3944643
0.4471783, 0.3917857, 0.5, 0.435, 0.4169643, 0.4103846, 0.4067308, 0.4028571, 0.4021429, 0.4007692, 0.3985714, 0.3982143, 0.3978571, 0.3975, 0.3975, 0.3971429, 0.3948214, 0.3946429
0.4474646, 0.3921429, 0.5, 0.4351786, 0.4171429, 0.4105769, 0.4071154, 0.4032143, 0.4025, 0.4009615, 0.3989286, 0.3985714, 0.3982143, 0.3976923, 0.3976786, 0.3975, 0.395, 0.3948214
0.4477508, 0.3925, 0.5, 0.4353571, 0.4173214, 0.4107692, 0.4075, 0.4035714, 0.4028571, 0.4011539, 0.3992857, 0.3989286, 0.3985714, 0.3978846, 0.3978571, 0.3976786, 0.3953571, 0.395
0.4480371, 0.3926923, 0.5, 0.4355357, 0.4175, 0.4109615, 0.4076786, 0.4039285, 0.4032143, 0.4013461, 0.3996428, 0.3992857, 0.3989286, 0.3980769, 0.3980357, 0.3978571, 0.3957143, 0.3953846
0.448896, 0.3932692, 0.5, 0.4360714, 0.4185714, 0.4115385, 0.4082143, 0.405, 0.4042857, 0.4019231, 0.4007143, 0.4003571, 0.4, 0.3986539, 0.3985714, 0.3983929, 0.3967857, 0.3965385
0.4494686, 0.3936539, 0.5, 0.4364286, 0.4192857, 0.4119231, 0.4085714, 0.4057692, 0.405, 0.4023077, 0.4014286, 0.4010714, 0.4007143, 0.3990385, 0.3989286, 0.39875, 0.3975, 0.3973077
0.4497548, 0.3938462, 0.5, 0.4366071, 0.4196428, 0.4121154, 0.40875, 0.4061538, 0.4051786, 0.4025, 0.4017857, 0.4014286, 0.4010714, 0.3992308, 0.3991071, 0.3989286, 0.3978571, 0.3976923
0.4503274, 0.3942308, 0.5, 0.4369643, 0.4203571, 0.4125, 0.4091071, 0.4069231, 0.4055357, 0.4032143, 0.4025, 0.4021429, 0.4017857, 0.3996154, 0.3994643, 0.3992857, 0.3985715, 0.3984616
0.4506137, 0.3944231, 0.5, 0.4371428, 0.4207143, 0.4128571, 0.4092857, 0.4073077, 0.4057143, 0.4035715, 0.4028572, 0.4025, 0.4021429, 0.3998077, 0.3996429, 0.3994643, 0.3989286, 0.3988462
0.4509, 0.3946154, 0.5, 0.4373214, 0.4210714, 0.4132143, 0.4094643, 0.4076923, 0.4058928, 0.4039286, 0.4032143, 0.4026786, 0.4025, 0.4, 0.3998214, 0.3996429, 0.3992857, 0.3992308
0.4511863, 0.3948077, 0.5, 0.4375, 0.4214286, 0.4135714, 0.4096428, 0.4080769, 0.4060714, 0.4042857, 0.4035714, 0.4028571, 0.4026923, 0.4003571, 0.4, 0.3998214, 0.3996429, 0.3996154
0.4514726, 0.395, 0.5, 0.4376923, 0.4217857, 0.4139285, 0.4098214, 0.4084615, 0.40625, 0.4046429, 0.4039285, 0.4030357, 0.4028846, 0.4007143, 0.4003571, 0.4, 0.4, 0.4
0.4517588, 0.3953571, 0.5, 0.4378846, 0.4221428, 0.4142857, 0.41, 0.4088461, 0.4064286, 0.405, 0.4042857, 0.4032143, 0.4030769, 0.4010714, 0.4007143, 0.4003846, 0.4003571, 0.4003571
0.4520451, 0.3957143, 0.5, 0.4380769, 0.4225, 0.4146429, 0.4103572, 0.4092308, 0.4066072, 0.4053572, 0.4046429, 0.4033929, 0.4032692, 0.4014286, 0.4010715, 0.4007693, 0.4007143, 0.4007143
0.4526177, 0.3964286, 0.5, 0.4384615, 0.4228571, 0.4153571, 0.4110714, 0.41, 0.4069643, 0.4060714, 0.4053572, 0.40375, 0.4036539, 0.4021429, 0.4017857, 0.4015385, 0.4014286, 0.4014286
0.4534765, 0.3975, 0.5, 0.4390385, 0.4233928, 0.4164285, 0.4121428, 0.4105357, 0.4075, 0.4071428, 0.4064285, 0.4042857, 0.4042308, 0.4032143, 0.4028571, 0.4026923, 0.4025, 0.4025
0.4537629, 0.3978572, 0.5, 0.4392308, 0.4235714, 0.4167857, 0.4125, 0.4107143, 0.4078847, 0.4075, 0.4067857, 0.4044643, 0.4044231, 0.4035715, 0.4032143, 0.4030769, 0.4028572, 0.4028572
0.4543354, 0.3985715, 0.5, 0.4396154, 0.4239286, 0.4175, 0.4132143, 0.4110714, 0.4086539, 0.4078571, 0.4075, 0.4048214, 0.4048077, 0.4042857, 0.4039286, 0.4038462, 0.4035715, 0.4035715
0.4546217, 0.3989286, 0.5, 0.4398077, 0.4241071, 0.4176786, 0.4135714, 0.41125, 0.4090385, 0.4080357, 0.4076923, 0.405, 0.405, 0.4046429, 0.4042857, 0.4042308, 0.4039286, 0.4039286
0.454908, 0.3992857, 0.5, 0.44, 0.4242857, 0.4178571, 0.4139285, 0.4114286, 0.4094231, 0.4082143, 0.4078846, 0.4053846, 0.4053571, 0.405, 0.4046429, 0.4046154, 0.4042857, 0.4042857
0.4551943, 0.3996429, 0.5, 0.4401786, 0.4244643, 0.4180357, 0.4142857, 0.4116071, 0.4098077, 0.4083928, 0.4080769, 0.4057692, 0.4057143, 0.4053571, 0.405, 0.405, 0.4046429, 0.4046429
0.4554805, 0.4, 0.5, 0.4403571, 0.4246429, 0.4182143, 0.4146428, 0.4117857, 0.4101923, 0.4085714, 0.4082692, 0.4061538, 0.4060714, 0.4057143, 0.4053571, 0.4053571, 0.405, 0.405
0.4557669, 0.4003572, 0.5, 0.4405357, 0.4248214, 0.4183929, 0.415, 0.4119643, 0.410577, 0.40875, 0.4084615, 0.4065385, 0.4064286, 0.4060715, 0.4057143, 0.4057143, 0.4053572, 0.4051786
0.4560531, 0.4007143, 0.5, 0.4407143, 0.425, 0.4185714, 0.4151786, 0.4121428, 0.4109616, 0.4089286, 0.4086539, 0.4069231, 0.4067857, 0.4064286, 0.4060715, 0.4060715, 0.4057143, 0.4053572
0.4566257, 0.4014286, 0.5, 0.4410714, 0.4253846, 0.4189286, 0.4155357, 0.4125, 0.4117308, 0.4092857, 0.4090385, 0.4076923, 0.4075, 0.4071428, 0.4067857, 0.4067857, 0.4064286, 0.4057143
0.4571983, 0.4021429, 0.5, 0.4414286, 0.4257692, 0.4192857, 0.4158928, 0.4132143, 0.4125, 0.4096428, 0.4094231, 0.4084615, 0.4082143, 0.4078571, 0.4075, 0.4075, 0.4071428, 0.4060714
0.4577709, 0.4028572, 0.5, 0.4417857, 0.4261539, 0.4196429, 0.41625, 0.4139286, 0.4128571, 0.41, 0.4098077, 0.4092308, 0.4089286, 0.4085715, 0.4082143, 0.4082143, 0.4078571, 0.4064286
0.4580571, 0.4032143, 0.5, 0.4419643, 0.4263462, 0.4198214, 0.4164286, 0.4142857, 0.4130357, 0.4103571, 0.41, 0.4096154, 0.4092857, 0.4089286, 0.4085715, 0.4085715, 0.4082143, 0.4066072
0.4583434, 0.4035714, 0.5, 0.4421429, 0.4265385, 0.42, 0.4166071, 0.4146428, 0.4132143, 0.4107143, 0.4103571, 0.41, 0.4096428, 0.4092857, 0.4089286, 0.4089286, 0.4085714, 0.4067857
0.4586297, 0.4039285, 0.5, 0.4423214, 0.4267308, 0.4203571, 0.4167857, 0.415, 0.4133928, 0.4110714, 0.4107143, 0.4103571, 0.41, 0.4096428, 0.4092857, 0.4092857, 0.4089285, 0.4069643
0.458916, 0.4042857, 0.5, 0.4425, 0.4269231, 0.4207143, 0.4169643, 0.4153571, 0.4135714, 0.4114285, 0.4110714, 0.4107143, 0.4101786, 0.41, 0.4096428, 0.4096428, 0.4092857, 0.4071428
0.4592023, 0.4046428, 0.5, 0.4426786, 0.4271154, 0.4210714, 0.4171428, 0.4157143, 0.41375, 0.4117857, 0.4114285, 0.4110714, 0.4103571, 0.4101786, 0.41, 0.41, 0.4096428, 0.4073214
0.4594886, 0.405, 0.5, 0.4428571, 0.4273077, 0.4214286, 0.4173214, 0.4160714, 0.4139286, 0.4121429, 0.4117857, 0.4114286, 0.4105357, 0.4103571, 0.4101923, 0.4101786, 0.41, 0.4075
0.4597749, 0.4053572, 0.5, 0.4430357, 0.4275, 0.4217857, 0.4175, 0.4164286, 0.4141071, 0.4125, 0.4121429, 0.4117857, 0.4107143, 0.4105357, 0.4103846, 0.4103571, 0.4101923, 0.4078571
0.4606337, 0.4064285, 0.5, 0.4435714, 0.4280357, 0.4228571, 0.4186538, 0.4175, 0.4146428, 0.4135714, 0.4132143, 0.4128571, 0.41125, 0.4110714, 0.4109615, 0.4108928, 0.4107692, 0.4089285
0.4612063, 0.4071429, 0.5, 0.4439286, 0.4283929, 0.4235714, 0.4194231, 0.4178571, 0.415, 0.4142857, 0.4139286, 0.4135714, 0.4116071, 0.4114286, 0.4113462, 0.41125, 0.4111539, 0.4096429
0.4617788, 0.4078571, 0.5, 0.4442857, 0.42875, 0.4242857, 0.4201923, 0.4182143, 0.4157143, 0.415, 0.4146429, 0.4142857, 0.4119643, 0.4117857, 0.4117308, 0.4116071, 0.4115385, 0.4103571
0.4620651, 0.4082143, 0.5, 0.4444643, 0.4289286, 0.4246429, 0.4205769, 0.4183928, 0.4160714, 0.4153571, 0.415, 0.4146429, 0.4121428, 0.4119643, 0.4119231, 0.4117857, 0.4117308, 0.4107143
0.4623514, 0.4085714, 0.5, 0.4446429, 0.4291072, 0.425, 0.4209615, 0.4185714, 0.4164285, 0.4157143, 0.4151786, 0.415, 0.4123214, 0.4121428, 0.4121154, 0.4119643, 0.4119231, 0.4110714
0.4626377, 0.4089285, 0.5, 0.4448214, 0.4292857, 0.4251923, 0.4213461, 0.41875, 0.4167857, 0.4160714, 0.4153571, 0.4151786, 0.4125, 0.4123214, 0.4123077, 0.4121428, 0.4121154, 0.4114285
0.462924, 0.4092857, 0.5, 0.445, 0.4294643, 0.4253846, 0.4217307, 0.4189286, 0.4171428, 0.4164285, 0.4155357, 0.4153571, 0.4128571, 0.4125, 0.4125, 0.4123214, 0.4123077, 0.4117857
0.4632103, 0.4096429, 0.5, 0.4451786, 0.4296429, 0.425577, 0.4221154, 0.4191071, 0.4175, 0.4167857, 0.4157143, 0.4155357, 0.4132143, 0.4128572, 0.4128572, 0.4125, 0.4125, 0.4121429
0.4634966, 0.41, 0.5, 0.4453571, 0.4298214, 0.4257692, 0.4225, 0.4192857, 0.4178571, 0.4171429, 0.4158928, 0.4157143, 0.4135714, 0.4132143, 0.4132143, 0.4128571, 0.4128571, 0.4125
0.4637828, 0.4101923, 0.5, 0.4455357, 0.43, 0.4259616, 0.4226786, 0.4194643, 0.4182143, 0.4175, 0.4160714, 0.4158929, 0.4139286, 0.4135714, 0.4135714, 0.4132143, 0.4132143, 0.4128571
0.4646417, 0.4107692, 0.5, 0.4460714, 0.4310714, 0.4265385, 0.4232143, 0.42, 0.4192857, 0.4185714, 0.4166071, 0.4164286, 0.415, 0.4146428, 0.4146428, 0.4142857, 0.4142857, 0.4139285
0.4652143, 0.4111539, 0.5, 0.4464286, 0.4317857, 0.4269231, 0.4235714, 0.4207692, 0.42, 0.4192857, 0.4169643, 0.4167857, 0.4157143, 0.4153571, 0.4153571, 0.415, 0.415, 0.4146429
0.4657868, 0.4115385, 0.5, 0.4467857, 0.4325, 0.4273077, 0.4239286, 0.4215385, 0.4203571, 0.42, 0.4173214, 0.4171429, 0.4164286, 0.4160714, 0.4160714, 0.4157143, 0.4157143, 0.4153571
0.4660731, 0.4117308, 0.5, 0.4469643, 0.4328572, 0.4275, 0.4241071, 0.4219231, 0.4205357, 0.4201923, 0.4175, 0.4173214, 0.4167857, 0.4164285, 0.4164285, 0.4160714, 0.4160714, 0.4157143
0.4663594, 0.4119231, 0.5, 0.4471428, 0.4332143, 0.4276786, 0.4242857, 0.4223077, 0.4207143, 0.4203846, 0.4178571, 0.4175, 0.4171428, 0.4167857, 0.4167857, 0.4164285, 0.4164285, 0.4160714
0.4666457, 0.4121154, 0.5, 0.4473214, 0.4335714, 0.4278571, 0.4244643, 0.4226923, 0.4208928, 0.4205769, 0.4182143, 0.4178571, 0.4175, 0.4171428, 0.4171428, 0.4167857, 0.4167857, 0.4164285
0.466932, 0.4123077, 0.5, 0.4475, 0.4339286, 0.4280357, 0.4246429, 0.423077, 0.4210714, 0.4207692, 0.4185714, 0.4182143, 0.4178572, 0.4175, 0.4175, 0.4171429, 0.4171429, 0.4167857
0.4672183, 0.4125, 0.5, 0.4476923, 0.4342857, 0.4282143, 0.4248214, 0.4234616, 0.42125, 0.4209615, 0.4189286, 0.4185714, 0.4182143, 0.4178846, 0.4178571, 0.4175, 0.4175, 0.4171429
0.4675046, 0.4128571, 0.5, 0.4478846, 0.4346429, 0.4283929, 0.425, 0.4238462, 0.4214286, 0.4211538, 0.4192857, 0.4189286, 0.4185714, 0.4182692, 0.4182143, 0.4176786, 0.4176786, 0.4175
0.4677908, 0.4132143, 0.5, 0.4480769, 0.435, 0.4285714, 0.4253572, 0.4242308, 0.4216071, 0.4213461, 0.4196429, 0.4192857, 0.4189286, 0.4186538, 0.4185714, 0.4178571, 0.4178571, 0.4176923
0.4683634, 0.4139285, 0.5, 0.4484615, 0.4353572, 0.4289286, 0.4260714, 0.425, 0.4219643, 0.4217308, 0.4203571, 0.42, 0.4196428, 0.419423, 0.4192857, 0.4182143, 0.4182143, 0.4180769
0.4692223, 0.415, 0.5, 0.4490384, 0.4358929, 0.4294643, 0.4271429, 0.4255357, 0.4225, 0.4223077, 0.4214286, 0.4210714, 0.4207143, 0.4205769, 0.4203571, 0.41875, 0.41875, 0.4186538
0.4695086, 0.4153571, 0.5, 0.4492308, 0.4360714, 0.4296429, 0.4275, 0.4257143, 0.4228571, 0.4225, 0.4217857, 0.4214286, 0.4210714, 0.4209615, 0.4207143, 0.4189286, 0.4189286, 0.4188461
0.4697948, 0.4157143, 0.5, 0.449423, 0.43625, 0.4298214, 0.4278572, 0.4258929, 0.4232143, 0.4228571, 0.4221429, 0.4217857, 0.4214286, 0.4213461, 0.4210714, 0.4191071, 0.4191071, 0.4190384
0.4700811, 0.4160714, 0.5, 0.4496154, 0.4364286, 0.43, 0.4282143, 0.4260714, 0.4235714, 0.4232143, 0.4225, 0.4221429, 0.4217857, 0.4217307, 0.4214285, 0.4192857, 0.4192857, 0.4192308
0.4703674, 0.4164285, 0.5, 0.4498077, 0.4366072, 0.4303572, 0.4285714, 0.42625, 0.4239285, 0.4235714, 0.4226786, 0.4225, 0.4221428, 0.4221153, 0.4217857, 0.4194643, 0.4194643, 0.419423
0.4706537, 0.4167857, 0.5, 0.45, 0.4367857, 0.4307143, 0.4289286, 0.4264286, 0.4242857, 0.4239286, 0.4228571, 0.4226786, 0.4225, 0.4225, 0.4221429, 0.4196429, 0.4196429, 0.4196154
0.47094, 0.4171429, 0.5, 0.4501786, 0.4369643, 0.4310715, 0.4292857, 0.4266072, 0.4246429, 0.4242857, 0.4230357, 0.4228571, 0.4226786, 0.4226786, 0.4225, 0.4198214, 0.4198214, 0.4198077
0.4712263, 0.4175, 0.5, 0.4503571, 0.4371429, 0.4314286, 0.4296429, 0.4267857, 0.425, 0.4246429, 0.4232143, 0.4230357, 0.4228571, 0.4228571, 0.4226786, 0.42, 0.42, 0.42
0.4715126, 0.4178571, 0.5, 0.4505357, 0.4373214, 0.4317857, 0.43, 0.4269643, 0.4253571, 0.425, 0.4233929, 0.4232143, 0.4230357, 0.4230357, 0.4228571, 0.4203846, 0.4203571, 0.4203571
0.4717988, 0.4182143, 0.5, 0.4507143, 0.4375, 0.4321429, 0.4301786, 0.4271429, 0.4257143, 0.4253571, 0.4235714, 0.4233928, 0.4232143, 0.4232143, 0.4230357, 0.4207692, 0.4207143, 0.4207143
0.4723714, 0.4189286, 0.5, 0.4510714, 0.4378846, 0.4328572, 0.4305357, 0.4275, 0.4264286, 0.4260715, 0.4239286, 0.42375, 0.4235714, 0.4235714, 0.4233929, 0.4215385, 0.4214286, 0.4214286
0.4732303, 0.42, 0.5, 0.4516071, 0.4384615, 0.4339286, 0.4310714, 0.4285714, 0.4275, 0.4271429, 0.4244643, 0.4242857, 0.4241071, 0.4241071, 0.4239286, 0.4226923, 0.4225, 0.4225
0.4735166, 0.4203571, 0.5, 0.4517857, 0.4386539, 0.4342857, 0.43125, 0.4289286, 0.4276923, 0.4275, 0.4246429, 0.4244643, 0.4242857, 0.4242857, 0.4241071, 0.4230769, 0.4228571, 0.4228571
0.4738028, 0.4207143, 0.5, 0.4519643, 0.4388461, 0.4346429, 0.4314286, 0.4292857, 0.4278846, 0.4276786, 0.4248214, 0.4246429, 0.4244643, 0.4244643, 0.4242857, 0.4234615, 0.4232143, 0.4232143
0.4740891, 0.4210714, 0.5, 0.4521428, 0.4390385, 0.435, 0.4316071, 0.4296428, 0.4280769, 0.4278571, 0.425, 0.4248214, 0.4246429, 0.4246429, 0.4244643, 0.4238461, 0.4235714, 0.4235714
0.4743754, 0.4214286, 0.5, 0.4523214, 0.4392308, 0.4351786, 0.4317857, 0.43, 0.4282692, 0.4280357, 0.4253847, 0.425, 0.4248214, 0.4248214, 0.4246429, 0.4242308, 0.4239286, 0.4239286
0.4746617, 0.4217857, 0.5, 0.4525, 0.4394231, 0.4353572, 0.4319643, 0.4303572, 0.4284616, 0.4282143, 0.4257693, 0.4253846, 0.425, 0.425, 0.4248214, 0.4246154, 0.4242857, 0.4242857
0.474948, 0.4221429, 0.5, 0.4526786, 0.4396154, 0.4355357, 0.4321429, 0.4307143, 0.4286539, 0.4283929, 0.4261539, 0.4257692, 0.4253846, 0.4253572, 0.425, 0.425, 0.4246429, 0.4246429
0.4752343, 0.4225, 0.5, 0.4528571, 0.4398077, 0.4357143, 0.4323214, 0.4310714, 0.4288462, 0.4285714, 0.4265385, 0.4261538, 0.4257692, 0.4257143, 0.4253572, 0.4253572, 0.425, 0.425
0.4755206, 0.4228571, 0.5, 0.4530357, 0.44, 0.4358929, 0.4325, 0.4314286, 0.4290385, 0.42875, 0.4269231, 0.4265384, 0.4261538, 0.4260714, 0.4257143, 0.4257143, 0.4253572, 0.4253572
0.4763794, 0.4239286, 0.5, 0.4535714, 0.4405357, 0.4364286, 0.4330357, 0.4325, 0.4296154, 0.4292857, 0.428077, 0.4276923, 0.4273077, 0.4271429, 0.4267857, 0.4267857, 0.4264286, 0.4264286
0.476952, 0.4246429, 0.5, 0.4539286, 0.4408928, 0.4367857, 0.4333929, 0.4328572, 0.43, 0.4296429, 0.4288462, 0.4284615, 0.4280769, 0.4278572, 0.4275, 0.4275, 0.4271429, 0.4271429
0.4775245, 0.4253571, 0.5, 0.4542857, 0.44125, 0.4371428, 0.43375, 0.4332143, 0.4307143, 0.43, 0.4296154, 0.4292307, 0.4288462, 0.4285714, 0.4282143, 0.4282143, 0.4278572, 0.4278572
0.4778109, 0.4257143, 0.5, 0.4544643, 0.4414286, 0.4373214, 0.4339286, 0.4333929, 0.4310715, 0.4303572, 0.43, 0.4296154, 0.4292308, 0.4289286, 0.4285715, 0.4285715, 0.4282143, 0.4282143
0.4780971, 0.4260715, 0.5, 0.4546429, 0.4416071, 0.4375, 0.4341072, 0.4335714, 0.4314286, 0.4307143, 0.4303571, 0.43, 0.4296154, 0.4292857, 0.4289286, 0.4289286, 0.4285715, 0.4285715
0.4783834, 0.4264286, 0.5, 0.4548214, 0.4417857, 0.4376923, 0.4342857, 0.43375, 0.4317857, 0.4310715, 0.4307143, 0.4301786, 0.43, 0.4296429, 0.4292857, 0.4292857, 0.4289286, 0.4289286
0.4786697, 0.4267857, 0.5, 0.455, 0.4419643, 0.4378846, 0.4344643, 0.4339286, 0.4321429, 0.4314286, 0.4310714, 0.4303572, 0.4301786, 0.43, 0.4296429, 0.4296429, 0.4292857, 0.4292857
0.478956, 0.4271429, 0.5, 0.4551786, 0.4421428, 0.4380769, 0.4346429, 0.4341072, 0.4325, 0.4317857, 0.4314286, 0.4305357, 0.4303572, 0.4301786, 0.43, 0.43, 0.4296429, 0.4296429
0.4792423, 0.4275, 0.5, 0.4553572, 0.4423214, 0.4382692, 0.4348214, 0.4342857, 0.4328572, 0.4321429, 0.4317857, 0.4307143, 0.4305357, 0.4303572, 0.4301923, 0.4301786, 0.43, 0.43
0.4795285, 0.4276786, 0.5, 0.4555357, 0.4425, 0.4384615, 0.435, 0.4344643, 0.4332143, 0.4325, 0.4321428, 0.4308929, 0.4307143, 0.4305357, 0.4303846, 0.4303571, 0.4301923, 0.4301786
0.4803874, 0.4282143, 0.5, 0.4560714, 0.4435714, 0.4390385, 0.4361539, 0.435, 0.4342857, 0.4335714, 0.4332143, 0.4314286, 0.43125, 0.4310714, 0.4309615, 0.4308929, 0.4307692, 0.4307143
0.48096, 0.4285714, 0.5, 0.4564286, 0.4442857, 0.4394231, 0.4369231, 0.4353572, 0.435, 0.4342857, 0.4339285, 0.4317857, 0.4316072, 0.4314286, 0.4313461, 0.43125, 0.4311539, 0.4310714
0.4815326, 0.4289286, 0.5, 0.4567857, 0.445, 0.4398077, 0.4376923, 0.4357143, 0.4353572, 0.435, 0.4346429, 0.4321429, 0.4319643, 0.4317857, 0.4317308, 0.4316072, 0.4315385, 0.4314286
0.4818189, 0.4291072, 0.5, 0.4569643, 0.4453571, 0.44, 0.438077, 0.4358929, 0.4355357, 0.4351786, 0.435, 0.4323214, 0.4321429, 0.4319643, 0.4319231, 0.4317857, 0.4317308, 0.4316072
0.4821051, 0.4292857, 0.5, 0.4571429, 0.4457143, 0.4403571, 0.4384616, 0.4360714, 0.4357143, 0.4353571, 0.4351786, 0.4325, 0.4323214, 0.4321429, 0.4321154, 0.4319643, 0.4319231, 0.4317857
0.4823914, 0.4294643, 0.5, 0.4573214, 0.4460714, 0.4407143, 0.4388462, 0.43625, 0.4358929, 0.4355357, 0.4353572, 0.4328571, 0.4325, 0.4323214, 0.4323077, 0.4321429, 0.4321154, 0.4319643
0.4826777, 0.4296429, 0.5, 0.4575, 0.4464285, 0.4410714, 0.4392308, 0.4364286, 0.4360714, 0.4357143, 0.4355357, 0.4332143, 0.4328572, 0.4325, 0.4325, 0.4323214, 0.4323077, 0.4321429
0.482964, 0.4298214, 0.5, 0.4575, 0.4467857, 0.4414285, 0.4396154, 0.4366072, 0.43625, 0.4358929, 0.4357143, 0.4335714, 0.4332143, 0.4328572, 0.4328572, 0.4325, 0.4325, 0.4323214
0.4832503, 0.43, 0.5, 0.4575, 0.4471428, 0.4417857, 0.44, 0.4367857, 0.4364286, 0.4360714, 0.4358929, 0.4339285, 0.4335714, 0.4332143, 0.4332143, 0.4328572, 0.4328572, 0.4325
0.4835366, 0.4303847, 0.5, 0.4575, 0.4475, 0.4421428, 0.4401786, 0.4369643, 0.4366072, 0.43625, 0.4360714, 0.4342857, 0.4339286, 0.4335715, 0.4335715, 0.4332143, 0.4332143, 0.4328572
0.4843954, 0.4315385, 0.5, 0.4575, 0.4480357, 0.4432143, 0.4407143, 0.4375, 0.4371428, 0.4367857, 0.4366072, 0.4353571, 0.435, 0.4346429, 0.4346429, 0.4342857, 0.4342857, 0.4339286
0.484968, 0.4323077, 0.5, 0.4575, 0.4483928, 0.4439285, 0.4410714, 0.4382692, 0.4375, 0.4371428, 0.4369643, 0.4360714, 0.4357143, 0.4353572, 0.4353572, 0.435, 0.435, 0.4346429
0.4855406, 0.433077, 0.5, 0.4575, 0.44875, 0.4446428, 0.4414286, 0.4390385, 0.4382143, 0.4375, 0.4373214, 0.4367857, 0.4364286, 0.4360715, 0.4360715, 0.4357143, 0.4357143, 0.4353572
0.4858268, 0.4334616, 0.5, 0.4575, 0.4489286, 0.445, 0.4416071, 0.4394231, 0.4385715, 0.4378846, 0.4375, 0.4371428, 0.4367857, 0.4364286, 0.4364286, 0.4360715, 0.4360715, 0.4357143
0.4861131, 0.4338462, 0.5, 0.4575, 0.4491071, 0.4451786, 0.4417857, 0.4398077, 0.4389286, 0.4382692, 0.4378571, 0.4375, 0.4371428, 0.4367857, 0.4367857, 0.4364286, 0.4364286, 0.4360714
0.4863994, 0.4342308, 0.5, 0.4575, 0.4492857, 0.4453571, 0.4419643, 0.4401923, 0.4392857, 0.4386538, 0.4382143, 0.4376786, 0.4375, 0.4371428, 0.4371428, 0.4367857, 0.4367857, 0.4364285
0.4866857, 0.4346154, 0.5, 0.4575, 0.4494643, 0.4455357, 0.4421428, 0.4405769, 0.4396428, 0.4390384, 0.4385714, 0.4378572, 0.4376786, 0.4375, 0.4375, 0.4371429, 0.4371429, 0.4367857
0.486972, 0.435, 0.5, 0.4576923, 0.4496428, 0.4457143, 0.4423214, 0.4409615, 0.44, 0.4394231, 0.4389285, 0.4380357, 0.4378572, 0.4376786, 0.4376786, 0.4375, 0.4375, 0.4371428
0.4872583, 0.4351786, 0.5, 0.4578846, 0.4498214, 0.4458929, 0.4425, 0.4413462, 0.4403571, 0.4398077, 0.4392857, 0.4382143, 0.4380357, 0.4378572, 0.4378572, 0.4376786, 0.4376786, 0.4375
0.4875446, 0.4353572, 0.5, 0.458077, 0.45, 0.4460714, 0.4428571, 0.4417308, 0.4407143, 0.4401923, 0.4396428, 0.4383928, 0.4382143, 0.4380357, 0.4380357, 0.4378572, 0.4378572, 0.4376786
0.4881171, 0.4357143, 0.5, 0.4584616, 0.4503571, 0.4464286, 0.4435714, 0.4425, 0.4414286, 0.4409615, 0.4403571, 0.43875, 0.4385714, 0.4383928, 0.4383928, 0.4382143, 0.4382143, 0.4380357
0.488976, 0.43625, 0.5, 0.4590385, 0.4508928, 0.4469643, 0.4446428, 0.4430357, 0.4425, 0.4421154, 0.4414286, 0.4392857, 0.4391071, 0.4389286, 0.4389286, 0.43875, 0.43875, 0.4385714
0.4892623, 0.4364286, 0.5, 0.4592308, 0.4510714, 0.4471429, 0.445, 0.4432143, 0.4426786, 0.4425, 0.4417857, 0.4394643, 0.4392857, 0.4391071, 0.4391071, 0.4389286, 0.4389286, 0.43875
0.4898348, 0.4367857, 0.5, 0.4596154, 0.4514286, 0.4475, 0.4457143, 0.4435714, 0.4430357, 0.4428571, 0.4425, 0.4398214, 0.4396429, 0.4394643, 0.4394643, 0.4392857, 0.4392857, 0.4391071
0.4901211, 0.4369643, 0.5, 0.4598077, 0.4516071, 0.4476786, 0.4460714, 0.44375, 0.4432143, 0.4430357, 0.4426786, 0.44, 0.4398214, 0.4396428, 0.4396428, 0.4394643, 0.4394643, 0.4392857
0.4904074, 0.4371428, 0.5, 0.46, 0.4517857, 0.4478571, 0.4464285, 0.4439286, 0.4433928, 0.4432143, 0.4428571, 0.4403571, 0.44, 0.4398214, 0.4398214, 0.4396428, 0.4396428, 0.4394643
0.4906937, 0.4373214, 0.5, 0.4601786, 0.4519643, 0.4480357, 0.4467857, 0.4441071, 0.4435714, 0.4433928, 0.4430357, 0.4407143, 0.4403571, 0.44, 0.44, 0.4398214, 0.4398214, 0.4396428
0.49098, 0.4375, 0.5, 0.4603572, 0.4521428, 0.4482143, 0.4471428, 0.4442857, 0.44375, 0.4435714, 0.4432143, 0.4410715, 0.4407143, 0.4403847, 0.4403572, 0.44, 0.44, 0.4398214
0.4912663, 0.4378571, 0.5, 0.4605357, 0.4523214, 0.4483929, 0.4475, 0.4444643, 0.4439286, 0.44375, 0.4433929, 0.4414286, 0.4410715, 0.4407693, 0.4407143, 0.4403571, 0.4403571, 0.44
0.4915526, 0.4382143, 0.5, 0.4607143, 0.4525, 0.4485714, 0.4476786, 0.4446428, 0.4441071, 0.4439286, 0.4435714, 0.4417857, 0.4414286, 0.4411539, 0.4410715, 0.4407143, 0.4407143, 0.4403846
0.4921251, 0.4389285, 0.5, 0.4610714, 0.4528846, 0.4489286, 0.4480357, 0.445, 0.4444643, 0.4442857, 0.4439286, 0.4425, 0.4421428, 0.4419231, 0.4417857, 0.4414285, 0.4414285, 0.4411538
0.492984, 0.44, 0.5, 0.4616072, 0.4534615, 0.4494643, 0.4485714, 0.4460714, 0.445, 0.4448214, 0.4444643, 0.4435714, 0.4432143, 0.4430769, 0.4428571, 0.4425, 0.4425, 0.4423077
0.4932703, 0.4403571, 0.5, 0.4617857, 0.4536538, 0.4496429, 0.44875, 0.4464286, 0.4453846, 0.445, 0.4446429, 0.4439286, 0.4435714, 0.4434616, 0.4432143, 0.4428571, 0.4428571, 0.4426923
0.4938428, 0.4410714, 0.5, 0.4621429, 0.4540385, 0.45, 0.4491071, 0.4471428, 0.4461538, 0.4457143, 0.445, 0.4446428, 0.4442857, 0.4442308, 0.4439285, 0.4435714, 0.4435714, 0.4434615
0.4941291, 0.4414285, 0.5, 0.4623214, 0.4542308, 0.4501786, 0.4492857, 0.4475, 0.4465384, 0.4460714, 0.4451786, 0.445, 0.4446428, 0.4446154, 0.4442857, 0.4439285, 0.4439285, 0.4438461
0.4944154, 0.4417857, 0.5, 0.4625, 0.4544231, 0.4503571, 0.4494643, 0.4478571, 0.446923, 0.4464285, 0.4453571, 0.4451786, 0.445, 0.445, 0.4446428, 0.4442857, 0.4442857, 0.4442307
0.4947017, 0.4421428, 0.5, 0.4626786, 0.4546154, 0.4505357, 0.4496429, 0.4482143, 0.4473077, 0.4467857, 0.4455357, 0.4453571, 0.4451923, 0.4451786, 0.445, 0.4446428, 0.4446428, 0.4446154
0.494988, 0.4425, 0.5, 0.4628572, 0.4548077, 0.4507143, 0.4498214, 0.4485714, 0.4476923, 0.4471428, 0.4457143, 0.4455357, 0.4453846, 0.4453571, 0.4451786, 0.445, 0.445, 0.445
0.4952743, 0.4428571, 0.5, 0.4630357, 0.455, 0.4508929, 0.45, 0.4489286, 0.4480769, 0.4475, 0.4458929, 0.4457143, 0.4455769, 0.4455357, 0.4453571, 0.4451923, 0.4451786, 0.4451786
0.4961331, 0.4439285, 0.5, 0.4635714, 0.4555357, 0.4514286, 0.4505357, 0.45, 0.4492307, 0.4485714, 0.4464286, 0.44625, 0.4461538, 0.4460714, 0.4458928, 0.4457692, 0.4457143, 0.4457143
0.4967057, 0.4446428, 0.5, 0.4639286, 0.4558929, 0.4517857, 0.4508929, 0.4503571, 0.45, 0.4492857, 0.4467857, 0.4466071, 0.4465385, 0.4464286, 0.44625, 0.4461538, 0.4460714, 0.4460714
0.4972783, 0.4453571, 0.5, 0.4642857, 0.45625, 0.4521429, 0.45125, 0.4507143, 0.4503571, 0.45, 0.4471429, 0.4469643, 0.4469231, 0.4467857, 0.4466071, 0.4465384, 0.4464286, 0.4464286
0.4978508, 0.4460714, 0.5, 0.4646429, 0.4566072, 0.4525, 0.4516071, 0.4510714, 0.4507143, 0.4503571, 0.4475, 0.4473214, 0.4473077, 0.4471428, 0.4469643, 0.446923, 0.4467857, 0.4467857
0.4981371, 0.4464285, 0.5, 0.4648214, 0.4567857, 0.4528846, 0.4517857, 0.45125, 0.4508928, 0.4505357, 0.4478846, 0.4475, 0.4475, 0.4473214, 0.4471428, 0.4471154, 0.4469643, 0.4469643
0.4984234, 0.4467857, 0.5, 0.465, 0.4569643, 0.4532692, 0.4519643, 0.4514286, 0.4510714, 0.4507143, 0.4482692, 0.4478846, 0.4478572, 0.4475, 0.4473214, 0.4473077, 0.4471428, 0.4471428
0.4987097, 0.4471428, 0.5, 0.4651786, 0.4571429, 0.4536539, 0.4521429, 0.4516071, 0.45125, 0.4508929, 0.4486538, 0.4482692, 0.4482143, 0.4478571, 0.4475, 0.4475, 0.4473214, 0.4473214
0.498996, 0.4475, 0.5, 0.4653572, 0.4573214, 0.4540385, 0.4523214, 0.4517857, 0.4514286, 0.4510714, 0.4490384, 0.4486538, 0.4485714, 0.4482143, 0.4478571, 0.4478571, 0.4475, 0.4475
0.4992823, 0.4476786, 0.5, 0.4655357, 0.4575, 0.4544231, 0.4525, 0.4519643, 0.4516071, 0.45125, 0.4494231, 0.4490385, 0.4489286, 0.4485714, 0.4482143, 0.4482143, 0.4478571, 0.4478571
0.5001411, 0.4482143, 0.5, 0.4660715, 0.4580357, 0.455577, 0.4536538, 0.4525, 0.4521429, 0.4517857, 0.4505769, 0.4501923, 0.45, 0.4496429, 0.4492857, 0.4492857, 0.4489286, 0.4489286
0.5007137, 0.4485714, 0.5, 0.4664286, 0.4583929, 0.4563462, 0.4544231, 0.4528571, 0.4525, 0.4521429, 0.4513462, 0.4509616, 0.4507143, 0.4503571, 0.45, 0.45, 0.4496428, 0.4496428
0.5012863, 0.4489285, 0.5, 0.4667857, 0.45875, 0.4571154, 0.4551923, 0.4532143, 0.4528571, 0.4525, 0.4521154, 0.4517308, 0.4514286, 0.4510714, 0.4507143, 0.4507143, 0.4503571, 0.4503571
0.5015725, 0.4491071, 0.5, 0.4669643, 0.4589286, 0.4575, 0.4555769, 0.4533928, 0.4530357, 0.4526786, 0.4525, 0.4521154, 0.4517857, 0.4514286, 0.4510714, 0.4510714, 0.4507142, 0.4507142
0.5018588, 0.4492857, 0.5, 0.4671429, 0.4591071, 0.4576786, 0.4559615, 0.4535714, 0.4532143, 0.4528571, 0.4526786, 0.4525, 0.4521428, 0.4517857, 0.4514286, 0.4514286, 0.4510714, 0.4510714
0.5021451, 0.4494643, 0.5, 0.4673214, 0.4592857, 0.4578571, 0.4563461, 0.45375, 0.4533928, 0.4530357, 0.4528571, 0.4526786, 0.4525, 0.4521429, 0.4517857, 0.4517857, 0.4514285, 0.4514285
0.5024314, 0.4496428, 0.5, 0.4675, 0.4594643, 0.4580357, 0.4567307, 0.4539286, 0.4535714, 0.4532143, 0.4530357, 0.4528571, 0.4526786, 0.4525, 0.4521428, 0.4521428, 0.4517857, 0.4517857
0.5027177, 0.4498214, 0.5, 0.4676786, 0.4596428, 0.4582143, 0.4571153, 0.4541071, 0.45375, 0.4533928, 0.4532143, 0.4530357, 0.4528571, 0.4526786, 0.4525, 0.4525, 0.4521428, 0.4521428
0.503004, 0.45, 0.5, 0.4678572, 0.4598214, 0.4583929, 0.4575, 0.4542857, 0.4539286, 0.4535714, 0.4533929, 0.4532143, 0.4530357, 0.4528572, 0.4526786, 0.4526786, 0.4525, 0.4525
0.5032903, 0.4503846, 0.5, 0.4680358, 0.46, 0.4585715, 0.4576786, 0.4544643, 0.4541072, 0.45375, 0.4535714, 0.4533929, 0.4532143, 0.4530357, 0.4528572, 0.4528572, 0.4526786, 0.4526786
0.5041491, 0.4515384, 0.5, 0.4685715, 0.4610714, 0.4591072, 0.4582143, 0.455, 0.4546429, 0.4542857, 0.4541072, 0.4539286, 0.45375, 0.4535714, 0.4533929, 0.4533929, 0.4532143, 0.4532143
0.5047217, 0.4523076, 0.5, 0.4689286, 0.4617857, 0.4594643, 0.4585714, 0.4557143, 0.455, 0.4546429, 0.4544643, 0.4542857, 0.4541072, 0.4539286, 0.45375, 0.45375, 0.4535714, 0.4535714
0.5052943, 0.4530769, 0.5, 0.4692857, 0.4625, 0.4598214, 0.4589286, 0.4564286, 0.4557143, 0.455, 0.4548214, 0.4546429, 0.4544643, 0.4542857, 0.4541071, 0.4541071, 0.4539285, 0.4539285
0.5055805, 0.4534615, 0.5, 0.4694643, 0.4628571, 0.46, 0.4591071, 0.4567857, 0.4560714, 0.4553571, 0.455, 0.4548214, 0.4546429, 0.4544643, 0.4542857, 0.4542857, 0.4541071, 0.4541071
0.5058668, 0.4538461, 0.5, 0.4696429, 0.4632142, 0.4601786, 0.4592857, 0.4571428, 0.4564286, 0.4557143, 0.4553571, 0.455, 0.4548214, 0.4546429, 0.4544643, 0.4544643, 0.4542857, 0.4542857
0.5061531, 0.4542307, 0.5, 0.4698214, 0.4635714, 0.4603571, 0.4594643, 0.4575, 0.4567857, 0.4560714, 0.4557143, 0.4553571, 0.455, 0.4548214, 0.4546428, 0.4546428, 0.4544643, 0.4544643
0.5064394, 0.4546153, 0.5, 0.47, 0.4639285, 0.4605357, 0.4596428, 0.4578571, 0.4571428, 0.4564286, 0.4560714, 0.4557143, 0.4553571, 0.455, 0.4548214, 0.4548214, 0.4546428, 0.4546428
0.5067257, 0.455, 0.5, 0.4701923, 0.4642857, 0.4607143, 0.4598214, 0.4582143, 0.4575, 0.4567858, 0.4564286, 0.4560715, 0.4557144, 0.4553572, 0.455, 0.455, 0.4548214, 0.4548214
0.507012, 0.4551786, 0.5, 0.4703846, 0.4646429, 0.4608929, 0.46, 0.4585715, 0.4578572, 0.4571429, 0.4567858, 0.4564286, 0.4560715, 0.4557143, 0.4553846, 0.4553572, 0.455, 0.455
0.5072983, 0.4553571, 0.5, 0.4705769, 0.465, 0.4610715, 0.4601786, 0.4589286, 0.4582143, 0.4575, 0.4571429, 0.4567858, 0.4564286, 0.4560715, 0.4557692, 0.4557143, 0.4553846, 0.4553572
0.5081571, 0.4558929, 0.5, 0.4711539, 0.4655357, 0.4616072, 0.4607143, 0.46, 0.4592857, 0.4585715, 0.4582143, 0.4578572, 0.4575, 0.4571429, 0.4569231, 0.4567857, 0.4565384, 0.4564286
0.5087297, 0.45625, 0.5, 0.4715385, 0.4658929, 0.4619643, 0.4610714, 0.4603846, 0.46, 0.4592857, 0.4589286, 0.4585715, 0.4582143, 0.4578571, 0.4576923, 0.4575, 0.4573077, 0.4571428
0.5093023, 0.4566071, 0.5, 0.4719231, 0.46625, 0.4623214, 0.4614286, 0.4607692, 0.4603572, 0.46, 0.4596429, 0.4592857, 0.4589286, 0.4585714, 0.4584615, 0.4582143, 0.4580769, 0.4578571
0.5095885, 0.4567857, 0.5, 0.4721154, 0.4664285, 0.4625, 0.4616071, 0.4609615, 0.4605357, 0.4601923, 0.46, 0.4596429, 0.4592857, 0.4589285, 0.4588461, 0.4585714, 0.4584615, 0.4582143
0.5098748, 0.4569643, 0.5, 0.4723077, 0.4666071, 0.4626786, 0.4617857, 0.4611538, 0.4607143, 0.4603846, 0.4601786, 0.46, 0.4596429, 0.4592857, 0.4592307, 0.4589285, 0.4588461, 0.4585714
0.5101611, 0.4571428, 0.5, 0.4725, 0.4667857, 0.4628571, 0.4619642, 0.4613461, 0.4608929, 0.4605769, 0.4603571, 0.4601786, 0.46, 0.4596428, 0.4596153, 0.4592856, 0.4592307, 0.4589285
0.5104474, 0.4573214, 0.5, 0.4726786, 0.4669643, 0.4630357, 0.4621429, 0.4615385, 0.4610715, 0.4607693, 0.4605357, 0.4603572, 0.4601786, 0.46, 0.46, 0.4596429, 0.4596154, 0.4592857
0.5107337, 0.4575, 0.5, 0.4728571, 0.4671429, 0.4632143, 0.4623214, 0.4617308, 0.46125, 0.4609616, 0.4607143, 0.4605358, 0.4603572, 0.4601786, 0.4601786, 0.46, 0.46, 0.4596429
0.51102, 0.4578572, 0.5, 0.4730357, 0.4673214, 0.4633929, 0.4625, 0.4619231, 0.4614286, 0.4611539, 0.4608929, 0.4607143, 0.4605357, 0.4603572, 0.4603572, 0.4601786, 0.4601786, 0.46
0.5113063, 0.4582143, 0.5, 0.4732143, 0.4675, 0.4635715, 0.4626786, 0.4621154, 0.4616072, 0.4613462, 0.4610715, 0.4608929, 0.4607143, 0.4605357, 0.4605357, 0.4603571, 0.4603571, 0.4601786
0.5118788, 0.4589286, 0.5, 0.4735714, 0.4678846, 0.4639286, 0.4630357, 0.4625, 0.4619643, 0.4617308, 0.4614286, 0.46125, 0.4610714, 0.4608929, 0.4608929, 0.4607143, 0.4607143, 0.4605357
0.5127377, 0.46, 0.5, 0.4741071, 0.4684615, 0.4644643, 0.4635714, 0.4630357, 0.4625, 0.4623077, 0.4619643, 0.4617857, 0.4616071, 0.4614286, 0.4614286, 0.46125, 0.46125, 0.4610714
0.513024, 0.4603571, 0.5, 0.4742857, 0.4686538, 0.4646429, 0.46375, 0.4632143, 0.4626786, 0.4625, 0.4621429, 0.4619643, 0.4617857, 0.4616071, 0.4616071, 0.4614286, 0.4614286, 0.46125
0.5135965, 0.4610714, 0.5, 0.4746428, 0.4690384, 0.465, 0.4641071, 0.4635714, 0.4630357, 0.4628571, 0.4625, 0.4623214, 0.4621428, 0.4619642, 0.4619642, 0.4617857, 0.4617857, 0.4616071
0.5138828, 0.4614285, 0.5, 0.4748214, 0.4692307, 0.4653571, 0.4642857, 0.46375, 0.4632143, 0.4630357, 0.4628571, 0.4625, 0.4623214, 0.4621428, 0.4621428, 0.4619642, 0.4619642, 0.4617857
0.5141692, 0.4617857, 0.5, 0.475, 0.4694231, 0.4657143, 0.4644643, 0.4639286, 0.4633929, 0.4632143, 0.4632143, 0.4628572, 0.4625, 0.4623214, 0.4623214, 0.4621429, 0.4621429, 0.4619643
0.5144554, 0.4621429, 0.5, 0.4751786, 0.4696154, 0.4660715, 0.4646429, 0.4641072, 0.4635715, 0.4633929, 0.4635715, 0.4632143, 0.4628571, 0.4625, 0.4625, 0.4623214, 0.4623214, 0.4621429
0.5147417, 0.4625, 0.5, 0.4753571, 0.4698077, 0.4664286, 0.4648214, 0.4642857, 0.46375, 0.4635715, 0.4639286, 0.4635715, 0.4632143, 0.4628846, 0.4628572, 0.4625, 0.4625, 0.4623214
0.515028, 0.4626786, 0.5, 0.4755357, 0.47, 0.4667858, 0.465, 0.4644643, 0.4639286, 0.46375, 0.4642858, 0.4639286, 0.4635714, 0.4632692, 0.4632143, 0.4628572, 0.4628572, 0.4625
0.5158868, 0.4632143, 0.5, 0.4760714, 0.4705357, 0.4678572, 0.4660714, 0.465, 0.4644643, 0.4642857, 0.4653572, 0.465, 0.4646428, 0.4644231, 0.4642857, 0.4639286, 0.4639286, 0.4636538
0.5167457, 0.46375, 0.5, 0.4766071, 0.4710714, 0.4689286, 0.4671428, 0.4660714, 0.465, 0.4648214, 0.4664286, 0.4660714, 0.4657142, 0.4655769, 0.4653571, 0.465, 0.465, 0.4648077
0.517032, 0.4639286, 0.5, 0.4767857, 0.47125, 0.4692857, 0.4675, 0.4664285, 0.4653846, 0.465, 0.4667857, 0.4664285, 0.4660714, 0.4659615, 0.4657142, 0.4653571, 0.4653571, 0.4651923
0.5176045, 0.4642857, 0.5, 0.4771428, 0.4716071, 0.47, 0.4682142, 0.4671428, 0.4661538, 0.4657143, 0.4675, 0.4671428, 0.4667856, 0.4667307, 0.4664285, 0.4660714, 0.4660714, 0.4659615
0.5178909, 0.4644643, 0.5, 0.4773214, 0.4717857, 0.4701786, 0.4685715, 0.4675, 0.4665385, 0.4660715, 0.4676786, 0.4675, 0.4671429, 0.4671154, 0.4667857, 0.4664286, 0.4664286, 0.4663462
0.5181772, 0.4646429, 0.5, 0.4775, 0.4719643, 0.4703572, 0.4689286, 0.4678572, 0.4669231, 0.4664286, 0.4678572, 0.4676786, 0.4675, 0.4675, 0.4671429, 0.4667857, 0.4667857, 0.4667308
0.5184634, 0.4648214, 0.5, 0.4775, 0.4721428, 0.4705357, 0.4692857, 0.4682143, 0.4673077, 0.4667858, 0.4680357, 0.4678571, 0.4676786, 0.4676786, 0.4675, 0.4671429, 0.4671429, 0.4671154
0.5187497, 0.465, 0.5, 0.4775, 0.4723214, 0.4707143, 0.4696428, 0.4685715, 0.4676923, 0.4671429, 0.4682143, 0.4680357, 0.4678572, 0.4678572, 0.4676786, 0.4675, 0.4675, 0.4675
0.519036, 0.4653572, 0.5, 0.4775, 0.4725, 0.4708929, 0.47, 0.4689286, 0.4680769, 0.4675, 0.4683929, 0.4682143, 0.4680357, 0.4680357, 0.4678572, 0.4676923, 0.4676786, 0.4676786
0.5198948, 0.4664285, 0.5, 0.4775, 0.4730357, 0.4714286, 0.4705357, 0.47, 0.4692308, 0.4685715, 0.4689286, 0.46875, 0.4685714, 0.4685714, 0.4683928, 0.4682692, 0.4682143, 0.4682143
0.5204674, 0.4671428, 0.5, 0.4775, 0.4733928, 0.4717857, 0.4708928, 0.4703571, 0.47, 0.4692857, 0.4692857, 0.4691071, 0.4689285, 0.4689285, 0.46875, 0.4686538, 0.4685714, 0.4685714
0.52104, 0.4678571, 0.5, 0.4775, 0.47375, 0.4721428, 0.47125, 0.4707143, 0.4703571, 0.47, 0.4696428, 0.4694642, 0.4692857, 0.4692857, 0.4691071, 0.4690384, 0.4689285, 0.4689285
0.5216126, 0.4685715, 0.5, 0.4775, 0.4741071, 0.4725, 0.4716071, 0.4710715, 0.4707143, 0.4703572, 0.47, 0.4698214, 0.4696429, 0.4696429, 0.4694643, 0.4694231, 0.4692857, 0.4692857
0.5218989, 0.4689286, 0.5, 0.4775, 0.4742857, 0.4726923, 0.4717857, 0.47125, 0.4708929, 0.4705357, 0.4701923, 0.47, 0.4698214, 0.4698214, 0.4696428, 0.4696154, 0.4694643, 0.4694643
0.5221851, 0.4692857, 0.5, 0.4775, 0.4744643, 0.4728846, 0.4719643, 0.4714286, 0.4710715, 0.4707143, 0.4703846, 0.4701923, 0.47, 0.47, 0.4698214, 0.4698077, 0.4696429, 0.4696429
0.5224714, 0.4696428, 0.5, 0.4776786, 0.4746428, 0.4730769, 0.4721428, 0.4716071, 0.47125, 0.4708929, 0.4705769, 0.4703846, 0.4701923, 0.4701786, 0.47, 0.47, 0.4698214, 0.4698214
0.5227577, 0.47, 0.5, 0.4778571, 0.4748214, 0.4732692, 0.4723214, 0.4717857, 0.4714286, 0.4710715, 0.4707692, 0.4705769, 0.4703846, 0.4703571, 0.4701786, 0.4701786, 0.47, 0.47
0.523044, 0.4701786, 0.5, 0.4780357, 0.475, 0.4734615, 0.4725, 0.4719643, 0.4716071, 0.47125, 0.4709615, 0.4707692, 0.4705769, 0.4705357, 0.4703571, 0.4703571, 0.4703571, 0.4703571
0.5239028, 0.4707143, 0.5, 0.4785714, 0.4755357, 0.4740384, 0.4730769, 0.4725, 0.4721428, 0.4717857, 0.4715384, 0.4713461, 0.4711538, 0.4710714, 0.4708928, 0.4708928, 0.4714285, 0.4714285
0.5244754, 0.4710714, 0.5, 0.4789285, 0.4758928, 0.4744231, 0.4734615, 0.4728571, 0.4725, 0.4721428, 0.4719231, 0.4717307, 0.4715384, 0.4714285, 0.47125, 0.47125, 0.4721428, 0.4721428
0.525048, 0.4714285, 0.5, 0.4792857, 0.47625, 0.4748076, 0.4738461, 0.4732143, 0.4728571, 0.4725, 0.4723077, 0.4721153, 0.4719231, 0.4717857, 0.4716071, 0.4716071, 0.4728571, 0.4728571
0.5253343, 0.4716071, 0.5, 0.4794643, 0.4764286, 0.475, 0.4740385, 0.4733929, 0.4730357, 0.4726786, 0.4725, 0.4723077, 0.4721154, 0.4719643, 0.4717857, 0.4717857, 0.4732143, 0.4732143
0.5256206, 0.4717857, 0.5, 0.4796429, 0.4766071, 0.4751786, 0.4742308, 0.4735714, 0.4732143, 0.4728572, 0.4728571, 0.4725, 0.4723077, 0.4721429, 0.4719643, 0.4719643, 0.4735714, 0.4735714
0.5259069, 0.4719643, 0.5, 0.4798214, 0.4767857, 0.4753571, 0.4744231, 0.47375, 0.4733929, 0.4730357, 0.4732143, 0.4728571, 0.4725, 0.4723214, 0.4721428, 0.4721428, 0.4739286, 0.4739286
0.5261931, 0.4721429, 0.5, 0.48, 0.4769643, 0.4755357, 0.4746154, 0.4739286, 0.4735714, 0.4732143, 0.4735714, 0.4732143, 0.4728571, 0.4725, 0.4723214, 0.4723214, 0.4742857, 0.4742857
0.5264794, 0.4723214, 0.5, 0.4801923, 0.4771428, 0.4757143, 0.4748077, 0.4741071, 0.47375, 0.4733929, 0.4739285, 0.4735714, 0.4732143, 0.4728571, 0.4725, 0.4725, 0.4746428, 0.4746428
0.5267657, 0.4725, 0.5, 0.4803846, 0.4773214, 0.4758928, 0.475, 0.4742857, 0.4739286, 0.4735714, 0.4742857, 0.4739285, 0.4735714, 0.4732143, 0.4728571, 0.4728571, 0.475, 0.475
0.527052, 0.4728846, 0.5, 0.4805769, 0.4775, 0.4760714, 0.4751786, 0.4744643, 0.4741071, 0.47375, 0.4746428, 0.4742857, 0.4739285, 0.4735714, 0.4732143, 0.4732143, 0.4751786, 0.4751786
0.5279108, 0.4740384, 0.5, 0.4811538, 0.4780357, 0.4766071, 0.4757143, 0.475, 0.4746428, 0.4742857, 0.4757142, 0.4753571, 0.475, 0.4746428, 0.4742857, 0.4742857, 0.4757143, 0.4757143
0.5284834, 0.4748076, 0.5, 0.4815384, 0.4783928, 0.4769642, 0.4760714, 0.4753846, 0.475, 0.4746428, 0.4764285, 0.4760714, 0.4757142, 0.4753571, 0.475, 0.475, 0.4760714, 0.4760714
0.529056, 0.4755769, 0.5, 0.4819231, 0.47875, 0.4773214, 0.4764286, 0.4757693, 0.4757144, 0.475, 0.4771428, 0.4767857, 0.4764286, 0.4760714, 0.4757143, 0.4757143, 0.4764286, 0.4764286
0.5293423, 0.4759615, 0.5, 0.4821154, 0.4789286, 0.4775, 0.4766071, 0.4759616, 0.4760715, 0.4753571, 0.4775, 0.4771428, 0.4767857, 0.4764286, 0.4760714, 0.4760714, 0.4766071, 0.4766071
0.5296286, 0.4763462, 0.5, 0.4823077, 0.4791071, 0.4776786, 0.4767857, 0.4761539, 0.4764286, 0.4757143, 0.4776786, 0.4775, 0.4771428, 0.4767857, 0.4764286, 0.4764286, 0.4767857, 0.4767857
0.5299149, 0.4767308, 0.5, 0.4825, 0.4792857, 0.4778571, 0.4769643, 0.4763462, 0.4767857, 0.4760714, 0.4778571, 0.4776786, 0.4775, 0.4771428, 0.4767857, 0.4767857, 0.4769643, 0.4769643
0.5302011, 0.4771154, 0.5, 0.4826786, 0.4794643, 0.4780357, 0.4771429, 0.4765385, 0.4771429, 0.4764285, 0.4780357, 0.4778571, 0.4776786, 0.4775, 0.4771428, 0.4771428, 0.4771429, 0.4771429
0.5304874, 0.4775, 0.5, 0.4828571, 0.4796428, 0.4782143, 0.4773214, 0.4767308, 0.4775, 0.4767857, 0.4782143, 0.4780357, 0.4778571, 0.4776786, 0.4775, 0.4775, 0.4773214, 0.4773214
0.5307737, 0.4776786, 0.5, 0.4830357, 0.4798214, 0.4783928, 0.4775, 0.4769231, 0.4778572, 0.4771428, 0.4783928, 0.4782143, 0.4780357, 0.4778571, 0.4776923, 0.4776786, 0.4775, 0.4775
0.53106, 0.4778571, 0.5, 0.4832143, 0.48, 0.4785714, 0.4776786, 0.4771154, 0.4782143, 0.4775, 0.4785714, 0.4783928, 0.4782143, 0.4780357, 0.4778846, 0.4778571, 0.4776923, 0.4776786
0.5316325, 0.4782143, 0.5, 0.4835714, 0.4803846, 0.4789285, 0.4780357, 0.4775, 0.4789286, 0.4782142, 0.4789285, 0.47875, 0.4785714, 0.4783928, 0.4782692, 0.4782143, 0.4780769, 0.4780357
0.5324914, 0.47875, 0.5, 0.4841071, 0.4809615, 0.4794642, 0.4785714, 0.4785714, 0.48, 0.4792856, 0.4794642, 0.4792857, 0.4791071, 0.4789285, 0.4788461, 0.47875, 0.4786538, 0.4785714
0.533064, 0.4791071, 0.5, 0.4844643, 0.4813462, 0.4798214, 0.4789286, 0.4792857, 0.4803572, 0.48, 0.4798214, 0.4796429, 0.4794643, 0.4792857, 0.4792308, 0.4791071, 0.4790385, 0.4789286
0.5333503, 0.4792857, 0.5, 0.4846428, 0.4815385, 0.48, 0.4791071, 0.4796429, 0.4805357, 0.4801923, 0.48, 0.4798214, 0.4796428, 0.4794643, 0.4794231, 0.4792857, 0.4792308, 0.4791071
0.5336366, 0.4794643, 0.5, 0.4848214, 0.4817308, 0.4801786, 0.4792857, 0.48, 0.4807143, 0.4803846, 0.4801786, 0.48, 0.4798214, 0.4796429, 0.4796154, 0.4794643, 0.4794231, 0.4792857
0.5339229, 0.4796428, 0.5, 0.485, 0.4819231, 0.4803571, 0.4794643, 0.4803572, 0.4808929, 0.4805769, 0.4803571, 0.4801786, 0.48, 0.4798214, 0.4798077, 0.4796428, 0.4796154, 0.4794643
0.5342091, 0.4798214, 0.5, 0.485, 0.4821154, 0.4805357, 0.4796429, 0.4807143, 0.4810714, 0.4807692, 0.4805357, 0.4803571, 0.4801786, 0.48, 0.48, 0.4798214, 0.4798077, 0.4796429
0.5344954, 0.48, 0.5, 0.485, 0.4823077, 0.4807143, 0.4798214, 0.4810714, 0.48125, 0.4809615, 0.4807143, 0.4805357, 0.4803571, 0.4801786, 0.4801786, 0.48, 0.48, 0.4798214
0.5347817, 0.4803571, 0.5, 0.485, 0.4825, 0.4808928, 0.48, 0.4814286, 0.4814286, 0.4811538, 0.4808928, 0.4807143, 0.4805357, 0.4803571, 0.4803571, 0.4803571, 0.4803571, 0.48
0.5356405, 0.4814285, 0.5, 0.485, 0.4830357, 0.4814285, 0.4810714, 0.4825, 0.4819643, 0.4817307, 0.4814285, 0.48125, 0.4810714, 0.4808928, 0.4808928, 0.4814285, 0.4814285, 0.4810714
0.5364994, 0.4825, 0.5, 0.485, 0.4835714, 0.4819643, 0.4821429, 0.4830357, 0.4825, 0.4823077, 0.4819643, 0.4817857, 0.4816071, 0.4814286, 0.4814286, 0.4825, 0.4825, 0.4821429
0.5367857, 0.4828572, 0.5, 0.485, 0.48375, 0.4821428, 0.4825, 0.4832143, 0.4826786, 0.4825, 0.4821428, 0.4819643, 0.4817857, 0.4816071, 0.4816071, 0.4828572, 0.4828572, 0.4825
0.5373583, 0.4835714, 0.5, 0.485, 0.4841071, 0.4825, 0.4832143, 0.4835714, 0.4830357, 0.4828571, 0.4825, 0.4823214, 0.4821428, 0.4819643, 0.4819643, 0.4835714, 0.4835714, 0.4832143
0.5376446, 0.4839286, 0.5, 0.485, 0.4842857, 0.4826786, 0.4835714, 0.48375, 0.4832143, 0.4830357, 0.4826786, 0.4825, 0.4823214, 0.4821429, 0.4821429, 0.4839286, 0.4839286, 0.4835714
0.5379308, 0.4842857, 0.5, 0.485, 0.4844643, 0.4828571, 0.4839286, 0.4839286, 0.4833928, 0.4832143, 0.4828571, 0.4828571, 0.4825, 0.4823214, 0.4823214, 0.4842857, 0.4842857, 0.4839286
0.5382171, 0.4846428, 0.5, 0.4851786, 0.4846429, 0.4830357, 0.4842857, 0.4841071, 0.4835714, 0.4833928, 0.4830357, 0.4832143, 0.4828571, 0.4825, 0.4825, 0.4846428, 0.4846428, 0.4842857
0.5385034, 0.485, 0.5, 0.4853571, 0.4848214, 0.4832143, 0.4846428, 0.4842857, 0.48375, 0.4835714, 0.4832143, 0.4835714, 0.4832143, 0.4828846, 0.4828571, 0.485, 0.485, 0.4846428
0.5387897, 0.4851786, 0.5, 0.4855357, 0.485, 0.4833928, 0.485, 0.4844643, 0.4839285, 0.48375, 0.4833928, 0.4839286, 0.4835714, 0.4832692, 0.4832143, 0.4851786, 0.4851786, 0.485
0.5396485, 0.4857143, 0.5, 0.4860714, 0.4855357, 0.4839285, 0.4855357, 0.485, 0.4844643, 0.4842857, 0.4839285, 0.485, 0.4846428, 0.484423, 0.4842857, 0.4857143, 0.4857143, 0.4855357
0.5405074, 0.48625, 0.5, 0.4866072, 0.4860714, 0.4844643, 0.4860714, 0.4855357, 0.485, 0.4848214, 0.4844643, 0.4860715, 0.4857143, 0.485577, 0.4853572, 0.48625, 0.48625, 0.4860714
0.5407937, 0.4864286, 0.5, 0.4867857, 0.48625, 0.4846428, 0.48625, 0.4857143, 0.4851923, 0.485, 0.4846428, 0.4864286, 0.4860714, 0.4859616, 0.4857143, 0.4864286, 0.4864286, 0.48625
0.5413663, 0.4867857, 0.5, 0.4871429, 0.4866072, 0.485, 0.4866072, 0.4860714, 0.4855769, 0.4853571, 0.485, 0.4871429, 0.4867857, 0.4867308, 0.4864286, 0.4867857, 0.4867857, 0.4866072
0.5416526, 0.4869643, 0.5, 0.4873214, 0.4867857, 0.4851923, 0.4867857, 0.48625, 0.4857692, 0.4855357, 0.4853571, 0.4875, 0.4871429, 0.4871154, 0.4867857, 0.4869643, 0.4869643, 0.4867857
0.5419388, 0.4871429, 0.5, 0.4875, 0.4869643, 0.4853846, 0.4869643, 0.4864286, 0.4859615, 0.4857143, 0.4857143, 0.4876786, 0.4875, 0.4875, 0.4871429, 0.4871429, 0.4871429, 0.4869643
0.5422251, 0.4873214, 0.5, 0.4876786, 0.4871429, 0.4855769, 0.4871429, 0.4866072, 0.4861538, 0.4858928, 0.4860714, 0.4878572, 0.4876786, 0.4876786, 0.4875, 0.4873214, 0.4873214, 0.4871429
0.5425114, 0.4875, 0.5, 0.4878571, 0.4873214, 0.4857692, 0.4873214, 0.4867857, 0.4863461, 0.4860714, 0.4864285, 0.4880357, 0.4878571, 0.4878571, 0.4876786, 0.4875, 0.4875, 0.4873214
0.5427977, 0.4876786, 0.5, 0.4880357, 0.4875, 0.4859615, 0.4875, 0.4869643, 0.4865384, 0.48625, 0.4867857, 0.4882143, 0.4880357, 0.4880357, 0.4878572, 0.4876786, 0.4876786, 0.4875
0.5436565, 0.4882143, 0.5, 0.4885714, 0.4880357, 0.4865384, 0.4880769, 0.4875, 0.4871154, 0.4867857, 0.4878571, 0.48875, 0.4885714, 0.4885714, 0.4883929, 0.4882143, 0.4882143, 0.4880769
0.5442291, 0.4885715, 0.5, 0.4889286, 0.4883929, 0.4869231, 0.4884616, 0.4878572, 0.4875, 0.4871429, 0.4885715, 0.4891072, 0.4889286, 0.4889286, 0.48875, 0.4885715, 0.4885715, 0.4884616
0.5448017, 0.4889286, 0.5, 0.4892857, 0.48875, 0.4873077, 0.4888462, 0.4882143, 0.4878571, 0.4875, 0.4892857, 0.4894643, 0.4892857, 0.4892857, 0.4891072, 0.4889286, 0.4889286, 0.4888462
0.545088, 0.4891072, 0.5, 0.4894643, 0.4889286, 0.4875, 0.4890385, 0.4883929, 0.4880357, 0.4878572, 0.4896429, 0.4896429, 0.4894643, 0.4894643, 0.4892857, 0.4891072, 0.4891072, 0.4890385
0.5453743, 0.4892857, 0.5, 0.4896429, 0.4891072, 0.4876786, 0.4892308, 0.4885714, 0.4882143, 0.4882143, 0.49, 0.4898214, 0.4896429, 0.4896429, 0.4894643, 0.4892857, 0.4892857, 0.4892308
0.5456606, 0.4894643, 0.5, 0.4898214, 0.4892857, 0.4878572, 0.4894231, 0.48875, 0.4883929, 0.4885714, 0.4901923, 0.49, 0.4898214, 0.4898214, 0.4896429, 0.4894643, 0.4894643, 0.4894231
0.5459468, 0.4896429, 0.5, 0.49, 0.4894643, 0.4880357, 0.4896154, 0.4889286, 0.4885714, 0.4889286, 0.4903846, 0.4901923, 0.49, 0.49, 0.4898214, 0.4896429, 0.4896429, 0.4896154
0.5462331, 0.4898214, 0.5, 0.4901786, 0.4896429, 0.4882143, 0.4898077, 0.4891071, 0.48875, 0.4892857, 0.4905769, 0.4903846, 0.4901923, 0.4901786, 0.49, 0.4898214, 0.4898214, 0.4898077
0.5465194, 0.49, 0.5, 0.4903571, 0.4898214, 0.4883929, 0.49, 0.4892857, 0.4889286, 0.4896428, 0.4907692, 0.4905769, 0.4903846, 0.4903571, 0.4901786, 0.49, 0.49, 0.49
0.5468057, 0.4903846, 0.5, 0.4905357, 0.49, 0.4885714, 0.4901786, 0.4894643, 0.4891071, 0.49, 0.4909615, 0.4907692, 0.4905769, 0.4905357, 0.4903572, 0.4901923, 0.4901786, 0.4903571
0.5476646, 0.4915385, 0.5, 0.4910715, 0.4905358, 0.4891072, 0.4907143, 0.49, 0.4896429, 0.4910715, 0.4915385, 0.4913462, 0.4911539, 0.4910715, 0.4908929, 0.4907693, 0.4907143, 0.4914286
0.5482371, 0.4923078, 0.5, 0.4914286, 0.4908929, 0.4894643, 0.4910715, 0.4903571, 0.49, 0.4917857, 0.4919231, 0.4917308, 0.4915385, 0.4914286, 0.49125, 0.4911539, 0.4910715, 0.4921429
0.5488097, 0.493077, 0.5, 0.4917857, 0.49125, 0.4898214, 0.4914286, 0.4907143, 0.4907143, 0.4925, 0.4923077, 0.4921154, 0.4919231, 0.4917857, 0.4916072, 0.4915385, 0.4914286, 0.4928572
0.549096, 0.4934616, 0.5, 0.4919643, 0.4914286, 0.49, 0.4916072, 0.4908929, 0.4910714, 0.4926786, 0.4925, 0.4923077, 0.4921154, 0.4919643, 0.4917857, 0.4917308, 0.4916072, 0.4932143
0.5493823, 0.4938462, 0.5, 0.4921429, 0.4916072, 0.4901786, 0.4917857, 0.4910714, 0.4914286, 0.4928571, 0.4926786, 0.4925, 0.4923077, 0.4921429, 0.4919643, 0.4919231, 0.4917857, 0.4935715
0.5496686, 0.4942308, 0.5, 0.4923214, 0.4917857, 0.4903572, 0.4919643, 0.49125, 0.4917857, 0.4930357, 0.4928572, 0.4926786, 0.4925, 0.4923214, 0.4921429, 0.4921154, 0.4919643, 0.4939286
0.5499548, 0.4946154, 0.5, 0.4925, 0.4919643, 0.4905357, 0.4921429, 0.4914286, 0.4921428, 0.4932143, 0.4930357, 0.4928571, 0.4926786, 0.4925, 0.4923214, 0.4923077, 0.4921429, 0.4942857
0.5502411, 0.495, 0.5, 0.4925, 0.4921429, 0.4907143, 0.4923214, 0.4916071, 0.4925, 0.4933929, 0.4932143, 0.4930357, 0.4928572, 0.4926786, 0.4925, 0.4925, 0.4923214, 0.4946429
0.5505274, 0.4951786, 0.5, 0.4925, 0.4923214, 0.4908929, 0.4925, 0.4917857, 0.4928571, 0.4935714, 0.4933929, 0.4932143, 0.4930357, 0.4928571, 0.4928571, 0.4928571, 0.4925, 0.495
0.5508137, 0.4953572, 0.5, 0.4925, 0.4925, 0.4910714, 0.4926786, 0.4919643, 0.4932142, 0.49375, 0.4935714, 0.4933929, 0.4932143, 0.4930357, 0.4932143, 0.4932143, 0.4928571, 0.4951786
0.5516726, 0.4958929, 0.5, 0.4925, 0.493077, 0.4916072, 0.4932143, 0.4925, 0.4942857, 0.4942857, 0.4941072, 0.4939286, 0.49375, 0.4935715, 0.4942858, 0.4942858, 0.4939286, 0.4957143
0.5522451, 0.49625, 0.5, 0.4925, 0.4934616, 0.4919643, 0.4935715, 0.4928846, 0.495, 0.4946429, 0.4944643, 0.4942857, 0.4941072, 0.4939286, 0.495, 0.495, 0.4946429, 0.4960715
0.5528177, 0.4966072, 0.5, 0.4925, 0.4938462, 0.4923214, 0.4939286, 0.4932692, 0.4953571, 0.495, 0.4948214, 0.4946429, 0.4944643, 0.4942857, 0.4957143, 0.4957143, 0.4953572, 0.4964286
0.553104, 0.4967857, 0.5, 0.4925, 0.4940385, 0.4925, 0.4941072, 0.4934615, 0.4955357, 0.4951786, 0.495, 0.4948214, 0.4946429, 0.4944643, 0.4960715, 0.4960715, 0.4957143, 0.4966072
0.5533903, 0.4969643, 0.5, 0.4925, 0.4942308, 0.4926786, 0.4942857, 0.4936538, 0.4957143, 0.4953571, 0.4951786, 0.495, 0.4948214, 0.4946429, 0.4964286, 0.4964286, 0.4960715, 0.4967857
0.5536765, 0.4971429, 0.5, 0.4925, 0.4944231, 0.4928572, 0.4944643, 0.4938461, 0.4958929, 0.4955357, 0.4953572, 0.4951786, 0.495, 0.4948214, 0.4967857, 0.4967857, 0.4964286, 0.4969643
0.5539628, 0.4973214, 0.5, 0.4926786, 0.4946154, 0.4930357, 0.4946429, 0.4940384, 0.4960714, 0.4957143, 0.4955357, 0.4953571, 0.4953571, 0.495, 0.4971429, 0.4971429, 0.4967857, 0.4971429
0.5542491, 0.4975, 0.5, 0.4928572, 0.4948077, 0.4932143, 0.4948214, 0.4942307, 0.49625, 0.4958929, 0.4957143, 0.4955357, 0.4957143, 0.4953571, 0.4975, 0.4975, 0.4971429, 0.4973214
0.5545354, 0.4976786, 0.5, 0.4930357, 0.495, 0.4933929, 0.495, 0.4944231, 0.4964285, 0.4960714, 0.4958929, 0.4957143, 0.4960714, 0.4957143, 0.4976923, 0.4976786, 0.4975, 0.4975
0.5553943, 0.4982143, 0.5, 0.4935715, 0.4955357, 0.4939286, 0.4955357, 0.495, 0.4969643, 0.4966072, 0.4964286, 0.49625, 0.4971429, 0.4967858, 0.4982693, 0.4982143, 0.4980769, 0.4980357
0.5562531, 0.49875, 0.5, 0.4941072, 0.4960714, 0.4944643, 0.4960714, 0.4960714, 0.4975, 0.4971429, 0.4969643, 0.4967857, 0.4982143, 0.4978572, 0.4988462, 0.49875, 0.4986539, 0.4985714
0.5568257, 0.4991072, 0.5, 0.4944643, 0.4964286, 0.4948214, 0.4964286, 0.4967857, 0.4978571, 0.4975, 0.4973214, 0.4971429, 0.4989286, 0.4985715, 0.4992308, 0.4991072, 0.4990385, 0.4989286
0.557112, 0.4992857, 0.5, 0.4946429, 0.4966071, 0.495, 0.4966071, 0.4971428, 0.4980357, 0.4976923, 0.4975, 0.4973214, 0.4992857, 0.4989286, 0.4994231, 0.4992857, 0.4992308, 0.4991071
0.5573983, 0.4994643, 0.5, 0.4948214, 0.4967857, 0.4951786, 0.4967857, 0.4975, 0.4982143, 0.4978846, 0.4976786, 0.4975, 0.4996428, 0.4992857, 0.4996154, 0.4994643, 0.4994231, 0.4992857
0.5576845, 0.4996429, 0.5, 0.495, 0.4969643, 0.4953572, 0.4969643, 0.4978571, 0.4983929, 0.4980769, 0.4978572, 0.4978571, 0.5, 0.4996428, 0.4998077, 0.4996429, 0.4996154, 0.4994643
0.5579708, 0.4998214, 0.5, 0.4951786, 0.4971428, 0.4955357, 0.4971428, 0.4982142, 0.4985714, 0.4982692, 0.4980357, 0.4982143, 0.5001786, 0.5, 0.5, 0.4998214, 0.4998077, 0.4996428
0.5582571, 0.5, 0.5, 0.4953572, 0.4973214, 0.4957143, 0.4973214, 0.4985714, 0.49875, 0.4984615, 0.4982143, 0.4985714, 0.5003572, 0.5001786, 0.5001786, 0.5, 0.5, 0.4998214
0.5585434, 0.5003572, 0.5, 0.4955358, 0.4975, 0.4958929, 0.4975, 0.4989286, 0.4989286, 0.4986539, 0.4983929, 0.4989286, 0.5005357, 0.5003572, 0.5003572, 0.5001786, 0.5001786, 0.5
0.5594023, 0.5014286, 0.5, 0.4960715, 0.4975, 0.4964286, 0.4980357, 0.5, 0.4994643, 0.4992308, 0.4989286, 0.5000001, 0.5010715, 0.5008929, 0.5008929, 0.5007143, 0.5007143, 0.5005357
0.5602611, 0.5025, 0.5, 0.4966072, 0.4975, 0.4969643, 0.4985714, 0.5005357, 0.5, 0.4998077, 0.4994643, 0.5010715, 0.5016072, 0.5014286, 0.5014286, 0.50125, 0.50125, 0.5010714
0.5605474, 0.5028571, 0.5, 0.4967857, 0.4975, 0.4971429, 0.49875, 0.5007143, 0.5001923, 0.5, 0.4996429, 0.5014286, 0.5017858, 0.5016072, 0.5016072, 0.5014285, 0.5014285, 0.50125
0.56112, 0.5035714, 0.5, 0.4971429, 0.4975, 0.4975, 0.4991071, 0.5010714, 0.5005769, 0.5003572, 0.5, 0.5021428, 0.5021428, 0.5019643, 0.5019643, 0.5017857, 0.5017857, 0.5016071
0.5614063, 0.5039285, 0.5, 0.4973214, 0.4975, 0.4976923, 0.4992857, 0.50125, 0.5007692, 0.5005357, 0.5003572, 0.5025, 0.5023214, 0.5021428, 0.5021428, 0.5019643, 0.5019643, 0.5017857
0.5616925, 0.5042856, 0.5, 0.4975, 0.4975, 0.4978846, 0.4994643, 0.5014285, 0.5009615, 0.5007143, 0.5007142, 0.5026786, 0.5025, 0.5023214, 0.5023214, 0.5021428, 0.5021428, 0.5019643
0.5619788, 0.5046428, 0.5, 0.4975, 0.4975, 0.4980769, 0.4996428, 0.5016071, 0.5011538, 0.5008928, 0.5010714, 0.5028571, 0.5026786, 0.5025, 0.5025, 0.5023214, 0.5023214, 0.5021428
0.5622652, 0.505, 0.5, 0.4975, 0.4975, 0.4982693, 0.4998214, 0.5017857, 0.5013462, 0.5010715, 0.5014286, 0.5030357, 0.5028571, 0.5026923, 0.5026786, 0.5025, 0.5025, 0.5023214
0.5625514, 0.5051786, 0.5, 0.4975, 0.4975, 0.4984616, 0.5, 0.5019643, 0.5015385, 0.50125, 0.5017858, 0.5032143, 0.5030357, 0.5028846, 0.5028571, 0.5026786, 0.5026786, 0.5025
0.5634103, 0.5057143, 0.5, 0.4975, 0.4980357, 0.4990385, 0.5005357, 0.5025, 0.5021154, 0.5017858, 0.5028571, 0.50375, 0.5035715, 0.5034615, 0.5033929, 0.5032143, 0.5032143, 0.5030357
0.5639828, 0.5060714, 0.5, 0.4975, 0.4983929, 0.4994231, 0.5008929, 0.5028571, 0.5025, 0.5021428, 0.5035715, 0.5041072, 0.5039286, 0.5038462, 0.50375, 0.5035714, 0.5035714, 0.5033929
0.5645554, 0.5064285, 0.5, 0.4975, 0.49875, 0.4998077, 0.50125, 0.5032143, 0.5028571, 0.5025, 0.5042857, 0.5044643, 0.5042858, 0.5042308, 0.5041071, 0.5039285, 0.5039285, 0.50375
0.5648417, 0.5066071, 0.5, 0.4975, 0.4989285, 0.5, 0.5014285, 0.5033928, 0.5030357, 0.5026786, 0.5046428, 0.5046428, 0.5044643, 0.5044231, 0.5042857, 0.5041071, 0.5041071, 0.5039285
0.565128, 0.5067857, 0.5, 0.4975, 0.4991071, 0.5001786, 0.5016071, 0.5035714, 0.5032143, 0.5028571, 0.505, 0.5048214, 0.5046428, 0.5046154, 0.5044643, 0.5042857, 0.5042857, 0.5041071
0.5654142, 0.5069643, 0.5, 0.4975, 0.4992857, 0.5003572, 0.5017857, 0.50375, 0.5033928, 0.5030357, 0.5051923, 0.505, 0.5048214, 0.5048077, 0.5046428, 0.5044643, 0.5044643, 0.5042857
0.5657005, 0.5071428, 0.5, 0.4975, 0.4994643, 0.5005357, 0.5019643, 0.5039285, 0.5035714, 0.5032143, 0.5053846, 0.5051786, 0.505, 0.505, 0.5048214, 0.5046428, 0.5046428, 0.5044643
0.5659869, 0.5073214, 0.5, 0.4976786, 0.4996429, 0.5007143, 0.5021428, 0.5041072, 0.50375, 0.5033929, 0.505577, 0.5053571, 0.5051786, 0.5051786, 0.505, 0.5048214, 0.5048214, 0.5046428
0.5662732, 0.5075, 0.5, 0.4978572, 0.4998214, 0.5008929, 0.5023214, 0.5042857, 0.5039286, 0.5035715, 0.5057693, 0.5055357, 0.5053571, 0.5053571, 0.5051786, 0.505, 0.505, 0.5048214
0.5665594, 0.5076923, 0.5, 0.4980357, 0.5, 0.5010715, 0.5025, 0.5044643, 0.5041072, 0.50375, 0.5059615, 0.5057143, 0.5055357, 0.5055357, 0.5053571, 0.5051923, 0.5053571, 0.505
0.5674183, 0.5082692, 0.5, 0.4985714, 0.5005357, 0.5016072, 0.5030769, 0.505, 0.5046428, 0.5042858, 0.5065385, 0.50625, 0.5060714, 0.5060714, 0.5058929, 0.5057692, 0.5064285, 0.5061538
0.5679908, 0.5086538, 0.5, 0.4989286, 0.5008929, 0.5019643, 0.5034615, 0.5053571, 0.505, 0.5046428, 0.5069231, 0.5066072, 0.5064285, 0.5064285, 0.50625, 0.5061538, 0.5071428, 0.506923
0.5685634, 0.5090384, 0.5, 0.4992857, 0.50125, 0.5023214, 0.5038461, 0.5057143, 0.5053571, 0.505, 0.5073077, 0.5069643, 0.5067857, 0.5067857, 0.5066071, 0.5065385, 0.5078571, 0.5076923
0.5688497, 0.5092307, 0.5, 0.4994643, 0.5014285, 0.5025, 0.5040385, 0.5058928, 0.5055357, 0.5053571, 0.5075, 0.5071428, 0.5069643, 0.5069643, 0.5067857, 0.5067307, 0.5082142, 0.5080768
0.5694222, 0.5096154, 0.5, 0.4998214, 0.5017857, 0.5028571, 0.504423, 0.50625, 0.5058928, 0.5060714, 0.5078571, 0.5075, 0.5073214, 0.5073214, 0.5071428, 0.5071154, 0.5089285, 0.5088461
0.5697086, 0.5098077, 0.5, 0.5, 0.5019643, 0.5030357, 0.5046154, 0.5064286, 0.5060714, 0.5064286, 0.5080357, 0.5076923, 0.5075, 0.5075, 0.5073214, 0.5073077, 0.5092857, 0.5092308
0.5699949, 0.51, 0.5, 0.5001923, 0.5021428, 0.5032143, 0.5048077, 0.5066072, 0.50625, 0.5067858, 0.5082143, 0.5078846, 0.5076923, 0.5076786, 0.5075, 0.5075, 0.5096428, 0.5096154
0.5702811, 0.5103571, 0.5, 0.5003846, 0.5023214, 0.5033929, 0.505, 0.5067857, 0.5064286, 0.5071429, 0.5083929, 0.508077, 0.5078846, 0.5078571, 0.5076786, 0.5078571, 0.51, 0.51
0.5705674, 0.5107142, 0.5, 0.5005769, 0.5025, 0.5035715, 0.5051786, 0.5069643, 0.5066072, 0.5075001, 0.5085714, 0.5082693, 0.5080769, 0.5080357, 0.5078571, 0.5082142, 0.5101786, 0.5101786
0.5714263, 0.5117857, 0.5, 0.5011538, 0.5030769, 0.5041072, 0.5057143, 0.5075, 0.5071428, 0.5085714, 0.5091072, 0.5088462, 0.5086538, 0.5085714, 0.5083929, 0.5092857, 0.5107143, 0.5107143
0.5719988, 0.5124999, 0.5, 0.5015385, 0.5034615, 0.5044643, 0.5060714, 0.5078846, 0.5075, 0.5092857, 0.5094643, 0.5092308, 0.5090384, 0.5089285, 0.50875, 0.5099999, 0.5110714, 0.5110714
0.5725714, 0.5132142, 0.5, 0.501923, 0.5038461, 0.5048214, 0.5064285, 0.5082692, 0.5078571, 0.51, 0.5098214, 0.5096154, 0.509423, 0.5092857, 0.5091071, 0.5107142, 0.5114285, 0.5114285
0.5728577, 0.5135714, 0.5, 0.5021154, 0.5040385, 0.505, 0.5066071, 0.5084615, 0.5080357, 0.5101786, 0.51, 0.5098077, 0.5096154, 0.5094643, 0.5092857, 0.5110714, 0.5116071, 0.5116071
0.573144, 0.5139285, 0.5, 0.5023077, 0.5042307, 0.5051786, 0.5067857, 0.5086538, 0.5082143, 0.5103571, 0.5101786, 0.51, 0.5098076, 0.5096428, 0.5094643, 0.5114285, 0.5117857, 0.5117857
0.5734303, 0.5142857, 0.5, 0.5025, 0.5044231, 0.5053571, 0.5069643, 0.5088462, 0.5083929, 0.5105357, 0.5103571, 0.5101786, 0.51, 0.5098214, 0.5096428, 0.5117857, 0.5119643, 0.5119643
0.5737166, 0.5146428, 0.5, 0.5025, 0.5046154, 0.5055357, 0.5071428, 0.5090384, 0.5085714, 0.5107143, 0.5105357, 0.5103571, 0.5101786, 0.51, 0.5098214, 0.5121428, 0.5121428, 0.5121428
0.5740029, 0.515, 0.5, 0.5025, 0.5048077, 0.5057143, 0.5073214, 0.5092308, 0.50875, 0.5108929, 0.5107143, 0.5105357, 0.5103571, 0.5101786, 0.51, 0.5125, 0.5123214, 0.5123214
0.5742891, 0.5151786, 0.5, 0.5025, 0.505, 0.5058929, 0.5075, 0.5094231, 0.5089286, 0.5110714, 0.5108929, 0.5107143, 0.5105357, 0.5103571, 0.5103571, 0.5126786, 0.5125, 0.5125
0.575148, 0.5157143, 0.5, 0.5025, 0.5055357, 0.5064286, 0.5080357, 0.51, 0.5094643, 0.5116072, 0.5114286, 0.51125, 0.5110714, 0.5108928, 0.5114285, 0.5132143, 0.5130357, 0.5130357
0.5760068, 0.51625, 0.5, 0.5025, 0.5060714, 0.5069643, 0.5085714, 0.5105357, 0.51, 0.5121428, 0.5119643, 0.5117857, 0.5116071, 0.5114285, 0.5124999, 0.51375, 0.5135714, 0.5135714
0.5765794, 0.5166071, 0.5, 0.5025, 0.5064285, 0.5073214, 0.5089285, 0.5108928, 0.5103571, 0.5125, 0.5123214, 0.5121428, 0.5119643, 0.5117857, 0.5132142, 0.5141071, 0.5139285, 0.5139285
0.5768657, 0.5167857, 0.5, 0.5025, 0.5066071, 0.5075, 0.5091071, 0.5110714, 0.5105357, 0.5126923, 0.5125, 0.5123214, 0.5121428, 0.5119643, 0.5135714, 0.5142857, 0.5141071, 0.5141071
0.577152, 0.5169643, 0.5, 0.5025, 0.5067857, 0.5076786, 0.5092857, 0.51125, 0.5107143, 0.5128846, 0.5126786, 0.5125, 0.5123214, 0.5121428, 0.5139286, 0.5144643, 0.5142857, 0.5142857
0.5774383, 0.5171428, 0.5, 0.5025, 0.5069643, 0.5078571, 0.5094643, 0.5114286, 0.5108929, 0.513077, 0.5128571, 0.5126786, 0.5125, 0.5123214, 0.5142857, 0.5146428, 0.5144643, 0.5144643
0.5777246, 0.5173214, 0.5, 0.5026786, 0.5071428, 0.5080357, 0.5096428, 0.5116071, 0.5110714, 0.5132692, 0.5130357, 0.5128571, 0.5126786, 0.5125, 0.5146428, 0.5148214, 0.5146428, 0.5146428
0.5780109, 0.5175, 0.5, 0.5028571, 0.5073214, 0.5082143, 0.5098214, 0.5117857, 0.51125, 0.5134615, 0.5132143, 0.5130357, 0.5128571, 0.5128571, 0.515, 0.515, 0.5148214, 0.5148214
0.5782971, 0.5176786, 0.5, 0.5030357, 0.5075, 0.5083929, 0.51, 0.5119643, 0.5114286, 0.5136539, 0.5133929, 0.5132142, 0.5130357, 0.5132142, 0.5151923, 0.5151786, 0.515, 0.515
0.579156, 0.5182143, 0.5, 0.5035714, 0.5080357, 0.5089285, 0.5105357, 0.5125, 0.5119643, 0.5142308, 0.5139285, 0.51375, 0.5135714, 0.5142857, 0.5157692, 0.5157143, 0.5155769, 0.5155357
0.5800148, 0.51875, 0.5, 0.5041071, 0.5085714, 0.5094643, 0.5110714, 0.5130357, 0.5125, 0.5148077, 0.5144643, 0.5142857, 0.5141071, 0.5153571, 0.5163461, 0.51625, 0.5161538, 0.5160714
0.5803011, 0.5189285, 0.5, 0.5042857, 0.50875, 0.5096428, 0.51125, 0.5132142, 0.5126923, 0.515, 0.5146428, 0.5144643, 0.5142857, 0.5157142, 0.5165384, 0.5164285, 0.5163461, 0.51625
0.5808737, 0.5192857, 0.5, 0.5046428, 0.5091072, 0.51, 0.5116072, 0.5135714, 0.513077, 0.5153571, 0.515, 0.5148214, 0.5146428, 0.5164286, 0.5169231, 0.5167857, 0.5167308, 0.5166072
0.58116, 0.5194643, 0.5, 0.5048214, 0.5092857, 0.5101923, 0.5117857, 0.51375, 0.5132692, 0.5155357, 0.5151786, 0.515, 0.5148214, 0.5167857, 0.5171154, 0.5169643, 0.5169231, 0.5167857
0.5814463, 0.5196428, 0.5, 0.505, 0.5094643, 0.5103846, 0.5119643, 0.5139286, 0.5134615, 0.5157143, 0.5153571, 0.5151786, 0.515, 0.5171428, 0.5173077, 0.5171428, 0.5171154, 0.5169643
0.5817326, 0.5198214, 0.5, 0.5051786, 0.5096428, 0.5105769, 0.5121428, 0.5141071, 0.5136539, 0.5158929, 0.5155357, 0.5153571, 0.5151786, 0.5175, 0.5175, 0.5173214, 0.5173077, 0.5171428
0.5820189, 0.52, 0.5, 0.5053571, 0.5098214, 0.5107692, 0.5123214, 0.5142857, 0.5138462, 0.5160714, 0.5157143, 0.5155357, 0.5153571, 0.5176786, 0.5176786, 0.5175, 0.5175, 0.5173214
0.5823051, 0.5201923, 0.5, 0.5055357, 0.51, 0.5109615, 0.5125, 0.5144643, 0.5140384, 0.51625, 0.5158928, 0.5157142, 0.5155357, 0.5178571, 0.5178571, 0.5176786, 0.5176786, 0.5175
0.583164, 0.5207692, 0.5, 0.5060714, 0.51, 0.5115384, 0.5130769, 0.515, 0.5146154, 0.5167857, 0.5164285, 0.51625, 0.5160714, 0.5183928, 0.5183928, 0.5182143, 0.5182143, 0.5180357
0.5837365, 0.5211538, 0.5, 0.5064285, 0.51, 0.511923, 0.5134615, 0.5153571, 0.515, 0.5171428, 0.5167857, 0.5166071, 0.5164285, 0.51875, 0.51875, 0.5185714, 0.5185714, 0.5183928
0.5843091, 0.5215384, 0.5, 0.5067857, 0.51, 0.5123076, 0.5138461, 0.5157142, 0.5153571, 0.5175, 0.5171428, 0.5169643, 0.5167857, 0.5191071, 0.5191071, 0.5189285, 0.5189285, 0.51875
0.5845954, 0.5217308, 0.5, 0.5069643, 0.51, 0.5125, 0.5140384, 0.5158929, 0.5155357, 0.5176786, 0.5173214, 0.5171428, 0.5169643, 0.5192857, 0.5192857, 0.5191072, 0.5191072, 0.5189286
0.5848817, 0.5219231, 0.5, 0.5071428, 0.51, 0.5126786, 0.5142308, 0.5160714, 0.5157143, 0.5178571, 0.5175, 0.5173214, 0.5171428, 0.5194643, 0.5194643, 0.5192857, 0.5192857, 0.5191072
0.585168, 0.5221153, 0.5, 0.5073214, 0.51, 0.5128571, 0.5144231, 0.51625, 0.5158929, 0.5180357, 0.5176923, 0.5175, 0.5173214, 0.5196428, 0.5196428, 0.5194643, 0.5194643, 0.5192857
0.5854543, 0.5223077, 0.5, 0.5075, 0.51, 0.5130357, 0.5146154, 0.5164286, 0.5160714, 0.5182143, 0.5178846, 0.5176786, 0.5175, 0.5198214, 0.5198214, 0.5196428, 0.5196428, 0.5194643
0.5857406, 0.5225, 0.5, 0.5075, 0.51, 0.5132142, 0.5148077, 0.5166071, 0.51625, 0.5183929, 0.5180769, 0.5178571, 0.5178571, 0.52, 0.52, 0.5198214, 0.5198214, 0.5196428
0.5860268, 0.5226786, 0.5, 0.5075, 0.51, 0.5133928, 0.515, 0.5167857, 0.5164286, 0.5185714, 0.5182692, 0.5180357, 0.5182142, 0.5201923, 0.5201786, 0.52, 0.52, 0.5198214
0.5863131, 0.5228571, 0.5, 0.5075, 0.51, 0.5135714, 0.5151786, 0.5169643, 0.5166071, 0.51875, 0.5184615, 0.5182142, 0.5185714, 0.5203846, 0.5203571, 0.5201786, 0.5201786, 0.52
0.587172, 0.5233928, 0.5, 0.5075, 0.5105357, 0.5141071, 0.5157143, 0.5175, 0.5171428, 0.5192857, 0.5190384, 0.51875, 0.5196428, 0.5209615, 0.5208928, 0.5207143, 0.5207143, 0.5205769
0.5877445, 0.5237499, 0.5, 0.5075, 0.5108928, 0.5144643, 0.5160714, 0.5178571, 0.5175, 0.5196428, 0.519423, 0.5191071, 0.5203571, 0.5213461, 0.5212499, 0.5210714, 0.5210714, 0.5209615
0.5883172, 0.5241072, 0.5, 0.5075, 0.51125, 0.5148214, 0.5164286, 0.5182143, 0.5178571, 0.52, 0.5198077, 0.5194643, 0.5210714, 0.5217308, 0.5216072, 0.5214286, 0.5214286, 0.5213462
0.5886034, 0.5242857, 0.5, 0.5075, 0.5114286, 0.515, 0.5166072, 0.5183929, 0.5180357, 0.5201786, 0.52, 0.5196428, 0.5214286, 0.5219231, 0.5217857, 0.5216072, 0.5216072, 0.5215384
0.589176, 0.5246428, 0.5, 0.5075, 0.5117857, 0.5153571, 0.5169643, 0.51875, 0.5183929, 0.5205357, 0.5203571, 0.52, 0.5221428, 0.5223077, 0.5221428, 0.5219643, 0.5219643, 0.5219231
0.5894623, 0.5248214, 0.5, 0.5075, 0.5119643, 0.5155357, 0.5171428, 0.5189286, 0.5185714, 0.5207143, 0.5205357, 0.5201923, 0.5225, 0.5225, 0.5223214, 0.5221428, 0.5221428, 0.5221153
0.5897486, 0.525, 0.5, 0.5076923, 0.5121428, 0.5157142, 0.5173214, 0.5191071, 0.51875, 0.5208928, 0.5207142, 0.5203846, 0.5226923, 0.5226786, 0.5225, 0.5223214, 0.5223214, 0.5223077
0.5900348, 0.5251786, 0.5, 0.5078846, 0.5123214, 0.5158928, 0.5175, 0.5192857, 0.5189286, 0.5210714, 0.5208928, 0.5205769, 0.5228846, 0.5228571, 0.5226786, 0.5225, 0.5225, 0.5225
0.5903211, 0.5253571, 0.5, 0.5080769, 0.5125, 0.5160714, 0.5176786, 0.5194643, 0.5191071, 0.5212499, 0.5210714, 0.5207692, 0.5230769, 0.5230357, 0.5228571, 0.5226923, 0.5226786, 0.5226786
0.59118, 0.5258928, 0.5, 0.5086538, 0.5130769, 0.5166071, 0.5182143, 0.52, 0.5196428, 0.5217857, 0.5216071, 0.5213461, 0.5236538, 0.5235714, 0.5233928, 0.5232692, 0.5232143, 0.5232143
0.5917525, 0.5262499, 0.5, 0.5090384, 0.5134615, 0.5169643, 0.5185714, 0.5203846, 0.52, 0.5221428, 0.5219643, 0.5217307, 0.5240384, 0.5239285, 0.5237499, 0.5236538, 0.5235714, 0.5235714
0.5923252, 0.5266072, 0.5, 0.5094231, 0.5138462, 0.5173214, 0.5189286, 0.5207692, 0.5203571, 0.5225, 0.5223214, 0.5221153, 0.5244231, 0.5242857, 0.5241072, 0.5240384, 0.5239286, 0.5239286
0.5926114, 0.5267857, 0.5, 0.5096154, 0.5140384, 0.5175, 0.5191072, 0.5209615, 0.5205357, 0.5226786, 0.5225, 0.5223077, 0.5246153, 0.5244642, 0.5242857, 0.5242308, 0.5241072, 0.5241072
0.5928977, 0.5269642, 0.5, 0.5098077, 0.5142308, 0.5176786, 0.5192857, 0.5211539, 0.5207143, 0.5228571, 0.5226786, 0.5225, 0.5248077, 0.5246428, 0.5244642, 0.5244231, 0.5242857, 0.5242857
0.593184, 0.5271428, 0.5, 0.51, 0.5144231, 0.5178571, 0.5194643, 0.5213462, 0.5208929, 0.5230357, 0.5228571, 0.5226786, 0.525, 0.5248214, 0.5246428, 0.5246153, 0.5244642, 0.5244642
0.5934703, 0.5273214, 0.5, 0.51, 0.5146154, 0.5180357, 0.5196428, 0.5215384, 0.5210714, 0.5232143, 0.5230357, 0.5228571, 0.5251786, 0.525, 0.5248214, 0.5248077, 0.5246428, 0.5246428
0.5937566, 0.5275, 0.5, 0.51, 0.5148077, 0.5182142, 0.5198214, 0.5217308, 0.52125, 0.5233928, 0.5232142, 0.5230357, 0.5253571, 0.5251786, 0.525, 0.525, 0.5248214, 0.5248214
0.5940428, 0.5276785, 0.5, 0.51, 0.515, 0.5183928, 0.52, 0.5219231, 0.5214285, 0.5235714, 0.5233928, 0.5232143, 0.5255357, 0.5253571, 0.5251786, 0.5251786, 0.525, 0.525
0.5943291, 0.5278571, 0.5, 0.51, 0.5151786, 0.5185714, 0.5201786, 0.5221153, 0.5216071, 0.5237499, 0.5235714, 0.5233928, 0.5257142, 0.5255357, 0.5253571, 0.5253571, 0.5251786, 0.5251786
0.5949017, 0.5282142, 0.5, 0.51, 0.5155357, 0.5189285, 0.5205357, 0.5225, 0.5219643, 0.5241071, 0.5239285, 0.5237499, 0.5260714, 0.5258928, 0.5257142, 0.5257142, 0.5255357, 0.5255357
0.5957606, 0.52875, 0.5, 0.51, 0.5160714, 0.5194643, 0.5210714, 0.5230357, 0.5225, 0.5246428, 0.5244642, 0.5242857, 0.5266072, 0.5264286, 0.52625, 0.52625, 0.5260714, 0.5260714
0.5963331, 0.5291072, 0.5, 0.51, 0.5164286, 0.5198214, 0.5214286, 0.5233929, 0.5228571, 0.525, 0.5248214, 0.5246428, 0.5269642, 0.5267857, 0.5266072, 0.5266072, 0.5264286, 0.5264286
0.5966194, 0.5292857, 0.5, 0.51, 0.5166072, 0.52, 0.5216072, 0.5235714, 0.5230357, 0.5251923, 0.525, 0.5248214, 0.5271428, 0.5269642, 0.5267857, 0.5267857, 0.5266072, 0.5266072
0.5969057, 0.5294642, 0.5, 0.51, 0.5167857, 0.52, 0.5217857, 0.52375, 0.5232143, 0.5253846, 0.5251786, 0.525, 0.5273214, 0.5271428, 0.5269642, 0.5269642, 0.5267857, 0.5267857
0.597192, 0.5296428, 0.5, 0.51, 0.5169643, 0.52, 0.5219643, 0.5239286, 0.5233928, 0.5255769, 0.5253571, 0.5251786, 0.5275, 0.5273214, 0.5271428, 0.5271428, 0.5269642, 0.5269642
0.5974783, 0.5298214, 0.5, 0.5101786, 0.5171428, 0.52, 0.5221428, 0.5241072, 0.5235714, 0.5257692, 0.5255357, 0.5253571, 0.5276785, 0.5275, 0.5273214, 0.5273214, 0.5271428, 0.5271428
0.5977646, 0.53, 0.5, 0.5103571, 0.5173214, 0.52, 0.5223214, 0.5242857, 0.5237499, 0.5259615, 0.5257142, 0.5255357, 0.5278571, 0.5276785, 0.5275, 0.5275, 0.5273214, 0.5273214
0.5980508, 0.5303846, 0.5, 0.5105357, 0.5175, 0.52, 0.5225, 0.5244642, 0.5239285, 0.5261538, 0.5258928, 0.5257143, 0.5280357, 0.5278571, 0.5276923, 0.5276785, 0.5275, 0.5275
0.5983371, 0.5307692, 0.5, 0.5107142, 0.5175, 0.52, 0.5226786, 0.5246428, 0.5241071, 0.5263461, 0.5260714, 0.5258928, 0.5282142, 0.5280357, 0.5278846, 0.5278571, 0.5276923, 0.5276785
0.5989097, 0.5315384, 0.5, 0.5110714, 0.5175, 0.52, 0.5230357, 0.525, 0.5244642, 0.5267307, 0.5264285, 0.5262499, 0.5285714, 0.5283928, 0.5282692, 0.5282142, 0.5280769, 0.5280357
0.5997686, 0.5326924, 0.5, 0.5116072, 0.5175, 0.52, 0.5235714, 0.525, 0.525, 0.5273077, 0.5269642, 0.5267857, 0.5291072, 0.5289286, 0.5288461, 0.52875, 0.5286539, 0.5285714
0.6000549, 0.5330769, 0.5, 0.5117857, 0.5175, 0.52, 0.52375, 0.525, 0.5251923, 0.5275, 0.5271428, 0.5269642, 0.5292857, 0.5291072, 0.5290384, 0.5289286, 0.5288461, 0.52875
0.6006274, 0.5338462, 0.5, 0.5121428, 0.5175, 0.52, 0.5241072, 0.525, 0.5255769, 0.5278571, 0.5275, 0.5273214, 0.5296428, 0.5294642, 0.5294231, 0.5292857, 0.5292308, 0.5291072
0.6009137, 0.5342308, 0.5, 0.5123214, 0.5175, 0.5201923, 0.5242857, 0.525, 0.5257692, 0.5280357, 0.5276785, 0.5275, 0.5298214, 0.5296428, 0.5296153, 0.5294642, 0.5294231, 0.5292857
0.6012, 0.5346154, 0.5, 0.5125, 0.5175, 0.5203846, 0.5244642, 0.525, 0.5259615, 0.5282142, 0.5278571, 0.5276785, 0.53, 0.5298214, 0.5298077, 0.5296428, 0.5296153, 0.5294642
0.6014863, 0.535, 0.5, 0.5125, 0.5175, 0.5205769, 0.5246428, 0.525, 0.5261538, 0.5283928, 0.5280357, 0.5278571, 0.53, 0.53, 0.53, 0.5298214, 0.5298077, 0.5296428
0.6017725, 0.5351786, 0.5, 0.5125, 0.5175, 0.5207692, 0.5248214, 0.525, 0.5263461, 0.5285714, 0.5282142, 0.5280357, 0.53, 0.5301923, 0.5301785, 0.53, 0.53, 0.5298214
0.6020588, 0.5353572, 0.5, 0.5125, 0.5175, 0.5209615, 0.525, 0.525, 0.5265384, 0.5287499, 0.5283928, 0.5282143, 0.53, 0.5303846, 0.5303571, 0.5301785, 0.5301785, 0.53
0.6023451, 0.5355358, 0.5, 0.5125, 0.5176786, 0.5211538, 0.525, 0.525, 0.5267307, 0.5289285, 0.5285714, 0.5283928, 0.53, 0.5305769, 0.5305357, 0.5303571, 0.5303571, 0.5301785
0.6029177, 0.5358928, 0.5, 0.5125, 0.5180357, 0.5215384, 0.525, 0.525, 0.5271153, 0.5292857, 0.5289285, 0.5287499, 0.53, 0.5309615, 0.5308928, 0.5307143, 0.5307143, 0.5305357
0.6034903, 0.5362501, 0.5, 0.5125, 0.5183929, 0.5219231, 0.525, 0.5253571, 0.5275, 0.5296428, 0.5292857, 0.5291072, 0.53, 0.5313461, 0.53125, 0.5310714, 0.5310714, 0.5308929
0.6040629, 0.5366072, 0.5, 0.5125, 0.51875, 0.5223077, 0.525, 0.5257143, 0.5278571, 0.53, 0.5296428, 0.5294642, 0.53, 0.5317308, 0.5316072, 0.5314286, 0.5314286, 0.53125
0.6043491, 0.5367858, 0.5, 0.5125, 0.5189286, 0.5225, 0.525, 0.5258929, 0.5280357, 0.53, 0.5298214, 0.5296428, 0.53, 0.5319231, 0.5317857, 0.5316072, 0.5316072, 0.5314286
0.6046354, 0.5369643, 0.5, 0.5125, 0.5191072, 0.5226786, 0.525, 0.5260714, 0.5282142, 0.53, 0.53, 0.5298214, 0.53, 0.5321154, 0.5319643, 0.5317857, 0.5317857, 0.5316072
0.6049217, 0.5371429, 0.5, 0.5125, 0.5192857, 0.5228571, 0.525, 0.5262499, 0.5283928, 0.53, 0.5301923, 0.53, 0.53, 0.5323077, 0.5321429, 0.5319643, 0.5319643, 0.5317857
0.605208, 0.5373214, 0.5, 0.5125, 0.5194643, 0.5230357, 0.525, 0.5264285, 0.5285714, 0.53, 0.5303846, 0.5301785, 0.53, 0.5325, 0.5323215, 0.5321429, 0.5321429, 0.5319643
0.6054943, 0.5375, 0.5, 0.5126786, 0.5196428, 0.5232143, 0.525, 0.5266071, 0.5287499, 0.53, 0.5305769, 0.5303571, 0.5301923, 0.5326786, 0.5325, 0.5323215, 0.5323215, 0.5321429
0.6057805, 0.5376786, 0.5, 0.5128571, 0.5198214, 0.5233928, 0.525, 0.5267857, 0.5289285, 0.53, 0.5307692, 0.5305357, 0.5303846, 0.5328572, 0.5326786, 0.5325, 0.5325, 0.5323215
0.6060668, 0.5378572, 0.5, 0.5130357, 0.52, 0.5235714, 0.5251786, 0.5269642, 0.5291071, 0.53, 0.5309615, 0.5307143, 0.5305769, 0.5330358, 0.5328572, 0.5326923, 0.5326786, 0.5325
0.6063531, 0.5380358, 0.5, 0.5132142, 0.5201786, 0.5237499, 0.5253571, 0.5271428, 0.5292857, 0.53, 0.5311538, 0.5308928, 0.5307692, 0.5332143, 0.5330358, 0.5328847, 0.5328572, 0.5326923
0.6069257, 0.5383929, 0.5, 0.5135714, 0.5205357, 0.5241072, 0.5257143, 0.5275, 0.5296428, 0.53, 0.5315385, 0.53125, 0.5311539, 0.5335715, 0.5333929, 0.5332693, 0.5332143, 0.533077
0.6074983, 0.5387501, 0.5, 0.5139286, 0.5208929, 0.5244642, 0.5260714, 0.5278846, 0.53, 0.53, 0.5319231, 0.5316072, 0.5315385, 0.5339286, 0.5337501, 0.5336539, 0.5335715, 0.5334616
0.6080709, 0.5391072, 0.5, 0.5142857, 0.52125, 0.5248214, 0.5264286, 0.5282692, 0.5303571, 0.53, 0.5323077, 0.5319643, 0.5319231, 0.5342857, 0.5341072, 0.5340385, 0.5339286, 0.5338462
0.6083571, 0.5392858, 0.5, 0.5144643, 0.5214286, 0.525, 0.5266072, 0.5284615, 0.5305357, 0.5301785, 0.5325, 0.5321429, 0.5321154, 0.5344643, 0.5342858, 0.5342308, 0.5341072, 0.5340385
0.6089297, 0.5396429, 0.5, 0.5148214, 0.5217857, 0.5253571, 0.5269642, 0.5288461, 0.5308928, 0.5305357, 0.5328572, 0.5325, 0.5325, 0.5348215, 0.5346429, 0.5346154, 0.5344643, 0.5344231
0.609216, 0.5398214, 0.5, 0.515, 0.5219643, 0.5255357, 0.5271428, 0.5290384, 0.5310714, 0.5307143, 0.5330358, 0.5326923, 0.5326786, 0.535, 0.5348215, 0.5348077, 0.5346429, 0.5346154
0.6095023, 0.54, 0.5, 0.515, 0.5221428, 0.5257143, 0.5273214, 0.5292307, 0.53125, 0.5308928, 0.5332143, 0.5328847, 0.5328572, 0.5351786, 0.535, 0.535, 0.5348215, 0.5348077
0.6097885, 0.5401786, 0.5, 0.515, 0.5223214, 0.5258928, 0.5275, 0.529423, 0.5314286, 0.5310714, 0.5333928, 0.5330769, 0.5330358, 0.5353572, 0.5351786, 0.5351786, 0.535, 0.535
0.6100748, 0.5403572, 0.5, 0.515, 0.5225, 0.5260714, 0.5276785, 0.5296153, 0.5316072, 0.53125, 0.5335714, 0.5332692, 0.5332143, 0.5355358, 0.5353572, 0.5353572, 0.5351786, 0.5351786
0.6103611, 0.5405357, 0.5, 0.515, 0.5225, 0.5262499, 0.5278571, 0.5298076, 0.5317857, 0.5314286, 0.53375, 0.5334616, 0.5333928, 0.5357143, 0.5355358, 0.5355358, 0.5353572, 0.5353572
0.6106474, 0.5407143, 0.5, 0.515, 0.5225, 0.5264286, 0.5280357, 0.53, 0.5319643, 0.5316072, 0.5339286, 0.5336539, 0.5335715, 0.5358929, 0.5357143, 0.5357143, 0.5355358, 0.5355358
0.6115063, 0.5412501, 0.5, 0.515, 0.5225, 0.5269642, 0.5285714, 0.5305357, 0.5325, 0.5321429, 0.5344643, 0.5342308, 0.5341072, 0.5364286, 0.5362501, 0.5362501, 0.5360715, 0.5360715
0.6120788, 0.5416072, 0.5, 0.515, 0.5225, 0.5273214, 0.5289286, 0.5308928, 0.5328572, 0.5325, 0.5348215, 0.5346154, 0.5344643, 0.5367857, 0.5366072, 0.5366072, 0.5364286, 0.5364286
0.6123651, 0.5417858, 0.5, 0.515, 0.5225, 0.5275, 0.5291072, 0.5310714, 0.5330358, 0.5326923, 0.535, 0.5348077, 0.5346429, 0.5369643, 0.5367858, 0.5367858, 0.5366072, 0.5366072
0.6126514, 0.5419643, 0.5, 0.515, 0.5225, 0.5276785, 0.5292857, 0.53125, 0.5332143, 0.5328847, 0.5351786, 0.535, 0.5348215, 0.5371429, 0.5369643, 0.5369643, 0.5367857, 0.5367857
0.6129377, 0.5421429, 0.5, 0.515, 0.5225, 0.5278571, 0.5294642, 0.5314286, 0.5333928, 0.5330769, 0.5353572, 0.5351786, 0.535, 0.5373214, 0.5371429, 0.5371429, 0.5369643, 0.5369643
0.613224, 0.5423214, 0.5, 0.5151786, 0.5225, 0.5280357, 0.5296428, 0.5316071, 0.5335714, 0.5332692, 0.5355358, 0.5353572, 0.5351786, 0.5375, 0.5373214, 0.5373214, 0.5371429, 0.5371429
0.6135103, 0.5425, 0.5, 0.5153571, 0.5225, 0.5282143, 0.5298214, 0.5317857, 0.53375, 0.5334616, 0.5357143, 0.5355358, 0.5353572, 0.5375, 0.5375, 0.5375, 0.5373214, 0.5373214
0.6137965, 0.5426923, 0.5, 0.5155357, 0.5225, 0.5283928, 0.53, 0.5319642, 0.5339286, 0.5336539, 0.5358928, 0.5357143, 0.5355358, 0.5375, 0.5376923, 0.5376786, 0.5375, 0.5375
0.6143692, 0.543077, 0.5, 0.5158929, 0.5228571, 0.52875, 0.5303571, 0.5323215, 0.5342857, 0.5340385, 0.5362501, 0.5360715, 0.5358929, 0.5375, 0.538077, 0.5380358, 0.5378847, 0.5378572
0.6146554, 0.5432693, 0.5, 0.5160714, 0.5230357, 0.5289286, 0.5305357, 0.5325, 0.5344643, 0.5342308, 0.5364286, 0.5362501, 0.5360715, 0.5375, 0.5382693, 0.5382143, 0.538077, 0.5380358
0.6155143, 0.5438462, 0.5, 0.5166072, 0.5235714, 0.5294642, 0.5310714, 0.5330358, 0.535, 0.5348077, 0.5369643, 0.5367857, 0.5366072, 0.5375, 0.5388462, 0.5387501, 0.5386539, 0.5385715
0.6158006, 0.5440385, 0.5, 0.5167857, 0.52375, 0.5296428, 0.53125, 0.5332143, 0.5351923, 0.535, 0.5371429, 0.5369643, 0.5367858, 0.5375, 0.5390385, 0.5389286, 0.5388462, 0.5387501
0.6163731, 0.5444231, 0.5, 0.5171428, 0.5241072, 0.53, 0.5316072, 0.5335714, 0.5355769, 0.5353572, 0.5375, 0.5373214, 0.5371429, 0.5375, 0.5394231, 0.5392858, 0.5392308, 0.5391072
0.6166594, 0.5446154, 0.5, 0.5173214, 0.5242857, 0.53, 0.5317857, 0.53375, 0.5357692, 0.5355358, 0.5375, 0.5375, 0.5373214, 0.5375, 0.5396154, 0.5394643, 0.5394231, 0.5392857
0.6169457, 0.5448077, 0.5, 0.5175, 0.5244642, 0.53, 0.5319643, 0.5339286, 0.5359616, 0.5357143, 0.5375, 0.5376786, 0.5375, 0.5375, 0.5398077, 0.5396429, 0.5396154, 0.5394643
0.617232, 0.545, 0.5, 0.5175, 0.5246428, 0.53, 0.5321429, 0.5341071, 0.5361539, 0.5358928, 0.5375, 0.5378572, 0.5376786, 0.5375, 0.54, 0.5398214, 0.5398077, 0.5396429
0.6175182, 0.5451786, 0.5, 0.5175, 0.5248214, 0.53, 0.5323215, 0.5342857, 0.5363461, 0.5360714, 0.5375, 0.5380358, 0.5378572, 0.5376923, 0.5401786, 0.54, 0.54, 0.5398214
0.6178045, 0.5453572, 0.5, 0.5175, 0.525, 0.53, 0.5325, 0.5344643, 0.5365385, 0.53625, 0.5375, 0.5382143, 0.5380358, 0.5378847, 0.5403572, 0.5401786, 0.5401786, 0.54
0.6183771, 0.5457143, 0.5, 0.5175, 0.5253571, 0.53, 0.5328847, 0.5348215, 0.5369231, 0.5366072, 0.5375, 0.5385715, 0.5383929, 0.5382693, 0.5407143, 0.5405357, 0.5405357, 0.5403572
0.6186634, 0.5458929, 0.5, 0.5175, 0.5255357, 0.53, 0.533077, 0.535, 0.5371154, 0.5367857, 0.5375, 0.5387501, 0.5385715, 0.5384616, 0.5408929, 0.5407143, 0.5407143, 0.5405357
0.619236, 0.54625, 0.5, 0.5175, 0.5258929, 0.53, 0.5334616, 0.5353572, 0.5375, 0.5371429, 0.5375, 0.5391071, 0.5389286, 0.5388462, 0.5412501, 0.5410715, 0.5410715, 0.5408929
0.6198086, 0.5466072, 0.5, 0.5175, 0.52625, 0.53, 0.5338462, 0.5357143, 0.5375, 0.5375, 0.5375, 0.5394643, 0.5392858, 0.5392308, 0.5416072, 0.5414286, 0.5414286, 0.5412501
0.6200948, 0.5467857, 0.5, 0.5175, 0.5264285, 0.53, 0.5340385, 0.5358928, 0.5375, 0.5376786, 0.5375, 0.5396429, 0.5394643, 0.5394231, 0.5417857, 0.5416072, 0.5416072, 0.5414286
0.6203811, 0.5469643, 0.5, 0.5175, 0.5266071, 0.5301785, 0.5342308, 0.5360714, 0.5375, 0.5378572, 0.5375, 0.5398214, 0.5396429, 0.5396154, 0.5419643, 0.5417858, 0.5417858, 0.5416071
0.6206674, 0.5471429, 0.5, 0.5175, 0.5267857, 0.5303571, 0.5344231, 0.53625, 0.5375, 0.5380358, 0.5376923, 0.54, 0.5398214, 0.5398077, 0.5421429, 0.5419643, 0.5419643, 0.5417857
0.6209537, 0.5473214, 0.5, 0.5175, 0.5269642, 0.5305357, 0.5346154, 0.5364286, 0.5375, 0.5382143, 0.5378847, 0.5401786, 0.54, 0.54, 0.5423214, 0.5421429, 0.5421429, 0.5419643
0.62124, 0.5475, 0.5, 0.5176786, 0.5271428, 0.5307143, 0.5348077, 0.5366071, 0.5375, 0.5383928, 0.5380769, 0.5403572, 0.5401923, 0.5401786, 0.5425, 0.5423214, 0.5423214, 0.5421429
0.6215262, 0.5475, 0.5, 0.5178571, 0.5273214, 0.5308928, 0.535, 0.5367857, 0.5375, 0.5385714, 0.5382692, 0.5405357, 0.5403847, 0.5403572, 0.5425, 0.5425, 0.5425, 0.5423214
0.6218126, 0.5475, 0.5, 0.5180357, 0.5275, 0.5310714, 0.535, 0.5369643, 0.5375, 0.5387501, 0.5384616, 0.5407143, 0.540577, 0.5405357, 0.5425, 0.5426924, 0.5426787, 0.5425
0.6223851, 0.5475, 0.5, 0.5183929, 0.5275, 0.5314286, 0.535, 0.5373214, 0.5375, 0.5391072, 0.5388462, 0.5410715, 0.5409616, 0.5408929, 0.5425, 0.543077, 0.5430357, 0.5428846
0.6226714, 0.5475, 0.5, 0.5185714, 0.5275, 0.5316072, 0.535, 0.5375, 0.5375, 0.5392857, 0.5390385, 0.5412501, 0.5411539, 0.5410715, 0.5425, 0.5432693, 0.5432143, 0.5430769
0.623244, 0.5475, 0.5, 0.5189286, 0.5275, 0.5319643, 0.535, 0.5375, 0.5375, 0.5396429, 0.5394231, 0.5416071, 0.5415385, 0.5414286, 0.5425, 0.5436539, 0.5435715, 0.5434616
0.6238165, 0.5475, 0.5, 0.5192857, 0.5275, 0.5323215, 0.535, 0.5375, 0.5378572, 0.54, 0.5398077, 0.5419643, 0.5419231, 0.5417858, 0.5425, 0.5440385, 0.5439286, 0.5438461
0.6241028, 0.5475, 0.5, 0.5194643, 0.5275, 0.5325, 0.535, 0.5375, 0.5380358, 0.5401786, 0.54, 0.5421429, 0.5421154, 0.5419643, 0.5425, 0.5442308, 0.5441071, 0.5440385
0.6246754, 0.5475, 0.5, 0.5198214, 0.5275, 0.5328572, 0.535, 0.5375, 0.5383928, 0.5405357, 0.5403572, 0.5425, 0.5425, 0.5423214, 0.5425, 0.5446154, 0.5444643, 0.544423
0.6249617, 0.5475, 0.5, 0.52, 0.5275, 0.5330358, 0.535, 0.5375, 0.5385714, 0.5407143, 0.5405357, 0.5425, 0.5426786, 0.5425, 0.5425, 0.5448077, 0.5446429, 0.5446154
0.625248, 0.5475, 0.5, 0.52, 0.5275, 0.5332143, 0.535, 0.5375, 0.53875, 0.5408928, 0.5407143, 0.5425, 0.5428572, 0.5426786, 0.5425, 0.545, 0.5448214, 0.5448077
0.6255343, 0.5476924, 0.5, 0.52, 0.5275, 0.5333929, 0.535, 0.5375, 0.5389286, 0.5410715, 0.5408929, 0.5425, 0.5430357, 0.5428572, 0.5426786, 0.545, 0.545, 0.545
0.6258206, 0.5478846, 0.5, 0.52, 0.5275, 0.5335715, 0.5351786, 0.5375, 0.5391072, 0.5412501, 0.5410715, 0.5425, 0.5432143, 0.5430357, 0.5428572, 0.545, 0.5451786, 0.5451786
0.6263931, 0.5482693, 0.5, 0.52, 0.5278846, 0.5339286, 0.5355358, 0.5375, 0.5394643, 0.5416072, 0.5414286, 0.5425, 0.5435715, 0.5433929, 0.5432143, 0.545, 0.5455357, 0.5455357
0.627252, 0.5488462, 0.5, 0.52, 0.5284615, 0.5344643, 0.5360714, 0.5380358, 0.54, 0.5421429, 0.5419643, 0.5425, 0.5441071, 0.5439286, 0.54375, 0.545, 0.5460714, 0.5460714
0.6278245, 0.5492308, 0.5, 0.52, 0.5288461, 0.5348215, 0.5364286, 0.5383929, 0.5403572, 0.5425, 0.5423214, 0.5425, 0.5444643, 0.5442858, 0.5441071, 0.545, 0.5464286, 0.5464286
0.6281108, 0.5494231, 0.5, 0.52, 0.5290384, 0.535, 0.5366071, 0.5385714, 0.5405357, 0.5425, 0.5425, 0.5425, 0.5446429, 0.5444643, 0.5442857, 0.545, 0.5466071, 0.5466071
0.6283971, 0.5496154, 0.5, 0.52, 0.5292307, 0.535, 0.5367857, 0.53875, 0.5407143, 0.5425, 0.5426786, 0.5425, 0.5448214, 0.5446429, 0.5444643, 0.545, 0.5467857, 0.5467857
0.6286834, 0.5498077, 0.5, 0.52, 0.529423, 0.535, 0.5369643, 0.5389286, 0.5408928, 0.5425, 0.5428572, 0.5426786, 0.545, 0.5448214, 0.5446429, 0.545, 0.5469643, 0.5469643
0.6289697, 0.55, 0.5, 0.52, 0.5296153, 0.535, 0.5371429, 0.5391071, 0.5410714, 0.5425, 0.5430357, 0.5428572, 0.5451786, 0.545, 0.5448214, 0.545, 0.5471429, 0.5471429
0.629256, 0.5501786, 0.5, 0.5201923, 0.5298077, 0.535, 0.5373214, 0.5392858, 0.5412501, 0.5425, 0.5432143, 0.5430357, 0.5453572, 0.5451786, 0.545, 0.545, 0.5473214, 0.5473214
0.6295423, 0.5503572, 0.5, 0.5203846, 0.53, 0.535, 0.5375, 0.5394643, 0.5414286, 0.5425, 0.5433929, 0.5432143, 0.5455357, 0.5453572, 0.5451923, 0.5451786, 0.5475, 0.5475
0.6304011, 0.5508929, 0.5, 0.5209615, 0.5305357, 0.535, 0.5380358, 0.54, 0.5419643, 0.5425, 0.5439286, 0.54375, 0.5460715, 0.5458929, 0.5457692, 0.5457143, 0.5475, 0.5480357
0.63126, 0.5514286, 0.5, 0.5215384, 0.5310714, 0.535, 0.5385714, 0.5405357, 0.5425, 0.5425, 0.5444643, 0.5442857, 0.5466071, 0.5464286, 0.5463461, 0.54625, 0.5475, 0.5485714
0.6315463, 0.5516071, 0.5, 0.5217308, 0.53125, 0.535, 0.53875, 0.5407143, 0.5426923, 0.5425, 0.5446429, 0.5444643, 0.5467857, 0.5466071, 0.5465385, 0.5464286, 0.5475, 0.54875
0.6321188, 0.5519643, 0.5, 0.5221153, 0.5316072, 0.535, 0.5391071, 0.5410714, 0.5430769, 0.5428572, 0.545, 0.5448214, 0.5471429, 0.5469643, 0.546923, 0.5467857, 0.5475, 0.5491071
0.6324051, 0.5521429, 0.5, 0.5223077, 0.5317857, 0.5351923, 0.5392857, 0.54125, 0.5432692, 0.5430357, 0.5451786, 0.545, 0.5473214, 0.5471429, 0.5471154, 0.5469643, 0.5475, 0.5492857
0.6326914, 0.5523214, 0.5, 0.5225, 0.5319643, 0.5353847, 0.5394643, 0.5414286, 0.5434616, 0.5432143, 0.5453572, 0.5451786, 0.5475, 0.5473214, 0.5473077, 0.5471429, 0.5475, 0.5494643
0.6329777, 0.5525, 0.5, 0.5225, 0.5321429, 0.535577, 0.5396429, 0.5416072, 0.5436539, 0.5433929, 0.5455357, 0.5453572, 0.5475, 0.5475, 0.5475, 0.5473214, 0.5475, 0.5496429
0.633264, 0.5526786, 0.5, 0.5225, 0.5323215, 0.5357693, 0.5398214, 0.5417858, 0.5438462, 0.5435715, 0.5457143, 0.5455357, 0.5475, 0.5476923, 0.5476786, 0.5475, 0.5475, 0.5498214
0.6335503, 0.5528572, 0.5, 0.5225, 0.5325, 0.5359616, 0.54, 0.5419643, 0.5440385, 0.54375, 0.5458929, 0.5457143, 0.5475, 0.5478846, 0.5478572, 0.5476786, 0.5476786, 0.55
0.6344091, 0.5533928, 0.5, 0.5225, 0.5325, 0.5365385, 0.54, 0.5425, 0.5446154, 0.5442857, 0.5464286, 0.54625, 0.5475, 0.5484616, 0.5483928, 0.5482143, 0.5482143, 0.55
0.6349817, 0.55375, 0.5, 0.5225, 0.5325, 0.5369231, 0.54, 0.5428572, 0.545, 0.5446429, 0.5467857, 0.5466072, 0.5475, 0.5488461, 0.54875, 0.5485714, 0.5485714, 0.55
0.6355543, 0.5541071, 0.5, 0.5225, 0.5325, 0.5373077, 0.54, 0.5432143, 0.545, 0.545, 0.5471429, 0.5469643, 0.5475, 0.5492308, 0.5491071, 0.5489286, 0.5489286, 0.55
0.6358405, 0.5542857, 0.5, 0.5225, 0.5325, 0.5375, 0.54, 0.5433929, 0.545, 0.5451786, 0.5473214, 0.5471429, 0.5475, 0.549423, 0.5492857, 0.5491071, 0.5491071, 0.55
0.6361268, 0.5544643, 0.5, 0.5225, 0.5325, 0.5376786, 0.54, 0.5435714, 0.545, 0.5453572, 0.5475, 0.5473214, 0.5475, 0.5496154, 0.5494643, 0.5492857, 0.5492857, 0.55
0.6364131, 0.5546429, 0.5, 0.5225, 0.5325, 0.5378572, 0.54, 0.54375, 0.545, 0.5455357, 0.5475, 0.5475, 0.5475, 0.5498077, 0.5496429, 0.5494643, 0.5494643, 0.55
0.6366994, 0.5548214, 0.5, 0.5225, 0.5325, 0.5380358, 0.54, 0.5439286, 0.545, 0.5457143, 0.5475, 0.5476924, 0.5475, 0.55, 0.5498214, 0.5496429, 0.5496429, 0.55
0.6369857, 0.555, 0.5, 0.5226786, 0.5325, 0.5382143, 0.54, 0.5441072, 0.545, 0.5458929, 0.5475, 0.5478846, 0.5476923, 0.55, 0.55, 0.5498214, 0.5498214, 0.55
0.637272, 0.5551923, 0.5, 0.5228571, 0.5325, 0.5383929, 0.54, 0.5442858, 0.545, 0.5460715, 0.5475, 0.548077, 0.5478846, 0.55, 0.5501786, 0.55, 0.55, 0.55
0.6375583, 0.5553846, 0.5, 0.5230357, 0.5325, 0.5385715, 0.5401786, 0.5444643, 0.545, 0.54625, 0.5475, 0.5482693, 0.5480769, 0.55, 0.5503572, 0.5501923, 0.5501786, 0.55
0.6384171, 0.5559615, 0.5, 0.5235714, 0.5330769, 0.5391072, 0.5407143, 0.545, 0.545, 0.5467857, 0.5475, 0.5488462, 0.5486538, 0.55, 0.5508928, 0.5507692, 0.5507143, 0.5505769
0.6389897, 0.5563461, 0.5, 0.5239285, 0.5334616, 0.5394643, 0.5410714, 0.545, 0.545, 0.5471429, 0.5475, 0.5492308, 0.5490385, 0.55, 0.55125, 0.5511538, 0.5510714, 0.5509616
0.6395622, 0.5567307, 0.5, 0.5242857, 0.5338461, 0.5398214, 0.5414286, 0.545, 0.5453572, 0.5475, 0.5475, 0.5496154, 0.549423, 0.55, 0.5516071, 0.5515385, 0.5514286, 0.5513461
0.6398485, 0.556923, 0.5, 0.5244642, 0.5340385, 0.54, 0.5416071, 0.545, 0.5455357, 0.5476786, 0.5475, 0.5498077, 0.5496154, 0.55, 0.5517857, 0.5517308, 0.5516071, 0.5515385
0.6401348, 0.5571154, 0.5, 0.5246428, 0.5342308, 0.54, 0.5417857, 0.545, 0.5457143, 0.5478572, 0.5476786, 0.55, 0.5498077, 0.55, 0.5519643, 0.551923, 0.5517857, 0.5517308
0.6404212, 0.5573077, 0.5, 0.5248214, 0.5344231, 0.54, 0.5419643, 0.545, 0.5458929, 0.5480357, 0.5478572, 0.5501786, 0.55, 0.55, 0.5521429, 0.5521154, 0.5519643, 0.5519231
0.6407074, 0.5575, 0.5, 0.525, 0.5346154, 0.54, 0.5421429, 0.545, 0.5460715, 0.5482143, 0.5480357, 0.5503572, 0.5501786, 0.55, 0.5523214, 0.5523077, 0.5521429, 0.5521154
0.6409937, 0.5576786, 0.5, 0.525, 0.5348077, 0.54, 0.5423214, 0.545, 0.54625, 0.5483929, 0.5482143, 0.5505357, 0.5503572, 0.5501786, 0.5525, 0.5525, 0.5523214, 0.5523077
0.64128, 0.5578572, 0.5, 0.525, 0.535, 0.54, 0.5425, 0.545, 0.5464286, 0.5485715, 0.5483929, 0.5507143, 0.5505357, 0.5503572, 0.5525, 0.5526786, 0.5525, 0.5525
0.6421388, 0.5583928, 0.5, 0.525, 0.535, 0.54, 0.5430357, 0.545, 0.5469643, 0.5491071, 0.5489286, 0.55125, 0.5510714, 0.5508928, 0.5525, 0.5532143, 0.5530357, 0.5530357
0.6427114, 0.55875, 0.5, 0.525, 0.535, 0.54, 0.5433928, 0.5453572, 0.5473214, 0.5494643, 0.5492857, 0.5516071, 0.5514286, 0.55125, 0.5525, 0.5535714, 0.5533928, 0.5533928
0.6429977, 0.5589285, 0.5, 0.525, 0.535, 0.54, 0.5435714, 0.5455357, 0.5475, 0.5496429, 0.5494643, 0.5517857, 0.5516071, 0.5514286, 0.5525, 0.55375, 0.5535714, 0.5535714
0.6435702, 0.5592857, 0.5, 0.525, 0.535, 0.54, 0.5439286, 0.5458928, 0.5478846, 0.55, 0.5498214, 0.5521429, 0.5519643, 0.5517857, 0.5525, 0.5541071, 0.5539286, 0.5539286
0.6438565, 0.5594643, 0.5, 0.525, 0.535, 0.54, 0.5441071, 0.5460714, 0.5480769, 0.55, 0.55, 0.5523214, 0.5521429, 0.5519643, 0.5525, 0.5542857, 0.5541071, 0.5541071
0.6441429, 0.5596429, 0.5, 0.525, 0.535, 0.5401924, 0.5442858, 0.54625, 0.5482693, 0.55, 0.5501786, 0.5525, 0.5523214, 0.5521429, 0.5525, 0.5544643, 0.5542858, 0.5542858
0.6444291, 0.5598214, 0.5, 0.525, 0.535, 0.5403847, 0.5444643, 0.5464286, 0.5484616, 0.55, 0.5503572, 0.5525, 0.5525, 0.5523214, 0.5525, 0.5546429, 0.5544643, 0.5544643
0.6447154, 0.56, 0.5, 0.525, 0.535, 0.540577, 0.5446429, 0.5466072, 0.5486539, 0.55, 0.5505357, 0.5525, 0.5526786, 0.5525, 0.5525, 0.5548214, 0.5546429, 0.5546429
0.6450017, 0.5601786, 0.5, 0.525, 0.535, 0.5407693, 0.5448214, 0.5467857, 0.5488462, 0.55, 0.5507143, 0.5525, 0.5528572, 0.5526923, 0.5526786, 0.555, 0.5548214, 0.5548214
0.645288, 0.5603572, 0.5, 0.525, 0.535, 0.5409616, 0.545, 0.5469643, 0.5490385, 0.55, 0.5508929, 0.5525, 0.5530357, 0.5528846, 0.5528572, 0.555, 0.555, 0.555
0.6461468, 0.5608928, 0.5, 0.525, 0.5355358, 0.5415385, 0.545, 0.5475, 0.5496154, 0.55, 0.5514286, 0.5525, 0.5535714, 0.5534616, 0.5533928, 0.555, 0.5555769, 0.5555357
0.6467194, 0.56125, 0.5, 0.525, 0.5358928, 0.5419231, 0.545, 0.5478572, 0.55, 0.55, 0.5517857, 0.5525, 0.5539286, 0.5538461, 0.55375, 0.555, 0.5559615, 0.5558928
0.647292, 0.5616071, 0.5, 0.525, 0.53625, 0.5423077, 0.545, 0.5482143, 0.55, 0.55, 0.5521429, 0.5525, 0.5542857, 0.5542307, 0.5541071, 0.555, 0.5563461, 0.55625
0.6475782, 0.5617857, 0.5, 0.525, 0.5364286, 0.5425, 0.545, 0.5483928, 0.55, 0.5501786, 0.5523214, 0.5525, 0.5544643, 0.554423, 0.5542857, 0.555, 0.5565385, 0.5564286
0.6478646, 0.5619643, 0.5, 0.525, 0.5366072, 0.5425, 0.545, 0.5485715, 0.55, 0.5503572, 0.5525, 0.5525, 0.5546429, 0.5546154, 0.5544643, 0.555, 0.5567308, 0.5566072
0.6481509, 0.5621428, 0.5, 0.525, 0.5367858, 0.5425, 0.545, 0.54875, 0.55, 0.5505357, 0.5526923, 0.5525, 0.5548214, 0.5548077, 0.5546429, 0.555, 0.5569231, 0.5567858
0.6484371, 0.5623214, 0.5, 0.525, 0.5369643, 0.5425, 0.545, 0.5489286, 0.55, 0.5507143, 0.5528846, 0.5526923, 0.555, 0.555, 0.5548214, 0.555, 0.5571154, 0.5569643
0.6487234, 0.5625, 0.5, 0.5251786, 0.5371429, 0.5425, 0.545, 0.5491072, 0.55, 0.5508929, 0.5530769, 0.5528846, 0.555, 0.5551786, 0.555, 0.555, 0.5573077, 0.5571429
0.6490097, 0.5625, 0.5, 0.5253571, 0.5373214, 0.5425, 0.545, 0.5492857, 0.55, 0.5510715, 0.5532692, 0.5530769, 0.555, 0.5553572, 0.5551786, 0.555, 0.5575, 0.5573214
0.649296, 0.5625, 0.5, 0.5255357, 0.5375, 0.5425, 0.5451786, 0.5494643, 0.55, 0.55125, 0.5534616, 0.5532692, 0.555, 0.5555357, 0.5553572, 0.5551923, 0.5575, 0.5575
0.6501548, 0.5625, 0.5, 0.5260714, 0.5375, 0.5425, 0.5457143, 0.55, 0.55, 0.5517857, 0.5540385, 0.5538461, 0.555, 0.5560714, 0.5558928, 0.5557692, 0.5575, 0.5575
0.6507274, 0.5625, 0.5, 0.5264285, 0.5375, 0.5425, 0.5460714, 0.55, 0.55, 0.5521429, 0.554423, 0.5542307, 0.555, 0.5564286, 0.55625, 0.5561538, 0.5575, 0.5575
0.6513, 0.5625, 0.5, 0.5267857, 0.5375, 0.5425, 0.5464286, 0.55, 0.5503572, 0.5525, 0.5548077, 0.5546154, 0.555, 0.5567857, 0.5566071, 0.5565385, 0.5575, 0.5575
0.6515863, 0.5625, 0.5, 0.5269642, 0.5375, 0.5425, 0.5466072, 0.55, 0.5505357, 0.5526786, 0.555, 0.5548077, 0.555, 0.5569643, 0.5567858, 0.5567308, 0.5575, 0.5575
0.6518726, 0.5625, 0.5, 0.5271428, 0.5375, 0.5426786, 0.5467857, 0.55, 0.5507143, 0.5528572, 0.555, 0.555, 0.555, 0.5571429, 0.5569643, 0.5569231, 0.5575, 0.5575
0.6521589, 0.5625, 0.5, 0.5273214, 0.5375, 0.5428572, 0.5469643, 0.55, 0.5508929, 0.5530357, 0.555, 0.5551786, 0.555, 0.5573214, 0.5571429, 0.5571154, 0.5575, 0.5575
0.6524451, 0.5625, 0.5, 0.5275, 0.5375, 0.5430357, 0.5471429, 0.55, 0.5510715, 0.5532143, 0.555, 0.5553572, 0.5551786, 0.5575, 0.5573214, 0.5573077, 0.5575, 0.5575
0.6527314, 0.5626786, 0.5, 0.5275, 0.5375, 0.5432143, 0.5473214, 0.55, 0.55125, 0.5533929, 0.555, 0.5555357, 0.5553572, 0.5575, 0.5575, 0.5575, 0.5575, 0.5575
0.6530177, 0.5628572, 0.5, 0.5275, 0.5375, 0.5433928, 0.5475, 0.55, 0.5514286, 0.5535715, 0.555, 0.5557142, 0.5555357, 0.5575, 0.5576923, 0.5576786, 0.5575, 0.5575
0.653304, 0.5630357, 0.5, 0.5275, 0.5375, 0.5435714, 0.5476786, 0.55, 0.5516072, 0.55375, 0.555, 0.5558928, 0.5557143, 0.5575, 0.5578846, 0.5578572, 0.5576786, 0.5576786
0.6538765, 0.5633928, 0.5, 0.5275, 0.5378847, 0.5439286, 0.5480357, 0.55, 0.5519643, 0.5541071, 0.555, 0.55625, 0.5560714, 0.5575, 0.5582692, 0.5582143, 0.5580357, 0.5580357
0.6547354, 0.5639285, 0.5, 0.5275, 0.5384616, 0.5444643, 0.5485714, 0.5505357, 0.5525, 0.5546429, 0.555, 0.5567857, 0.5566071, 0.5575, 0.5588461, 0.55875, 0.5585714, 0.5585714
0.655308, 0.5642857, 0.5, 0.5275, 0.5388462, 0.5448214, 0.5489286, 0.5508929, 0.5528846, 0.555, 0.555, 0.5571429, 0.5569643, 0.5575, 0.5592308, 0.5591072, 0.5589286, 0.5589286
0.6555943, 0.5644643, 0.5, 0.5275, 0.5390385, 0.545, 0.5491072, 0.5510715, 0.553077, 0.555, 0.555, 0.5573214, 0.5571429, 0.5575, 0.5594231, 0.5592858, 0.5591072, 0.5591072
0.6558806, 0.5646428, 0.5, 0.5275, 0.5392308, 0.545, 0.5492857, 0.55125, 0.5532693, 0.555, 0.5551786, 0.5575, 0.5573214, 0.5575, 0.5596154, 0.5594643, 0.5592857, 0.5592857
0.6561669, 0.5648214, 0.5, 0.5275, 0.5394231, 0.545, 0.5494643, 0.5514286, 0.5534616, 0.555, 0.5553572, 0.5575, 0.5575, 0.5575, 0.5598077, 0.5596429, 0.5594643, 0.5594643
0.6564531, 0.565, 0.5, 0.5275, 0.5396154, 0.545, 0.5496429, 0.5516072, 0.5536539, 0.555, 0.5555357, 0.5575, 0.5576786, 0.5575, 0.56, 0.5598214, 0.5596429, 0.5596429
0.6567394, 0.5651923, 0.5, 0.5275, 0.5398077, 0.545, 0.5498214, 0.5517858, 0.5538462, 0.555, 0.5557143, 0.5575, 0.5578572, 0.5576786, 0.56, 0.56, 0.5598214, 0.5598214
0.6570257, 0.5653846, 0.5, 0.5275, 0.54, 0.545, 0.55, 0.5519643, 0.5540385, 0.555, 0.5558928, 0.5575, 0.5580357, 0.5578572, 0.56, 0.56, 0.56, 0.56
0.6578845, 0.5659615, 0.5, 0.5275, 0.54, 0.545, 0.55, 0.5525, 0.5546154, 0.555, 0.5564286, 0.5575, 0.5585714, 0.5583928, 0.56, 0.56, 0.5605769, 0.5605357
0.6584571, 0.5663461, 0.5, 0.5275, 0.54, 0.545, 0.55, 0.5525, 0.555, 0.555, 0.5567857, 0.5575, 0.5589285, 0.55875, 0.56, 0.56, 0.5609615, 0.5608928
0.6587434, 0.5665385, 0.5, 0.5275, 0.54, 0.545, 0.55, 0.5525, 0.555, 0.555, 0.5569643, 0.5575, 0.5591072, 0.5589286, 0.56, 0.56, 0.5611539, 0.5610715
0.6590297, 0.5667308, 0.5, 0.5275, 0.54, 0.545, 0.55, 0.5525, 0.555, 0.555, 0.5571429, 0.5575, 0.5592857, 0.5591071, 0.56, 0.56, 0.5613462, 0.56125
0.659316, 0.5669231, 0.5, 0.5275, 0.54, 0.545, 0.55, 0.5525, 0.555, 0.5551786, 0.5573214, 0.5575, 0.5594643, 0.5592857, 0.56, 0.56, 0.5615385, 0.5614286
0.6596023, 0.5671154, 0.5, 0.5275, 0.54, 0.5451786, 0.55, 0.5525, 0.555, 0.5553572, 0.5575, 0.5575, 0.5596429, 0.5594643, 0.56, 0.56, 0.5617308, 0.5616072
0.6598886, 0.5673077, 0.5, 0.5275, 0.54, 0.5453572, 0.55, 0.5525, 0.555, 0.5555357, 0.5575, 0.5575, 0.5598214, 0.5596429, 0.56, 0.56, 0.5619231, 0.5617857
0.6601748, 0.5675, 0.5, 0.5275, 0.54, 0.5455357, 0.55, 0.5525, 0.555, 0.5557143, 0.5575, 0.5576923, 0.56, 0.5598214, 0.56, 0.56, 0.5621154, 0.5619643
0.6604611, 0.5676786, 0.5, 0.5275, 0.54, 0.5457143, 0.55, 0.5525, 0.555, 0.5558928, 0.5575, 0.5578846, 0.56, 0.56, 0.56, 0.56, 0.5623077, 0.5621428
0.6607474, 0.5678571, 0.5, 0.5276923, 0.54, 0.5458929, 0.55, 0.5525, 0.555, 0.5560714, 0.5575, 0.5580769, 0.56, 0.5601923, 0.5601786, 0.56, 0.5625, 0.5623214
0.6610337, 0.5680357, 0.5, 0.5278846, 0.54, 0.5460714, 0.5501786, 0.5525, 0.555, 0.55625, 0.5575, 0.5582692, 0.56, 0.5603846, 0.5603572, 0.5601923, 0.5625, 0.5625
0.6618925, 0.5685714, 0.5, 0.5284615, 0.5405357, 0.5466071, 0.5507143, 0.5525, 0.555, 0.5567857, 0.5575, 0.5588461, 0.56, 0.5609615, 0.5608928, 0.5607692, 0.5625, 0.5625
0.6624652, 0.5689286, 0.5, 0.5288461, 0.5408929, 0.5469643, 0.5510715, 0.5528846, 0.555, 0.5571429, 0.5575, 0.5592308, 0.56, 0.5613462, 0.56125, 0.5611539, 0.5625, 0.5625
0.6627514, 0.5691072, 0.5, 0.5290384, 0.5410715, 0.5471429, 0.55125, 0.553077, 0.5551786, 0.5573214, 0.5575, 0.5594231, 0.56, 0.5615385, 0.5614286, 0.5613462, 0.5625, 0.5625
0.6630377, 0.5692857, 0.5, 0.5292308, 0.5412501, 0.5473214, 0.5514286, 0.5532693, 0.5553572, 0.5575, 0.5575, 0.5596154, 0.56, 0.5617308, 0.5616071, 0.5615385, 0.5625, 0.5625
0.663324, 0.5694643, 0.5, 0.5294231, 0.5414286, 0.5475, 0.5516072, 0.5534616, 0.5555357, 0.5576786, 0.5575, 0.5598077, 0.56, 0.5619231, 0.5617857, 0.5617308, 0.5625, 0.5625
0.6636103, 0.5696428, 0.5, 0.5296153, 0.5416072, 0.5475, 0.5517858, 0.5536539, 0.5557143, 0.5578572, 0.5576786, 0.56, 0.56, 0.5621154, 0.5619643, 0.5619231, 0.5625, 0.5625
0.6638966, 0.5698214, 0.5, 0.5298077, 0.5417857, 0.5475, 0.5519643, 0.5538462, 0.5558928, 0.5580357, 0.5578572, 0.5601786, 0.56, 0.5623077, 0.5621428, 0.5621154, 0.5625, 0.5625
0.6641828, 0.57, 0.5, 0.53, 0.5419643, 0.5475, 0.5521429, 0.5540385, 0.5560714, 0.5582143, 0.5580357, 0.5603572, 0.5601786, 0.5625, 0.5623214, 0.5623077, 0.5625, 0.5625
0.6644691, 0.57, 0.5, 0.53, 0.5421429, 0.5475, 0.5523214, 0.5542308, 0.55625, 0.5583928, 0.5582143, 0.5605357, 0.5603572, 0.5625, 0.5625, 0.5625, 0.5625, 0.5625
0.6647554, 0.57, 0.5, 0.53, 0.5423214, 0.5475, 0.5525, 0.5544231, 0.5564286, 0.5585714, 0.5583929, 0.5607143, 0.5605357, 0.5625, 0.5625, 0.5626786, 0.5625, 0.5625
0.6650417, 0.57, 0.5, 0.53, 0.5425, 0.5475, 0.5525, 0.5546154, 0.5566071, 0.55875, 0.5585714, 0.5608928, 0.5607142, 0.5625, 0.5625, 0.5628572, 0.5626786, 0.5626786
0.6656142, 0.57, 0.5, 0.53, 0.5425, 0.5475, 0.5525, 0.555, 0.5569643, 0.5591071, 0.5589285, 0.56125, 0.5610714, 0.5625, 0.5625, 0.5632142, 0.5630357, 0.5630357
0.6664732, 0.57, 0.5, 0.53, 0.5425, 0.5475, 0.5525, 0.555, 0.5575, 0.5596429, 0.5594643, 0.5617857, 0.5616071, 0.5625, 0.5625, 0.56375, 0.5635715, 0.5635715
0.6667594, 0.57, 0.5, 0.53, 0.5425, 0.5475, 0.5525, 0.555, 0.5575, 0.5598214, 0.5596429, 0.5619643, 0.5617857, 0.5625, 0.5625, 0.5639286, 0.56375, 0.56375
0.6670457, 0.57, 0.5, 0.53, 0.5425, 0.5475, 0.5525, 0.555, 0.5575, 0.56, 0.5598214, 0.5621428, 0.5619643, 0.5625, 0.5625, 0.5641071, 0.5639286, 0.5639286
0.667332, 0.57, 0.5, 0.53, 0.5425, 0.5475, 0.5525, 0.555, 0.5575, 0.56, 0.56, 0.5623214, 0.5621428, 0.5625, 0.5625, 0.5642857, 0.5641072, 0.5641072
0.6676183, 0.57, 0.5, 0.53, 0.5425, 0.5476923, 0.5525, 0.555, 0.5575, 0.56, 0.5601786, 0.5625, 0.5623214, 0.5625, 0.5625, 0.5644643, 0.5642858, 0.5642858
0.6679046, 0.57, 0.5, 0.53, 0.5425, 0.5478846, 0.5525, 0.555, 0.5575, 0.56, 0.5603572, 0.5625, 0.5625, 0.5625, 0.5625, 0.5646428, 0.5644643, 0.5644643
0.6681908, 0.57, 0.5, 0.53, 0.5425, 0.5480769, 0.5525, 0.555, 0.5575, 0.56, 0.5605357, 0.5625, 0.5625, 0.5625, 0.5625, 0.5648214, 0.5646428, 0.5646428
0.6684771, 0.5701923, 0.5, 0.53, 0.5425, 0.5482692, 0.5525, 0.555, 0.5575, 0.56, 0.5607143, 0.5625, 0.5625, 0.5626923, 0.5626786, 0.565, 0.5648214, 0.5648214
0.6687634, 0.5703846, 0.5, 0.53, 0.5425, 0.5484616, 0.5525, 0.555, 0.5575, 0.56, 0.5608929, 0.5625, 0.5625, 0.5628846, 0.5628572, 0.565, 0.565, 0.565
0.6696222, 0.5709615, 0.5, 0.53, 0.5425, 0.5490385, 0.5530769, 0.555, 0.5575, 0.56, 0.5614285, 0.5625, 0.5625, 0.5634615, 0.5633928, 0.565, 0.565, 0.5655357
0.6701949, 0.5713462, 0.5, 0.53, 0.5425, 0.5494231, 0.5534616, 0.5553572, 0.5575, 0.56, 0.5617858, 0.5625, 0.5625, 0.5638462, 0.56375, 0.565, 0.565, 0.5658929
0.6707674, 0.5717308, 0.5, 0.53, 0.5425, 0.5498077, 0.5538462, 0.5557143, 0.5578572, 0.56, 0.5621428, 0.5625, 0.5625, 0.5642308, 0.5641072, 0.565, 0.565, 0.56625
0.6710537, 0.5719231, 0.5, 0.53, 0.5425, 0.55, 0.5540385, 0.5558929, 0.5580357, 0.5601786, 0.5623214, 0.5625, 0.5625, 0.5644231, 0.5642857, 0.565, 0.565, 0.5664286
0.67134, 0.5721154, 0.5, 0.53, 0.5425, 0.55, 0.5542308, 0.5560715, 0.5582143, 0.5603572, 0.5625, 0.5625, 0.5625, 0.5646154, 0.5644643, 0.565, 0.565, 0.5666072
0.6716263, 0.5723077, 0.5, 0.53, 0.5425, 0.55, 0.5544231, 0.55625, 0.5583929, 0.5605357, 0.5625, 0.5625, 0.5625, 0.5648077, 0.5646428, 0.565, 0.565, 0.5667858
0.6719126, 0.5725, 0.5, 0.53, 0.5425, 0.55, 0.5546154, 0.5564286, 0.5585714, 0.5607143, 0.5625, 0.5626923, 0.5625, 0.565, 0.5648214, 0.565, 0.565, 0.5669643
0.6721988, 0.5726786, 0.5, 0.53, 0.5425, 0.55, 0.5548077, 0.5566071, 0.55875, 0.5608929, 0.5625, 0.5628846, 0.5626923, 0.565, 0.565, 0.565, 0.565, 0.5671428
0.6724851, 0.5728571, 0.5, 0.5301785, 0.5425, 0.55, 0.555, 0.5567857, 0.5589285, 0.5610714, 0.5625, 0.5630769, 0.5628846, 0.565, 0.5651786, 0.565, 0.565, 0.5673214
0.6727714, 0.5730357, 0.5, 0.5303571, 0.5425, 0.55, 0.555, 0.5569643, 0.5591071, 0.56125, 0.5625, 0.5632692, 0.5630769, 0.565, 0.5653571, 0.5651923, 0.5651786, 0.5675
0.6736303, 0.5735714, 0.5, 0.5308928, 0.5430357, 0.55, 0.555, 0.5575, 0.5596429, 0.5617858, 0.5625, 0.5638462, 0.5636539, 0.565, 0.5658929, 0.5657693, 0.5657143, 0.5675
0.6742029, 0.5739286, 0.5, 0.53125, 0.5433929, 0.55, 0.555, 0.5578846, 0.56, 0.5621428, 0.5625, 0.5642308, 0.5640385, 0.565, 0.56625, 0.5661539, 0.5660715, 0.5675
0.6747754, 0.5742857, 0.5, 0.5316072, 0.54375, 0.55, 0.555, 0.5582692, 0.56, 0.5625, 0.5625, 0.5646154, 0.5644231, 0.565, 0.5666072, 0.5665385, 0.5664286, 0.5675
0.6750617, 0.5744643, 0.5, 0.5317857, 0.5439286, 0.55, 0.555, 0.5584615, 0.56, 0.5625, 0.5625, 0.5648077, 0.5646154, 0.565, 0.5667857, 0.5667308, 0.5666071, 0.5675
0.675348, 0.5746428, 0.5, 0.5319643, 0.5441072, 0.5501786, 0.555, 0.5586538, 0.56, 0.5625, 0.5626786, 0.565, 0.5648077, 0.565, 0.5669643, 0.5669231, 0.5667857, 0.5675
0.6756343, 0.5748214, 0.5, 0.5321429, 0.5442858, 0.5503572, 0.555, 0.5588461, 0.56, 0.5625, 0.5628572, 0.565, 0.565, 0.565, 0.5671428, 0.5671154, 0.5669643, 0.5675
0.6759205, 0.575, 0.5, 0.5323215, 0.5444643, 0.5505357, 0.555, 0.5590385, 0.56, 0.5625, 0.5630357, 0.565, 0.5651786, 0.565, 0.5673214, 0.5673077, 0.5671428, 0.5675
0.6762068, 0.575, 0.5, 0.5325, 0.5446429, 0.5507143, 0.555, 0.5592307, 0.56, 0.5625, 0.5632143, 0.565, 0.5653571, 0.5651786, 0.5675, 0.5675, 0.5673214, 0.5675
0.6764931, 0.575, 0.5, 0.5325, 0.5448214, 0.5508928, 0.555, 0.559423, 0.56, 0.5625, 0.5633928, 0.565, 0.5655357, 0.5653571, 0.5675, 0.5675, 0.5675, 0.5675
0.6767794, 0.575, 0.5, 0.5325, 0.545, 0.5510714, 0.5551786, 0.5596154, 0.56, 0.5625, 0.5635714, 0.565, 0.5657143, 0.5655357, 0.5675, 0.5675, 0.5676923, 0.5676786
0.677352, 0.575, 0.5, 0.5325, 0.545, 0.5514286, 0.5555357, 0.56, 0.56, 0.5625, 0.5639286, 0.565, 0.5660715, 0.5658929, 0.5675, 0.5675, 0.568077, 0.5680357
0.6782109, 0.575, 0.5, 0.5325, 0.545, 0.5519643, 0.5560715, 0.56, 0.56, 0.5625, 0.5644643, 0.565, 0.5666072, 0.5664286, 0.5675, 0.5675, 0.5686539, 0.5685714
0.6784971, 0.575, 0.5, 0.5325, 0.545, 0.5521429, 0.55625, 0.56, 0.5601923, 0.5625, 0.5646428, 0.565, 0.5667857, 0.5666071, 0.5675, 0.5675, 0.5688462, 0.56875
0.6787834, 0.575, 0.5, 0.5325, 0.545, 0.5523214, 0.5564286, 0.56, 0.5603846, 0.5626786, 0.5648214, 0.565, 0.5669643, 0.5667857, 0.5675, 0.5675, 0.5690385, 0.5689286
0.6790697, 0.575, 0.5, 0.5325, 0.545, 0.5525, 0.5566071, 0.56, 0.5605769, 0.5628572, 0.565, 0.565, 0.5671428, 0.5669643, 0.5675, 0.5675, 0.5692308, 0.5691071
0.679356, 0.575, 0.5, 0.5325, 0.545, 0.5525, 0.5567857, 0.56, 0.5607692, 0.5630357, 0.565, 0.565, 0.5673214, 0.5671428, 0.5675, 0.5675, 0.5694231, 0.5692857
0.6796423, 0.575, 0.5, 0.5325, 0.545, 0.5525, 0.5569643, 0.56, 0.5609615, 0.5632143, 0.565, 0.5651786, 0.5675, 0.5673214, 0.5675, 0.5675, 0.5696154, 0.5694643
0.6799285, 0.5751786, 0.5, 0.5325, 0.545, 0.5525, 0.5571429, 0.56, 0.5611538, 0.5633928, 0.565, 0.5653571, 0.5675, 0.5675, 0.5675, 0.5675, 0.5698077, 0.5696428
0.6802148, 0.5753571, 0.5, 0.5325, 0.545, 0.5525, 0.5573214, 0.56, 0.5613461, 0.5635714, 0.565, 0.5655357, 0.5675, 0.5675, 0.5676786, 0.5675, 0.57, 0.5698214
0.6805011, 0.5755357, 0.5, 0.5325, 0.545, 0.5525, 0.5575, 0.56, 0.5615385, 0.56375, 0.565, 0.5657143, 0.5675, 0.5675, 0.5678571, 0.5676923, 0.57, 0.57
0.68136, 0.5760714, 0.5, 0.5325, 0.5455357, 0.5525, 0.5575, 0.56, 0.5621154, 0.5642857, 0.565, 0.56625, 0.5675, 0.5675, 0.5683929, 0.5682693, 0.57, 0.57
0.6819326, 0.5764286, 0.5, 0.5325, 0.5458929, 0.5525, 0.5575, 0.56, 0.5625, 0.5646428, 0.565, 0.5666072, 0.5675, 0.5675, 0.56875, 0.5686539, 0.57, 0.57
0.6825051, 0.5767857, 0.5, 0.5325, 0.54625, 0.5525, 0.5575, 0.56, 0.5625, 0.565, 0.565, 0.5669643, 0.5675, 0.5675, 0.5691071, 0.5690385, 0.57, 0.57
0.6827914, 0.5769643, 0.5, 0.5325, 0.5464286, 0.5525, 0.5575, 0.56, 0.5625, 0.565, 0.565, 0.5671428, 0.5675, 0.5675, 0.5692857, 0.5692308, 0.57, 0.57
0.683364, 0.5773214, 0.5, 0.5325, 0.5467857, 0.5528572, 0.5575, 0.56, 0.5625, 0.565, 0.5653571, 0.5675, 0.5675, 0.5675, 0.5696428, 0.5696154, 0.57, 0.57
0.6836503, 0.5775, 0.5, 0.5325, 0.5469643, 0.5530357, 0.5575, 0.56, 0.5625, 0.565, 0.5655357, 0.5675, 0.5675, 0.5675, 0.5698214, 0.5698077, 0.57, 0.57
0.6839365, 0.5775, 0.5, 0.5325, 0.5471429, 0.5532143, 0.5575, 0.56, 0.5625, 0.565, 0.5657143, 0.5675, 0.5676923, 0.5676786, 0.57, 0.57, 0.57, 0.57
0.6842228, 0.5775, 0.5, 0.5325, 0.5473214, 0.5533929, 0.5575, 0.56, 0.5625, 0.565, 0.5658929, 0.5675, 0.5678846, 0.5678571, 0.57, 0.57, 0.57, 0.57
0.6845091, 0.5775, 0.5, 0.5325, 0.5475, 0.5535714, 0.5576786, 0.56, 0.5625, 0.565, 0.5660714, 0.5675, 0.5680769, 0.5680357, 0.57, 0.57, 0.5701786, 0.5701786
0.685368, 0.5775, 0.5, 0.5325, 0.5475, 0.5541072, 0.5582143, 0.56, 0.5625, 0.565, 0.5666072, 0.5675, 0.5686539, 0.5685714, 0.57, 0.57, 0.5707143, 0.5707143
0.6859406, 0.5775, 0.5, 0.5325, 0.5475, 0.5544643, 0.5585715, 0.5603846, 0.5625, 0.565, 0.5669643, 0.5675, 0.5690385, 0.5689286, 0.57, 0.57, 0.5710714, 0.5710714
0.6865131, 0.5775, 0.5, 0.5325, 0.5475, 0.5548214, 0.5589286, 0.5607692, 0.5628846, 0.565, 0.5673214, 0.5675, 0.5694231, 0.5692857, 0.57, 0.57, 0.5714286, 0.5714286
0.6867994, 0.5775, 0.5, 0.5325, 0.5475, 0.555, 0.5591072, 0.5609615, 0.5630769, 0.5651923, 0.5675, 0.5675, 0.5696154, 0.5694643, 0.57, 0.57, 0.5716072, 0.5716072
0.6870857, 0.5775, 0.5, 0.5325, 0.5475, 0.555, 0.5592857, 0.5611538, 0.5632692, 0.5653846, 0.5675, 0.5675, 0.5698077, 0.5696428, 0.57, 0.57, 0.5717857, 0.5717857
0.687372, 0.5775, 0.5, 0.5325, 0.5475, 0.555, 0.5594643, 0.5613461, 0.5634615, 0.5655769, 0.5675, 0.5676786, 0.57, 0.5698214, 0.57, 0.57, 0.5719643, 0.5719643
0.6876583, 0.5776786, 0.5, 0.5325, 0.5475, 0.555, 0.5596429, 0.5615385, 0.5636538, 0.5657692, 0.5675, 0.5678571, 0.57, 0.57, 0.57, 0.57, 0.5721428, 0.5721428
0.6879445, 0.5778571, 0.5, 0.5325, 0.5475, 0.555, 0.5598214, 0.5617307, 0.5638461, 0.5659615, 0.5675, 0.5680357, 0.57, 0.57, 0.57, 0.57, 0.5723214, 0.5723214
0.6882308, 0.5780357, 0.5, 0.5326923, 0.5475, 0.555, 0.56, 0.561923, 0.5640385, 0.5661538, 0.5675, 0.5682143, 0.57, 0.57, 0.5701923, 0.5701786, 0.5725, 0.5725
0.6885172, 0.5782143, 0.5, 0.5328847, 0.5475, 0.555, 0.56, 0.5621154, 0.5642308, 0.5663462, 0.5675, 0.5683929, 0.57, 0.57, 0.5703846, 0.5703571, 0.5725, 0.5725
0.6890897, 0.5785714, 0.5, 0.5332693, 0.5475, 0.555, 0.56, 0.5625, 0.5646154, 0.5667308, 0.5675, 0.56875, 0.57, 0.57, 0.5707693, 0.5707143, 0.5725, 0.5725
0.6896623, 0.5789286, 0.5, 0.5336539, 0.5475, 0.555, 0.56, 0.5625, 0.565, 0.5671154, 0.5675, 0.5691072, 0.57, 0.57, 0.5711539, 0.5710714, 0.5725, 0.5725
0.6902348, 0.5792857, 0.5, 0.5340385, 0.5475, 0.555, 0.56, 0.5625, 0.565, 0.5675, 0.5675, 0.5694643, 0.57, 0.57, 0.5715384, 0.5714286, 0.5725, 0.5725
0.6908074, 0.5796428, 0.5, 0.5344231, 0.5475, 0.555, 0.56, 0.5625, 0.565, 0.5675, 0.5675, 0.5698214, 0.57, 0.57, 0.5719231, 0.5717857, 0.5725, 0.5725
0.6910937, 0.5798214, 0.5, 0.5346154, 0.5475, 0.555, 0.56, 0.5625, 0.565, 0.5675, 0.5676923, 0.57, 0.57, 0.57, 0.5721154, 0.5719643, 0.5725, 0.5725
0.69138, 0.58, 0.5, 0.5348077, 0.5475, 0.555, 0.56, 0.5625, 0.565, 0.5675, 0.5678846, 0.57, 0.57, 0.57, 0.5723077, 0.5721428, 0.5725, 0.5725
0.6916662, 0.58, 0.5, 0.535, 0.5475, 0.555, 0.56, 0.5625, 0.565, 0.5675, 0.5680769, 0.57, 0.5701923, 0.5701786, 0.5725, 0.5723214, 0.5725, 0.5725
0.6919525, 0.58, 0.5, 0.535, 0.5475, 0.555, 0.56, 0.5625, 0.565, 0.5675, 0.5682692, 0.57, 0.5703846, 0.5703571, 0.5725, 0.5725, 0.5725, 0.5725
0.6922389, 0.58, 0.5, 0.535, 0.5475, 0.555, 0.56, 0.5625, 0.565, 0.5675, 0.5684615, 0.57, 0.570577, 0.5705357, 0.5725, 0.5725, 0.5726786, 0.5725
0.6930977, 0.58, 0.5, 0.535, 0.5480357, 0.555, 0.56, 0.5625, 0.565, 0.5675, 0.5690385, 0.57, 0.5711539, 0.5710714, 0.5725, 0.5725, 0.5732143, 0.5730769
0.6936703, 0.58, 0.5, 0.535, 0.5483928, 0.555, 0.56, 0.5628846, 0.565, 0.5675, 0.5694231, 0.57, 0.5715384, 0.5714286, 0.5725, 0.5725, 0.5735714, 0.5734615
0.6942428, 0.58, 0.5, 0.535, 0.54875, 0.555, 0.56, 0.5632692, 0.5653571, 0.5675, 0.5698077, 0.57, 0.5719231, 0.5717857, 0.5725, 0.5725, 0.5739285, 0.5738461
0.6945291, 0.58, 0.5, 0.535, 0.5489286, 0.555, 0.56, 0.5634615, 0.5655357, 0.5676923, 0.57, 0.57, 0.5721154, 0.5719643, 0.5725, 0.5725, 0.5741071, 0.5740384
0.6948154, 0.58, 0.5, 0.535, 0.5491071, 0.5551786, 0.56, 0.5636538, 0.5657143, 0.5678846, 0.57, 0.57, 0.5723077, 0.5721428, 0.5725, 0.5725, 0.5742857, 0.5742307
0.6951017, 0.58, 0.5, 0.535, 0.5492857, 0.5553572, 0.56, 0.5638461, 0.5658928, 0.5680769, 0.57, 0.5701786, 0.5725, 0.5723214, 0.5725, 0.5725, 0.5744643, 0.574423
0.695388, 0.5801786, 0.5, 0.535, 0.5494643, 0.5555357, 0.56, 0.5640385, 0.5660714, 0.5682692, 0.57, 0.5703571, 0.5725, 0.5725, 0.5725, 0.5725, 0.5746428, 0.5746154
0.6956742, 0.5803571, 0.5, 0.535, 0.5496429, 0.5557143, 0.56, 0.5642307, 0.56625, 0.5684615, 0.57, 0.5705357, 0.5725, 0.5725, 0.5725, 0.5725, 0.5748214, 0.5748076
0.6959606, 0.5805357, 0.5, 0.535, 0.5498214, 0.5558929, 0.56, 0.5644231, 0.5664286, 0.5686539, 0.57, 0.5707143, 0.5725, 0.5725, 0.5726923, 0.5726786, 0.575, 0.575
0.6962469, 0.5807143, 0.5, 0.535, 0.55, 0.5560715, 0.5601786, 0.5646154, 0.5666072, 0.5688462, 0.57, 0.5708929, 0.5725, 0.5725, 0.5728846, 0.5728571, 0.575, 0.575
0.6968194, 0.5810714, 0.5, 0.535, 0.55, 0.5564286, 0.5605357, 0.565, 0.5669643, 0.5692308, 0.57, 0.57125, 0.5725, 0.5725, 0.5732692, 0.5732143, 0.575, 0.575
0.6976783, 0.5816072, 0.5, 0.535, 0.55, 0.5569643, 0.5610714, 0.565, 0.5675, 0.5698077, 0.57, 0.5717857, 0.5725, 0.5725, 0.5738462, 0.57375, 0.575, 0.575
0.6979645, 0.5817857, 0.5, 0.535, 0.55, 0.5571429, 0.56125, 0.565, 0.5675, 0.57, 0.57, 0.5719643, 0.5725, 0.5725, 0.5740384, 0.5739285, 0.575, 0.575
0.6985371, 0.5821428, 0.5, 0.535, 0.55, 0.5575, 0.5616071, 0.565, 0.5675, 0.57, 0.57, 0.5723214, 0.5725, 0.5725, 0.5744231, 0.5742857, 0.575, 0.575
0.6988234, 0.5823214, 0.5, 0.535, 0.55, 0.5575, 0.5617857, 0.565, 0.5675, 0.57, 0.5701923, 0.5725, 0.5725, 0.5725, 0.5746154, 0.5744643, 0.575, 0.575
0.6991097, 0.5825, 0.5, 0.535, 0.55, 0.5575, 0.5619643, 0.565, 0.5675, 0.57, 0.5703846, 0.5725, 0.5725, 0.5725, 0.5748077, 0.5746428, 0.575, 0.575
0.699396, 0.5825, 0.5, 0.535, 0.55, 0.5575, 0.5621428, 0.565, 0.5675, 0.57, 0.5705769, 0.5725, 0.5725, 0.5725, 0.575, 0.5748214, 0.575, 0.575
0.6996823, 0.5825, 0.5, 0.535, 0.55, 0.5575, 0.5623214, 0.565, 0.5675, 0.57, 0.5707693, 0.5725, 0.5725, 0.5726923, 0.575, 0.575, 0.575, 0.575
0.6999686, 0.5825, 0.5, 0.535, 0.55, 0.5575, 0.5625, 0.565, 0.5675, 0.57, 0.5709615, 0.5725, 0.5725, 0.5728846, 0.575, 0.575, 0.5751786, 0.575
0.7002549, 0.5825, 0.5, 0.535, 0.55, 0.5575, 0.5625, 0.565, 0.5675, 0.57, 0.5711539, 0.5725, 0.5725, 0.573077, 0.575, 0.575, 0.5753571, 0.5751923
0.7008274, 0.5825, 0.5, 0.535, 0.55, 0.5575, 0.5625, 0.565, 0.5675, 0.57, 0.5715384, 0.5725, 0.5725, 0.5734615, 0.575, 0.575, 0.5757143, 0.5755769
0.7014, 0.5825, 0.5, 0.535, 0.55, 0.5575, 0.5625, 0.5653846, 0.5675, 0.57, 0.5719231, 0.5725, 0.5725, 0.5738462, 0.575, 0.575, 0.5760714, 0.5759615
0.7019725, 0.5825, 0.5, 0.535, 0.55, 0.5575, 0.5625, 0.5657692, 0.5678571, 0.57, 0.5723077, 0.5725, 0.5725, 0.5742308, 0.575, 0.575, 0.5764285, 0.5763461
0.7022588, 0.5825, 0.5, 0.535, 0.55, 0.5575, 0.5625, 0.5659615, 0.5680357, 0.57, 0.5725, 0.5725, 0.5725, 0.5744231, 0.575, 0.575, 0.5766071, 0.5765384
0.7025451, 0.5825, 0.5, 0.535, 0.55, 0.5575, 0.5625, 0.5661538, 0.5682142, 0.57, 0.5725, 0.5725, 0.5725, 0.5746154, 0.575, 0.575, 0.5767857, 0.5767307
0.7028314, 0.5825, 0.5, 0.535, 0.55, 0.5575, 0.5625, 0.5663461, 0.5683928, 0.57, 0.5725, 0.5725, 0.5725, 0.5748077, 0.575, 0.575, 0.5769643, 0.576923
0.7031177, 0.5826786, 0.5, 0.535, 0.55, 0.5575, 0.5625, 0.5665385, 0.5685714, 0.57, 0.5725, 0.5725, 0.5726786, 0.575, 0.575, 0.575, 0.5771428, 0.5771154
0.703404, 0.5828571, 0.5, 0.535, 0.55, 0.5575, 0.5625, 0.5667308, 0.56875, 0.57, 0.5725, 0.5725, 0.5728571, 0.575, 0.575, 0.575, 0.5773214, 0.5773077
0.7036903, 0.5830357, 0.5, 0.535, 0.55, 0.5575, 0.5625, 0.5669231, 0.5689286, 0.57, 0.5725, 0.5725, 0.5730357, 0.575, 0.575, 0.5751786, 0.5775, 0.5775
0.7039766, 0.5832143, 0.5, 0.5351923, 0.55, 0.5575, 0.5625, 0.5671154, 0.5691072, 0.57, 0.5725, 0.5725, 0.5732143, 0.575, 0.575, 0.5753571, 0.5775, 0.5775
0.7045491, 0.5835714, 0.5, 0.5355769, 0.55, 0.5575, 0.5625, 0.5675, 0.5694643, 0.57, 0.5725, 0.5725, 0.5735714, 0.575, 0.575, 0.5757143, 0.5775, 0.5775
0.705408, 0.5841072, 0.5, 0.5361539, 0.55, 0.5575, 0.5625, 0.5675, 0.57, 0.57, 0.5725, 0.5725, 0.5741072, 0.575, 0.575, 0.57625, 0.5775, 0.5775
0.7059805, 0.5844643, 0.5, 0.5365385, 0.55, 0.5575, 0.5625, 0.5675, 0.57, 0.57, 0.5725, 0.5725, 0.5744643, 0.575, 0.575, 0.5766071, 0.5775, 0.5775
0.7062668, 0.5846428, 0.5, 0.5367308, 0.55, 0.5575, 0.5625, 0.5675, 0.57, 0.5701923, 0.5725, 0.5725, 0.5746428, 0.575, 0.575, 0.5767857, 0.5775, 0.5775
0.7065531, 0.5848214, 0.5, 0.5369231, 0.55, 0.5576786, 0.5625, 0.5675, 0.57, 0.5703846, 0.5725, 0.5725, 0.5748214, 0.575, 0.575, 0.5769643, 0.5775, 0.5775
0.7068394, 0.585, 0.5, 0.5371154, 0.55, 0.5578572, 0.5625, 0.5675, 0.57, 0.5705769, 0.5725, 0.5726786, 0.575, 0.575, 0.575, 0.5771428, 0.5775, 0.5775
0.7071257, 0.585, 0.5, 0.5373077, 0.55, 0.5580357, 0.5625, 0.5675, 0.57, 0.5707693, 0.5725, 0.5728571, 0.575, 0.575, 0.575, 0.5773214, 0.5775, 0.5775
0.707412, 0.585, 0.5, 0.5375, 0.55, 0.5582143, 0.5625, 0.5675, 0.57, 0.5709615, 0.5725, 0.5730357, 0.575, 0.5751923, 0.5751786, 0.5775, 0.5775, 0.5775
0.7076983, 0.585, 0.5, 0.5375, 0.55, 0.5583929, 0.5625, 0.5675, 0.57, 0.5711539, 0.5725, 0.5732143, 0.575, 0.5753846, 0.5753571, 0.5775, 0.5775, 0.5775
0.7079846, 0.585, 0.5, 0.5375, 0.55, 0.5585715, 0.5626923, 0.5675, 0.57, 0.5713462, 0.5725, 0.5733929, 0.575, 0.5755769, 0.5755357, 0.5775, 0.5775, 0.5776923
0.7085571, 0.585, 0.5, 0.5375, 0.5503846, 0.5589286, 0.5630769, 0.5675, 0.57, 0.5717308, 0.5725, 0.57375, 0.575, 0.5759615, 0.5758929, 0.5775, 0.5775, 0.5780769
0.7091297, 0.585, 0.5, 0.5375, 0.5507692, 0.5592857, 0.5634615, 0.5675, 0.57, 0.5721154, 0.5725, 0.5741072, 0.575, 0.5763461, 0.57625, 0.5775, 0.5775, 0.5784615
0.7097023, 0.585, 0.5, 0.5375, 0.5511538, 0.5596429, 0.5638461, 0.5675, 0.57, 0.5725, 0.5725, 0.5744643, 0.575, 0.5767307, 0.5766071, 0.5775, 0.5775, 0.5788461
0.7099885, 0.585, 0.5, 0.5375, 0.5513461, 0.5598214, 0.5640385, 0.5675, 0.57, 0.5725, 0.5725, 0.5746428, 0.575, 0.576923, 0.5767857, 0.5775, 0.5775, 0.5790384
0.7102748, 0.585, 0.5, 0.5375, 0.5515385, 0.56, 0.5642307, 0.5675, 0.57, 0.5725, 0.5726786, 0.5748214, 0.575, 0.5771154, 0.5769643, 0.5775, 0.5775, 0.5792307
0.7105611, 0.585, 0.5, 0.5375, 0.5517308, 0.56, 0.564423, 0.5675, 0.57, 0.5725, 0.5728571, 0.575, 0.575, 0.5773076, 0.5771428, 0.5775, 0.5775, 0.579423
0.7108474, 0.5851786, 0.5, 0.5375, 0.5519231, 0.56, 0.5646154, 0.5675, 0.57, 0.5725, 0.5730357, 0.575, 0.5751786, 0.5775, 0.5773214, 0.5775, 0.5775, 0.5796154
0.7111337, 0.5853571, 0.5, 0.5375, 0.5521154, 0.56, 0.5648077, 0.5675, 0.57, 0.5725, 0.5732143, 0.575, 0.5753571, 0.5775, 0.5775, 0.5775, 0.5775, 0.5798077
0.71142, 0.5855357, 0.5, 0.5375, 0.5523077, 0.56, 0.565, 0.5675, 0.57, 0.5725, 0.5733929, 0.575, 0.5755357, 0.5775, 0.5775, 0.5775, 0.5775, 0.58
0.7117063, 0.5857143, 0.5, 0.5375, 0.5525, 0.56, 0.565, 0.5675, 0.57, 0.5725, 0.5735714, 0.575, 0.5757143, 0.5775, 0.5775, 0.5775, 0.5776923, 0.58
0.7125651, 0.58625, 0.5, 0.5375, 0.5525, 0.56, 0.565, 0.5675, 0.57, 0.5725, 0.5741072, 0.575, 0.57625, 0.5775, 0.5775, 0.5775, 0.5782692, 0.58
0.7131377, 0.5866071, 0.5, 0.5375, 0.5525, 0.56, 0.565, 0.5678846, 0.57, 0.5725, 0.5744643, 0.575, 0.5766071, 0.5775, 0.5775, 0.5775, 0.5786538, 0.58
0.7137102, 0.5869642, 0.5, 0.5375, 0.5525, 0.56, 0.565, 0.5682692, 0.5703846, 0.5725, 0.5748214, 0.575, 0.5769643, 0.5775, 0.5775, 0.5775, 0.5790384, 0.58
0.7139965, 0.5871428, 0.5, 0.5375, 0.5525, 0.56, 0.565, 0.5684615, 0.5705769, 0.5725, 0.575, 0.575, 0.5771428, 0.5775, 0.5775, 0.5775, 0.5792307, 0.58
0.7142828, 0.5873214, 0.5, 0.5375, 0.5525, 0.56, 0.565, 0.5686538, 0.5707692, 0.5725, 0.575, 0.575, 0.5773214, 0.5775, 0.5775, 0.5775, 0.579423, 0.58
0.7145692, 0.5875, 0.5, 0.5375, 0.5525, 0.56, 0.565, 0.5688462, 0.5709615, 0.5725, 0.575, 0.575, 0.5775, 0.5775, 0.5775, 0.5775, 0.5796154, 0.58
0.7148554, 0.5875, 0.5, 0.5375, 0.5525, 0.56, 0.565, 0.5690385, 0.5711539, 0.5725, 0.575, 0.575, 0.5775, 0.5775, 0.5775, 0.5775, 0.5798077, 0.58
0.7151417, 0.5875, 0.5, 0.5375, 0.5525, 0.56, 0.565, 0.5692308, 0.5713462, 0.5725, 0.575, 0.575, 0.5775, 0.5775, 0.5776786, 0.5775, 0.58, 0.58
0.715428, 0.5875, 0.5, 0.5375, 0.5525, 0.56, 0.565, 0.5694231, 0.5715384, 0.5725, 0.575, 0.575, 0.5775, 0.5775, 0.5778571, 0.5776923, 0.58, 0.58
0.7157143, 0.5875, 0.5, 0.5375, 0.5525, 0.56, 0.565, 0.5696154, 0.5717308, 0.5725, 0.575, 0.575, 0.5775, 0.5775, 0.5780357, 0.5778846, 0.58, 0.58
0.7162868, 0.5875, 0.5, 0.5375, 0.5525, 0.56, 0.565, 0.57, 0.5721154, 0.5725, 0.575, 0.575, 0.5775, 0.5775, 0.5783928, 0.5782692, 0.58, 0.58
0.7168594, 0.5875, 0.5, 0.5375, 0.5525, 0.56, 0.565, 0.57, 0.5725, 0.5725, 0.575, 0.575, 0.5775, 0.5775, 0.57875, 0.5786538, 0.58, 0.58
0.717432, 0.5875, 0.5, 0.5375, 0.5525, 0.56, 0.565, 0.57, 0.5725, 0.5725, 0.575, 0.575, 0.5775, 0.5775, 0.5791071, 0.5790384, 0.58, 0.58
0.7177182, 0.5875, 0.5, 0.5375, 0.5525, 0.56, 0.565, 0.57, 0.5725, 0.5726786, 0.575, 0.575, 0.5775, 0.5775, 0.5792857, 0.5792307, 0.58, 0.58
0.7180045, 0.5875, 0.5, 0.5375, 0.5525, 0.56, 0.565, 0.57, 0.5725, 0.5728571, 0.575, 0.575, 0.5775, 0.5775, 0.5794643, 0.579423, 0.58, 0.58
0.7182909, 0.5875, 0.5, 0.5375, 0.5525, 0.56, 0.565, 0.57, 0.5725, 0.5730357, 0.575, 0.575, 0.5775, 0.5775, 0.5796428, 0.5796154, 0.58, 0.58
0.7185771, 0.5875, 0.5, 0.5375, 0.5525, 0.56, 0.565, 0.57, 0.5725, 0.5732143, 0.575, 0.5751923, 0.5775, 0.5775, 0.5798214, 0.5798077, 0.58, 0.58
0.7188634, 0.5875, 0.5, 0.5375, 0.5525, 0.56, 0.565, 0.57, 0.5725, 0.5733929, 0.575, 0.5753846, 0.5775, 0.5776786, 0.58, 0.58, 0.58, 0.58
0.7191497, 0.5875, 0.5, 0.5375, 0.5525, 0.56, 0.565, 0.57, 0.5725, 0.5735714, 0.575, 0.5755769, 0.5775, 0.5778571, 0.58, 0.58, 0.58, 0.58
0.7197223, 0.5875, 0.5, 0.5375, 0.5525, 0.56, 0.5653571, 0.57, 0.5725, 0.5739286, 0.575, 0.5759615, 0.5775, 0.5782143, 0.58, 0.58, 0.58, 0.5803571
0.7202948, 0.5875, 0.5, 0.5375, 0.5525, 0.56, 0.5657143, 0.57, 0.5725, 0.5742857, 0.575, 0.5763461, 0.5775, 0.5785714, 0.58, 0.58, 0.58, 0.5807143
0.7208674, 0.5875, 0.5, 0.5375, 0.5525, 0.56, 0.5660714, 0.57, 0.5725, 0.5746428, 0.575, 0.5767307, 0.5775, 0.5789285, 0.58, 0.58, 0.58, 0.5810714
0.72144, 0.5875, 0.5, 0.5375, 0.5525, 0.56, 0.5664285, 0.57, 0.5725, 0.575, 0.575, 0.5771154, 0.5775, 0.5792857, 0.58, 0.58, 0.58, 0.5814285
0.7217262, 0.5875, 0.5, 0.5375, 0.5525, 0.56, 0.5666071, 0.57, 0.5725, 0.575, 0.575, 0.5773076, 0.5775, 0.5794643, 0.58, 0.58, 0.58, 0.5816071
0.7220126, 0.5875, 0.5, 0.5375, 0.5525, 0.5601786, 0.5667857, 0.57, 0.5725, 0.575, 0.5751923, 0.5775, 0.5775, 0.5796428, 0.58, 0.58, 0.58, 0.5817857
0.7222989, 0.5875, 0.5, 0.5375, 0.5525, 0.5603572, 0.5669643, 0.57, 0.5725, 0.575, 0.5753846, 0.5775, 0.5775, 0.5798214, 0.58, 0.58, 0.58, 0.5819643
0.7225851, 0.5876923, 0.5, 0.5375, 0.5525, 0.5605357, 0.5671428, 0.57, 0.5725, 0.575, 0.575577, 0.5775, 0.5776923, 0.58, 0.58, 0.58, 0.58, 0.5821428
0.7228714, 0.5878846, 0.5, 0.5375, 0.5525, 0.5607143, 0.5673214, 0.57, 0.5725, 0.575, 0.5757692, 0.5775, 0.5778846, 0.58, 0.58, 0.58, 0.58, 0.5823214
0.7231577, 0.5880769, 0.5, 0.5375, 0.5525, 0.5608929, 0.5675, 0.57, 0.5725, 0.575, 0.5759615, 0.5775, 0.5780769, 0.58, 0.58, 0.58, 0.5801786, 0.5825
0.723444, 0.5882692, 0.5, 0.5375, 0.5525, 0.5610715, 0.5675, 0.57, 0.5725, 0.575, 0.5761539, 0.5775, 0.5782692, 0.58, 0.58, 0.58, 0.5803571, 0.5825
0.7240165, 0.5886538, 0.5, 0.5375, 0.5528572, 0.5614285, 0.5675, 0.57, 0.5725, 0.575, 0.5765384, 0.5775, 0.5786538, 0.58, 0.58, 0.58, 0.5807143, 0.5825
0.7245891, 0.5890384, 0.5, 0.5375, 0.5532143, 0.5617857, 0.5675, 0.57, 0.5725, 0.575, 0.5769231, 0.5775, 0.5790384, 0.58, 0.58, 0.58, 0.5810714, 0.5825
0.7251617, 0.589423, 0.5, 0.5375, 0.5535714, 0.5621428, 0.5675, 0.57, 0.5725, 0.575, 0.5773077, 0.5775, 0.579423, 0.58, 0.58, 0.58, 0.5814285, 0.5825
0.725448, 0.5896153, 0.5, 0.5375, 0.55375, 0.5623214, 0.5675, 0.57, 0.5725, 0.575, 0.5775, 0.5775, 0.5796154, 0.58, 0.58, 0.58, 0.5816071, 0.5825
0.7257343, 0.5898077, 0.5, 0.5375, 0.5539286, 0.5625, 0.5675, 0.57, 0.5725, 0.575, 0.5775, 0.5775, 0.5798077, 0.58, 0.58, 0.58, 0.5817857, 0.5825
0.7260206, 0.59, 0.5, 0.5375, 0.5541072, 0.5625, 0.5675, 0.57, 0.5725, 0.575, 0.5775, 0.5775, 0.58, 0.58, 0.58, 0.58, 0.5819643, 0.5825
0.7263069, 0.59, 0.5, 0.5375, 0.5542857, 0.5625, 0.5675, 0.57, 0.5725, 0.575, 0.5775, 0.5775, 0.58, 0.58, 0.58, 0.58, 0.5821428, 0.5825
0.7265931, 0.59, 0.5, 0.5375, 0.5544643, 0.5625, 0.5675, 0.57, 0.5725, 0.575, 0.5775, 0.5775, 0.58, 0.58, 0.58, 0.58, 0.5823214, 0.5825
0.7268794, 0.59, 0.5, 0.5375, 0.5546429, 0.5625, 0.5675, 0.57, 0.5725, 0.575, 0.5775, 0.5775, 0.58, 0.58, 0.58, 0.5801786, 0.5825, 0.5825
0.7271657, 0.59, 0.5, 0.5375, 0.5548214, 0.5625, 0.5675, 0.57, 0.5725, 0.575, 0.5775, 0.5775, 0.58, 0.58, 0.58, 0.5803571, 0.5825, 0.5825
0.727452, 0.59, 0.5, 0.5376923, 0.555, 0.5625, 0.5675, 0.57, 0.5725, 0.575, 0.5775, 0.5775, 0.58, 0.58, 0.58, 0.5805357, 0.5825, 0.5825
0.7280245, 0.59, 0.5, 0.5380769, 0.555, 0.5625, 0.5675, 0.57, 0.5725, 0.575, 0.5775, 0.5775, 0.58, 0.58, 0.58, 0.5808929, 0.5825, 0.5825
0.7285971, 0.59, 0.5, 0.5384616, 0.555, 0.5625, 0.5675, 0.5703846, 0.5725, 0.575, 0.5775, 0.5775, 0.58, 0.58, 0.58, 0.58125, 0.5825, 0.5825
0.7291697, 0.59, 0.5, 0.5388461, 0.555, 0.5625, 0.5675, 0.5707692, 0.5728846, 0.575, 0.5775, 0.5775, 0.58, 0.58, 0.58, 0.5816071, 0.5825, 0.5825
0.729456, 0.59, 0.5, 0.5390385, 0.555, 0.5625, 0.5675, 0.5709615, 0.573077, 0.575, 0.5775, 0.5775, 0.58, 0.58, 0.58, 0.5817857, 0.5825, 0.5825
0.7297423, 0.59, 0.5, 0.5392308, 0.555, 0.5625, 0.5675, 0.5711539, 0.5732692, 0.575, 0.5775, 0.5775, 0.58, 0.58, 0.58, 0.5819643, 0.5825, 0.5825
0.7300286, 0.59, 0.5, 0.5394231, 0.555, 0.5625, 0.5675, 0.5713462, 0.5734615, 0.575, 0.5775, 0.5776923, 0.58, 0.58, 0.58, 0.5821428, 0.5825, 0.5825
0.7303149, 0.59, 0.5, 0.5396154, 0.555, 0.5625, 0.5675, 0.5715384, 0.5736539, 0.575, 0.5775, 0.5778846, 0.58, 0.58, 0.58, 0.5823214, 0.5825, 0.5825
0.7306011, 0.59, 0.5, 0.5398077, 0.555, 0.5625, 0.5675, 0.5717308, 0.5738462, 0.575, 0.5775, 0.5780769, 0.58, 0.58, 0.5801786, 0.5825, 0.5825, 0.5825
0.7308874, 0.59, 0.5, 0.54, 0.555, 0.5625, 0.5675, 0.5719231, 0.5740384, 0.575, 0.5775, 0.5782692, 0.58, 0.58, 0.5803571, 0.5825, 0.5825, 0.5825
0.7311737, 0.59, 0.5, 0.54, 0.555, 0.5625, 0.5675, 0.5721154, 0.5742308, 0.575, 0.5775, 0.5784615, 0.58, 0.58, 0.5805357, 0.5825, 0.5825, 0.5825
0.7317463, 0.59, 0.5, 0.54, 0.555, 0.5625, 0.5675, 0.5725, 0.5746154, 0.575, 0.5775, 0.5788461, 0.58, 0.58, 0.5808928, 0.5825, 0.5825, 0.5825
0.7323188, 0.59, 0.5, 0.54, 0.555, 0.5625, 0.5675, 0.5725, 0.575, 0.575, 0.5775, 0.5792307, 0.58, 0.58, 0.58125, 0.5825, 0.5825, 0.5825
0.7328914, 0.59, 0.5, 0.54, 0.555, 0.5625, 0.5675, 0.5725, 0.575, 0.575, 0.5775, 0.5796154, 0.58, 0.58, 0.5816071, 0.5825, 0.5825, 0.5825
0.7331777, 0.59, 0.5, 0.54, 0.555, 0.5625, 0.5675, 0.5725, 0.575, 0.5751786, 0.5775, 0.5798077, 0.58, 0.58, 0.5817857, 0.5825, 0.5825, 0.5825
0.733464, 0.59, 0.5, 0.54, 0.555, 0.5625, 0.5675, 0.5725, 0.575, 0.5753571, 0.5775, 0.58, 0.58, 0.58, 0.5819643, 0.5825, 0.5825, 0.5825
0.7337503, 0.59, 0.5, 0.54, 0.555, 0.5625, 0.5675, 0.5725, 0.575, 0.5755357, 0.5775, 0.58, 0.58, 0.58, 0.5821428, 0.5825, 0.5825, 0.5825
0.7340366, 0.5901923, 0.5, 0.54, 0.555, 0.5625, 0.5675, 0.5725, 0.575, 0.5757143, 0.5775, 0.58, 0.58, 0.58, 0.5823214, 0.5825, 0.5825, 0.5825
0.7343228, 0.5903846, 0.5, 0.54, 0.555, 0.5625, 0.5675, 0.5725, 0.575, 0.5758929, 0.5775, 0.58, 0.58, 0.5801786, 0.5825, 0.5825, 0.5825, 0.5825
0.7346091, 0.5905769, 0.5, 0.54, 0.555, 0.5625, 0.5675, 0.5725, 0.575, 0.5760714, 0.5775, 0.58, 0.58, 0.5803571, 0.5825, 0.5825, 0.5825, 0.5825
0.7348954, 0.5907692, 0.5, 0.54, 0.555, 0.5625, 0.5675, 0.5725, 0.575, 0.57625, 0.5775, 0.58, 0.58, 0.5805357, 0.5825, 0.5825, 0.5825, 0.5826786
0.7351817, 0.5909615, 0.5, 0.54, 0.555, 0.5625, 0.5675, 0.5725, 0.575, 0.5764285, 0.5775, 0.58, 0.58, 0.5807142, 0.5825, 0.5825, 0.5825, 0.5828571
0.7357543, 0.5913461, 0.5, 0.54, 0.555, 0.5625, 0.5675, 0.5725, 0.575, 0.5767857, 0.5775, 0.58, 0.58, 0.5810714, 0.5825, 0.5825, 0.5825, 0.5832142
0.7363268, 0.5917307, 0.5, 0.54, 0.555, 0.5625, 0.5675, 0.5725, 0.575, 0.5771428, 0.5775, 0.58, 0.58, 0.5814285, 0.5825, 0.5825, 0.5825, 0.5835714
0.7368994, 0.5921153, 0.5, 0.54, 0.555, 0.5625, 0.5675, 0.5725, 0.575, 0.5775, 0.5775, 0.58, 0.58, 0.5817857, 0.5825, 0.5825, 0.5825, 0.5839286
0.7371857, 0.5923077, 0.5, 0.54, 0.555, 0.5625, 0.5675, 0.5725, 0.575, 0.5775, 0.5775, 0.58, 0.58, 0.5819643, 0.5825, 0.5825, 0.5825, 0.5841072
0.737472, 0.5925, 0.5, 0.54, 0.555, 0.5625, 0.5675, 0.5725, 0.575, 0.5775, 0.5776923, 0.58, 0.58, 0.5821428, 0.5825, 0.5825, 0.5825, 0.5842857
0.7377583, 0.5925, 0.5, 0.54, 0.555, 0.5625, 0.5675, 0.5725, 0.575, 0.5775, 0.5778846, 0.58, 0.58, 0.5823214, 0.5825, 0.5825, 0.5825, 0.5844643
0.7380446, 0.5925, 0.5, 0.54, 0.555, 0.5625, 0.5675, 0.5725, 0.575, 0.5775, 0.5780769, 0.58, 0.58, 0.5825, 0.5825, 0.5825, 0.5825, 0.5846428
0.7383308, 0.5925, 0.5, 0.54, 0.555, 0.5625, 0.5675, 0.5725, 0.575, 0.5775, 0.5782692, 0.58, 0.58, 0.5825, 0.5825, 0.5825, 0.5825, 0.5848214
0.7386171, 0.5925, 0.5, 0.54, 0.555, 0.5625, 0.5675, 0.5725, 0.575, 0.5775, 0.5784615, 0.58, 0.58, 0.5825, 0.5825, 0.5825, 0.5826786, 0.585
0.7389034, 0.5925, 0.5, 0.54, 0.555, 0.5625, 0.5676923, 0.5725, 0.575, 0.5775, 0.5786538, 0.58, 0.58, 0.5825, 0.5825, 0.5825, 0.5828571, 0.585
0.739476, 0.5925, 0.5, 0.54, 0.555, 0.5625, 0.5680769, 0.5725, 0.575, 0.5775, 0.5790384, 0.58, 0.58, 0.5825, 0.5825, 0.5825, 0.5832142, 0.585
0.7400485, 0.5925, 0.5, 0.54, 0.555, 0.5625, 0.5684615, 0.5725, 0.575, 0.5775, 0.579423, 0.58, 0.58, 0.5825, 0.5825, 0.5825, 0.5835714, 0.585
0.7406211, 0.5925, 0.5, 0.54, 0.555, 0.5625, 0.5688462, 0.5725, 0.575, 0.5775, 0.5798077, 0.58, 0.58, 0.5825, 0.5825, 0.5825, 0.5839286, 0.585
0.7409074, 0.5925, 0.5, 0.54, 0.555, 0.5625, 0.5690385, 0.5725, 0.575, 0.5775, 0.58, 0.58, 0.58, 0.5825, 0.5825, 0.5825, 0.5841072, 0.585
0.7411937, 0.5925, 0.5, 0.54, 0.555, 0.5625, 0.5692308, 0.5725, 0.575, 0.5775, 0.58, 0.58, 0.58, 0.5825, 0.5825, 0.5825, 0.5842857, 0.585
0.74148, 0.5925, 0.5, 0.54, 0.555, 0.5626923, 0.5694231, 0.5725, 0.575, 0.5775, 0.58, 0.58, 0.58, 0.5825, 0.5825, 0.5825, 0.5844643, 0.585
0.7417663, 0.5925, 0.5, 0.54, 0.555, 0.5628846, 0.5696154, 0.5725, 0.575, 0.5775, 0.58, 0.58, 0.5801786, 0.5825, 0.5825, 0.5825, 0.5846428, 0.585
0.7420526, 0.5925, 0.5, 0.54, 0.555, 0.5630769, 0.5698077, 0.5725, 0.575, 0.5775, 0.58, 0.58, 0.5803571, 0.5825, 0.5825, 0.5825, 0.5848214, 0.585
0.7423388, 0.5925, 0.5, 0.54, 0.555, 0.5632692, 0.57, 0.5725, 0.575, 0.5775, 0.58, 0.58, 0.5805357, 0.5825, 0.5825, 0.5826786, 0.585, 0.585
0.7426251, 0.5925, 0.5, 0.54, 0.555, 0.5634615, 0.57, 0.5725, 0.575, 0.5775, 0.58, 0.58, 0.5807143, 0.5825, 0.5825, 0.5828571, 0.585, 0.585
0.7429114, 0.5925, 0.5, 0.54, 0.555, 0.5636538, 0.57, 0.5725, 0.575, 0.5775, 0.58, 0.58, 0.5808928, 0.5825, 0.5825, 0.5830357, 0.585, 0.585
0.7431977, 0.5925, 0.5, 0.54, 0.555, 0.5638461, 0.57, 0.5725, 0.575, 0.5775, 0.58, 0.58, 0.5810714, 0.5825, 0.5825, 0.5832142, 0.585, 0.585
0.7440565, 0.5925, 0.5, 0.54, 0.555, 0.564423, 0.57, 0.5725, 0.575, 0.5775, 0.58, 0.58, 0.5816071, 0.5825, 0.5825, 0.5837499, 0.585, 0.585
0.7443429, 0.5925, 0.5, 0.54, 0.555, 0.5646154, 0.57, 0.5725, 0.575, 0.5775, 0.58, 0.58, 0.5817857, 0.5825, 0.5825, 0.5839286, 0.585, 0.585
0.7449154, 0.5925, 0.5, 0.54, 0.555, 0.565, 0.57, 0.5725, 0.575, 0.5775, 0.58, 0.58, 0.5821428, 0.5825, 0.5825, 0.5842857, 0.585, 0.585
0.7452017, 0.5925, 0.5, 0.54, 0.555, 0.565, 0.57, 0.5725, 0.575, 0.5775, 0.58, 0.58, 0.5823214, 0.5825, 0.5825, 0.5844643, 0.585, 0.585
0.745488, 0.5925, 0.5, 0.54, 0.555, 0.565, 0.57, 0.5725, 0.575, 0.5775, 0.58, 0.58, 0.5825, 0.5825, 0.5825, 0.5846428, 0.585, 0.585
0.7457743, 0.5925, 0.5, 0.54, 0.555, 0.565, 0.57, 0.5725, 0.575, 0.5775, 0.58, 0.58, 0.5825, 0.5825, 0.5825, 0.5848214, 0.585, 0.585
0.7460606, 0.5925, 0.5, 0.54, 0.555, 0.565, 0.57, 0.5725, 0.575, 0.5775, 0.58, 0.58, 0.5825, 0.5825, 0.5826923, 0.585, 0.585, 0.585
0.7463468, 0.5925, 0.5, 0.54, 0.555, 0.565, 0.57, 0.5725, 0.575, 0.5775, 0.58, 0.58, 0.5825, 0.5825, 0.5828846, 0.585, 0.585, 0.585
0.7466331, 0.5925, 0.5, 0.54, 0.555, 0.565, 0.57, 0.5725, 0.575, 0.5775, 0.58, 0.58, 0.5825, 0.5825, 0.5830769, 0.585, 0.585, 0.585
0.7469194, 0.5925, 0.5, 0.54, 0.555, 0.565, 0.57, 0.5725, 0.575, 0.5775, 0.58, 0.58, 0.5825, 0.5825, 0.5832692, 0.585, 0.585, 0.585
0.7472057, 0.5925, 0.5, 0.54, 0.555, 0.565, 0.57, 0.5725, 0.575, 0.5775, 0.58, 0.58, 0.5825, 0.5825, 0.5834615, 0.585, 0.585, 0.585
0.7477782, 0.5925, 0.5, 0.54, 0.555, 0.565, 0.57, 0.5725, 0.575, 0.5775, 0.58, 0.58, 0.5825, 0.5825, 0.5838461, 0.585, 0.585, 0.585
0.7483509, 0.5925, 0.5, 0.54, 0.555, 0.565, 0.57, 0.5725, 0.5753571, 0.5775, 0.58, 0.58, 0.5825, 0.5825, 0.5842308, 0.585, 0.585, 0.585
0.7486371, 0.5925, 0.5, 0.54, 0.555, 0.565, 0.57, 0.5725, 0.5755357, 0.5775, 0.58, 0.58, 0.5825, 0.5825, 0.5844231, 0.585, 0.585, 0.585
0.7489234, 0.5925, 0.5, 0.54, 0.555, 0.565, 0.57, 0.5725, 0.5757143, 0.5775, 0.58, 0.58, 0.5825, 0.5825, 0.5846153, 0.585, 0.585, 0.585
0.7492097, 0.5925, 0.5, 0.54, 0.555, 0.565, 0.57, 0.5725, 0.5758929, 0.5775, 0.58, 0.5801786, 0.5825, 0.5825, 0.5848077, 0.585, 0.585, 0.585
0.749496, 0.5925, 0.5, 0.54, 0.555, 0.565, 0.57, 0.5725, 0.5760714, 0.5775, 0.58, 0.5803571, 0.5825, 0.5825, 0.585, 0.585, 0.585, 0.585
0.7497823, 0.5925, 0.5, 0.54, 0.555, 0.565, 0.57, 0.5725, 0.57625, 0.5775, 0.58, 0.5805357, 0.5825, 0.5825, 0.585, 0.585, 0.585, 0.585
0.7500685, 0.5925, 0.5, 0.54, 0.555, 0.565, 0.57, 0.5725, 0.5764285, 0.5775, 0.58, 0.5807143, 0.5825, 0.5825, 0.585, 0.585, 0.585, 0.585
0.7503548, 0.5925, 0.5, 0.54, 0.555, 0.565, 0.57, 0.5725, 0.5766071, 0.5775, 0.58, 0.5808928, 0.5825, 0.5825, 0.585, 0.585, 0.585, 0.585
0.7506411, 0.5925, 0.5, 0.54, 0.555, 0.565, 0.57, 0.5725, 0.5767857, 0.5775, 0.58, 0.5810714, 0.5825, 0.5825, 0.585, 0.585, 0.585, 0.585
0.7509274, 0.5925, 0.5, 0.54, 0.555, 0.565, 0.57, 0.5725, 0.5769643, 0.5775, 0.58, 0.58125, 0.5825, 0.5825, 0.585, 0.585, 0.585, 0.585
0.7517863, 0.5925, 0.5, 0.54, 0.555, 0.565, 0.57, 0.5730357, 0.5775, 0.5775, 0.58, 0.5817857, 0.5825, 0.5825, 0.585, 0.585, 0.585, 0.585
0.7520726, 0.5925, 0.5, 0.54, 0.555, 0.565, 0.57, 0.5732143, 0.5775, 0.5775, 0.58, 0.5819643, 0.5825, 0.5825, 0.585, 0.585, 0.585, 0.585
0.7526451, 0.5925, 0.5, 0.54, 0.555, 0.565, 0.57, 0.5735714, 0.5775, 0.5778571, 0.58, 0.5823214, 0.5825, 0.5825, 0.585, 0.585, 0.585, 0.585
0.7529314, 0.5925, 0.5, 0.54, 0.555, 0.565, 0.57, 0.57375, 0.5775, 0.5780357, 0.58, 0.5825, 0.5825, 0.5825, 0.585, 0.585, 0.585, 0.585
0.7532177, 0.5926923, 0.5, 0.54, 0.555, 0.565, 0.57, 0.5739286, 0.5775, 0.5782143, 0.58, 0.5825, 0.5825, 0.5825, 0.585, 0.585, 0.585, 0.585
0.753504, 0.5928846, 0.5, 0.54, 0.555, 0.565, 0.57, 0.5741072, 0.5775, 0.5783928, 0.58, 0.5825, 0.5825, 0.5826786, 0.585, 0.585, 0.585, 0.585
0.7537903, 0.5930769, 0.5, 0.54, 0.555, 0.565, 0.57, 0.5742857, 0.5775, 0.5785714, 0.58, 0.5825, 0.5825, 0.5828571, 0.585, 0.585, 0.585, 0.585
0.7540765, 0.5932692, 0.5, 0.54, 0.555, 0.565, 0.57, 0.5744643, 0.5775, 0.57875, 0.58, 0.5825, 0.5825, 0.5830357, 0.585, 0.585, 0.585, 0.5851786
0.7543628, 0.5934615, 0.5, 0.54, 0.555, 0.565, 0.57, 0.5746428, 0.5775, 0.5789285, 0.58, 0.5825, 0.5825, 0.5832143, 0.585, 0.585, 0.585, 0.5853571
0.7549354, 0.5938461, 0.5, 0.54, 0.5553572, 0.565, 0.57, 0.575, 0.5775, 0.5792857, 0.58, 0.5825, 0.5825, 0.5835714, 0.585, 0.585, 0.585, 0.5857143
0.755508, 0.5942308, 0.5, 0.54, 0.5557143, 0.565, 0.57, 0.575, 0.5775, 0.5796428, 0.58, 0.5825, 0.5825, 0.5839286, 0.585, 0.585, 0.585, 0.5860714
0.7560806, 0.5946154, 0.5, 0.54, 0.5560715, 0.565, 0.57, 0.575, 0.5775, 0.58, 0.58, 0.5825, 0.5825, 0.5842857, 0.585, 0.585, 0.585, 0.5864286
0.7563668, 0.5948077, 0.5, 0.54, 0.55625, 0.565, 0.57, 0.575, 0.5775, 0.58, 0.58, 0.5825, 0.5825, 0.5844643, 0.585, 0.585, 0.585, 0.5866072
0.7566531, 0.595, 0.5, 0.54, 0.5564286, 0.565, 0.57, 0.575, 0.5775, 0.58, 0.58, 0.5825, 0.5825, 0.5846428, 0.585, 0.585, 0.585, 0.5867857
0.7569394, 0.595, 0.5, 0.54, 0.5566072, 0.565, 0.57, 0.575, 0.5775, 0.58, 0.58, 0.5825, 0.5825, 0.5848214, 0.585, 0.585, 0.585, 0.5869642
0.7572257, 0.595, 0.5, 0.54, 0.5567857, 0.565, 0.57, 0.575, 0.5775, 0.58, 0.58, 0.5825, 0.5825, 0.585, 0.585, 0.585, 0.585, 0.5871428
0.757512, 0.595, 0.5, 0.54, 0.5569643, 0.565, 0.57, 0.575, 0.5775, 0.58, 0.58, 0.5825, 0.5825, 0.585, 0.585, 0.585, 0.585, 0.5873214
0.7577983, 0.595, 0.5, 0.54, 0.5571429, 0.565, 0.57, 0.575, 0.5775, 0.58, 0.58, 0.5825, 0.5825, 0.585, 0.585, 0.585, 0.585, 0.5875
0.7583708, 0.595, 0.5, 0.54, 0.5575, 0.565, 0.57, 0.575, 0.5775, 0.58, 0.58, 0.5825, 0.5825, 0.585, 0.585, 0.585, 0.585, 0.5875
0.7586571, 0.595, 0.5, 0.54, 0.5575, 0.565, 0.57, 0.575, 0.5775, 0.58, 0.58, 0.5825, 0.5825, 0.585, 0.585, 0.585, 0.585, 0.5875
0.7589434, 0.595, 0.5, 0.54, 0.5575, 0.565, 0.57, 0.575, 0.5775, 0.58, 0.58, 0.5825, 0.5825, 0.585, 0.585, 0.585, 0.585, 0.5875
0.7592297, 0.595, 0.5, 0.54, 0.5575, 0.565, 0.57, 0.575, 0.5775, 0.58, 0.58, 0.5825, 0.5825, 0.585, 0.585, 0.585, 0.585, 0.5875
0.7598023, 0.595, 0.5, 0.54, 0.5575, 0.565, 0.57, 0.575, 0.5775, 0.58, 0.58, 0.5825, 0.5825, 0.585, 0.585, 0.585, 0.585, 0.5875
0.7600886, 0.595, 0.5, 0.54, 0.5575, 0.565, 0.57, 0.575, 0.5775, 0.58, 0.58, 0.5825, 0.5825, 0.585, 0.585, 0.585, 0.585, 0.5875
0.7603748, 0.595, 0.5, 0.54, 0.5575, 0.565, 0.57, 0.575, 0.5775, 0.58, 0.58, 0.5825, 0.5825, 0.585, 0.585, 0.585, 0.585, 0.5875
0.7606611, 0.595, 0.5, 0.54, 0.5575, 0.565, 0.57, 0.575, 0.5775, 0.58, 0.58, 0.5825, 0.5825, 0.585, 0.585, 0.585, 0.585, 0.5875
0.7609474, 0.595, 0.5, 0.54, 0.5575, 0.565, 0.57, 0.575, 0.5775, 0.58, 0.58, 0.5825, 0.5825, 0.585, 0.585, 0.585, 0.585, 0.5875
0.7612337, 0.595, 0.5, 0.54, 0.5575, 0.565, 0.57, 0.575, 0.5775, 0.58, 0.58, 0.5825, 0.5825, 0.585, 0.585, 0.585, 0.585, 0.5875
0.76152, 0.595, 0.5, 0.54, 0.5575, 0.565, 0.57, 0.575, 0.5775, 0.58, 0.58, 0.5825, 0.5825, 0.585, 0.585, 0.585, 0.585, 0.5875
0.7618062, 0.595, 0.5, 0.54, 0.5575, 0.565, 0.57, 0.575, 0.5775, 0.58, 0.58, 0.5825, 0.5825, 0.585, 0.585, 0.585, 0.5851923, 0.5875
0.7620925, 0.595, 0.5, 0.54, 0.5575, 0.565, 0.57, 0.575, 0.5775, 0.58, 0.58, 0.5825, 0.5825, 0.585, 0.585, 0.585, 0.5853846, 0.5875
0.7626652, 0.595, 0.5, 0.54, 0.5575, 0.565, 0.57, 0.575, 0.5775, 0.58, 0.58, 0.5825, 0.5825, 0.585, 0.585, 0.585, 0.5857692, 0.5875
0.7629514, 0.595, 0.5, 0.54, 0.5575, 0.565, 0.57, 0.575, 0.5775, 0.58, 0.58, 0.5825, 0.5825, 0.585, 0.585, 0.585, 0.5859615, 0.5875
0.7632377, 0.595, 0.5, 0.54, 0.5575, 0.565, 0.57, 0.575, 0.5775, 0.58, 0.58, 0.5825, 0.5825, 0.585, 0.585, 0.585, 0.5861539, 0.5875
0.763524, 0.595, 0.5, 0.54, 0.5575, 0.565, 0.57, 0.575, 0.5775, 0.58, 0.58, 0.5825, 0.5825, 0.585, 0.585, 0.585, 0.5863461, 0.5875
0.7640966, 0.595, 0.5, 0.54, 0.5575, 0.565, 0.57, 0.575, 0.5775, 0.58, 0.58, 0.5825, 0.5825, 0.585, 0.585, 0.585, 0.5867308, 0.5875
0.7643828, 0.595, 0.5, 0.54, 0.5575, 0.565, 0.57, 0.575, 0.5775, 0.58, 0.58, 0.5825, 0.5825, 0.585, 0.585, 0.585, 0.5869231, 0.5875
0.7646691, 0.595, 0.5, 0.54, 0.5575, 0.565, 0.57, 0.575, 0.5775, 0.58, 0.58, 0.5825, 0.5825, 0.585, 0.585, 0.585, 0.5871153, 0.5875
0.7649554, 0.595, 0.5, 0.54, 0.5575, 0.565, 0.57, 0.575, 0.5775, 0.58, 0.58, 0.5825, 0.5825, 0.585, 0.585, 0.585, 0.5873077, 0.5875
0.7652417, 0.595, 0.5, 0.54, 0.5575, 0.565, 0.57, 0.575, 0.5775, 0.58, 0.58, 0.5825, 0.5825, 0.585, 0.585, 0.585, 0.5875, 0.5875
0.765528, 0.595, 0.5, 0.54, 0.5575, 0.565, 0.57, 0.575, 0.5775, 0.58, 0.58, 0.5825, 0.5825, 0.585, 0.585, 0.585, 0.5875, 0.5875
0.7661005, 0.595, 0.5, 0.54, 0.5575, 0.565, 0.57, 0.575, 0.5775, 0.58, 0.58, 0.5825, 0.5825, 0.585, 0.585, 0.585, 0.5875, 0.5875
0.7663869, 0.595, 0.5, 0.54, 0.5575, 0.565, 0.57, 0.575, 0.5775, 0.58, 0.58, 0.5825, 0.5825, 0.585, 0.585, 0.585, 0.5875, 0.5875
0.7669594, 0.595, 0.5, 0.54, 0.5575, 0.565, 0.57, 0.575, 0.5775, 0.58, 0.58, 0.5825, 0.5825, 0.585, 0.585, 0.585, 0.5875, 0.5875
0.767532, 0.595, 0.5, 0.54, 0.5575, 0.565, 0.57, 0.575, 0.5775, 0.58, 0.58, 0.5825, 0.5825, 0.585, 0.585, 0.585, 0.5875, 0.5875
0.7678183, 0.595, 0.5, 0.54, 0.5575, 0.565, 0.57, 0.575, 0.5775, 0.58, 0.58, 0.5825, 0.5825, 0.585, 0.585, 0.585, 0.5875, 0.5875
0.7681046, 0.595, 0.5, 0.54, 0.5575, 0.565, 0.57, 0.575, 0.5775, 0.58, 0.58, 0.5825, 0.5825, 0.585, 0.585, 0.585, 0.5875, 0.5875
0.7683908, 0.595, 0.5, 0.54, 0.5575, 0.565, 0.57, 0.575, 0.5775, 0.58, 0.58, 0.5825, 0.5825, 0.585, 0.585, 0.585, 0.5875, 0.5875
0.7686771, 0.595, 0.5, 0.54, 0.5575, 0.565, 0.57, 0.575, 0.5775, 0.58, 0.58, 0.5825, 0.5825, 0.585, 0.585, 0.585, 0.5875, 0.5875
0.7689634, 0.595, 0.5, 0.54, 0.5575, 0.565, 0.57, 0.575, 0.5775, 0.58, 0.58, 0.5825, 0.5825, 0.585, 0.585, 0.585, 0.5875, 0.5875
0.7692497, 0.595, 0.5, 0.54, 0.5575, 0.565, 0.57, 0.575, 0.5775, 0.58, 0.58, 0.5825, 0.5825, 0.585, 0.585, 0.585, 0.5875, 0.5875
0.7698222, 0.595, 0.5, 0.54, 0.5575, 0.565, 0.57, 0.575, 0.5775, 0.58, 0.58, 0.5825, 0.5825, 0.585, 0.585, 0.585, 0.5875, 0.5875
0.7701086, 0.595, 0.5, 0.54, 0.5575, 0.565, 0.57, 0.575, 0.5775, 0.58, 0.58, 0.5825, 0.5825, 0.585, 0.585, 0.585, 0.5875, 0.5875
0.7706811, 0.595, 0.5, 0.54, 0.5575, 0.565, 0.57, 0.575, 0.5775, 0.58, 0.58, 0.5825, 0.5825, 0.585, 0.585, 0.585, 0.5875, 0.5875
0.7709674, 0.595, 0.5, 0.54, 0.5575, 0.565, 0.57, 0.575, 0.5775, 0.58, 0.58, 0.5825, 0.5825, 0.585, 0.585, 0.585, 0.5875, 0.5875
0.7712537, 0.595, 0.5, 0.54, 0.5575, 0.565, 0.57, 0.575, 0.5775, 0.58, 0.58, 0.5825, 0.5825, 0.585, 0.585, 0.585, 0.5875, 0.5875
0.77154, 0.595, 0.5, 0.54, 0.5575, 0.565, 0.57, 0.575, 0.5775, 0.58, 0.58, 0.5825, 0.5825, 0.585, 0.585, 0.585, 0.5875, 0.5875
0.7718263, 0.595, 0.5, 0.54, 0.5575, 0.565, 0.57, 0.575, 0.5775, 0.58, 0.5801786, 0.5825, 0.5825, 0.585, 0.585, 0.585, 0.5875, 0.5875
0.7721125, 0.595, 0.5, 0.54, 0.5575, 0.565, 0.57, 0.575, 0.5775, 0.58, 0.5803571, 0.5825, 0.5825, 0.585, 0.585, 0.585, 0.5875, 0.5875
0.7723988, 0.595, 0.5, 0.54, 0.5575, 0.565, 0.57, 0.575, 0.5775, 0.58, 0.5805357, 0.5825, 0.5826786, 0.585, 0.585, 0.585, 0.5875, 0.5875
0.7726851, 0.595, 0.5, 0.54, 0.5575, 0.565, 0.57, 0.575, 0.5775, 0.58, 0.5807143, 0.5825, 0.5828571, 0.585, 0.585, 0.585, 0.5875, 0.5875
0.7729714, 0.595, 0.5, 0.54, 0.5575, 0.565, 0.57, 0.575, 0.5775, 0.58, 0.5808928, 0.5825, 0.5830357, 0.585, 0.585, 0.585, 0.5875, 0.5875
0.7732577, 0.595, 0.5, 0.54, 0.5575, 0.565, 0.57, 0.575, 0.5775, 0.58, 0.5810714, 0.5825, 0.5832143, 0.585, 0.585, 0.585, 0.5875, 0.5875
0.7738303, 0.595, 0.5, 0.54, 0.5575, 0.565, 0.57, 0.575, 0.5775, 0.58, 0.5814286, 0.5825, 0.5835714, 0.585, 0.585, 0.585, 0.5875, 0.5875
0.7741166, 0.595, 0.5, 0.54, 0.5575, 0.565, 0.57, 0.575, 0.5775, 0.58, 0.5816072, 0.5825, 0.58375, 0.585, 0.585, 0.585, 0.5875, 0.5875
0.7746891, 0.595, 0.5, 0.54, 0.5575, 0.565, 0.57, 0.575, 0.5775, 0.58, 0.5819643, 0.5825, 0.5841072, 0.585, 0.585, 0.585, 0.5875, 0.5875
0.7749754, 0.595, 0.5, 0.54, 0.5575, 0.565, 0.57, 0.575, 0.5775, 0.58, 0.5821428, 0.5825, 0.5842857, 0.585, 0.585, 0.585, 0.5875, 0.5875
0.775548, 0.595, 0.5, 0.54, 0.5575, 0.565, 0.57, 0.575, 0.5775, 0.58, 0.5825, 0.5825, 0.5846428, 0.585, 0.585, 0.585, 0.5875, 0.5875
0.7758343, 0.595, 0.5, 0.54, 0.5575, 0.565, 0.57, 0.575, 0.5775, 0.58, 0.5825, 0.5825, 0.5848214, 0.585, 0.585, 0.585, 0.5875, 0.5875
0.7761205, 0.595, 0.5, 0.54, 0.5575, 0.565, 0.57, 0.575, 0.5775, 0.58, 0.5825, 0.5825, 0.585, 0.585, 0.585, 0.585, 0.5875, 0.5875
0.7764068, 0.595, 0.5, 0.54, 0.5575, 0.565, 0.57, 0.575, 0.5775, 0.58, 0.5825, 0.5825, 0.585, 0.585, 0.585, 0.585, 0.5875, 0.5875
0.7766931, 0.595, 0.5, 0.54, 0.5575, 0.565, 0.57, 0.575, 0.5775, 0.58, 0.5825, 0.5825, 0.585, 0.585, 0.585, 0.585, 0.5875, 0.5875
0.7769794, 0.595, 0.5, 0.54, 0.5575, 0.565, 0.57, 0.575, 0.5775, 0.58, 0.5825, 0.5825, 0.585, 0.585, 0.585, 0.585, 0.5875, 0.5875
0.777552, 0.595, 0.5, 0.54, 0.5575, 0.565, 0.57, 0.575, 0.5775, 0.58, 0.5825, 0.5825, 0.585, 0.585, 0.585, 0.585, 0.5875, 0.5875
0.7778383, 0.595, 0.5, 0.54, 0.5575, 0.565, 0.57, 0.575, 0.5775, 0.58, 0.5825, 0.5825, 0.585, 0.585, 0.585, 0.585, 0.5875, 0.5875
0.7784109, 0.595, 0.5, 0.54, 0.5575, 0.565, 0.57, 0.575, 0.5775, 0.58, 0.5825, 0.5825, 0.585, 0.585, 0.585, 0.585, 0.5875, 0.5875
0.7789834, 0.595, 0.5, 0.54, 0.5575, 0.565, 0.57, 0.575, 0.5775, 0.58, 0.5825, 0.5825, 0.585, 0.585, 0.585, 0.585, 0.5875, 0.5875
0.7792697, 0.595, 0.5, 0.54, 0.5575, 0.565, 0.57, 0.575, 0.5775, 0.58, 0.5825, 0.5825, 0.585, 0.585, 0.585, 0.585, 0.5875, 0.5875
0.779556, 0.595, 0.5, 0.54, 0.5575, 0.565, 0.57, 0.575, 0.5775, 0.58, 0.5825, 0.5825, 0.585, 0.585, 0.585, 0.585, 0.5875, 0.5875
0.7798423, 0.595, 0.5, 0.54, 0.5575, 0.565, 0.57, 0.575, 0.5775, 0.58, 0.5825, 0.5825, 0.585, 0.585, 0.585, 0.585, 0.5875, 0.5875
0.7801285, 0.595, 0.5, 0.54, 0.5575, 0.565, 0.57, 0.575, 0.5775, 0.58, 0.5825, 0.5825, 0.585, 0.585, 0.585, 0.585, 0.5875, 0.5875
0.7804148, 0.595, 0.5, 0.54, 0.5575, 0.565, 0.57, 0.575, 0.5775, 0.58, 0.5825, 0.5825, 0.585, 0.585, 0.585, 0.585, 0.5875, 0.5875
0.7807011, 0.595, 0.5, 0.54, 0.5575, 0.565, 0.57, 0.575, 0.5775, 0.58, 0.5825, 0.5825, 0.585, 0.585, 0.585, 0.585, 0.5875, 0.5875
0.78156, 0.595, 0.5, 0.54, 0.5575, 0.565, 0.57, 0.575, 0.5775, 0.58, 0.5825, 0.5825, 0.585, 0.585, 0.585, 0.585, 0.5875, 0.5875
0.7821326, 0.595, 0.5, 0.54, 0.5575, 0.565, 0.57, 0.575, 0.5775, 0.58, 0.5825, 0.5825, 0.585, 0.585, 0.585, 0.585, 0.5875, 0.5875
0.7827051, 0.595, 0.5, 0.54, 0.5575, 0.565, 0.57, 0.575, 0.5775, 0.58, 0.5825, 0.5825, 0.585, 0.585, 0.585, 0.585, 0.5875, 0.5875
0.7829914, 0.595, 0.5, 0.54, 0.5575, 0.565, 0.57, 0.575, 0.5775, 0.58, 0.5825, 0.5825, 0.585, 0.585, 0.585, 0.585, 0.5875, 0.5875
0.7832777, 0.595, 0.5, 0.54, 0.5575, 0.565, 0.57, 0.575, 0.5775, 0.58, 0.5825, 0.5825, 0.585, 0.585, 0.585, 0.585, 0.5875, 0.5875
0.783564, 0.595, 0.5, 0.54, 0.5575, 0.565, 0.57, 0.575, 0.5775, 0.58, 0.5825, 0.5825, 0.585, 0.585, 0.585, 0.585, 0.5875, 0.5875
0.7838503, 0.595, 0.5, 0.54, 0.5575, 0.565, 0.57, 0.575, 0.5775, 0.58, 0.5825, 0.5825, 0.5848077, 0.585, 0.585, 0.585, 0.5875, 0.5875
0.7841365, 0.595, 0.5, 0.54, 0.5575, 0.565, 0.57, 0.575, 0.5775, 0.58, 0.5825, 0.5825, 0.5846154, 0.585, 0.585, 0.585, 0.5875, 0.5875
0.7844228, 0.595, 0.5, 0.54, 0.5575, 0.565, 0.57, 0.575, 0.5775, 0.58, 0.5825, 0.5825, 0.5844231, 0.585, 0.585, 0.585, 0.5875, 0.5875
0.7847091, 0.595, 0.5, 0.54, 0.5575, 0.565, 0.57, 0.575, 0.5775, 0.58, 0.5825, 0.5825, 0.5842308, 0.585, 0.585, 0.585, 0.5875, 0.5875
0.7852817, 0.595, 0.5, 0.54, 0.5575, 0.565, 0.57, 0.575, 0.5775, 0.58, 0.5825, 0.5825, 0.5838462, 0.585, 0.585, 0.585, 0.5875, 0.5875
0.785568, 0.595, 0.5, 0.54, 0.5575, 0.565, 0.57, 0.575, 0.5775, 0.58, 0.5825, 0.5825, 0.5836538, 0.585, 0.585, 0.585, 0.5875, 0.5875
0.7861406, 0.595, 0.5, 0.54, 0.5575, 0.565, 0.57, 0.575, 0.5775, 0.58, 0.5825, 0.5825, 0.5832692, 0.585, 0.585, 0.585, 0.5875, 0.5875
0.7864268, 0.595, 0.5, 0.54, 0.5575, 0.565, 0.57, 0.575, 0.5775, 0.58, 0.5825, 0.5825, 0.5830769, 0.585, 0.585, 0.585, 0.5875, 0.5875
0.7869994, 0.595, 0.5, 0.54, 0.5575, 0.565, 0.57, 0.575, 0.5775, 0.58, 0.5825, 0.5825, 0.5826923, 0.585, 0.585, 0.585, 0.5875, 0.5875
0.7872857, 0.595, 0.5, 0.54, 0.5575, 0.565, 0.57, 0.575, 0.5775, 0.58, 0.5823077, 0.5825, 0.5825, 0.585, 0.585, 0.585, 0.5875, 0.5875
0.787572, 0.595, 0.5, 0.54, 0.5575, 0.565, 0.57, 0.575, 0.5775, 0.58, 0.5821154, 0.5825, 0.5825, 0.585, 0.585, 0.585, 0.5875, 0.5875
0.7878582, 0.595, 0.5, 0.54, 0.5575, 0.565, 0.57, 0.575, 0.5775, 0.58, 0.5819231, 0.5825, 0.5825, 0.585, 0.585, 0.585, 0.5875, 0.5875
0.7881445, 0.595, 0.5, 0.54, 0.5575, 0.565, 0.57, 0.575, 0.5775, 0.58, 0.5817308, 0.5825, 0.5825, 0.585, 0.585, 0.585, 0.5875, 0.5875
0.7884308, 0.595, 0.5, 0.54, 0.5575, 0.565, 0.57, 0.575, 0.5775, 0.58, 0.5815385, 0.5825, 0.5825, 0.585, 0.585, 0.585, 0.5875, 0.5875
0.7892897, 0.595, 0.5, 0.54, 0.5575, 0.565, 0.57, 0.575, 0.5775, 0.58, 0.5809615, 0.5825, 0.5825, 0.585, 0.585, 0.585, 0.5875, 0.5875
0.7898623, 0.595, 0.5, 0.54, 0.5575, 0.565, 0.57, 0.575, 0.5775, 0.58, 0.580577, 0.5825, 0.5825, 0.585, 0.585, 0.585, 0.5875, 0.5875
0.7904348, 0.595, 0.5, 0.54, 0.5575, 0.565, 0.57, 0.575, 0.5775, 0.58, 0.5801923, 0.5825, 0.5825, 0.585, 0.585, 0.585, 0.5875, 0.5875
0.7907211, 0.595, 0.5, 0.54, 0.5575, 0.565, 0.57, 0.575, 0.5775, 0.58, 0.58, 0.5825, 0.5825, 0.585, 0.585, 0.585, 0.5875, 0.5875
0.7910074, 0.595, 0.5, 0.54, 0.5575, 0.565, 0.57, 0.575, 0.5775, 0.58, 0.58, 0.5825, 0.5825, 0.585, 0.585, 0.585, 0.5875, 0.5875
0.7912937, 0.595, 0.5, 0.54, 0.5575, 0.565, 0.57, 0.575, 0.5775, 0.58, 0.58, 0.5825, 0.5825, 0.585, 0.585, 0.585, 0.5875, 0.5875
0.79158, 0.595, 0.5, 0.54, 0.5575, 0.565, 0.57, 0.575, 0.5775, 0.58, 0.58, 0.5825, 0.5825, 0.585, 0.585, 0.585, 0.5875, 0.5875
0.7918662, 0.595, 0.5, 0.54, 0.5575, 0.565, 0.57, 0.575, 0.5775, 0.58, 0.58, 0.5825, 0.5825, 0.585, 0.585, 0.585, 0.5875, 0.5875
0.7921525, 0.595, 0.5, 0.54, 0.5575, 0.565, 0.57, 0.575, 0.5775, 0.58, 0.58, 0.5825, 0.5825, 0.585, 0.585, 0.585, 0.5875, 0.5875
0.7930114, 0.595, 0.5, 0.54, 0.5575, 0.565, 0.57, 0.575, 0.5775, 0.58, 0.58, 0.5825, 0.5825, 0.585, 0.585, 0.585, 0.5875, 0.5875
0.7932977, 0.595, 0.5, 0.54, 0.5575, 0.565, 0.57, 0.575, 0.5775, 0.58, 0.58, 0.5825, 0.5825, 0.585, 0.585, 0.585, 0.5875, 0.5875
0.793584, 0.595, 0.5, 0.54, 0.5575, 0.565, 0.57, 0.575, 0.5775, 0.58, 0.58, 0.5825, 0.5825, 0.585, 0.585, 0.585, 0.5875, 0.5875
0.7941566, 0.595, 0.5, 0.54, 0.5575, 0.565, 0.57, 0.575, 0.5775, 0.58, 0.58, 0.5825, 0.5825, 0.585, 0.585, 0.585, 0.5875, 0.5875
0.7944428, 0.595, 0.5, 0.54, 0.5575, 0.565, 0.57, 0.575, 0.5775, 0.58, 0.58, 0.5825, 0.5825, 0.585, 0.585, 0.585, 0.5875, 0.5875
0.7947291, 0.595, 0.5, 0.54, 0.5575, 0.565, 0.57, 0.575, 0.5775, 0.58, 0.58, 0.5825, 0.5825, 0.585, 0.585, 0.585, 0.5875, 0.5875
0.7950154, 0.595, 0.5, 0.54, 0.5575, 0.565, 0.57, 0.575, 0.5775, 0.58, 0.58, 0.5825, 0.5825, 0.585, 0.585, 0.585, 0.5875, 0.5875
0.7953017, 0.595, 0.5, 0.54, 0.5575, 0.565, 0.57, 0.575, 0.5775, 0.58, 0.58, 0.5825, 0.5825, 0.585, 0.585, 0.585, 0.5875, 0.5875
0.795588, 0.595, 0.5, 0.54, 0.5575, 0.565, 0.57, 0.575, 0.5775, 0.58, 0.58, 0.5825, 0.5825, 0.585, 0.585, 0.585, 0.5875, 0.5875
0.7961606, 0.595, 0.5, 0.54, 0.5575, 0.565, 0.57, 0.575, 0.5775, 0.58, 0.58, 0.5825, 0.5825, 0.585, 0.585, 0.585, 0.5871153, 0.5875
0.7967331, 0.595, 0.5, 0.54, 0.5575, 0.565, 0.57, 0.575, 0.5775, 0.58, 0.58, 0.5825, 0.5825, 0.585, 0.585, 0.585, 0.5867307, 0.5875
0.7970194, 0.595, 0.5, 0.54, 0.5573215, 0.565, 0.57, 0.575, 0.5775, 0.58, 0.58, 0.5825, 0.5825, 0.585, 0.585, 0.585, 0.5865384, 0.5875
0.797592, 0.595, 0.5, 0.54, 0.5569643, 0.565, 0.57, 0.575, 0.5775, 0.58, 0.58, 0.5825, 0.5825, 0.585, 0.585, 0.585, 0.5861537, 0.5875
0.7978783, 0.595, 0.5, 0.54, 0.5567858, 0.565, 0.57, 0.575, 0.5775, 0.58, 0.58, 0.5825, 0.5825, 0.585, 0.585, 0.585, 0.5859615, 0.5875
0.7981645, 0.595, 0.5, 0.54, 0.5566072, 0.565, 0.57, 0.575, 0.5775, 0.58, 0.58, 0.5825, 0.5825, 0.585, 0.585, 0.585, 0.5857692, 0.5875
0.7984508, 0.595, 0.5, 0.54, 0.5564286, 0.565, 0.57, 0.575, 0.5775, 0.58, 0.58, 0.5825, 0.5825, 0.585, 0.585, 0.585, 0.5855768, 0.5875
0.7987371, 0.595, 0.5, 0.54, 0.5562501, 0.565, 0.57, 0.575, 0.5775, 0.58, 0.58, 0.5825, 0.5825, 0.585, 0.585, 0.585, 0.5853845, 0.5875
0.7990234, 0.595, 0.5, 0.54, 0.5560715, 0.565, 0.57, 0.575, 0.5775, 0.58, 0.58, 0.5825, 0.5825, 0.585, 0.585, 0.585, 0.5851923, 0.5875
0.7993097, 0.595, 0.5, 0.54, 0.5558929, 0.565, 0.57, 0.575, 0.5775, 0.58, 0.58, 0.5825, 0.5825, 0.585, 0.585, 0.585, 0.585, 0.5875
0.799596, 0.595, 0.5, 0.54, 0.5557144, 0.565, 0.57, 0.575, 0.5775, 0.58, 0.58, 0.5825, 0.5825, 0.585, 0.585, 0.585, 0.585, 0.5875
0.7998823, 0.595, 0.5, 0.54, 0.5555357, 0.565, 0.57, 0.575, 0.5775, 0.58, 0.58, 0.5825, 0.5825, 0.585, 0.585, 0.585, 0.585, 0.5875
0.8007411, 0.595, 0.5, 0.54, 0.555, 0.565, 0.57, 0.575, 0.5775, 0.58, 0.58, 0.5825, 0.5825, 0.585, 0.585, 0.585, 0.585, 0.5875
0.8010274, 0.595, 0.5, 0.54, 0.555, 0.565, 0.57, 0.575, 0.5775, 0.58, 0.58, 0.5825, 0.5825, 0.585, 0.585, 0.585, 0.585, 0.5875
0.8013137, 0.595, 0.5, 0.54, 0.555, 0.565, 0.57, 0.575, 0.5775, 0.58, 0.58, 0.5825, 0.5825, 0.585, 0.585, 0.585, 0.585, 0.5875
0.8016, 0.595, 0.5, 0.54, 0.555, 0.565, 0.57, 0.575, 0.5775, 0.58, 0.58, 0.5825, 0.5825, 0.585, 0.585, 0.585, 0.585, 0.5875
0.8018863, 0.595, 0.5, 0.54, 0.555, 0.565, 0.57, 0.575, 0.5775, 0.58, 0.58, 0.5825, 0.5825, 0.585, 0.585, 0.585, 0.585, 0.5875
0.8021725, 0.595, 0.5, 0.54, 0.555, 0.565, 0.57, 0.575, 0.5775, 0.58, 0.58, 0.5825, 0.5825, 0.585, 0.585, 0.585, 0.585, 0.5875
0.8024588, 0.595, 0.5, 0.54, 0.555, 0.565, 0.57, 0.575, 0.5775, 0.58, 0.58, 0.5825, 0.5825, 0.585, 0.585, 0.585, 0.585, 0.5875
0.8027451, 0.595, 0.5, 0.54, 0.555, 0.565, 0.57, 0.575, 0.5775, 0.58, 0.58, 0.5825, 0.5825, 0.585, 0.585, 0.585, 0.585, 0.5875
0.8030314, 0.595, 0.5, 0.54, 0.555, 0.565, 0.57, 0.575, 0.5775, 0.58, 0.58, 0.5825, 0.5825, 0.5848077, 0.585, 0.585, 0.585, 0.5875
0.8033177, 0.595, 0.5, 0.54, 0.555, 0.565, 0.57, 0.575, 0.5775, 0.58, 0.58, 0.5825, 0.5825, 0.5846154, 0.585, 0.585, 0.585, 0.5875
0.803604, 0.595, 0.5, 0.54, 0.555, 0.565, 0.57, 0.575, 0.5775, 0.58, 0.58, 0.5825, 0.5825, 0.5844231, 0.585, 0.585, 0.585, 0.5873077
0.8044629, 0.595, 0.5, 0.54, 0.555, 0.565, 0.57, 0.575, 0.5775, 0.58, 0.58, 0.5825, 0.5825, 0.5838462, 0.585, 0.585, 0.585, 0.5867308
0.8047491, 0.595, 0.5, 0.54, 0.555, 0.565, 0.57, 0.5748077, 0.5775, 0.58, 0.58, 0.5825, 0.5825, 0.5836539, 0.585, 0.585, 0.585, 0.5865385
0.8050354, 0.595, 0.5, 0.54, 0.555, 0.565, 0.57, 0.5746154, 0.5775, 0.58, 0.58, 0.5825, 0.5825, 0.5834615, 0.585, 0.585, 0.585, 0.5863461
0.805608, 0.595, 0.5, 0.54, 0.555, 0.565, 0.57, 0.5742308, 0.5775, 0.58, 0.58, 0.5825, 0.5825, 0.583077, 0.585, 0.585, 0.585, 0.5859616
0.8058943, 0.595, 0.5, 0.54, 0.555, 0.565, 0.57, 0.5740384, 0.5775, 0.5798077, 0.58, 0.5825, 0.5825, 0.5828846, 0.585, 0.585, 0.585, 0.5857692
0.8061805, 0.595, 0.5, 0.54, 0.555, 0.565, 0.57, 0.5738462, 0.5775, 0.5796154, 0.58, 0.5825, 0.5825, 0.5826923, 0.585, 0.585, 0.585, 0.585577
0.8064668, 0.595, 0.5, 0.54, 0.555, 0.565, 0.57, 0.5736539, 0.5775, 0.5794231, 0.58, 0.5825, 0.5825, 0.5825, 0.585, 0.585, 0.585, 0.5853847
0.8067531, 0.595, 0.5, 0.54, 0.555, 0.565, 0.57, 0.5734615, 0.5775, 0.5792308, 0.58, 0.5825, 0.5825, 0.5825, 0.585, 0.585, 0.585, 0.5851923
0.8070394, 0.595, 0.5, 0.54, 0.555, 0.565, 0.57, 0.5732692, 0.5775, 0.5790385, 0.58, 0.5825, 0.5825, 0.5825, 0.585, 0.585, 0.585, 0.585
0.8073257, 0.595, 0.5, 0.54, 0.555, 0.565, 0.57, 0.5730769, 0.5775, 0.5788462, 0.58, 0.5825, 0.5825, 0.5825, 0.585, 0.585, 0.585, 0.585
0.807612, 0.595, 0.5, 0.54, 0.555, 0.565, 0.57, 0.5728846, 0.5775, 0.5786539, 0.58, 0.5825, 0.5825, 0.5825, 0.585, 0.585, 0.585, 0.585
0.8081846, 0.595, 0.5, 0.54, 0.555, 0.565, 0.57, 0.5725, 0.5775, 0.5782692, 0.58, 0.5825, 0.5825, 0.5825, 0.585, 0.585, 0.585, 0.585
0.8084708, 0.595, 0.5, 0.54, 0.555, 0.565, 0.57, 0.5725, 0.5775, 0.578077, 0.58, 0.5825, 0.5825, 0.5825, 0.585, 0.585, 0.585, 0.585
0.8087571, 0.595, 0.5, 0.54, 0.555, 0.565, 0.57, 0.5725, 0.5775, 0.5778846, 0.58, 0.5825, 0.5825, 0.5825, 0.585, 0.585, 0.585, 0.585
0.8093297, 0.595, 0.5, 0.54, 0.555, 0.565, 0.57, 0.5725, 0.5771428, 0.5775, 0.58, 0.5825, 0.5825, 0.5825, 0.585, 0.585, 0.585, 0.585
0.809616, 0.595, 0.5, 0.54, 0.555, 0.565, 0.57, 0.5725, 0.5769643, 0.5775, 0.58, 0.5825, 0.5825, 0.5825, 0.585, 0.585, 0.585, 0.585
0.8099023, 0.5948077, 0.5, 0.54, 0.555, 0.565, 0.57, 0.5725, 0.5767857, 0.5775, 0.58, 0.5825, 0.5825, 0.5825, 0.585, 0.585, 0.585, 0.585
0.8101885, 0.5946155, 0.5, 0.54, 0.555, 0.565, 0.57, 0.5725, 0.5766071, 0.5775, 0.58, 0.5823077, 0.5825, 0.5825, 0.585, 0.585, 0.585, 0.585
0.8104748, 0.5944231, 0.5, 0.54, 0.555, 0.565, 0.57, 0.5725, 0.5764285, 0.5775, 0.58, 0.5821154, 0.5825, 0.5825, 0.585, 0.585, 0.585, 0.585
0.8107611, 0.5942308, 0.5, 0.54, 0.555, 0.565, 0.57, 0.5725, 0.57625, 0.5775, 0.58, 0.5819231, 0.5825, 0.5825, 0.5848077, 0.585, 0.585, 0.585
0.8113337, 0.5938461, 0.5, 0.54, 0.555, 0.565, 0.57, 0.5725, 0.5758928, 0.5775, 0.58, 0.5815384, 0.5825, 0.5825, 0.5844231, 0.585, 0.585, 0.585
0.8121926, 0.5932692, 0.5, 0.54, 0.555, 0.565, 0.57, 0.5725, 0.5753571, 0.5775, 0.58, 0.5809615, 0.5825, 0.5825, 0.5838462, 0.585, 0.585, 0.585
0.8124788, 0.5930769, 0.5, 0.54, 0.555, 0.565, 0.57, 0.5725, 0.5751786, 0.5775, 0.58, 0.5807692, 0.5825, 0.5825, 0.5836538, 0.585, 0.585, 0.585
0.8127651, 0.5928846, 0.5, 0.54, 0.555, 0.565, 0.57, 0.5725, 0.575, 0.5775, 0.58, 0.5805769, 0.5825, 0.5825, 0.5834615, 0.585, 0.585, 0.585
0.8130514, 0.5926923, 0.5, 0.54, 0.555, 0.565, 0.57, 0.5725, 0.575, 0.5775, 0.58, 0.5803846, 0.5825, 0.5825, 0.5832692, 0.585, 0.585, 0.585
0.8133377, 0.5925, 0.5, 0.54, 0.555, 0.565, 0.57, 0.5725, 0.575, 0.5775, 0.58, 0.5801923, 0.5825, 0.5825, 0.5830769, 0.585, 0.585, 0.585
0.813624, 0.5925, 0.5, 0.54, 0.555, 0.565, 0.57, 0.5725, 0.575, 0.5775, 0.58, 0.58, 0.5825, 0.5825, 0.5828846, 0.585, 0.585, 0.585
0.8139102, 0.5925, 0.5, 0.54, 0.555, 0.565, 0.57, 0.5725, 0.575, 0.5775, 0.58, 0.58, 0.5825, 0.5825, 0.5826923, 0.585, 0.585, 0.585
0.8141965, 0.5925, 0.5, 0.54, 0.555, 0.5648214, 0.57, 0.5725, 0.575, 0.5775, 0.58, 0.58, 0.5825, 0.5825, 0.5825, 0.585, 0.585, 0.585
0.8144828, 0.5925, 0.5, 0.54, 0.555, 0.5646428, 0.57, 0.5725, 0.575, 0.5775, 0.58, 0.58, 0.5825, 0.5825, 0.5825, 0.585, 0.585, 0.585
0.8150554, 0.5925, 0.5, 0.54, 0.555, 0.5642857, 0.57, 0.5725, 0.575, 0.5775, 0.58, 0.58, 0.5825, 0.5825, 0.5825, 0.585, 0.585, 0.585
0.8153417, 0.5925, 0.5, 0.54, 0.555, 0.5641071, 0.57, 0.5725, 0.575, 0.5775, 0.58, 0.58, 0.5825, 0.5825, 0.5825, 0.585, 0.585, 0.585
0.8159143, 0.5925, 0.5, 0.54, 0.555, 0.56375, 0.57, 0.5725, 0.575, 0.5775, 0.58, 0.58, 0.5825, 0.5825, 0.5825, 0.585, 0.585, 0.585
0.8164868, 0.5925, 0.5, 0.54, 0.555, 0.5633929, 0.57, 0.5725, 0.575, 0.5775, 0.58, 0.58, 0.5825, 0.5825, 0.5825, 0.585, 0.585, 0.585
0.8167731, 0.5925, 0.5, 0.54, 0.555, 0.5632143, 0.57, 0.5725, 0.575, 0.5775, 0.58, 0.58, 0.5825, 0.5825, 0.5825, 0.585, 0.585, 0.585
0.8170594, 0.5925, 0.5, 0.54, 0.555, 0.5630357, 0.57, 0.5725, 0.575, 0.5775, 0.58, 0.58, 0.5825, 0.5825, 0.5825, 0.585, 0.585, 0.585
0.8173457, 0.5925, 0.5, 0.54, 0.555, 0.5628572, 0.57, 0.5725, 0.575, 0.5775, 0.58, 0.58, 0.5825, 0.5825, 0.5825, 0.585, 0.585, 0.585
0.817632, 0.5925, 0.5, 0.54, 0.555, 0.5626786, 0.57, 0.5725, 0.575, 0.5775, 0.58, 0.58, 0.5825, 0.5825, 0.5825, 0.585, 0.585, 0.585
0.8179182, 0.5925, 0.5, 0.54, 0.555, 0.5625, 0.57, 0.5725, 0.575, 0.5775, 0.58, 0.58, 0.5823076, 0.5825, 0.5825, 0.585, 0.585, 0.585
0.8182045, 0.5925, 0.5, 0.54, 0.555, 0.5625, 0.57, 0.5725, 0.575, 0.5775, 0.58, 0.58, 0.5821154, 0.5825, 0.5825, 0.585, 0.585, 0.585
0.8184909, 0.5925, 0.5, 0.54, 0.555, 0.5625, 0.57, 0.5725, 0.575, 0.5775, 0.58, 0.58, 0.581923, 0.5825, 0.5825, 0.5848076, 0.585, 0.585
0.8187771, 0.5925, 0.5, 0.54, 0.555, 0.5625, 0.57, 0.5725, 0.575, 0.5775, 0.58, 0.58, 0.5817307, 0.5825, 0.5825, 0.5846153, 0.585, 0.585
0.8193497, 0.5925, 0.5, 0.54, 0.555, 0.5625, 0.5696429, 0.5725, 0.575, 0.5775, 0.58, 0.58, 0.5813461, 0.5825, 0.5825, 0.5842307, 0.585, 0.585
0.819636, 0.5925, 0.5, 0.54, 0.555, 0.5625, 0.5694643, 0.5725, 0.575, 0.5775, 0.58, 0.58, 0.5811538, 0.5825, 0.5825, 0.5840384, 0.585, 0.585
0.8199223, 0.5925, 0.5, 0.54, 0.555, 0.5625, 0.5692858, 0.5725, 0.575, 0.5775, 0.58, 0.58, 0.5809615, 0.5825, 0.5825, 0.5838461, 0.585, 0.585
0.8202085, 0.5925, 0.5, 0.54, 0.555, 0.5625, 0.5691072, 0.5725, 0.575, 0.5775, 0.58, 0.58, 0.5807692, 0.5825, 0.5825, 0.5836538, 0.585, 0.585
0.8204948, 0.5925, 0.5, 0.5398214, 0.555, 0.5625, 0.5689287, 0.5725, 0.575, 0.5775, 0.58, 0.58, 0.5805769, 0.5825, 0.5825, 0.5834615, 0.585, 0.585
0.8207811, 0.5925, 0.5, 0.5396429, 0.555, 0.5625, 0.5687501, 0.5725, 0.575, 0.5775, 0.58, 0.58, 0.5803846, 0.5825, 0.5825, 0.5832692, 0.585, 0.585
0.8210674, 0.5925, 0.5, 0.5394643, 0.555, 0.5625, 0.5685715, 0.5725, 0.575, 0.5775, 0.58, 0.58, 0.5801923, 0.5825, 0.5825, 0.5830769, 0.585, 0.585
0.8213537, 0.5925, 0.5, 0.5392857, 0.555, 0.5625, 0.5683929, 0.5725, 0.575, 0.5775, 0.5798077, 0.58, 0.58, 0.5825, 0.5825, 0.5828846, 0.585, 0.585
0.82164, 0.5925, 0.5, 0.5391071, 0.555, 0.5625, 0.5682144, 0.5725, 0.575, 0.5775, 0.5796154, 0.58, 0.58, 0.5825, 0.5825, 0.5826923, 0.585, 0.585
0.8219262, 0.5925, 0.5, 0.5389286, 0.555, 0.5625, 0.5680358, 0.5725, 0.575, 0.5775, 0.5794231, 0.58, 0.58, 0.5825, 0.5825, 0.5825, 0.585, 0.585
0.8222126, 0.5925, 0.5, 0.53875, 0.555, 0.5625, 0.5678572, 0.5725, 0.575, 0.5775, 0.5792307, 0.58, 0.58, 0.5825, 0.5825, 0.5825, 0.5848077, 0.585
0.8227851, 0.5925, 0.5, 0.5383928, 0.555, 0.5625, 0.5675, 0.5725, 0.575, 0.5775, 0.5788461, 0.58, 0.58, 0.5825, 0.5825, 0.5825, 0.5844231, 0.585
0.8233577, 0.5925, 0.5, 0.5380357, 0.555, 0.5625, 0.5675, 0.5725, 0.575, 0.5775, 0.5784615, 0.58, 0.58, 0.5825, 0.5825, 0.5825, 0.5840385, 0.585
0.823644, 0.5925, 0.5, 0.5378571, 0.555, 0.5625, 0.5675, 0.5725, 0.575, 0.5775, 0.5782692, 0.58, 0.58, 0.5825, 0.5825, 0.5825, 0.5838462, 0.585
0.8239303, 0.5925, 0.5, 0.5376785, 0.555, 0.5625, 0.5675, 0.5725, 0.575, 0.5775, 0.5780769, 0.58, 0.58, 0.5825, 0.5825, 0.5825, 0.5836539, 0.585
0.8242165, 0.5925, 0.5, 0.5375, 0.555, 0.5625, 0.5675, 0.5725, 0.575, 0.5775, 0.5778846, 0.58, 0.58, 0.5825, 0.5825, 0.5825, 0.5834616, 0.585
0.8245028, 0.5925, 0.5, 0.5375, 0.555, 0.5625, 0.5675, 0.5725, 0.575, 0.5775, 0.5776923, 0.58, 0.58, 0.5825, 0.5825, 0.5825, 0.5832692, 0.585
0.8247891, 0.5925, 0.5, 0.5375, 0.555, 0.5625, 0.5675, 0.5725, 0.575, 0.5775, 0.5775, 0.58, 0.58, 0.5825, 0.5825, 0.5825, 0.583077, 0.585
0.8250754, 0.5925, 0.5, 0.5375, 0.555, 0.5625, 0.5675, 0.5725, 0.575, 0.5775, 0.5775, 0.58, 0.58, 0.5825, 0.5825, 0.5825, 0.5828847, 0.585
0.8253617, 0.5925, 0.5, 0.5375, 0.555, 0.5625, 0.5675, 0.5725, 0.575, 0.5775, 0.5775, 0.58, 0.58, 0.5825, 0.5825, 0.5825, 0.5826923, 0.585
0.825648, 0.5925, 0.5, 0.5375, 0.555, 0.5625, 0.5675, 0.5725, 0.575, 0.5775, 0.5775, 0.58, 0.58, 0.5823076, 0.5825, 0.5825, 0.5825, 0.585
0.8259343, 0.5925, 0.5, 0.5375, 0.555, 0.5625, 0.5675, 0.5725, 0.575, 0.5775, 0.5775, 0.58, 0.58, 0.5821153, 0.5825, 0.5825, 0.5825, 0.585
0.8265069, 0.5925, 0.5, 0.5375, 0.555, 0.5625, 0.5675, 0.5725, 0.575, 0.5775, 0.5775, 0.58, 0.58, 0.5817307, 0.5825, 0.5825, 0.5825, 0.5846154
0.8270794, 0.5925, 0.5, 0.5375, 0.555, 0.5625, 0.5675, 0.5725, 0.575, 0.5775, 0.5775, 0.58, 0.58, 0.5813461, 0.5825, 0.5825, 0.5825, 0.5842308
0.8273657, 0.5925, 0.5, 0.5375, 0.555, 0.5625, 0.5675, 0.5723214, 0.575, 0.5775, 0.5775, 0.58, 0.58, 0.5811538, 0.5825, 0.5825, 0.5825, 0.5840385
0.827652, 0.5925, 0.5, 0.5375, 0.5548214, 0.5625, 0.5675, 0.5721428, 0.575, 0.5775, 0.5775, 0.58, 0.58, 0.5809615, 0.5825, 0.5825, 0.5825, 0.5838462
0.8279383, 0.5925, 0.5, 0.5375, 0.5546428, 0.5625, 0.5675, 0.5719643, 0.5748214, 0.5775, 0.5775, 0.58, 0.58, 0.5807692, 0.5825, 0.5825, 0.5825, 0.5836539
0.8282245, 0.5925, 0.5, 0.5375, 0.5544643, 0.5625, 0.5675, 0.5717857, 0.5746428, 0.5775, 0.5775, 0.58, 0.58, 0.5805768, 0.5825, 0.5825, 0.5825, 0.5834616
0.8285108, 0.5923076, 0.5, 0.5375, 0.5542857, 0.5625, 0.5675, 0.5716072, 0.5744643, 0.5773076, 0.5775, 0.58, 0.58, 0.5803846, 0.5825, 0.5825, 0.5825, 0.5832693
0.8287971, 0.5921153, 0.5, 0.5375, 0.5541071, 0.5625, 0.5675, 0.5714286, 0.5742857, 0.5771154, 0.5775, 0.58, 0.58, 0.5801923, 0.5825, 0.5825, 0.5825, 0.583077
0.8290834, 0.591923, 0.5, 0.5375, 0.5539286, 0.5625, 0.5675, 0.57125, 0.5741071, 0.576923, 0.5775, 0.5798076, 0.58, 0.58, 0.5825, 0.5825, 0.5825, 0.5828847
0.8293697, 0.5917307, 0.5, 0.5375, 0.55375, 0.5625, 0.5675, 0.5710714, 0.5739285, 0.5767307, 0.5775, 0.5796154, 0.58, 0.58, 0.5825, 0.5825, 0.5825, 0.5826924
0.829656, 0.5915384, 0.5, 0.5375, 0.5535713, 0.5625, 0.5675, 0.5708928, 0.5737499, 0.5765384, 0.5775, 0.579423, 0.58, 0.58, 0.5823076, 0.5825, 0.5825, 0.5825
0.8302286, 0.5911537, 0.5, 0.5375, 0.5532143, 0.5625, 0.5675, 0.5705357, 0.5733928, 0.5761538, 0.5775, 0.5790384, 0.58, 0.58, 0.581923, 0.5825, 0.5825, 0.5825
0.8310874, 0.5905768, 0.5, 0.5375, 0.5526785, 0.5625, 0.5675, 0.57, 0.5728571, 0.5755768, 0.5775, 0.5784615, 0.58, 0.58, 0.5813461, 0.5825, 0.5825, 0.5825
0.8313737, 0.5903845, 0.5, 0.5375, 0.5525, 0.5625, 0.5675, 0.57, 0.5726785, 0.5753846, 0.5775, 0.5782692, 0.58, 0.58, 0.5811538, 0.5825, 0.5825, 0.5825
0.83166, 0.5901923, 0.5, 0.5375, 0.5525, 0.5625, 0.5675, 0.57, 0.5725, 0.5751923, 0.5775, 0.5780769, 0.58, 0.58, 0.5809615, 0.5825, 0.5825, 0.5825
0.8319463, 0.59, 0.5, 0.5375, 0.5525, 0.5625, 0.5675, 0.57, 0.5725, 0.575, 0.5775, 0.5778846, 0.58, 0.58, 0.5807692, 0.5825, 0.5825, 0.5825
0.8322325, 0.59, 0.5, 0.5375, 0.5525, 0.5625, 0.5675, 0.57, 0.5725, 0.575, 0.5775, 0.5776923, 0.58, 0.58, 0.5805769, 0.5825, 0.5825, 0.5825
0.8325188, 0.59, 0.5, 0.5375, 0.5525, 0.5625, 0.5675, 0.57, 0.5725, 0.575, 0.5775, 0.5775, 0.58, 0.58, 0.5803846, 0.5825, 0.5825, 0.5825
0.8328051, 0.59, 0.5, 0.5375, 0.5525, 0.5625, 0.5675, 0.57, 0.5725, 0.575, 0.5775, 0.5775, 0.58, 0.58, 0.5801923, 0.5825, 0.5825, 0.5825
0.8330914, 0.59, 0.5, 0.5375, 0.5525, 0.5625, 0.5675, 0.57, 0.5725, 0.575, 0.5775, 0.5775, 0.58, 0.58, 0.58, 0.5825, 0.5825, 0.5825
0.8333777, 0.59, 0.5, 0.5375, 0.5525, 0.5625, 0.5675, 0.57, 0.5725, 0.575, 0.5775, 0.5775, 0.58, 0.58, 0.58, 0.5823077, 0.5825, 0.5825
0.8339503, 0.59, 0.5, 0.5375, 0.5525, 0.5625, 0.5675, 0.57, 0.5725, 0.575, 0.5775, 0.5775, 0.58, 0.58, 0.58, 0.5819231, 0.5825, 0.5825
0.8348091, 0.59, 0.5, 0.5375, 0.5525, 0.5625, 0.5675, 0.57, 0.5725, 0.575, 0.5775, 0.5775, 0.58, 0.58, 0.58, 0.5813462, 0.5825, 0.5825
0.8350954, 0.59, 0.5, 0.5375, 0.5525, 0.5625, 0.5675, 0.57, 0.5725, 0.575, 0.5775, 0.5775, 0.58, 0.58, 0.58, 0.5811539, 0.5825, 0.5825
0.8353817, 0.59, 0.5, 0.5375, 0.5525, 0.5625, 0.5675, 0.57, 0.5725, 0.575, 0.5775, 0.5775, 0.58, 0.58, 0.58, 0.5809616, 0.5825, 0.5825
0.835668, 0.59, 0.5, 0.5375, 0.5525, 0.5625, 0.5675, 0.57, 0.5725, 0.575, 0.5775, 0.5775, 0.58, 0.58, 0.58, 0.5807692, 0.5825, 0.5825
0.8359542, 0.59, 0.5, 0.5375, 0.5525, 0.5625, 0.5675, 0.57, 0.5725, 0.575, 0.5775, 0.5775, 0.58, 0.58, 0.58, 0.580577, 0.5825, 0.5825
0.8362405, 0.59, 0.5, 0.5375, 0.5525, 0.5625, 0.5675, 0.57, 0.5725, 0.575, 0.5773078, 0.5775, 0.58, 0.58, 0.58, 0.5803847, 0.5825, 0.5825
0.8365268, 0.59, 0.5, 0.5375, 0.5525, 0.5625, 0.5675, 0.57, 0.5725, 0.575, 0.5771154, 0.5775, 0.58, 0.58, 0.58, 0.5801923, 0.5825, 0.5825
0.8368131, 0.59, 0.5, 0.5375, 0.5525, 0.5625, 0.5675, 0.57, 0.5725, 0.575, 0.5769231, 0.5775, 0.5798076, 0.58, 0.58, 0.58, 0.5825, 0.5825
0.8370994, 0.59, 0.5, 0.5375, 0.5525, 0.5623077, 0.5675, 0.57, 0.5725, 0.575, 0.5767308, 0.5775, 0.5796153, 0.58, 0.58, 0.58, 0.5825, 0.5825
0.837672, 0.59, 0.5, 0.5375, 0.5525, 0.561923, 0.5675, 0.57, 0.5725, 0.575, 0.5763462, 0.5775, 0.5792307, 0.58, 0.58, 0.58, 0.5821154, 0.5825
0.8385308, 0.59, 0.5, 0.5375, 0.5525, 0.5613461, 0.5669643, 0.57, 0.5725, 0.575, 0.5757692, 0.5775, 0.5786538, 0.58, 0.58, 0.58, 0.5815385, 0.5825
0.8388171, 0.59, 0.5, 0.5375, 0.5525, 0.5611538, 0.5667858, 0.57, 0.5725, 0.575, 0.575577, 0.5775, 0.5784615, 0.58, 0.58, 0.58, 0.5813462, 0.5825
0.8391034, 0.59, 0.5, 0.5375, 0.5525, 0.5609615, 0.5666072, 0.57, 0.5725, 0.575, 0.5753847, 0.5775, 0.5782692, 0.58, 0.58, 0.58, 0.5811539, 0.5825
0.8393897, 0.59, 0.5, 0.5375, 0.5525, 0.5607692, 0.5664286, 0.57, 0.5725, 0.575, 0.5751923, 0.5775, 0.5780768, 0.58, 0.58, 0.58, 0.5809616, 0.5825
0.839676, 0.5898076, 0.5, 0.5375, 0.5525, 0.5605769, 0.56625, 0.57, 0.5725, 0.575, 0.575, 0.5775, 0.5778846, 0.58, 0.58, 0.58, 0.5807693, 0.5825
0.8399622, 0.5896153, 0.5, 0.5375, 0.5525, 0.5603846, 0.5660715, 0.57, 0.5725, 0.575, 0.575, 0.5775, 0.5776923, 0.58, 0.58, 0.58, 0.580577, 0.5825
0.8402485, 0.589423, 0.5, 0.5375, 0.5525, 0.5601923, 0.5658929, 0.57, 0.5725, 0.575, 0.575, 0.5775, 0.5775, 0.58, 0.58, 0.58, 0.5803847, 0.5825
0.8405348, 0.5892307, 0.5, 0.5375, 0.5525, 0.56, 0.5657144, 0.57, 0.5725, 0.575, 0.575, 0.5775, 0.5775, 0.5798215, 0.58, 0.58, 0.5801924, 0.5825
0.8408211, 0.5890384, 0.5, 0.5375, 0.5525, 0.56, 0.5655357, 0.57, 0.5725, 0.575, 0.575, 0.5775, 0.5775, 0.5796428, 0.58, 0.58, 0.58, 0.5825
0.84168, 0.5884615, 0.5, 0.5375, 0.5525, 0.56, 0.565, 0.57, 0.5725, 0.575, 0.575, 0.5775, 0.5775, 0.5791071, 0.58, 0.58, 0.58, 0.5819231
0.8422526, 0.5880768, 0.5, 0.5375, 0.5525, 0.56, 0.565, 0.57, 0.5725, 0.575, 0.575, 0.5775, 0.5775, 0.57875, 0.58, 0.58, 0.58, 0.5815384
0.8428251, 0.5876923, 0.5, 0.5375, 0.5525, 0.56, 0.565, 0.5696154, 0.5725, 0.575, 0.575, 0.5775, 0.5775, 0.5783929, 0.58, 0.58, 0.58, 0.5811539
0.8431114, 0.5875, 0.5, 0.5375, 0.5525, 0.56, 0.565, 0.569423, 0.5723076, 0.575, 0.575, 0.5775, 0.5775, 0.5782143, 0.58, 0.58, 0.58, 0.5809615
0.8433977, 0.5875, 0.5, 0.5375, 0.5525, 0.56, 0.565, 0.5692307, 0.5721154, 0.5748077, 0.575, 0.5775, 0.5775, 0.5780357, 0.58, 0.58, 0.58, 0.5807692
0.843684, 0.5875, 0.5, 0.5375, 0.5525, 0.56, 0.565, 0.5690385, 0.5719231, 0.5746154, 0.575, 0.5775, 0.5775, 0.5778571, 0.58, 0.58, 0.58, 0.580577
0.8439702, 0.5875, 0.5, 0.5375, 0.5525, 0.56, 0.565, 0.5688461, 0.5717307, 0.5744231, 0.575, 0.5773077, 0.5775, 0.5776786, 0.58, 0.58, 0.58, 0.5803846
0.8442565, 0.5875, 0.5, 0.5375, 0.5525, 0.56, 0.565, 0.5686538, 0.5715384, 0.5742308, 0.575, 0.5771154, 0.5775, 0.5775, 0.58, 0.58, 0.58, 0.5801923
0.8445429, 0.5875, 0.5, 0.5375, 0.5525, 0.56, 0.565, 0.5684615, 0.5713461, 0.5740384, 0.575, 0.5769231, 0.5775, 0.5775, 0.5798077, 0.58, 0.58, 0.58
0.8454017, 0.5875, 0.5, 0.5375, 0.5525, 0.56, 0.565, 0.5678846, 0.5707692, 0.5734615, 0.575, 0.5763462, 0.5775, 0.5775, 0.5792308, 0.58, 0.58, 0.58
0.8459743, 0.5875, 0.5, 0.5375, 0.5525, 0.56, 0.565, 0.5675, 0.5703846, 0.5730769, 0.575, 0.5759615, 0.5775, 0.5775, 0.5788462, 0.58, 0.58, 0.58
0.8465468, 0.5875, 0.5, 0.5375, 0.5525, 0.56, 0.565, 0.5675, 0.57, 0.5726923, 0.575, 0.575577, 0.5775, 0.5775, 0.5784616, 0.58, 0.58, 0.58
0.8468331, 0.5875, 0.5, 0.5375, 0.5523077, 0.56, 0.565, 0.5675, 0.57, 0.5725, 0.575, 0.5753846, 0.5775, 0.5775, 0.5782692, 0.58, 0.58, 0.58
0.8471194, 0.5875, 0.5, 0.5375, 0.5521154, 0.56, 0.565, 0.5675, 0.57, 0.5725, 0.575, 0.5751923, 0.5775, 0.5775, 0.578077, 0.58, 0.58, 0.58
0.8474057, 0.5875, 0.5, 0.5375, 0.5519232, 0.56, 0.565, 0.5675, 0.57, 0.5725, 0.575, 0.575, 0.5775, 0.5775, 0.5778847, 0.58, 0.58, 0.58
0.847692, 0.5875, 0.5, 0.5373077, 0.5517308, 0.56, 0.565, 0.5675, 0.57, 0.5725, 0.575, 0.575, 0.5775, 0.5775, 0.5776923, 0.58, 0.58, 0.58
0.8479782, 0.5875, 0.5, 0.5371154, 0.5515385, 0.56, 0.565, 0.5675, 0.57, 0.5725, 0.575, 0.575, 0.5773076, 0.5775, 0.5775, 0.58, 0.58, 0.58
0.8482646, 0.5875, 0.5, 0.5369231, 0.5513462, 0.56, 0.565, 0.5675, 0.57, 0.5725, 0.575, 0.575, 0.5771153, 0.5775, 0.5775, 0.58, 0.58, 0.58
0.8491234, 0.5875, 0.5, 0.5363461, 0.5507693, 0.56, 0.565, 0.5675, 0.57, 0.5725, 0.575, 0.575, 0.5765384, 0.5775, 0.5775, 0.5794231, 0.5794231, 0.58
0.849696, 0.5875, 0.5, 0.5359615, 0.5503846, 0.56, 0.565, 0.5675, 0.57, 0.5725, 0.575, 0.575, 0.5761538, 0.5775, 0.5775, 0.5790385, 0.5790385, 0.58
0.8502685, 0.5875, 0.5, 0.5355769, 0.55, 0.56, 0.565, 0.5675, 0.57, 0.5725, 0.575, 0.575, 0.5757692, 0.5775, 0.5775, 0.5786539, 0.5786539, 0.58
0.8505548, 0.5873076, 0.5, 0.5353846, 0.55, 0.56, 0.565, 0.5675, 0.57, 0.5725, 0.575, 0.575, 0.5755768, 0.5775, 0.5775, 0.5784616, 0.5784616, 0.58
0.8508411, 0.5871153, 0.5, 0.5351923, 0.55, 0.56, 0.565, 0.5675, 0.57, 0.5725, 0.575, 0.575, 0.5753846, 0.5775, 0.5775, 0.5782693, 0.5782693, 0.58
0.8511274, 0.5869231, 0.5, 0.535, 0.55, 0.56, 0.565, 0.5675, 0.57, 0.5725, 0.5748215, 0.575, 0.5751923, 0.5775, 0.5775, 0.578077, 0.578077, 0.58
0.8514137, 0.5867307, 0.5, 0.535, 0.55, 0.56, 0.565, 0.5675, 0.57, 0.5725, 0.5746429, 0.575, 0.575, 0.5775, 0.5775, 0.5778847, 0.5778847, 0.58
0.8516999, 0.5865384, 0.5, 0.535, 0.55, 0.56, 0.565, 0.5675, 0.57, 0.5725, 0.5744643, 0.575, 0.575, 0.5775, 0.5775, 0.5776924, 0.5776924, 0.58
0.8519863, 0.5863461, 0.5, 0.535, 0.55, 0.56, 0.565, 0.5675, 0.57, 0.5725, 0.5742857, 0.575, 0.575, 0.5773076, 0.5775, 0.5775, 0.5775, 0.58
0.8528451, 0.5857692, 0.5, 0.535, 0.55, 0.5594231, 0.565, 0.5675, 0.57, 0.5725, 0.57375, 0.575, 0.575, 0.5767307, 0.5775, 0.5775, 0.5775, 0.5794231
0.8534177, 0.5853845, 0.5, 0.535, 0.55, 0.5590385, 0.5646154, 0.5675, 0.57, 0.5725, 0.5733929, 0.575, 0.575, 0.5763461, 0.5775, 0.5775, 0.5775, 0.5790384
0.8539903, 0.585, 0.5, 0.535, 0.55, 0.5586539, 0.5642309, 0.5675, 0.57, 0.5725, 0.5730358, 0.575, 0.575, 0.5759615, 0.5775, 0.5775, 0.5775, 0.5786539
0.8545628, 0.585, 0.5, 0.535, 0.55, 0.5582693, 0.5638462, 0.5675, 0.57, 0.5725, 0.5726786, 0.575, 0.575, 0.5755769, 0.5775, 0.5775, 0.5775, 0.5782692
0.8548491, 0.585, 0.5, 0.535, 0.55, 0.558077, 0.5636539, 0.5675, 0.57, 0.5723077, 0.5725, 0.575, 0.575, 0.5753846, 0.5775, 0.5775, 0.5775, 0.578077
0.8551354, 0.585, 0.5, 0.535, 0.55, 0.5578846, 0.5634616, 0.5675, 0.57, 0.5721154, 0.5725, 0.5748077, 0.575, 0.5751923, 0.5775, 0.5775, 0.5775, 0.5778846
0.8554217, 0.585, 0.5, 0.535, 0.55, 0.5576923, 0.5632693, 0.5675, 0.57, 0.571923, 0.5725, 0.5746154, 0.575, 0.575, 0.5775, 0.5775, 0.5775, 0.5776923
0.855708, 0.585, 0.5, 0.535, 0.55, 0.5575, 0.563077, 0.5675, 0.57, 0.5717307, 0.5725, 0.5744231, 0.575, 0.575, 0.5773077, 0.5775, 0.5775, 0.5775
0.8565668, 0.585, 0.5, 0.535, 0.55, 0.5575, 0.5625, 0.5675, 0.57, 0.5711538, 0.5725, 0.5738462, 0.575, 0.575, 0.5767308, 0.5775, 0.5775, 0.5775
0.8574257, 0.585, 0.5, 0.535, 0.55, 0.5575, 0.5625, 0.5675, 0.57, 0.5705769, 0.5725, 0.5732692, 0.575, 0.575, 0.5761539, 0.5775, 0.5775, 0.5775
0.857712, 0.585, 0.5, 0.535, 0.55, 0.5575, 0.5625, 0.5673077, 0.57, 0.5703846, 0.5725, 0.573077, 0.575, 0.575, 0.5759616, 0.5775, 0.5775, 0.5775
0.8579983, 0.585, 0.5, 0.535, 0.55, 0.5575, 0.5625, 0.5671154, 0.5698077, 0.5701923, 0.5725, 0.5728846, 0.575, 0.575, 0.5757692, 0.5775, 0.5775, 0.5775
0.8582845, 0.585, 0.5, 0.535, 0.55, 0.5575, 0.5625, 0.5669231, 0.5696154, 0.57, 0.5725, 0.5726923, 0.575, 0.575, 0.575577, 0.5775, 0.5775, 0.5775
0.8585708, 0.585, 0.5, 0.535, 0.55, 0.5575, 0.5625, 0.5667308, 0.5694231, 0.57, 0.5725, 0.5725, 0.575, 0.575, 0.5753847, 0.5775, 0.5775, 0.5775
0.8588571, 0.585, 0.5, 0.535, 0.55, 0.5575, 0.5625, 0.5665385, 0.5692308, 0.57, 0.5725, 0.5725, 0.575, 0.575, 0.5751923, 0.5775, 0.5775, 0.5775
0.8591434, 0.585, 0.5, 0.535, 0.55, 0.5575, 0.5625, 0.5663461, 0.5690385, 0.57, 0.5725, 0.5725, 0.5748076, 0.575, 0.575, 0.5775, 0.5775, 0.5775
0.8594297, 0.585, 0.5, 0.535, 0.55, 0.5575, 0.5625, 0.5661538, 0.5688462, 0.57, 0.5725, 0.5725, 0.5746153, 0.575, 0.575, 0.5775, 0.5775, 0.5775
0.8602886, 0.585, 0.5, 0.535, 0.55, 0.5575, 0.5625, 0.5655769, 0.5682693, 0.57, 0.5725, 0.5725, 0.5740384, 0.575, 0.575, 0.5769231, 0.5769231, 0.5775
0.8611474, 0.585, 0.5, 0.535, 0.55, 0.5575, 0.5625, 0.565, 0.5676923, 0.57, 0.5725, 0.5725, 0.5734615, 0.575, 0.575, 0.5763462, 0.5763462, 0.5775
0.8614337, 0.585, 0.5, 0.535, 0.55, 0.5575, 0.5625, 0.565, 0.5675, 0.57, 0.5725, 0.5725, 0.5732692, 0.575, 0.575, 0.5761539, 0.5761539, 0.5775
0.86172, 0.5848076, 0.5, 0.535, 0.55, 0.5575, 0.5625, 0.565, 0.5675, 0.57, 0.5725, 0.5725, 0.5730768, 0.575, 0.575, 0.5759616, 0.5759616, 0.5775
0.8620062, 0.5846153, 0.5, 0.535, 0.5498077, 0.5575, 0.5625, 0.565, 0.5675, 0.57, 0.5725, 0.5725, 0.5728846, 0.575, 0.575, 0.5757693, 0.5757693, 0.5775
0.8622925, 0.5844231, 0.5, 0.535, 0.5496154, 0.5575, 0.5625, 0.565, 0.5675, 0.57, 0.5725, 0.5725, 0.5726923, 0.575, 0.575, 0.575577, 0.575577, 0.5775
0.8625788, 0.5842307, 0.5, 0.535, 0.549423, 0.5575, 0.5625, 0.565, 0.5675, 0.57, 0.5723076, 0.5725, 0.5725, 0.575, 0.575, 0.5753847, 0.5753847, 0.5775
0.8628651, 0.5840384, 0.5, 0.535, 0.5492307, 0.5575, 0.5625, 0.565, 0.5675, 0.57, 0.5721153, 0.5725, 0.5725, 0.575, 0.575, 0.5751923, 0.5751923, 0.5775
0.8631514, 0.5838461, 0.5, 0.535, 0.5490384, 0.5575, 0.5625, 0.565, 0.5675, 0.57, 0.571923, 0.5725, 0.5725, 0.5748076, 0.575, 0.575, 0.575, 0.5775
0.8634377, 0.5836538, 0.5, 0.535, 0.5488461, 0.5573077, 0.5625, 0.565, 0.5675, 0.57, 0.5717307, 0.5725, 0.5725, 0.5746154, 0.575, 0.575, 0.575, 0.5773077
0.8640103, 0.5832692, 0.5, 0.535, 0.5484615, 0.5569231, 0.5625, 0.565, 0.5675, 0.57, 0.5713461, 0.5725, 0.5725, 0.5742307, 0.575, 0.575, 0.575, 0.5769231
0.8648691, 0.5826923, 0.5, 0.535, 0.5478846, 0.5563462, 0.5619643, 0.565, 0.5675, 0.57, 0.5707692, 0.5725, 0.5725, 0.5736538, 0.575, 0.575, 0.575, 0.5763462
0.8651554, 0.5825, 0.5, 0.535, 0.5476923, 0.5561539, 0.5617858, 0.565, 0.5675, 0.57, 0.5705769, 0.5725, 0.5725, 0.5734615, 0.575, 0.575, 0.575, 0.5761539
0.8654417, 0.5825, 0.5, 0.535, 0.5475, 0.5559615, 0.5616072, 0.565, 0.5675, 0.57, 0.5703846, 0.5725, 0.5725, 0.5732692, 0.575, 0.575, 0.575, 0.5759615
0.865728, 0.5825, 0.5, 0.535, 0.5475, 0.5557693, 0.5614286, 0.565, 0.5675, 0.57, 0.5701923, 0.5725, 0.5725, 0.5730769, 0.575, 0.575, 0.575, 0.5757692
0.8660142, 0.5825, 0.5, 0.535, 0.5475, 0.555577, 0.5612501, 0.565, 0.5675, 0.5698077, 0.57, 0.5725, 0.5725, 0.5728846, 0.575, 0.575, 0.575, 0.575577
0.8663005, 0.5825, 0.5, 0.535, 0.5475, 0.5553846, 0.5610715, 0.565, 0.5675, 0.5696154, 0.57, 0.5723077, 0.5725, 0.5726923, 0.575, 0.575, 0.575, 0.5753846
0.8665869, 0.5825, 0.5, 0.535, 0.5475, 0.5551923, 0.5608929, 0.565, 0.5675, 0.569423, 0.57, 0.5721154, 0.5725, 0.5725, 0.575, 0.575, 0.575, 0.5751923
0.8668731, 0.5825, 0.5, 0.535, 0.5475, 0.555, 0.5607143, 0.565, 0.5675, 0.5692307, 0.57, 0.5719231, 0.5725, 0.5725, 0.5748077, 0.5748077, 0.575, 0.575
0.8674457, 0.5825, 0.5, 0.535, 0.5475, 0.555, 0.5603572, 0.565, 0.5675, 0.5688461, 0.57, 0.5715384, 0.5725, 0.5725, 0.5744231, 0.5744231, 0.575, 0.575
0.8680183, 0.5825, 0.5, 0.535, 0.5475, 0.555, 0.56, 0.565, 0.5675, 0.5684615, 0.57, 0.5711539, 0.5725, 0.5725, 0.5740385, 0.5740385, 0.575, 0.575
0.8685908, 0.5825, 0.5, 0.535, 0.5475, 0.555, 0.56, 0.565, 0.5675, 0.5680769, 0.57, 0.5707693, 0.5725, 0.5725, 0.5736539, 0.5736539, 0.575, 0.575
0.8688771, 0.5825, 0.5, 0.535, 0.5475, 0.555, 0.56, 0.5648077, 0.5675, 0.5678846, 0.57, 0.570577, 0.5725, 0.5725, 0.5734616, 0.5734616, 0.575, 0.575
0.8691634, 0.5823077, 0.5, 0.535, 0.5475, 0.555, 0.56, 0.5646154, 0.5673077, 0.5676923, 0.57, 0.5703846, 0.5725, 0.5725, 0.5732692, 0.5732692, 0.575, 0.575
0.8694497, 0.5821154, 0.5, 0.535, 0.5475, 0.555, 0.56, 0.5644231, 0.5671154, 0.5675, 0.57, 0.5701923, 0.5725, 0.5725, 0.573077, 0.573077, 0.575, 0.575
0.869736, 0.5819231, 0.5, 0.535, 0.5475, 0.555, 0.56, 0.5642308, 0.5669231, 0.5675, 0.57, 0.57, 0.5725, 0.5725, 0.5728847, 0.5728847, 0.575, 0.575
0.8700222, 0.5817308, 0.5, 0.535, 0.5475, 0.555, 0.56, 0.5640385, 0.5667308, 0.5675, 0.5698077, 0.57, 0.5725, 0.5725, 0.5726923, 0.5726923, 0.575, 0.575
0.8703086, 0.5815384, 0.5, 0.535, 0.5475, 0.555, 0.56, 0.5638461, 0.5665385, 0.5675, 0.5696154, 0.57, 0.5723076, 0.5725, 0.5725, 0.5725, 0.575, 0.575
0.8705949, 0.5813462, 0.5, 0.5348214, 0.5475, 0.555, 0.56, 0.5636538, 0.5663462, 0.5675, 0.5694231, 0.57, 0.5721153, 0.5723077, 0.5725, 0.5725, 0.575, 0.575
0.8714537, 0.5807692, 0.5, 0.5342857, 0.5475, 0.555, 0.56, 0.5630769, 0.5657693, 0.5675, 0.5688462, 0.57, 0.5715384, 0.5717308, 0.5725, 0.5725, 0.5744231, 0.5744231
0.87174, 0.580577, 0.5, 0.5341071, 0.5475, 0.555, 0.56, 0.5628846, 0.565577, 0.5675, 0.5686539, 0.57, 0.5713461, 0.5715385, 0.5725, 0.5725, 0.5742308, 0.5742308
0.8723125, 0.5801923, 0.5, 0.53375, 0.5475, 0.555, 0.56, 0.5625, 0.5651923, 0.5675, 0.5682693, 0.57, 0.5709615, 0.5711539, 0.5725, 0.5725, 0.5738462, 0.5738462
0.8725988, 0.58, 0.5, 0.5335714, 0.5475, 0.555, 0.56, 0.5625, 0.565, 0.5675, 0.568077, 0.57, 0.5707692, 0.5709616, 0.5725, 0.5725, 0.5736539, 0.5736539
0.8731714, 0.58, 0.5, 0.5332143, 0.5475, 0.555, 0.56, 0.5625, 0.565, 0.5675, 0.5676923, 0.57, 0.5703846, 0.570577, 0.5725, 0.5725, 0.5732693, 0.5732693
0.8734577, 0.58, 0.5, 0.5330357, 0.5475, 0.555, 0.56, 0.5625, 0.565, 0.5673078, 0.5675, 0.57, 0.5701923, 0.5703847, 0.5725, 0.5725, 0.573077, 0.573077
0.873744, 0.58, 0.5, 0.5328571, 0.5475, 0.555, 0.56, 0.5625, 0.565, 0.5671154, 0.5675, 0.5698076, 0.57, 0.5701923, 0.5725, 0.5725, 0.5728847, 0.5728847
0.8740303, 0.58, 0.5, 0.5326785, 0.5475, 0.555, 0.56, 0.5625, 0.565, 0.5669231, 0.5675, 0.5696153, 0.57, 0.57, 0.5725, 0.5725, 0.5726923, 0.5726923
0.8743166, 0.58, 0.5, 0.5325, 0.5475, 0.555, 0.56, 0.5625, 0.565, 0.5667308, 0.5675, 0.569423, 0.57, 0.57, 0.5723076, 0.5725, 0.5725, 0.5725
0.8746029, 0.58, 0.5, 0.5325, 0.5475, 0.555, 0.56, 0.5625, 0.565, 0.5665385, 0.5675, 0.5692307, 0.57, 0.57, 0.5721154, 0.5725, 0.5725, 0.5725
0.8754617, 0.58, 0.5, 0.5325, 0.5475, 0.5544231, 0.56, 0.5625, 0.565, 0.5659616, 0.5675, 0.5686538, 0.57, 0.57, 0.5715384, 0.5725, 0.5725, 0.5725
0.8760343, 0.58, 0.5, 0.5325, 0.5475, 0.5540385, 0.5596154, 0.5625, 0.565, 0.565577, 0.5675, 0.5682692, 0.57, 0.57, 0.5711538, 0.5725, 0.5725, 0.5725
0.8763205, 0.5798077, 0.5, 0.5325, 0.5475, 0.5538462, 0.5594231, 0.5623078, 0.565, 0.5653847, 0.5675, 0.5680769, 0.57, 0.57, 0.5709615, 0.5725, 0.5725, 0.5725
0.8768931, 0.5794231, 0.5, 0.5325, 0.5475, 0.5534616, 0.5590385, 0.5619231, 0.5646154, 0.565, 0.5675, 0.5676923, 0.57, 0.57, 0.5705769, 0.5725, 0.5725, 0.5725
0.8771794, 0.5792308, 0.5, 0.5325, 0.5473077, 0.5532693, 0.5588462, 0.5617309, 0.5644231, 0.565, 0.5675, 0.5675, 0.57, 0.57, 0.5703846, 0.5725, 0.5725, 0.5725
0.8774657, 0.5790384, 0.5, 0.5325, 0.5471154, 0.5530769, 0.5586539, 0.5615385, 0.5642307, 0.565, 0.5675, 0.5675, 0.57, 0.57, 0.5701923, 0.5725, 0.5725, 0.5725
0.877752, 0.5788461, 0.5, 0.5325, 0.546923, 0.5528846, 0.5584615, 0.5613462, 0.5640384, 0.565, 0.5675, 0.5675, 0.5698076, 0.57, 0.57, 0.5725, 0.5725, 0.5725
0.8780383, 0.5786538, 0.5, 0.5325, 0.5467308, 0.5526923, 0.5582693, 0.5611539, 0.5638461, 0.565, 0.5675, 0.5675, 0.5696154, 0.57, 0.57, 0.5723077, 0.5725, 0.5725
0.8783246, 0.5784615, 0.5, 0.5325, 0.5465385, 0.5525, 0.558077, 0.5609616, 0.5636538, 0.565, 0.5675, 0.5675, 0.5694231, 0.57, 0.57, 0.5721154, 0.5723077, 0.5723077
0.8791834, 0.5778846, 0.5, 0.5325, 0.5459616, 0.5525, 0.5575, 0.5603847, 0.5630769, 0.565, 0.5675, 0.5675, 0.5688462, 0.57, 0.57, 0.5715385, 0.5717308, 0.5717308
0.8794697, 0.5776923, 0.5, 0.5325, 0.5457692, 0.5525, 0.5575, 0.5601923, 0.5628846, 0.565, 0.5675, 0.5675, 0.5686538, 0.57, 0.57, 0.5713462, 0.5715384, 0.5715384
0.879756, 0.5775, 0.5, 0.5325, 0.5455769, 0.5525, 0.5575, 0.56, 0.5626923, 0.565, 0.5675, 0.5675, 0.5684615, 0.57, 0.57, 0.5711539, 0.5713462, 0.5713462
0.8800423, 0.5775, 0.5, 0.5325, 0.5453846, 0.5525, 0.5575, 0.56, 0.5625, 0.565, 0.5675, 0.5675, 0.5682693, 0.57, 0.57, 0.5709616, 0.5711539, 0.5711539
0.8806148, 0.5775, 0.5, 0.5325, 0.545, 0.5525, 0.5575, 0.56, 0.5625, 0.565, 0.5675, 0.5675, 0.5678846, 0.57, 0.57, 0.570577, 0.5707693, 0.5707693
0.8809011, 0.5775, 0.5, 0.5325, 0.545, 0.5525, 0.5575, 0.56, 0.5625, 0.565, 0.5673078, 0.5675, 0.5676923, 0.57, 0.57, 0.5703847, 0.570577, 0.570577
0.8811874, 0.5775, 0.5, 0.5325, 0.545, 0.5525, 0.5575, 0.56, 0.5625, 0.565, 0.5671154, 0.5675, 0.5675, 0.57, 0.57, 0.5701923, 0.5703846, 0.5703846
0.8814737, 0.5775, 0.5, 0.5325, 0.545, 0.5525, 0.5575, 0.56, 0.5625, 0.565, 0.5669231, 0.5675, 0.5675, 0.5698076, 0.57, 0.57, 0.5701923, 0.5701923
0.88176, 0.5775, 0.5, 0.5325, 0.545, 0.5525, 0.5575, 0.56, 0.5625, 0.565, 0.5667308, 0.5675, 0.5675, 0.5696153, 0.5698077, 0.57, 0.57, 0.57
0.8820463, 0.5775, 0.5, 0.5325, 0.545, 0.5525, 0.5575, 0.56, 0.5625, 0.565, 0.5665385, 0.5675, 0.5675, 0.569423, 0.5696154, 0.57, 0.57, 0.57
0.8829051, 0.5775, 0.5, 0.5325, 0.545, 0.5525, 0.5575, 0.56, 0.5625, 0.565, 0.5659616, 0.5675, 0.5675, 0.5688461, 0.5690385, 0.57, 0.57, 0.57
0.8834777, 0.5775, 0.5, 0.5325, 0.545, 0.5525, 0.5571154, 0.56, 0.5625, 0.565, 0.565577, 0.5675, 0.5675, 0.5684615, 0.5686539, 0.57, 0.57, 0.57
0.883764, 0.5773078, 0.5, 0.5325, 0.545, 0.5525, 0.5569231, 0.56, 0.5625, 0.565, 0.5653847, 0.5675, 0.5675, 0.5682692, 0.5684616, 0.57, 0.57, 0.57
0.8840503, 0.5771154, 0.5, 0.5325, 0.545, 0.5525, 0.5567307, 0.56, 0.5623077, 0.565, 0.5651923, 0.5675, 0.5675, 0.5680768, 0.5682693, 0.57, 0.57, 0.57
0.8843365, 0.5769231, 0.5, 0.5325, 0.545, 0.5525, 0.5565385, 0.56, 0.5621154, 0.5648077, 0.565, 0.5675, 0.5675, 0.5678846, 0.568077, 0.57, 0.57, 0.57
0.8846228, 0.5767308, 0.5, 0.5325, 0.545, 0.5525, 0.5563462, 0.56, 0.5619231, 0.5646154, 0.565, 0.5675, 0.5675, 0.5676923, 0.5678847, 0.57, 0.57, 0.57
0.8849091, 0.5765385, 0.5, 0.5325, 0.545, 0.5525, 0.5561538, 0.56, 0.5617308, 0.564423, 0.565, 0.5673077, 0.5675, 0.5675, 0.5676923, 0.57, 0.57, 0.57
0.8851954, 0.5763462, 0.5, 0.5325, 0.545, 0.5525, 0.5559615, 0.56, 0.5615385, 0.5642307, 0.565, 0.5671153, 0.5673076, 0.5675, 0.5675, 0.57, 0.57, 0.57
0.8854817, 0.5761539, 0.5, 0.5325, 0.545, 0.5525, 0.5557692, 0.56, 0.5613462, 0.5640384, 0.565, 0.566923, 0.5671153, 0.5675, 0.5675, 0.5698076, 0.5698076, 0.57
0.885768, 0.5759616, 0.5, 0.5325, 0.545, 0.5525, 0.5555769, 0.56, 0.5611539, 0.5638461, 0.565, 0.5667307, 0.566923, 0.5675, 0.5675, 0.5696154, 0.5696154, 0.5698078
0.8866268, 0.5753847, 0.5, 0.5319231, 0.545, 0.5519231, 0.555, 0.56, 0.560577, 0.5632692, 0.565, 0.5661538, 0.5663461, 0.5675, 0.5675, 0.5690385, 0.5690385, 0.5692309
0.8871994, 0.575, 0.5, 0.5315384, 0.545, 0.5515385, 0.555, 0.56, 0.5601923, 0.5628846, 0.565, 0.5657692, 0.5659615, 0.5675, 0.5675, 0.5686538, 0.5686538, 0.5688462
0.8874857, 0.575, 0.5, 0.5313461, 0.545, 0.5513462, 0.555, 0.5598078, 0.56, 0.5626923, 0.565, 0.5655769, 0.5657692, 0.5675, 0.5675, 0.5684615, 0.5684615, 0.5686539
0.887772, 0.575, 0.5, 0.5311538, 0.545, 0.5511538, 0.555, 0.5596154, 0.56, 0.5625, 0.565, 0.5653846, 0.5655769, 0.5675, 0.5675, 0.5682692, 0.5682692, 0.5684616
0.8880582, 0.575, 0.5, 0.5309615, 0.545, 0.5509616, 0.555, 0.5594231, 0.56, 0.5625, 0.565, 0.5651923, 0.5653846, 0.5675, 0.5675, 0.5680769, 0.5680769, 0.5682693
0.8883445, 0.575, 0.5, 0.5307692, 0.5448077, 0.5507693, 0.555, 0.5592309, 0.56, 0.5625, 0.5648077, 0.565, 0.5651923, 0.5675, 0.5675, 0.5678846, 0.5678846, 0.568077
0.8886308, 0.575, 0.5, 0.5305769, 0.5446154, 0.5505769, 0.555, 0.5590385, 0.56, 0.5625, 0.5646154, 0.565, 0.565, 0.5675, 0.5675, 0.5676923, 0.5676923, 0.5678847
0.8889171, 0.575, 0.5, 0.5303845, 0.544423, 0.5503846, 0.555, 0.5588462, 0.56, 0.5625, 0.564423, 0.565, 0.565, 0.5673077, 0.5675, 0.5675, 0.5675, 0.5676923
0.8892034, 0.575, 0.5, 0.5301923, 0.5442308, 0.5501923, 0.555, 0.5586539, 0.56, 0.5625, 0.5642307, 0.565, 0.565, 0.5671154, 0.5672917, 0.5675, 0.5675, 0.5675
0.8894897, 0.575, 0.5, 0.53, 0.5440385, 0.55, 0.555, 0.5584616, 0.56, 0.5625, 0.5640385, 0.565, 0.565, 0.5669231, 0.5670834, 0.5675, 0.5675, 0.5675
0.8903486, 0.575, 0.5, 0.53, 0.5434616, 0.55, 0.555, 0.5578847, 0.56, 0.5625, 0.5634615, 0.565, 0.565, 0.5663462, 0.5664583, 0.5675, 0.5675, 0.5675
0.8906348, 0.575, 0.5, 0.53, 0.5432692, 0.55, 0.555, 0.5576923, 0.56, 0.5625, 0.5632692, 0.565, 0.565, 0.5661538, 0.56625, 0.5675, 0.5675, 0.5675
0.8909211, 0.5748077, 0.5, 0.53, 0.5430769, 0.55, 0.555, 0.5575, 0.56, 0.5625, 0.5630769, 0.565, 0.565, 0.5659615, 0.5660417, 0.5675, 0.5675, 0.5675
0.8912074, 0.5746154, 0.5, 0.53, 0.5428846, 0.55, 0.555, 0.5575, 0.56, 0.5625, 0.5628846, 0.565, 0.565, 0.5657693, 0.5658334, 0.5675, 0.5675, 0.5675
0.8914937, 0.5744231, 0.5, 0.53, 0.5426923, 0.55, 0.555, 0.5575, 0.56, 0.5625, 0.5626923, 0.565, 0.565, 0.5655769, 0.565625, 0.5675, 0.5675, 0.5675
0.89178, 0.5742308, 0.5, 0.53, 0.5425, 0.55, 0.555, 0.5575, 0.56, 0.5623077, 0.5625, 0.565, 0.565, 0.5653846, 0.5654167, 0.5675, 0.5675, 0.5675
0.8920662, 0.5740385, 0.5, 0.53, 0.5425, 0.55, 0.555, 0.5575, 0.56, 0.5621154, 0.5625, 0.565, 0.565, 0.5651923, 0.5652084, 0.5675, 0.5675, 0.5675
0.8923525, 0.5738462, 0.5, 0.53, 0.5425, 0.55, 0.555, 0.5575, 0.56, 0.5619231, 0.5625, 0.5648077, 0.565, 0.565, 0.565, 0.5675, 0.5675, 0.5675
0.8926389, 0.5736538, 0.5, 0.53, 0.5425, 0.55, 0.555, 0.5575, 0.56, 0.5617307, 0.5625, 0.5646154, 0.5647917, 0.565, 0.565, 0.5675, 0.5675, 0.5675
0.8932114, 0.5732692, 0.5, 0.53, 0.5425, 0.55, 0.555, 0.5575, 0.56, 0.5613462, 0.5625, 0.5642308, 0.564375, 0.565, 0.565, 0.5671154, 0.5671154, 0.5671154
0.8934977, 0.5730769, 0.5, 0.53, 0.5425, 0.55, 0.555, 0.5575, 0.56, 0.5611538, 0.5625, 0.5640385, 0.5641667, 0.565, 0.565, 0.5669231, 0.5669231, 0.5669231
0.8940703, 0.5726923, 0.5, 0.53, 0.5425, 0.55, 0.555, 0.5575, 0.56, 0.5607693, 0.5625, 0.5636539, 0.56375, 0.565, 0.565, 0.5665385, 0.5665385, 0.5665385
0.8943565, 0.5725, 0.5, 0.53, 0.5425, 0.55, 0.5548077, 0.5575, 0.56, 0.5605769, 0.5625, 0.5634615, 0.5635417, 0.565, 0.565, 0.5663462, 0.5663462, 0.5663462
0.8946428, 0.5725, 0.5, 0.53, 0.5425, 0.55, 0.5546154, 0.5575, 0.56, 0.5603846, 0.5625, 0.5632693, 0.5633334, 0.565, 0.565, 0.5661539, 0.5661539, 0.5661539
0.8949291, 0.5725, 0.5, 0.53, 0.5425, 0.55, 0.5544231, 0.5573077, 0.56, 0.5601923, 0.5625, 0.563077, 0.563125, 0.565, 0.565, 0.5659616, 0.5659616, 0.5659616
0.8952154, 0.5725, 0.5, 0.53, 0.5425, 0.55, 0.5542307, 0.5571154, 0.5598077, 0.56, 0.5625, 0.5628846, 0.5629167, 0.565, 0.565, 0.5657693, 0.5657693, 0.5657693
0.8955017, 0.5725, 0.5, 0.53, 0.5425, 0.55, 0.5540385, 0.5569231, 0.5596154, 0.56, 0.5625, 0.5626923, 0.5627084, 0.565, 0.565, 0.565577, 0.565577, 0.565577
0.895788, 0.5725, 0.5, 0.53, 0.5425, 0.55, 0.5538462, 0.5567308, 0.5594231, 0.56, 0.5623078, 0.5625, 0.5625, 0.565, 0.565, 0.5653847, 0.5653847, 0.5653847
0.8960742, 0.5725, 0.5, 0.53, 0.5425, 0.55, 0.5536538, 0.5565385, 0.5592308, 0.56, 0.5621154, 0.5625, 0.5625, 0.565, 0.565, 0.5651923, 0.5651923, 0.5651923
0.8963606, 0.5725, 0.5, 0.53, 0.5425, 0.55, 0.5534615, 0.5563461, 0.5590385, 0.56, 0.5619231, 0.5625, 0.5625, 0.5648076, 0.5648076, 0.565, 0.565, 0.565
0.8969331, 0.5725, 0.5, 0.53, 0.5425, 0.55, 0.5530769, 0.5559615, 0.5586539, 0.56, 0.5615385, 0.5625, 0.5625, 0.564423, 0.564423, 0.565, 0.565, 0.565
0.8972194, 0.5725, 0.5, 0.53, 0.5425, 0.5498077, 0.5528846, 0.5557692, 0.5584615, 0.56, 0.5613462, 0.5625, 0.5625, 0.5642307, 0.5642307, 0.565, 0.565, 0.565
0.897792, 0.5725, 0.5, 0.53, 0.5425, 0.5494231, 0.5525, 0.5553846, 0.558077, 0.56, 0.5609616, 0.5625, 0.5625, 0.5638461, 0.5638461, 0.565, 0.565, 0.565
0.8980783, 0.5725, 0.5, 0.53, 0.5425, 0.5492308, 0.5525, 0.5551923, 0.5578846, 0.56, 0.5607693, 0.5625, 0.5625, 0.5636538, 0.5636538, 0.565, 0.565, 0.565
0.8983645, 0.5723076, 0.5, 0.53, 0.5425, 0.5490385, 0.5525, 0.555, 0.5576923, 0.56, 0.560577, 0.5625, 0.5625, 0.5634615, 0.5634615, 0.565, 0.565, 0.565
0.8986508, 0.5721154, 0.5, 0.53, 0.5425, 0.5488462, 0.5525, 0.555, 0.5575, 0.56, 0.5603847, 0.5625, 0.5625, 0.5632692, 0.5632692, 0.565, 0.565, 0.565
0.8989371, 0.571923, 0.5, 0.53, 0.5425, 0.5486538, 0.5525, 0.555, 0.5575, 0.56, 0.5601923, 0.5625, 0.5625, 0.5630769, 0.5630769, 0.565, 0.565, 0.565
0.8992234, 0.5717307, 0.5, 0.53, 0.5425, 0.5484616, 0.5525, 0.555, 0.5575, 0.5598077, 0.56, 0.5625, 0.5625, 0.5628846, 0.5628846, 0.565, 0.565, 0.565
0.8995097, 0.5715384, 0.5, 0.53, 0.5425, 0.5482693, 0.5525, 0.555, 0.5575, 0.5596154, 0.56, 0.5625, 0.5625, 0.5626923, 0.5626923, 0.565, 0.565, 0.565
0.8997959, 0.5713461, 0.5, 0.53, 0.5423077, 0.5480769, 0.5525, 0.555, 0.5575, 0.559423, 0.56, 0.5623077, 0.5623077, 0.5625, 0.5625, 0.565, 0.565, 0.565
0.9000823, 0.5711538, 0.5, 0.53, 0.5421153, 0.5478846, 0.5525, 0.555, 0.5575, 0.5592307, 0.56, 0.5621153, 0.5621153, 0.5625, 0.5625, 0.5648077, 0.565, 0.565
0.9006549, 0.5707692, 0.5, 0.53, 0.5417308, 0.5475, 0.5525, 0.555, 0.5575, 0.5588461, 0.56, 0.5617307, 0.5617307, 0.5625, 0.5625, 0.5644231, 0.5646154, 0.5646154
0.9009411, 0.5705768, 0.5, 0.53, 0.5415384, 0.5475, 0.5525, 0.555, 0.5575, 0.5586538, 0.56, 0.5615384, 0.5615384, 0.5625, 0.5625, 0.5642307, 0.564423, 0.564423
0.9015137, 0.5701923, 0.5, 0.5296428, 0.5411538, 0.5475, 0.5525, 0.555, 0.5575, 0.5582692, 0.56, 0.5611538, 0.5611538, 0.5625, 0.5625, 0.5638462, 0.5640385, 0.5640385
0.9018, 0.57, 0.5, 0.5294642, 0.5409615, 0.5475, 0.5523077, 0.555, 0.5575, 0.5580769, 0.56, 0.5609615, 0.5609615, 0.5625, 0.5625, 0.5636538, 0.5638461, 0.5638461
0.9020863, 0.57, 0.5, 0.5292857, 0.5407692, 0.5475, 0.5521154, 0.555, 0.5575, 0.5578846, 0.56, 0.5607692, 0.5607692, 0.5625, 0.5625, 0.5634615, 0.5636538, 0.5636538
0.9023725, 0.57, 0.5, 0.5291071, 0.5405769, 0.5475, 0.5519232, 0.5548078, 0.5575, 0.5576923, 0.56, 0.5605769, 0.5605769, 0.5625, 0.5625, 0.5632693, 0.5634615, 0.5634615
0.9026588, 0.57, 0.5, 0.5289285, 0.5403846, 0.5475, 0.5517308, 0.5546154, 0.5573077, 0.5575, 0.56, 0.5603846, 0.5603846, 0.5625, 0.5625, 0.5630769, 0.5632692, 0.5632692
0.9029451, 0.57, 0.5, 0.5287499, 0.5401923, 0.5475, 0.5515385, 0.5544232, 0.5571154, 0.5575, 0.56, 0.5601923, 0.5601923, 0.5625, 0.5625, 0.5628846, 0.5630769, 0.5630769
0.9032314, 0.57, 0.5, 0.5285714, 0.54, 0.5475, 0.5513462, 0.5542309, 0.5569231, 0.5575, 0.5598077, 0.56, 0.56, 0.5625, 0.5625, 0.5626923, 0.5628846, 0.5628846
0.9035177, 0.57, 0.5, 0.5283929, 0.54, 0.5475, 0.5511539, 0.5540385, 0.5567307, 0.5575, 0.5596154, 0.56, 0.56, 0.5625, 0.5625, 0.5625, 0.5626923, 0.5626923
0.903804, 0.57, 0.5, 0.5282142, 0.54, 0.5475, 0.5509616, 0.5538462, 0.5565384, 0.5575, 0.559423, 0.56, 0.56, 0.5622916, 0.5623077, 0.5625, 0.5625, 0.5625
0.9043766, 0.57, 0.5, 0.5278571, 0.54, 0.5475, 0.550577, 0.5534616, 0.5561538, 0.5575, 0.5590385, 0.56, 0.56, 0.5618749, 0.5619231, 0.5625, 0.5625, 0.5625
0.9049491, 0.57, 0.5, 0.5275, 0.54, 0.5471154, 0.5501924, 0.553077, 0.5557692, 0.5575, 0.5586538, 0.56, 0.56, 0.5614583, 0.5615385, 0.5625, 0.5625, 0.5625
0.9052354, 0.57, 0.5, 0.5275, 0.54, 0.5469232, 0.55, 0.5528847, 0.5555769, 0.5575, 0.5584615, 0.56, 0.56, 0.5612499, 0.5613462, 0.5625, 0.5625, 0.5625
0.905808, 0.5696154, 0.5, 0.5275, 0.54, 0.5465385, 0.55, 0.5525, 0.5551923, 0.5575, 0.5580769, 0.56, 0.56, 0.5608333, 0.5609615, 0.5625, 0.5625, 0.5625
0.9060943, 0.5694231, 0.5, 0.5275, 0.54, 0.5463462, 0.55, 0.5525, 0.555, 0.5575, 0.5578846, 0.56, 0.56, 0.560625, 0.5607693, 0.5625, 0.5625, 0.5625
0.9063805, 0.5692308, 0.5, 0.5275, 0.54, 0.5461539, 0.55, 0.5525, 0.555, 0.5575, 0.5576923, 0.56, 0.56, 0.5604166, 0.5605769, 0.5625, 0.5625, 0.5625
0.9066668, 0.5690385, 0.5, 0.5275, 0.54, 0.5459616, 0.55, 0.5525, 0.555, 0.5573077, 0.5575, 0.56, 0.56, 0.5602083, 0.5603846, 0.5625, 0.5625, 0.5625
0.9069531, 0.5688462, 0.5, 0.5275, 0.54, 0.5457693, 0.55, 0.5525, 0.555, 0.5571154, 0.5575, 0.5598078, 0.56, 0.56, 0.5601923, 0.5625, 0.5625, 0.5625
0.9072394, 0.5686539, 0.5, 0.5275, 0.54, 0.545577, 0.55, 0.5525, 0.555, 0.5569231, 0.5575, 0.5596154, 0.5598077, 0.56, 0.56, 0.5625, 0.5625, 0.5625
0.9075257, 0.5684615, 0.5, 0.5275, 0.54, 0.5453846, 0.55, 0.5525, 0.555, 0.5567307, 0.5575, 0.5594231, 0.5596154, 0.56, 0.56, 0.5623076, 0.5623076, 0.5625
0.9080983, 0.568077, 0.5, 0.5275, 0.54, 0.545, 0.55, 0.5525, 0.555, 0.5563462, 0.5575, 0.5590385, 0.5592308, 0.56, 0.56, 0.561923, 0.561923, 0.5620833
0.9086708, 0.5676923, 0.5, 0.5275, 0.54, 0.545, 0.55, 0.5525, 0.555, 0.5559615, 0.5575, 0.5586539, 0.5588462, 0.56, 0.56, 0.5615384, 0.5615384, 0.5616667
0.9089571, 0.5675, 0.5, 0.5275, 0.54, 0.545, 0.55, 0.5525, 0.555, 0.5557693, 0.5575, 0.5584616, 0.5586539, 0.56, 0.56, 0.5613461, 0.5613461, 0.5614583
0.9092434, 0.5673077, 0.5, 0.5275, 0.54, 0.545, 0.5498077, 0.5525, 0.555, 0.5555769, 0.5575, 0.5582693, 0.5584615, 0.56, 0.56, 0.5611538, 0.5611538, 0.56125
0.909816, 0.5669231, 0.5, 0.5275, 0.54, 0.545, 0.5494231, 0.5521154, 0.555, 0.5551924, 0.5575, 0.5578847, 0.558077, 0.56, 0.56, 0.5607692, 0.5607692, 0.5608333
0.9101022, 0.5667308, 0.5, 0.5275, 0.54, 0.545, 0.5492308, 0.5519231, 0.5548077, 0.555, 0.5575, 0.5576923, 0.5578846, 0.56, 0.56, 0.5605769, 0.5605769, 0.560625
0.9103885, 0.5665385, 0.5, 0.5275, 0.54, 0.545, 0.5490385, 0.5517308, 0.5546154, 0.555, 0.5575, 0.5575, 0.5576923, 0.56, 0.56, 0.5603846, 0.5603846, 0.5604166
0.9106748, 0.5663462, 0.5, 0.5275, 0.54, 0.545, 0.5488462, 0.5515385, 0.5544232, 0.555, 0.5572916, 0.5573078, 0.5575, 0.56, 0.56, 0.5601923, 0.5601923, 0.5602083
0.9109611, 0.5661539, 0.5, 0.5275, 0.5398077, 0.545, 0.5486538, 0.5513462, 0.5542308, 0.555, 0.5570833, 0.5571154, 0.5575, 0.5598077, 0.56, 0.56, 0.56, 0.56
0.9115337, 0.5657693, 0.5, 0.5275, 0.539423, 0.545, 0.5482692, 0.5509616, 0.5538462, 0.555, 0.5566666, 0.5567308, 0.5575, 0.559423, 0.5595833, 0.5596153, 0.56, 0.56
0.91182, 0.565577, 0.5, 0.5275, 0.5392308, 0.545, 0.5480769, 0.5507693, 0.5536539, 0.555, 0.5564583, 0.5565385, 0.5575, 0.5592307, 0.559375, 0.559423, 0.56, 0.56
0.9123926, 0.5651923, 0.5, 0.5275, 0.5388461, 0.5446154, 0.5476923, 0.5503846, 0.5532693, 0.555, 0.5560416, 0.5561539, 0.5575, 0.5588461, 0.5589583, 0.5590384, 0.56, 0.56
0.9126788, 0.565, 0.5, 0.5275, 0.5386539, 0.5444231, 0.5475, 0.5501924, 0.553077, 0.555, 0.5558333, 0.5559616, 0.5575, 0.5586538, 0.55875, 0.5588461, 0.56, 0.56
0.9129651, 0.565, 0.5, 0.5275, 0.5384615, 0.5442308, 0.5475, 0.55, 0.5528846, 0.555, 0.555625, 0.5557693, 0.5575, 0.5584615, 0.5585417, 0.5586538, 0.56, 0.56
0.9135377, 0.565, 0.5, 0.5275, 0.5380769, 0.5438462, 0.5475, 0.55, 0.5525, 0.555, 0.5552083, 0.5553847, 0.5575, 0.5580769, 0.558125, 0.5582692, 0.56, 0.56
0.913824, 0.565, 0.5, 0.5275, 0.5378846, 0.5436538, 0.5475, 0.55, 0.5525, 0.555, 0.555, 0.5551924, 0.5575, 0.5578846, 0.5579166, 0.5580769, 0.56, 0.56
0.9141102, 0.565, 0.5, 0.5275, 0.5376923, 0.5434616, 0.5475, 0.55, 0.5525, 0.5547916, 0.555, 0.555, 0.5575, 0.5576923, 0.5577083, 0.5578846, 0.56, 0.56
0.9143965, 0.565, 0.5, 0.5275, 0.5375, 0.5432693, 0.5475, 0.55, 0.5525, 0.5545833, 0.555, 0.555, 0.5575, 0.5575, 0.5575, 0.5576923, 0.56, 0.56
0.9146828, 0.565, 0.5, 0.5275, 0.5375, 0.5430769, 0.5475, 0.55, 0.5525, 0.554375, 0.555, 0.555, 0.5572917, 0.5573077, 0.5575, 0.5575, 0.56, 0.56
0.9155417, 0.565, 0.5, 0.5275, 0.5375, 0.5425, 0.5475, 0.55, 0.5525, 0.5537499, 0.555, 0.555, 0.5566666, 0.5567307, 0.5575, 0.5575, 0.5594231, 0.5594231
0.9161143, 0.565, 0.5, 0.5275, 0.5375, 0.5425, 0.5475, 0.55, 0.5525, 0.5533333, 0.555, 0.555, 0.55625, 0.5563461, 0.5575, 0.5575, 0.5590385, 0.5590385
0.9164006, 0.5648077, 0.5, 0.5275, 0.5375, 0.5425, 0.5475, 0.55, 0.5525, 0.553125, 0.555, 0.555, 0.5560417, 0.5561538, 0.5575, 0.5575, 0.5588462, 0.5588462
0.9166868, 0.5646154, 0.5, 0.5273076, 0.5375, 0.5425, 0.5472918, 0.55, 0.5525, 0.5529166, 0.555, 0.555, 0.5558333, 0.5559615, 0.5575, 0.5575, 0.5586538, 0.5586538
0.9169731, 0.5644231, 0.5, 0.5271153, 0.5375, 0.5425, 0.5470834, 0.5498077, 0.5525, 0.5527083, 0.555, 0.555, 0.555625, 0.5557692, 0.5575, 0.5575, 0.5584615, 0.5584615
0.9172594, 0.5642308, 0.5, 0.5269231, 0.5375, 0.5425, 0.5468751, 0.5496154, 0.5523077, 0.5525, 0.555, 0.555, 0.5554166, 0.5555769, 0.5575, 0.5575, 0.5582693, 0.5582693
0.9175457, 0.5640385, 0.5, 0.5267307, 0.5375, 0.5425, 0.5466667, 0.549423, 0.5521154, 0.5525, 0.555, 0.555, 0.5552083, 0.5553846, 0.5575, 0.5575, 0.5580769, 0.5580769
0.917832, 0.5638462, 0.5, 0.5265384, 0.5375, 0.5425, 0.5464584, 0.5492308, 0.5519231, 0.5525, 0.5548077, 0.555, 0.555, 0.5551923, 0.5575, 0.5575, 0.5578846, 0.5578846
0.9181182, 0.5636539, 0.5, 0.5263461, 0.5375, 0.5425, 0.5462501, 0.5490385, 0.5517308, 0.5525, 0.5546154, 0.5548077, 0.555, 0.555, 0.5575, 0.5575, 0.5576923, 0.5576923
0.9184045, 0.5634615, 0.5, 0.5261538, 0.5373077, 0.5425, 0.5460417, 0.5488461, 0.5515385, 0.5525, 0.5544231, 0.5546154, 0.555, 0.555, 0.5573077, 0.5573077, 0.5575, 0.5575
0.9192634, 0.5628846, 0.5, 0.5255769, 0.5367308, 0.5425, 0.5454167, 0.5482692, 0.5509616, 0.5525, 0.5538462, 0.5540385, 0.555, 0.555, 0.5567308, 0.5567308, 0.556875, 0.5575
0.9195497, 0.5626923, 0.5, 0.5253845, 0.5365385, 0.5425, 0.5452084, 0.5480769, 0.5507692, 0.5525, 0.5536538, 0.5538461, 0.555, 0.555, 0.5565385, 0.5565385, 0.5566667, 0.5575
0.919836, 0.5625, 0.5, 0.5251923, 0.5363462, 0.5425, 0.545, 0.5478846, 0.5505769, 0.5525, 0.5534616, 0.5536538, 0.555, 0.555, 0.5563462, 0.5563462, 0.5564584, 0.5575
0.9201223, 0.5622917, 0.5, 0.525, 0.5361539, 0.5425, 0.545, 0.5476923, 0.5503846, 0.5525, 0.5532693, 0.5534616, 0.555, 0.555, 0.5561539, 0.5561539, 0.55625, 0.5575
0.9204085, 0.5620833, 0.5, 0.525, 0.5359616, 0.5425, 0.545, 0.5475, 0.5501923, 0.5525, 0.5530769, 0.5532692, 0.555, 0.555, 0.5559615, 0.5559615, 0.5560417, 0.5575
0.9206948, 0.561875, 0.5, 0.525, 0.5357693, 0.5425, 0.545, 0.5475, 0.55, 0.5525, 0.5528846, 0.5530769, 0.555, 0.555, 0.5557693, 0.5557693, 0.5558333, 0.5575
0.9209811, 0.5616667, 0.5, 0.525, 0.535577, 0.5425, 0.545, 0.5475, 0.55, 0.5525, 0.5526924, 0.5528846, 0.555, 0.555, 0.555577, 0.555577, 0.555625, 0.5575
0.9212674, 0.5614583, 0.5, 0.525, 0.5353847, 0.5425, 0.545, 0.5475, 0.55, 0.5523077, 0.5525, 0.5526923, 0.555, 0.555, 0.5553846, 0.5553846, 0.5554167, 0.5575
0.9215537, 0.56125, 0.5, 0.525, 0.5351924, 0.5425, 0.545, 0.5475, 0.55, 0.5521154, 0.5523077, 0.5525, 0.555, 0.555, 0.5551924, 0.5551924, 0.5552084, 0.5575
0.92184, 0.5610417, 0.5, 0.525, 0.535, 0.5425, 0.545, 0.5475, 0.55, 0.5519232, 0.5521154, 0.5525, 0.5548078, 0.5548078, 0.555, 0.555, 0.555, 0.5575
0.9221262, 0.5608333, 0.5, 0.525, 0.535, 0.5425, 0.545, 0.5475, 0.55, 0.5517308, 0.5519231, 0.5525, 0.5546154, 0.5546154, 0.5548077, 0.555, 0.555, 0.5575
0.9229851, 0.5602083, 0.5, 0.525, 0.535, 0.5425, 0.545, 0.5475, 0.55, 0.5511539, 0.5513462, 0.5525, 0.5540385, 0.5540385, 0.5542308, 0.555, 0.555, 0.556875
0.9232714, 0.56, 0.5, 0.525, 0.535, 0.5423077, 0.545, 0.5475, 0.55, 0.5509616, 0.5511538, 0.5525, 0.5538462, 0.5538462, 0.5540385, 0.555, 0.555, 0.5566667
0.9235577, 0.56, 0.5, 0.525, 0.535, 0.5421154, 0.545, 0.5475, 0.55, 0.5507693, 0.5509616, 0.5525, 0.5536539, 0.5536539, 0.5538462, 0.555, 0.555, 0.5564584
0.923844, 0.56, 0.5, 0.525, 0.535, 0.5419231, 0.5448077, 0.5475, 0.55, 0.550577, 0.5507693, 0.5525, 0.5534616, 0.5534616, 0.5536539, 0.555, 0.555, 0.55625
0.9241303, 0.56, 0.5, 0.525, 0.535, 0.5417308, 0.5446154, 0.5475, 0.55, 0.5503846, 0.5505769, 0.5525, 0.5532693, 0.5532693, 0.5534616, 0.555, 0.555, 0.5560417
0.9244165, 0.56, 0.5, 0.525, 0.535, 0.5415385, 0.5444231, 0.5473077, 0.55, 0.5501924, 0.5503846, 0.5525, 0.553077, 0.553077, 0.5532693, 0.555, 0.555, 0.5558333
0.9247028, 0.56, 0.5, 0.525, 0.535, 0.5413462, 0.5442308, 0.5471154, 0.5498078, 0.55, 0.5501924, 0.5525, 0.5528847, 0.5528847, 0.553077, 0.555, 0.555, 0.555625
0.9249891, 0.56, 0.5, 0.525, 0.535, 0.5411538, 0.5440385, 0.5469231, 0.5496154, 0.5498077, 0.55, 0.5525, 0.5526924, 0.5526924, 0.5528846, 0.555, 0.555, 0.5554167
0.9252754, 0.56, 0.5, 0.525, 0.535, 0.5409616, 0.5438462, 0.5467308, 0.5494232, 0.5496154, 0.55, 0.5523077, 0.5525, 0.5525, 0.5526924, 0.555, 0.555, 0.5552083
0.9255617, 0.56, 0.5, 0.525, 0.535, 0.5407693, 0.5436539, 0.5465385, 0.5492309, 0.5494232, 0.55, 0.5521154, 0.5523078, 0.5525, 0.5525, 0.555, 0.555, 0.555
0.9258479, 0.56, 0.5, 0.525, 0.535, 0.5405769, 0.5434616, 0.5463462, 0.5490385, 0.5492308, 0.55, 0.551923, 0.5521154, 0.5525, 0.5525, 0.5548077, 0.5548077, 0.5548077
0.9267069, 0.56, 0.5, 0.525, 0.5344231, 0.54, 0.5428846, 0.5457693, 0.5484616, 0.5486539, 0.55, 0.5513461, 0.5515385, 0.5525, 0.5525, 0.5542307, 0.5542307, 0.5542307
0.9269931, 0.56, 0.5, 0.525, 0.5342307, 0.54, 0.5426923, 0.5455769, 0.5482693, 0.5484616, 0.55, 0.5511538, 0.5513462, 0.5525, 0.5525, 0.5540384, 0.5540384, 0.5540384
0.9272794, 0.5597916, 0.5, 0.525, 0.5340384, 0.54, 0.5425, 0.5453846, 0.548077, 0.5482693, 0.55, 0.5509615, 0.5511539, 0.5525, 0.5525, 0.5538461, 0.5538461, 0.5538461
0.927852, 0.559375, 0.5, 0.525, 0.5336538, 0.54, 0.5425, 0.545, 0.5476924, 0.5478846, 0.55, 0.5505769, 0.5507693, 0.5525, 0.5525, 0.5534615, 0.5534615, 0.5534615
0.9281383, 0.5591667, 0.5, 0.5248076, 0.5334615, 0.54, 0.5425, 0.545, 0.5475, 0.5476924, 0.55, 0.5503846, 0.550577, 0.5525, 0.5525, 0.5532692, 0.5532692, 0.5532692
0.9284245, 0.5589584, 0.5, 0.5246153, 0.5332692, 0.54, 0.5425, 0.545, 0.5473078, 0.5475, 0.55, 0.5501923, 0.5503847, 0.5525, 0.5525, 0.5530769, 0.5530769, 0.5530769
0.9287108, 0.55875, 0.5, 0.524423, 0.5330769, 0.54, 0.5425, 0.545, 0.5471154, 0.5475, 0.55, 0.55, 0.5501924, 0.5525, 0.5525, 0.5528846, 0.5528846, 0.5528846
0.9289971, 0.5585417, 0.5, 0.5242307, 0.5328846, 0.54, 0.5425, 0.545, 0.5469232, 0.5475, 0.5497917, 0.55, 0.55, 0.5525, 0.5525, 0.5526923, 0.5526923, 0.5526923
0.9292834, 0.5583333, 0.5, 0.5240384, 0.5326923, 0.54, 0.5425, 0.545, 0.5467309, 0.5475, 0.5495834, 0.55, 0.55, 0.5523077, 0.5523077, 0.5525, 0.5525, 0.5525
0.9295697, 0.558125, 0.5, 0.5238461, 0.5325, 0.54, 0.5425, 0.545, 0.5465385, 0.5475, 0.5493751, 0.55, 0.55, 0.5521154, 0.5521154, 0.5522916, 0.5525, 0.5525
0.9304286, 0.5575, 0.5, 0.5232692, 0.5325, 0.54, 0.5425, 0.545, 0.5459616, 0.5475, 0.54875, 0.55, 0.55, 0.5515385, 0.5515385, 0.5516666, 0.5525, 0.5525
0.9310011, 0.5571154, 0.5, 0.5228845, 0.5325, 0.5396155, 0.5425, 0.545, 0.545577, 0.5475, 0.5483333, 0.55, 0.55, 0.5511538, 0.5511538, 0.5512499, 0.5525, 0.5525
0.9315737, 0.5567307, 0.5, 0.5225, 0.5325, 0.5392308, 0.5421154, 0.545, 0.5451924, 0.5475, 0.5479167, 0.55, 0.55, 0.5507692, 0.5507692, 0.5508333, 0.5525, 0.5525
0.93186, 0.5565385, 0.5, 0.5225, 0.5325, 0.5390385, 0.5419232, 0.5447917, 0.545, 0.5475, 0.5477084, 0.55, 0.55, 0.5505769, 0.5505769, 0.550625, 0.5525, 0.5525
0.9321463, 0.5563462, 0.5, 0.5225, 0.5325, 0.5388463, 0.5417309, 0.5445833, 0.545, 0.5475, 0.5475, 0.55, 0.55, 0.5503846, 0.5503846, 0.5504166, 0.5525, 0.5525
0.9324325, 0.5561538, 0.5, 0.5225, 0.5325, 0.5386539, 0.5415385, 0.544375, 0.545, 0.5472917, 0.5475, 0.55, 0.55, 0.5501923, 0.5501923, 0.5502083, 0.5525, 0.5525
0.9327188, 0.5559615, 0.5, 0.5225, 0.5325, 0.5384616, 0.5413463, 0.5441667, 0.545, 0.5470834, 0.5475, 0.5498077, 0.5498077, 0.55, 0.55, 0.55, 0.5525, 0.5525
0.9330051, 0.5557693, 0.5, 0.5225, 0.5325, 0.5382693, 0.541154, 0.5439584, 0.545, 0.5468751, 0.5475, 0.5496154, 0.5496154, 0.5497916, 0.55, 0.55, 0.5523078, 0.5525
0.9332914, 0.5555769, 0.5, 0.5225, 0.5325, 0.538077, 0.5409616, 0.54375, 0.545, 0.5466667, 0.5475, 0.5494231, 0.5494231, 0.5495833, 0.55, 0.55, 0.5521154, 0.5522918
0.9341503, 0.555, 0.5, 0.5225, 0.5325, 0.5375, 0.5403847, 0.543125, 0.545, 0.5460417, 0.5475, 0.5488462, 0.5488462, 0.5489582, 0.55, 0.55, 0.5515385, 0.5516667
0.9347228, 0.555, 0.5, 0.5225, 0.5325, 0.5375, 0.54, 0.5427083, 0.545, 0.545625, 0.5475, 0.5484616, 0.5484616, 0.5485416, 0.55, 0.55, 0.5511539, 0.55125
0.9350091, 0.555, 0.5, 0.5225, 0.5325, 0.5375, 0.54, 0.5425, 0.545, 0.5454167, 0.5475, 0.5482693, 0.5482693, 0.5483333, 0.55, 0.55, 0.5509616, 0.5510417
0.9352954, 0.555, 0.5, 0.5225, 0.5325, 0.5375, 0.54, 0.5425, 0.545, 0.5452084, 0.5475, 0.5480769, 0.5480769, 0.548125, 0.55, 0.55, 0.5507693, 0.5508334
0.9355817, 0.555, 0.5, 0.5225, 0.5325, 0.5375, 0.54, 0.5425, 0.545, 0.545, 0.5475, 0.5478846, 0.5478846, 0.5479166, 0.55, 0.55, 0.550577, 0.550625
0.935868, 0.555, 0.5, 0.5225, 0.5325, 0.5375, 0.54, 0.5425, 0.5447917, 0.545, 0.5475, 0.5476924, 0.5476924, 0.5477083, 0.55, 0.55, 0.5503847, 0.5504167
0.9361542, 0.555, 0.5, 0.5225, 0.5325, 0.5375, 0.54, 0.5425, 0.5445834, 0.545, 0.5473077, 0.5475, 0.5475, 0.5475, 0.55, 0.55, 0.5501924, 0.5502084
0.9364405, 0.555, 0.5, 0.5225, 0.5325, 0.5375, 0.54, 0.5425, 0.5443751, 0.545, 0.5471154, 0.5472916, 0.5475, 0.5475, 0.55, 0.55, 0.55, 0.55
0.9370131, 0.555, 0.5, 0.5225, 0.5325, 0.5375, 0.54, 0.5425, 0.5439584, 0.545, 0.5467308, 0.546875, 0.5475, 0.5475, 0.5495834, 0.5496154, 0.5496154, 0.5496154
0.937872, 0.555, 0.5, 0.5225, 0.531923, 0.5375, 0.54, 0.5425, 0.5433334, 0.545, 0.5461539, 0.5462499, 0.5475, 0.5475, 0.5489584, 0.5490385, 0.5490385, 0.5490385
0.9384446, 0.5545834, 0.5, 0.5225, 0.5315384, 0.5371154, 0.54, 0.5425, 0.5429167, 0.545, 0.5457693, 0.5458333, 0.5475, 0.5475, 0.5485417, 0.5486539, 0.5486539, 0.5486539
0.9387308, 0.5543751, 0.5, 0.5225, 0.5313461, 0.5369231, 0.5398077, 0.5425, 0.5427084, 0.545, 0.545577, 0.545625, 0.5475, 0.5475, 0.5483334, 0.5484616, 0.5484616, 0.5484616
0.9390171, 0.5541667, 0.5, 0.5225, 0.5311538, 0.5367308, 0.5396154, 0.5423077, 0.5425, 0.545, 0.5453846, 0.5454166, 0.5475, 0.5475, 0.548125, 0.5482693, 0.5482693, 0.5482693
0.9393034, 0.5539584, 0.5, 0.5225, 0.5309615, 0.5365385, 0.5394231, 0.5421154, 0.5425, 0.545, 0.5451924, 0.5452083, 0.5475, 0.5475, 0.5479167, 0.548077, 0.548077, 0.548077
0.9395897, 0.55375, 0.5, 0.5223078, 0.5307692, 0.5363462, 0.5392308, 0.5419232, 0.5425, 0.5448078, 0.545, 0.545, 0.5475, 0.5475, 0.5477084, 0.5478847, 0.5478847, 0.5478847
0.939876, 0.5535417, 0.5, 0.5221154, 0.5305768, 0.5361539, 0.5390385, 0.5417308, 0.5425, 0.5446154, 0.5447916, 0.545, 0.5475, 0.5475, 0.5475, 0.5476924, 0.5476924, 0.5476924
0.9401622, 0.5533334, 0.5, 0.5219231, 0.5303845, 0.5359616, 0.5388462, 0.5415385, 0.5425, 0.5444232, 0.5445833, 0.545, 0.5472918, 0.5473077, 0.5473077, 0.5475, 0.5475, 0.5475
0.9407348, 0.5529167, 0.5, 0.5215385, 0.53, 0.5355769, 0.5384616, 0.5411539, 0.5425, 0.5440385, 0.5441666, 0.545, 0.5468751, 0.546923, 0.546923, 0.5470833, 0.5475, 0.5475
0.9413074, 0.5525, 0.5, 0.5211539, 0.53, 0.5351923, 0.5380769, 0.5407693, 0.5425, 0.5436539, 0.5437499, 0.545, 0.5464584, 0.5465384, 0.5465384, 0.5466666, 0.5475, 0.5475
0.9415937, 0.5523078, 0.5, 0.5209616, 0.53, 0.535, 0.5378847, 0.540577, 0.5425, 0.5434616, 0.5435416, 0.545, 0.54625, 0.5463461, 0.5463461, 0.5464583, 0.5475, 0.5475
0.9421663, 0.5519232, 0.5, 0.520577, 0.53, 0.535, 0.5375, 0.5401924, 0.5425, 0.543077, 0.543125, 0.545, 0.5458334, 0.5459615, 0.5459615, 0.5460417, 0.5475, 0.5475
0.9424525, 0.5517309, 0.5, 0.5203847, 0.53, 0.535, 0.5375, 0.54, 0.5425, 0.5428847, 0.5429166, 0.545, 0.545625, 0.5457692, 0.5457692, 0.5458333, 0.5475, 0.5475
0.9427388, 0.5515385, 0.5, 0.5201923, 0.53, 0.535, 0.5375, 0.5398077, 0.5425, 0.5426924, 0.5427083, 0.545, 0.5454167, 0.5455769, 0.5455769, 0.545625, 0.5475, 0.5475
0.9430251, 0.5513462, 0.5, 0.52, 0.53, 0.535, 0.5375, 0.5396155, 0.5423077, 0.5425, 0.5425, 0.545, 0.5452084, 0.5453846, 0.5453846, 0.5454167, 0.5475, 0.5475
0.9433114, 0.551154, 0.5, 0.52, 0.53, 0.535, 0.5375, 0.5394232, 0.5421154, 0.5423078, 0.5425, 0.545, 0.545, 0.5451923, 0.5451923, 0.5452083, 0.5475, 0.5475
0.9435977, 0.5509616, 0.5, 0.52, 0.53, 0.535, 0.5375, 0.5392308, 0.541923, 0.5421154, 0.5425, 0.5448077, 0.5448077, 0.545, 0.545, 0.545, 0.5475, 0.5475
0.943884, 0.5507693, 0.5, 0.52, 0.53, 0.535, 0.5375, 0.5390385, 0.5417308, 0.5419232, 0.5425, 0.5446154, 0.5446154, 0.5447917, 0.545, 0.545, 0.5473077, 0.5475
0.9444565, 0.5503847, 0.5, 0.52, 0.53, 0.535, 0.5375, 0.5386539, 0.5413461, 0.5415385, 0.5425, 0.5442308, 0.5442308, 0.544375, 0.545, 0.545, 0.5469231, 0.5470833
0.9450291, 0.55, 0.5, 0.52, 0.5296153, 0.535, 0.5375, 0.5382693, 0.5409615, 0.5411539, 0.5425, 0.5438461, 0.5438461, 0.5439583, 0.545, 0.545, 0.5465385, 0.5466666
0.9453154, 0.5497916, 0.5, 0.52, 0.529423, 0.535, 0.5375, 0.538077, 0.5407692, 0.5409616, 0.5425, 0.5436538, 0.5436538, 0.54375, 0.545, 0.545, 0.5463462, 0.5464583
0.945888, 0.5493749, 0.5, 0.52, 0.5290384, 0.5346155, 0.5375, 0.5376924, 0.5403846, 0.540577, 0.5425, 0.5432692, 0.5432692, 0.5433333, 0.545, 0.545, 0.5459616, 0.5460416
0.9461743, 0.5491666, 0.5, 0.52, 0.5288461, 0.5344232, 0.5372917, 0.5375, 0.5401923, 0.5403847, 0.5425, 0.5430769, 0.5430769, 0.543125, 0.545, 0.545, 0.5457693, 0.5458333
0.9464605, 0.5489583, 0.5, 0.52, 0.5286537, 0.5342308, 0.5370834, 0.5375, 0.54, 0.5401924, 0.5425, 0.5428846, 0.5428846, 0.5429167, 0.545, 0.545, 0.5455769, 0.545625
0.9467468, 0.54875, 0.5, 0.52, 0.5284615, 0.5340385, 0.5368751, 0.5375, 0.5398077, 0.54, 0.5425, 0.5426923, 0.5426923, 0.5427083, 0.545, 0.545, 0.5453846, 0.5454167
0.9470331, 0.5485417, 0.5, 0.52, 0.5282692, 0.5338463, 0.5366668, 0.5375, 0.5396154, 0.54, 0.5423077, 0.5425, 0.5425, 0.5425, 0.545, 0.545, 0.5451924, 0.5452083
0.9473194, 0.5483333, 0.5, 0.52, 0.5280768, 0.5336539, 0.5364584, 0.5375, 0.539423, 0.54, 0.5421154, 0.5422917, 0.5425, 0.5425, 0.545, 0.545, 0.545, 0.545
0.947892, 0.5479167, 0.5, 0.52, 0.5276923, 0.5332693, 0.5360417, 0.5375, 0.5390385, 0.54, 0.5417308, 0.541875, 0.5425, 0.5425, 0.5445833, 0.5445833, 0.5446154, 0.5446154
0.9481782, 0.5477083, 0.5, 0.52, 0.5275, 0.533077, 0.5358334, 0.5375, 0.5388461, 0.54, 0.5415385, 0.5416667, 0.5425, 0.5425, 0.544375, 0.544375, 0.5444231, 0.5444231
0.9484646, 0.5475, 0.5, 0.52, 0.5275, 0.5328847, 0.535625, 0.5375, 0.5386538, 0.54, 0.5413461, 0.5414583, 0.5425, 0.5425, 0.5441666, 0.5441666, 0.5442308, 0.5442308
0.9490371, 0.5475, 0.5, 0.52, 0.5275, 0.5325, 0.5352084, 0.5375, 0.5382692, 0.54, 0.5409616, 0.5410417, 0.5425, 0.5425, 0.54375, 0.54375, 0.5438462, 0.5438462
0.9493234, 0.5475, 0.5, 0.52, 0.5275, 0.5322917, 0.535, 0.5375, 0.5380769, 0.54, 0.5407692, 0.5408333, 0.5425, 0.5425, 0.5435416, 0.5435416, 0.5436538, 0.5436538
0.949896, 0.5475, 0.5, 0.52, 0.5275, 0.5318751, 0.535, 0.5375, 0.5376923, 0.54, 0.5403847, 0.5404167, 0.5425, 0.5425, 0.543125, 0.543125, 0.5432693, 0.5432693
0.9501823, 0.5475, 0.5, 0.52, 0.5275, 0.5316667, 0.535, 0.5372916, 0.5375, 0.54, 0.5401923, 0.5402083, 0.5425, 0.5425, 0.5429167, 0.5429167, 0.5430769, 0.5430769
0.9504685, 0.5475, 0.5, 0.52, 0.5275, 0.5314584, 0.535, 0.5370833, 0.5375, 0.5398077, 0.54, 0.54, 0.5425, 0.5425, 0.5427083, 0.5427083, 0.5428846, 0.5428846
0.9507548, 0.5475, 0.5, 0.5198214, 0.5275, 0.5312501, 0.535, 0.536875, 0.5375, 0.5396155, 0.5397917, 0.54, 0.5425, 0.5425, 0.5425, 0.5425, 0.5426924, 0.5426924
0.9510411, 0.5475, 0.5, 0.5196428, 0.5275, 0.5310417, 0.535, 0.5366666, 0.5375, 0.5394231, 0.5395833, 0.54, 0.5422916, 0.5423077, 0.5423077, 0.5423077, 0.5425, 0.5425
0.9518999, 0.5475, 0.5, 0.5191071, 0.5275, 0.5304167, 0.535, 0.5360417, 0.5375, 0.5388462, 0.5389584, 0.54, 0.5416667, 0.5417308, 0.5417308, 0.5417308, 0.5418751, 0.5425
0.9524726, 0.5471154, 0.5, 0.51875, 0.5271153, 0.53, 0.535, 0.535625, 0.5375, 0.5384616, 0.5385417, 0.54, 0.54125, 0.5413462, 0.5413462, 0.5413462, 0.5414584, 0.5425
0.9530451, 0.5467308, 0.5, 0.5183928, 0.5267307, 0.53, 0.535, 0.5352083, 0.5375, 0.5380769, 0.538125, 0.54, 0.5408333, 0.5409616, 0.5409616, 0.5409616, 0.5410417, 0.5425
0.9533314, 0.5465385, 0.5, 0.5182142, 0.5265384, 0.53, 0.5348077, 0.535, 0.5375, 0.5378847, 0.5379167, 0.54, 0.540625, 0.5407693, 0.5407693, 0.5407693, 0.5408334, 0.5425
0.9536177, 0.5463462, 0.5, 0.5180357, 0.5263461, 0.53, 0.5346155, 0.535, 0.5375, 0.5376924, 0.5377083, 0.54, 0.5404167, 0.540577, 0.540577, 0.540577, 0.540625, 0.5425
0.953904, 0.5461539, 0.5, 0.5178571, 0.5261538, 0.53, 0.5344231, 0.535, 0.5373077, 0.5375, 0.5375, 0.54, 0.5402083, 0.5403847, 0.5403847, 0.5403847, 0.5404167, 0.5425
0.9541903, 0.5459616, 0.5, 0.5176785, 0.5259615, 0.53, 0.5342308, 0.535, 0.5371155, 0.5373077, 0.5375, 0.54, 0.54, 0.5401924, 0.5401924, 0.5401924, 0.5402084, 0.5425
0.9544765, 0.5457693, 0.5, 0.5175, 0.5257692, 0.53, 0.5340385, 0.535, 0.5369232, 0.5371155, 0.5375, 0.5398078, 0.5398078, 0.54, 0.54, 0.54, 0.54, 0.5425
0.9556217, 0.545, 0.5, 0.5175, 0.525, 0.53, 0.5332693, 0.535, 0.5361539, 0.5363462, 0.5375, 0.5390385, 0.5390385, 0.5391667, 0.54, 0.54, 0.54, 0.5417308
0.955908, 0.5447916, 0.5, 0.5175, 0.525, 0.53, 0.5330769, 0.535, 0.5359616, 0.5361539, 0.5375, 0.5388462, 0.5388462, 0.5389584, 0.54, 0.54, 0.54, 0.5415384
0.9561943, 0.5445833, 0.5, 0.5175, 0.525, 0.53, 0.5328847, 0.535, 0.5357693, 0.5359616, 0.5375, 0.5386539, 0.5386539, 0.53875, 0.54, 0.54, 0.54, 0.5413461
0.9567668, 0.5441666, 0.5, 0.5175, 0.525, 0.5296154, 0.5325, 0.535, 0.5353847, 0.5355769, 0.5375, 0.5382693, 0.5382693, 0.5383334, 0.54, 0.54, 0.54, 0.5409615
0.9570531, 0.5439583, 0.5, 0.5175, 0.525, 0.5294231, 0.5323078, 0.535, 0.5351924, 0.5353847, 0.5375, 0.538077, 0.538077, 0.538125, 0.54, 0.54, 0.54, 0.5407692
0.9573394, 0.54375, 0.5, 0.5175, 0.525, 0.5292308, 0.5321155, 0.5348078, 0.535, 0.5351924, 0.5375, 0.5378847, 0.5378847, 0.5379167, 0.54, 0.54, 0.54, 0.5405769
0.9576257, 0.5435416, 0.5, 0.5175, 0.525, 0.5290385, 0.5319232, 0.5346155, 0.5348077, 0.535, 0.5375, 0.5376924, 0.5376924, 0.5377084, 0.54, 0.54, 0.54, 0.5403846
0.957912, 0.5433333, 0.5, 0.5175, 0.525, 0.5288462, 0.5317308, 0.5344232, 0.5346155, 0.535, 0.5373077, 0.5375, 0.5375, 0.5375, 0.54, 0.54, 0.54, 0.5401923
0.9581982, 0.543125, 0.5, 0.5175, 0.525, 0.5286539, 0.5315385, 0.5342309, 0.5344232, 0.535, 0.5371154, 0.5372917, 0.5375, 0.5375, 0.5398077, 0.54, 0.54, 0.54
0.9590571, 0.5425, 0.5, 0.5175, 0.525, 0.528077, 0.5309616, 0.533654, 0.5338463, 0.535, 0.5365385, 0.5366668, 0.5375, 0.5375, 0.5392308, 0.5393751, 0.5393751, 0.5394231
0.9593434, 0.5423077, 0.5, 0.5175, 0.525, 0.5278847, 0.5307693, 0.5334616, 0.5336539, 0.535, 0.5363461, 0.5364584, 0.5375, 0.5375, 0.5390385, 0.5391667, 0.5391667, 0.5392308
0.959916, 0.541923, 0.5, 0.5175, 0.5246154, 0.5275, 0.5303847, 0.533077, 0.5332693, 0.535, 0.5359615, 0.5360417, 0.5375, 0.5375, 0.5386539, 0.53875, 0.53875, 0.5388461
0.9604886, 0.5415384, 0.5, 0.5175, 0.5242308, 0.5275, 0.53, 0.5326924, 0.5328847, 0.535, 0.5355769, 0.535625, 0.5375, 0.5375, 0.5382692, 0.5383334, 0.5383334, 0.5384615
0.9607748, 0.5413461, 0.5, 0.5175, 0.5240385, 0.5275, 0.53, 0.5325, 0.5326924, 0.535, 0.5353846, 0.5354167, 0.5375, 0.5375, 0.5380769, 0.538125, 0.538125, 0.5382692
0.9610611, 0.5411538, 0.5, 0.5175, 0.5238462, 0.5275, 0.53, 0.5323077, 0.5325, 0.535, 0.5351923, 0.5352084, 0.5375, 0.5375, 0.5378847, 0.5379167, 0.5379167, 0.5380769
0.9613474, 0.5409615, 0.5, 0.5175, 0.5236539, 0.5275, 0.53, 0.5321155, 0.5325, 0.5348077, 0.535, 0.535, 0.5375, 0.5375, 0.5376923, 0.5377083, 0.5377083, 0.5378846
0.9616337, 0.5407692, 0.5, 0.5175, 0.5234616, 0.5275, 0.53, 0.5319231, 0.5325, 0.5346154, 0.5347917, 0.535, 0.5375, 0.5375, 0.5375, 0.5375, 0.5375, 0.5376923
0.96192, 0.5405769, 0.5, 0.5175, 0.5232693, 0.5275, 0.53, 0.5317308, 0.5325, 0.5344231, 0.5345834, 0.535, 0.5372917, 0.5372917, 0.5373077, 0.5373077, 0.5373077, 0.5375
0.9627788, 0.54, 0.5, 0.5169231, 0.5226924, 0.5275, 0.53, 0.5311539, 0.5325, 0.5338462, 0.5339584, 0.535, 0.5366667, 0.5366667, 0.5367308, 0.5367308, 0.5367308, 0.5368751
0.9630651, 0.54, 0.5, 0.5167308, 0.5225, 0.5275, 0.53, 0.5309616, 0.5325, 0.5336539, 0.53375, 0.535, 0.5364583, 0.5364583, 0.5365385, 0.5365385, 0.5365385, 0.5366667
0.9636377, 0.54, 0.5, 0.5163462, 0.5225, 0.5275, 0.53, 0.5305769, 0.5325, 0.5332692, 0.5333334, 0.535, 0.5360417, 0.5360417, 0.5361539, 0.5361539, 0.5361539, 0.5362501
0.963924, 0.54, 0.5, 0.5161539, 0.5225, 0.5273077, 0.53, 0.5303846, 0.5325, 0.5330769, 0.533125, 0.535, 0.5358334, 0.5358334, 0.5359616, 0.5359616, 0.5359616, 0.5360417
0.9644966, 0.54, 0.5, 0.5157692, 0.5225, 0.5269231, 0.5296154, 0.53, 0.5325, 0.5326923, 0.5327084, 0.535, 0.5354167, 0.5354167, 0.5355769, 0.5355769, 0.5355769, 0.5356251
0.9647828, 0.54, 0.5, 0.515577, 0.5225, 0.5267308, 0.5294231, 0.53, 0.5323077, 0.5325, 0.5325, 0.535, 0.5352083, 0.5352083, 0.5353847, 0.5353847, 0.5353847, 0.5354167
0.9650691, 0.54, 0.5, 0.5153846, 0.5225, 0.5265384, 0.5292308, 0.53, 0.5321155, 0.5323077, 0.5325, 0.535, 0.535, 0.535, 0.5351923, 0.5351923, 0.5351923, 0.5352084
0.9653554, 0.54, 0.5, 0.5151923, 0.5225, 0.5263461, 0.5290385, 0.53, 0.5319231, 0.5321154, 0.5325, 0.5347917, 0.5348077, 0.5348077, 0.535, 0.535, 0.535, 0.535
0.9656417, 0.54, 0.5, 0.515, 0.5225, 0.5261539, 0.5288462, 0.53, 0.5317308, 0.5319231, 0.5325, 0.5345834, 0.5346155, 0.5346155, 0.5347918, 0.5347918, 0.535, 0.535
0.9662142, 0.54, 0.5, 0.515, 0.5225, 0.5257692, 0.5284616, 0.53, 0.5313462, 0.5315385, 0.5325, 0.5341667, 0.5342308, 0.5342308, 0.5343751, 0.5343751, 0.535, 0.535
0.9667869, 0.5396155, 0.5, 0.515, 0.5225, 0.5253846, 0.5280769, 0.53, 0.5309616, 0.5311539, 0.5325, 0.53375, 0.5338462, 0.5338462, 0.5339584, 0.5339584, 0.535, 0.535
0.9673594, 0.5392308, 0.5, 0.515, 0.5221153, 0.525, 0.5276923, 0.53, 0.5305769, 0.5307692, 0.5325, 0.5333334, 0.5334616, 0.5334616, 0.5335417, 0.5335417, 0.535, 0.535
0.9676457, 0.5390385, 0.5, 0.515, 0.5219231, 0.525, 0.5275, 0.53, 0.5303846, 0.5305769, 0.5325, 0.533125, 0.5332693, 0.5332693, 0.5333334, 0.5333334, 0.535, 0.535
0.967932, 0.5388462, 0.5, 0.515, 0.5217307, 0.525, 0.5275, 0.53, 0.5301923, 0.5303846, 0.5325, 0.5329167, 0.5330769, 0.5330769, 0.5331251, 0.5331251, 0.535, 0.535
0.9682183, 0.5386539, 0.5, 0.515, 0.5215384, 0.525, 0.5275, 0.5298076, 0.53, 0.5301923, 0.5325, 0.5327083, 0.5328847, 0.5328847, 0.5329167, 0.5329167, 0.535, 0.535
0.9685045, 0.5384616, 0.5, 0.515, 0.5213462, 0.525, 0.5275, 0.5296153, 0.5298077, 0.53, 0.5325, 0.5325, 0.5326924, 0.5326924, 0.5327084, 0.5327084, 0.535, 0.535
0.9687908, 0.5382693, 0.5, 0.515, 0.5211538, 0.525, 0.5275, 0.529423, 0.5296154, 0.53, 0.5323077, 0.5323077, 0.5325, 0.5325, 0.5325, 0.5325, 0.535, 0.535
0.9690771, 0.538077, 0.5, 0.515, 0.5209615, 0.525, 0.5275, 0.5292307, 0.5294231, 0.53, 0.5321154, 0.5321154, 0.5322917, 0.5325, 0.5325, 0.5325, 0.535, 0.535
0.9696497, 0.5376924, 0.5, 0.515, 0.5205769, 0.525, 0.5275, 0.5288461, 0.5290385, 0.53, 0.5317308, 0.5317308, 0.531875, 0.5325, 0.5325, 0.5325, 0.5345834, 0.5345834
0.969936, 0.5375, 0.5, 0.515, 0.5203846, 0.525, 0.5275, 0.5286538, 0.5288462, 0.53, 0.5315385, 0.5315385, 0.5316666, 0.5325, 0.5325, 0.5325, 0.5343751, 0.5343751
0.9705086, 0.5370833, 0.5, 0.515, 0.52, 0.525, 0.5275, 0.5282692, 0.5284616, 0.53, 0.5311539, 0.5311539, 0.5312499, 0.5325, 0.5325, 0.5325, 0.5339584, 0.5339584
0.9710811, 0.5366667, 0.5, 0.515, 0.52, 0.525, 0.5275, 0.5278845, 0.5280769, 0.53, 0.5307692, 0.5307692, 0.5308332, 0.5325, 0.5325, 0.5325, 0.5335417, 0.5335417
0.9713674, 0.5364584, 0.5, 0.515, 0.52, 0.5248078, 0.5275, 0.5276923, 0.5278847, 0.53, 0.5305769, 0.5305769, 0.5306249, 0.5325, 0.5325, 0.5325, 0.5333334, 0.5333334
0.9716537, 0.53625, 0.5, 0.515, 0.52, 0.5246154, 0.5273076, 0.5275, 0.5276923, 0.53, 0.5303846, 0.5303846, 0.5304166, 0.5325, 0.5325, 0.5325, 0.533125, 0.533125
0.97194, 0.5360417, 0.5, 0.515, 0.52, 0.5244231, 0.5271153, 0.5273076, 0.5275, 0.53, 0.5301923, 0.5301923, 0.5302082, 0.5325, 0.5325, 0.5325, 0.5329167, 0.5329167
0.9722263, 0.5358334, 0.5, 0.515, 0.52, 0.5242308, 0.5269231, 0.5271153, 0.5275, 0.5298077, 0.53, 0.53, 0.53, 0.5325, 0.5325, 0.5325, 0.5327084, 0.5327084
0.9725125, 0.535625, 0.5, 0.515, 0.52, 0.5240385, 0.5267307, 0.526923, 0.5275, 0.5296153, 0.5297917, 0.5297917, 0.53, 0.5323077, 0.5325, 0.5325, 0.5325, 0.5325
0.9733714, 0.535, 0.5, 0.515, 0.52, 0.5234616, 0.5261538, 0.5263461, 0.5275, 0.5290384, 0.5291666, 0.5291666, 0.53, 0.5317308, 0.531875, 0.531875, 0.5319231, 0.5319231
0.9742303, 0.534375, 0.5, 0.5144231, 0.52, 0.5228847, 0.5255769, 0.5257692, 0.5275, 0.5284615, 0.5285416, 0.5285416, 0.53, 0.5311539, 0.5312499, 0.5312499, 0.5313461, 0.5313461
0.9748029, 0.5339584, 0.5, 0.5140384, 0.5196154, 0.5225, 0.5251923, 0.5253845, 0.5275, 0.5280769, 0.528125, 0.528125, 0.53, 0.5307692, 0.5308333, 0.5308333, 0.5309615, 0.5309615
0.9750891, 0.53375, 0.5, 0.5138462, 0.5194231, 0.5225, 0.525, 0.5251923, 0.5275, 0.5278846, 0.5279166, 0.5279166, 0.53, 0.5305769, 0.530625, 0.530625, 0.5307692, 0.5307692
0.9753754, 0.5335417, 0.5, 0.5136538, 0.5192308, 0.5225, 0.5247916, 0.525, 0.5275, 0.5276923, 0.5277083, 0.5277083, 0.53, 0.5303846, 0.5304166, 0.5304166, 0.5305769, 0.5305769
0.9756617, 0.5333334, 0.5, 0.5134615, 0.5190385, 0.5225, 0.5245833, 0.525, 0.5273077, 0.5275, 0.5275, 0.5275, 0.53, 0.5301923, 0.5302083, 0.5302083, 0.5303846, 0.5303846
0.975948, 0.533125, 0.5, 0.5132692, 0.5188462, 0.5225, 0.524375, 0.525, 0.5271154, 0.5272917, 0.5275, 0.5275, 0.53, 0.53, 0.53, 0.53, 0.5301923, 0.5301923
0.9762343, 0.5329167, 0.5, 0.5130769, 0.5186539, 0.5225, 0.5241666, 0.525, 0.5269231, 0.5270833, 0.5275, 0.5275, 0.5297917, 0.5298077, 0.5298077, 0.5298077, 0.53, 0.53
0.9768068, 0.5325, 0.5, 0.5126923, 0.5182693, 0.5225, 0.5237499, 0.525, 0.5265385, 0.5266666, 0.5275, 0.5275, 0.529375, 0.5294231, 0.5294231, 0.5294231, 0.5295833, 0.5295833
0.9770931, 0.5323077, 0.5, 0.5125, 0.518077, 0.5225, 0.5235416, 0.525, 0.5263461, 0.5264583, 0.5275, 0.5275, 0.5291666, 0.5292308, 0.5292308, 0.5292308, 0.529375, 0.529375
0.977952, 0.5317308, 0.5, 0.5125, 0.5175, 0.5225, 0.5229166, 0.525, 0.5257692, 0.5258333, 0.5275, 0.5275, 0.5285416, 0.5286539, 0.5286539, 0.5286539, 0.52875, 0.52875
0.9782383, 0.5315385, 0.5, 0.5125, 0.5175, 0.5225, 0.5227083, 0.525, 0.5255769, 0.525625, 0.5275, 0.5275, 0.5283333, 0.5284615, 0.5284615, 0.5284615, 0.5285417, 0.5285417
0.9785246, 0.5313462, 0.5, 0.5125, 0.5175, 0.5223077, 0.5225, 0.525, 0.5253846, 0.5254166, 0.5275, 0.5275, 0.5281249, 0.5282692, 0.5282692, 0.5282692, 0.5283333, 0.5283333
0.9788108, 0.5311539, 0.5, 0.5125, 0.5175, 0.5221154, 0.5225, 0.525, 0.5251923, 0.5252083, 0.5275, 0.5275, 0.5279166, 0.5280769, 0.5280769, 0.5280769, 0.528125, 0.528125
0.9790971, 0.5309616, 0.5, 0.5125, 0.5175, 0.5219231, 0.5225, 0.5248077, 0.525, 0.525, 0.5275, 0.5275, 0.5277083, 0.5278846, 0.5278846, 0.5278846, 0.5279167, 0.5279167
0.9793834, 0.5307693, 0.5, 0.5125, 0.5175, 0.5217308, 0.5225, 0.5246154, 0.5247917, 0.525, 0.5275, 0.5275, 0.5275, 0.5276923, 0.5276923, 0.5276923, 0.5277084, 0.5277084
0.9796697, 0.5305769, 0.5, 0.5125, 0.5175, 0.5215385, 0.5225, 0.5244231, 0.5245833, 0.525, 0.5272917, 0.5273076, 0.5273076, 0.5275, 0.5275, 0.5275, 0.5275, 0.5275
0.979956, 0.5303847, 0.5, 0.5125, 0.5175, 0.5213462, 0.5225, 0.5242308, 0.524375, 0.525, 0.5270833, 0.5271153, 0.5271153, 0.5272917, 0.5272917, 0.5272917, 0.5273077, 0.5275
0.9805285, 0.53, 0.5, 0.5125, 0.5175, 0.5209616, 0.5225, 0.5238462, 0.5239583, 0.525, 0.5266666, 0.5267307, 0.5267307, 0.526875, 0.526875, 0.526875, 0.5269231, 0.5275
0.9808148, 0.5297917, 0.5, 0.5125, 0.5175, 0.5207692, 0.5225, 0.5236539, 0.52375, 0.525, 0.5264583, 0.5265384, 0.5265384, 0.5266667, 0.5266667, 0.5266667, 0.5267308, 0.5275
0.9816737, 0.5291666, 0.5, 0.5125, 0.5175, 0.5201923, 0.5225, 0.523077, 0.523125, 0.525, 0.5258333, 0.5259615, 0.5259615, 0.5260417, 0.5260417, 0.5260417, 0.5261539, 0.5275
0.98196, 0.5289583, 0.5, 0.5125, 0.5173076, 0.52, 0.5225, 0.5228846, 0.5229166, 0.525, 0.5256249, 0.5257691, 0.5257691, 0.5258333, 0.5258333, 0.5258333, 0.5259615, 0.5275
0.9822463, 0.5287499, 0.5, 0.5125, 0.5171154, 0.5198077, 0.5225, 0.5226923, 0.5227083, 0.525, 0.5254166, 0.5255768, 0.5255768, 0.525625, 0.525625, 0.525625, 0.5257692, 0.5275
0.9825326, 0.5285416, 0.5, 0.5125, 0.5169231, 0.5196154, 0.5223076, 0.5225, 0.5225, 0.525, 0.5252083, 0.5253845, 0.5253845, 0.5254167, 0.5254167, 0.5254167, 0.5255769, 0.5275
0.9828188, 0.5283333, 0.5, 0.5125, 0.5167307, 0.5194231, 0.5221153, 0.5223077, 0.5225, 0.525, 0.525, 0.5251922, 0.5251922, 0.5252084, 0.5252084, 0.5252084, 0.5253846, 0.5275
0.9831051, 0.528125, 0.5, 0.5125, 0.5165384, 0.5192308, 0.521923, 0.5221154, 0.5225, 0.5247917, 0.5248076, 0.525, 0.525, 0.525, 0.525, 0.525, 0.5251923, 0.5275
0.9833914, 0.5279166, 0.5, 0.5125, 0.5163462, 0.5190385, 0.5217307, 0.5219231, 0.5225, 0.5245833, 0.5246153, 0.5247917, 0.5247917, 0.5248076, 0.525, 0.525, 0.525, 0.5275
0.983964, 0.5275, 0.5, 0.5125, 0.5159615, 0.5186539, 0.5213461, 0.5215385, 0.5225, 0.5241666, 0.5242307, 0.524375, 0.524375, 0.524423, 0.525, 0.525, 0.525, 0.5270833
0.9848228, 0.5275, 0.5, 0.5125, 0.5153846, 0.518077, 0.5207692, 0.5209616, 0.5225, 0.5235416, 0.5236538, 0.52375, 0.52375, 0.5238461, 0.525, 0.525, 0.525, 0.5264583
0.9853954, 0.5275, 0.5, 0.5121154, 0.515, 0.5176923, 0.5203846, 0.520577, 0.5225, 0.5231249, 0.5232692, 0.5233333, 0.5233333, 0.5234615, 0.525, 0.525, 0.525, 0.5260416
0.9856817, 0.5275, 0.5, 0.511923, 0.515, 0.5175, 0.5201922, 0.5203846, 0.5225, 0.5229166, 0.5230768, 0.523125, 0.523125, 0.5232691, 0.525, 0.525, 0.525, 0.5258333
0.985968, 0.5275, 0.5, 0.5117307, 0.515, 0.5175, 0.52, 0.5201923, 0.5225, 0.5227083, 0.5228845, 0.5229167, 0.5229167, 0.5230768, 0.525, 0.525, 0.525, 0.525625
0.9862543, 0.5275, 0.5, 0.5115384, 0.515, 0.5175, 0.5198076, 0.52, 0.5225, 0.5225, 0.5226923, 0.5227084, 0.5227084, 0.5228845, 0.525, 0.525, 0.525, 0.5254167
0.9865406, 0.5275, 0.5, 0.5113461, 0.515, 0.5175, 0.5196153, 0.52, 0.5223076, 0.5223076, 0.5225, 0.5225, 0.5225, 0.5226922, 0.525, 0.525, 0.525, 0.5252084
0.9868268, 0.5275, 0.5, 0.5111538, 0.515, 0.5175, 0.519423, 0.52, 0.5221153, 0.5221153, 0.5222917, 0.5225, 0.5225, 0.5225, 0.525, 0.525, 0.525, 0.525
0.9873994, 0.5275, 0.5, 0.5107692, 0.515, 0.5175, 0.5190384, 0.52, 0.5217307, 0.5217307, 0.521875, 0.5225, 0.5225, 0.5225, 0.5245833, 0.5245833, 0.5245833, 0.5246153
0.987972, 0.5270833, 0.5, 0.5103846, 0.515, 0.5175, 0.5186538, 0.52, 0.5213462, 0.5213462, 0.5214584, 0.5225, 0.5225, 0.5225, 0.5241667, 0.5241667, 0.5241667, 0.5242308
0.9885445, 0.5266666, 0.5, 0.51, 0.515, 0.5175, 0.5182692, 0.52, 0.5209615, 0.5209615, 0.5210417, 0.5225, 0.5225, 0.5225, 0.52375, 0.52375, 0.52375, 0.5238461
0.9888308, 0.5264583, 0.5, 0.51, 0.515, 0.5175, 0.5180769, 0.52, 0.5207692, 0.5207692, 0.5208334, 0.5225, 0.5225, 0.5225, 0.5235417, 0.5235417, 0.5235417, 0.5236539
0.9894034, 0.5260416, 0.5, 0.51, 0.5146153, 0.5175, 0.5176922, 0.52, 0.5203846, 0.5203846, 0.5204167, 0.5225, 0.5225, 0.5225, 0.523125, 0.523125, 0.523125, 0.5232692
0.9896897, 0.5258332, 0.5, 0.51, 0.514423, 0.5172917, 0.5175, 0.52, 0.5201923, 0.5201923, 0.5202084, 0.5225, 0.5225, 0.5225, 0.5229167, 0.5229167, 0.5229167, 0.5230769
0.989976, 0.5256249, 0.5, 0.51, 0.5142307, 0.5170833, 0.5175, 0.5198077, 0.52, 0.52, 0.52, 0.5225, 0.5225, 0.5225, 0.5227084, 0.5227084, 0.5227084, 0.5228846
0.9902623, 0.5254166, 0.5, 0.51, 0.5140384, 0.516875, 0.5175, 0.5196154, 0.5197917, 0.5198076, 0.52, 0.5225, 0.5225, 0.5225, 0.5225, 0.5225, 0.5225, 0.5226923
0.9905486, 0.5252082, 0.5, 0.51, 0.5138461, 0.5166667, 0.5175, 0.5194231, 0.5195833, 0.5196154, 0.52, 0.5222917, 0.5222917, 0.5222917, 0.5223077, 0.5223077, 0.5223077, 0.5225
0.9908348, 0.525, 0.5, 0.51, 0.5136538, 0.5164583, 0.5175, 0.5192308, 0.519375, 0.5194231, 0.52, 0.5220833, 0.5220833, 0.5220833, 0.5221154, 0.5221154, 0.5221154, 0.5222916
0.99198, 0.5242308, 0.5, 0.51, 0.5128846, 0.515625, 0.5175, 0.5184615, 0.5185417, 0.5186538, 0.52, 0.52125, 0.52125, 0.52125, 0.5213462, 0.5213462, 0.5213462, 0.5214583
0.9922662, 0.5240385, 0.5, 0.51, 0.5126923, 0.5154167, 0.5175, 0.5182692, 0.5183334, 0.5184615, 0.52, 0.5210417, 0.5210417, 0.5210417, 0.5211539, 0.5211539, 0.5211539, 0.5212499
0.9925525, 0.5238462, 0.5, 0.5098076, 0.5125, 0.5152084, 0.5175, 0.518077, 0.5181251, 0.5182692, 0.52, 0.5208334, 0.5208334, 0.5208334, 0.5209616, 0.5209616, 0.5209616, 0.5210416
0.9928389, 0.5236539, 0.5, 0.5096153, 0.5125, 0.515, 0.5175, 0.5178846, 0.5179167, 0.5180769, 0.52, 0.520625, 0.520625, 0.520625, 0.5207692, 0.5207692, 0.5207692, 0.5208333
0.9931251, 0.5234615, 0.5, 0.509423, 0.5125, 0.515, 0.5175, 0.5176923, 0.5177084, 0.5178846, 0.52, 0.5204167, 0.5204167, 0.5204167, 0.5205769, 0.5205769, 0.5205769, 0.5206249
0.9934114, 0.5232692, 0.5, 0.5092307, 0.5125, 0.515, 0.5173077, 0.5175, 0.5175, 0.5176923, 0.52, 0.5202084, 0.5202084, 0.5202084, 0.5203846, 0.5203846, 0.5203846, 0.5204166
0.9936977, 0.523077, 0.5, 0.5090384, 0.5125, 0.515, 0.5171154, 0.5172917, 0.5175, 0.5175, 0.52, 0.52, 0.52, 0.52, 0.5201923, 0.5201923, 0.5201923, 0.5202082
0.993984, 0.5228846, 0.5, 0.508846, 0.5125, 0.515, 0.5169231, 0.5170833, 0.5175, 0.5175, 0.5197917, 0.5198077, 0.5198077, 0.5198077, 0.52, 0.52, 0.52, 0.52
0.9945565, 0.5225, 0.5, 0.5084615, 0.5125, 0.515, 0.5165385, 0.5166667, 0.5175, 0.5175, 0.519375, 0.5194231, 0.5194231, 0.5194231, 0.5195833, 0.5195833, 0.5195833, 0.5195833
0.995988, 0.5214583, 0.5, 0.5075, 0.5125, 0.515, 0.515577, 0.5156251, 0.5175, 0.5175, 0.5183334, 0.5184616, 0.5184616, 0.5184616, 0.5185416, 0.5185416, 0.5185416, 0.5185416
0.9962742, 0.52125, 0.5, 0.5075, 0.5125, 0.515, 0.5153847, 0.5154167, 0.5175, 0.5175, 0.5181251, 0.5182693, 0.5182693, 0.5182693, 0.5183333, 0.5183333, 0.5183333, 0.5183333
0.9965606, 0.5210416, 0.5, 0.5075, 0.5123077, 0.515, 0.5151923, 0.5152084, 0.5175, 0.5175, 0.5179167, 0.518077, 0.518077, 0.518077, 0.5181249, 0.5181249, 0.5181249, 0.5181249
0.9968469, 0.5208333, 0.5, 0.5075, 0.5121154, 0.5148077, 0.515, 0.515, 0.5175, 0.5175, 0.5177084, 0.5178846, 0.5178846, 0.5178846, 0.5179166, 0.5179166, 0.5179166, 0.5179166
0.9971331, 0.5206249, 0.5, 0.5075, 0.5119231, 0.5146154, 0.5148077, 0.515, 0.5175, 0.5175, 0.5175, 0.5176923, 0.5176923, 0.5176923, 0.5177082, 0.5177082, 0.5177082, 0.5177082
0.9974194, 0.5204166, 0.5, 0.5075, 0.5117308, 0.5144231, 0.5146154, 0.515, 0.5172917, 0.5173076, 0.5173076, 0.5175, 0.5175, 0.5175, 0.5175, 0.5175, 0.5175, 0.5175
0.997992, 0.52, 0.5, 0.5075, 0.5113462, 0.5140385, 0.5142307, 0.515, 0.516875, 0.516923, 0.516923, 0.5170833, 0.5170833, 0.5170833, 0.5170833, 0.5171154, 0.5171154, 0.5175
0.9997097, 0.51875, 0.5, 0.5075, 0.5101923, 0.5128847, 0.5130769, 0.515, 0.515625, 0.5157692, 0.5157692, 0.5158333, 0.5158333, 0.5158333, 0.5158333, 0.5159615, 0.5159615, 0.5175
0.9999959, 0.5185416, 0.5, 0.5074242, 0.51, 0.5126924, 0.5128846, 0.515, 0.5154166, 0.5155769, 0.5155769, 0.5156249, 0.5156249, 0.5156249, 0.5156249, 0.5157692, 0.5157692, 0.5175
1.000282, 0.5183333, 0.5, 0.5073485, 0.5099031, 0.5125, 0.5126923, 0.515, 0.5152083, 0.5153846, 0.5153846, 0.5154166, 0.5154166, 0.5154166, 0.5154166, 0.5155769, 0.5155769, 0.5175
1.000569, 0.518125, 0.5, 0.5072727, 0.5098062, 0.5123829, 0.5125, 0.515, 0.515, 0.5151923, 0.5151923, 0.5152083, 0.5152083, 0.5152083, 0.5152083, 0.5153846, 0.5153846, 0.5175
1.000855, 0.5179166, 0.5, 0.507197, 0.5097092, 0.5122656, 0.5123632, 0.514881, 0.5148611, 0.515, 0.515, 0.515, 0.515, 0.515, 0.515, 0.5151923, 0.5151923, 0.5175
1.001141, 0.5177084, 0.5, 0.5071212, 0.5096124, 0.5121485, 0.5122265, 0.5147619, 0.5147222, 0.514861, 0.514861, 0.5148401, 0.5148401, 0.5148401, 0.5148388, 0.515, 0.515, 0.5175
1.001427, 0.5175, 0.5, 0.5070454, 0.5095155, 0.5120313, 0.5120898, 0.5146428, 0.5145833, 0.5147222, 0.5147222, 0.51468, 0.51468, 0.51468, 0.5146775, 0.5148399, 0.5148399, 0.5173599
