index, Ar.x, Ar.y, Ag.x, Ag.y, InfR.x, InfR.y, InfG.x, InfG.y, Tr.x, Tr.y, Tg.x, Tg.y
0.0001, 1.68743,0.16566, NaN,NaN, 0.14667,-0.35346, 0.85333,0.35346, -0.82454,-0.90473, -1.80836,-0.72561
0.0051, 1.64670,0.28597, NaN,NaN, 0.15766,-0.34875, 0.84234,0.34875, -0.27744,-0.93683, 0.58061,-1.45039
0.0101, 1.62642,0.32803, NaN,NaN, 0.16843,-0.34382, 0.83157,0.34382, -0.13918,-0.89369, 0.83447,-1.12176
0.0151, 1.60898,0.35936, NaN,NaN, 0.17898,-0.33870, 0.82102,0.33870, -0.05199,-0.85420, 0.94692,-0.90082
0.0201, 1.59270,0.38563, NaN,NaN, 0.18932,-0.33339, 0.81068,0.33339, 0.01209,-0.81824, 1.00753,-0.72284
0.0251, 1.57695,0.40882, NaN,NaN, 0.19944,-0.32790, 0.80056,0.32790, 0.06271,-0.78517, 1.03935,-0.57029
0.0301, 1.56142,0.42989, NaN,NaN, 0.20934,-0.32224, 0.79066,0.32224, 0.10440,-0.75446, 1.05224,-0.43573
0.0351, 1.54596,0.44937, NaN,NaN, 0.21904,-0.31642, 0.78096,0.31642, 0.13970,-0.72573, 1.05155,-0.31519
0.0401, 1.53044,0.46758, NaN,NaN, 0.22853,-0.31046, 0.77147,0.31046, 0.17020,-0.69867, 1.04057,-0.20626
0.0451, 1.51480,0.48474, NaN,NaN, 0.23782,-0.30435, 0.76218,0.30435, 0.19694,-0.67307, 1.02152,-0.10733
0.0501, 1.49899,0.50100, NaN,NaN, 0.24691,-0.29812, 0.75309,0.29812, 0.22065,-0.64876, 0.99601,-0.01724
0.0551, 1.48298,0.51646, NaN,NaN, 0.25580,-0.29175, 0.74420,0.29175, 0.24188,-0.62558, 0.96527,0.06486
0.0601, 1.46673,0.53119, NaN,NaN, 0.26450,-0.28528, 0.73550,0.28528, 0.26103,-0.60343, 0.93025,0.13964
0.0651, 1.45022,0.54525, NaN,NaN, 0.27301,-0.27869, 0.72699,0.27869, 0.27843,-0.58219, 0.89173,0.20766
0.0701, 1.43345,0.55868, NaN,NaN, 0.28134,-0.27200, 0.71866,0.27200, 0.29432,-0.56180, 0.85036,0.26936
0.0751, 1.41640,0.57150, NaN,NaN, 0.28949,-0.26522, 0.71051,0.26522, 0.30890,-0.54217, 0.80668,0.32513
0.0801, 1.39907,0.58373, NaN,NaN, 0.29747,-0.25835, 0.70253,0.25835, 0.32234,-0.52325, 0.76118,0.37531
0.0851, 1.38144,0.59540, NaN,NaN, 0.30527,-0.25139, 0.69473,0.25139, 0.33478,-0.50498, 0.71427,0.42022
0.0901, 1.36352,0.60651, NaN,NaN, 0.31291,-0.24436, 0.68709,0.24436, 0.34633,-0.48731, 0.66631,0.46012
0.0951, 1.34531,0.61706, NaN,NaN, 0.32039,-0.23725, 0.67961,0.23725, 0.35710,-0.47020, 0.61763,0.49527
0.1001, 1.32681,0.62705, NaN,NaN, 0.32772,-0.23008, 0.67228,0.23008, 0.36716,-0.45360, 0.56851,0.52591
0.1051, 1.30802,0.63649, NaN,NaN, 0.33489,-0.22284, 0.66511,0.22284, 0.37658,-0.43750, 0.51922,0.55228
0.1101, 1.28894,0.64538, NaN,NaN, 0.34192,-0.21555, 0.65808,0.21555, 0.38544,-0.42184, 0.47000,0.57458
0.1151, 1.26958,0.65370, NaN,NaN, 0.34881,-0.20821, 0.65119,0.20821, 0.39379,-0.40661, 0.42105,0.59302
0.1201, 1.24995,0.66146, NaN,NaN, 0.35556,-0.20081, 0.64444,0.20081, 0.40167,-0.39178, 0.37258,0.60780
0.1251, 1.23005,0.66864, NaN,NaN, 0.36218,-0.19337, 0.63782,0.19337, 0.40913,-0.37732, 0.32474,0.61911
0.1301, 1.20989,0.67524, NaN,NaN, 0.36868,-0.18589, 0.63132,0.18589, 0.41621,-0.36321, 0.27771,0.62715
0.1351, 1.18948,0.68125, NaN,NaN, 0.37505,-0.17837, 0.62495,0.17837, 0.42294,-0.34944, 0.23161,0.63209
0.1401, 1.16883,0.68666, NaN,NaN, 0.38131,-0.17081, 0.61869,0.17081, 0.42935,-0.33598, 0.18658,0.63411
0.1451, 1.14795,0.69145, NaN,NaN, 0.38746,-0.16322, 0.61254,0.16322, 0.43547,-0.32281, 0.14273,0.63338
0.1501, 1.12686,0.69563, NaN,NaN, 0.39351,-0.15560, 0.60649,0.15560, 0.44132,-0.30992, 0.10016,0.63008
0.1551, 1.10557,0.69918, NaN,NaN, 0.39945,-0.14795, 0.60055,0.14795, 0.44693,-0.29729, 0.05895,0.62437
0.1601, 1.08408,0.70209, NaN,NaN, 0.40530,-0.14028, 0.59470,0.14028, 0.45232,-0.28492, 0.01920,0.61642
0.1651, 1.06242,0.70435, NaN,NaN, 0.41106,-0.13258, 0.58894,0.13258, 0.45751,-0.27278, -0.01905,0.60637
0.1701, 1.04061,0.70594, NaN,NaN, 0.41673,-0.12487, 0.58327,0.12487, 0.46251,-0.26086, -0.05572,0.59438
0.1751, 1.01865,0.70686, NaN,NaN, 0.42233,-0.11713, 0.57767,0.11713, 0.46734,-0.24915, -0.09078,0.58061
0.1801, 0.99658,0.70710, NaN,NaN, 0.42785,-0.10938, 0.57215,0.10938, 0.47202,-0.23764, -0.12418,0.56519
0.1851, 0.97439,0.70664, NaN,NaN, 0.43330,-0.10162, 0.56670,0.10162, 0.47656,-0.22633, -0.15589,0.54827
0.1901, 0.95213,0.70548, NaN,NaN, 0.43868,-0.09383, 0.56132,0.09383, 0.48096,-0.21519, -0.18589,0.52999
0.1951, 0.92979,0.70361, NaN,NaN, 0.44401,-0.08604, 0.55599,0.08604, 0.48525,-0.20423, -0.21417,0.51048
0.2001, 0.90742,0.70102, NaN,NaN, 0.44928,-0.07824, 0.55072,0.07824, 0.48944,-0.19342, -0.24071,0.48987
0.2051, 0.88502,0.69770, NaN,NaN, 0.45450,-0.07042, 0.54550,0.07042, 0.49353,-0.18277, -0.26551,0.46828
0.2101, 0.86262,0.69363, NaN,NaN, 0.45968,-0.06260, 0.54032,0.06260, 0.49754,-0.17227, -0.28857,0.44582
0.2151, 0.84025,0.68883, NaN,NaN, 0.46482,-0.05477, 0.53518,0.05477, 0.50147,-0.16190, -0.30991,0.42263
0.2201, 0.81793,0.68326, NaN,NaN, 0.46992,-0.04694, 0.53008,0.04694, 0.50533,-0.15167, -0.32953,0.39879
0.2251, 0.79568,0.67694, NaN,NaN, 0.47500,-0.03910, 0.52500,0.03910, 0.50913,-0.14156, -0.34746,0.37443
0.2301, 0.77353,0.66986, NaN,NaN, 0.48005,-0.03125, 0.51995,0.03125, 0.51288,-0.13157, -0.36373,0.34965
0.2351, 0.75150,0.66200, NaN,NaN, 0.48508,-0.02340, 0.51492,0.02340, 0.51658,-0.12169, -0.37834,0.32453
0.2401, 0.72963,0.65338, NaN,NaN, 0.49009,-0.01555, 0.50991,0.01555, 0.52025,-0.11192, -0.39135,0.29916
0.2451, 0.70795,0.64398, NaN,NaN, 0.49510,-0.00770, 0.50490,0.00770, 0.52389,-0.10224, -0.40277,0.27365
0.2501, 0.68647,0.63380, NaN,NaN, 0.50010,0.00016, 0.49990,-0.00016, 0.52751,-0.09267, -0.41265,0.24806
0.2551, 0.66522,0.62284, NaN,NaN, 0.50510,0.00801, 0.49490,-0.00801, 0.53110,-0.08318, -0.42103,0.22248
0.2601, 0.64425,0.61110, NaN,NaN, 0.51011,0.01586, 0.48989,-0.01586, 0.53469,-0.07379, -0.42795,0.19698
0.2651, 0.62358,0.59859, NaN,NaN, 0.51512,0.02372, 0.48488,-0.02372, 0.53827,-0.06447, -0.43346,0.17163
0.2701, 0.60323,0.58530, NaN,NaN, 0.52015,0.03156, 0.47985,-0.03156, 0.54185,-0.05523, -0.43759,0.14649
0.2751, 0.58324,0.57124, NaN,NaN, 0.52520,0.03941, 0.47480,-0.03941, 0.54543,-0.04607, -0.44041,0.12162
0.2801, 0.56365,0.55641, NaN,NaN, 0.53028,0.04725, 0.46972,-0.04725, 0.54903,-0.03698, -0.44194,0.09708
0.2851, 0.54447,0.54083, NaN,NaN, 0.53538,0.05509, 0.46462,-0.05509, 0.55264,-0.02795, -0.44226,0.07291
0.2901, 0.52575,0.52449, NaN,NaN, 0.54052,0.06291, 0.45948,-0.06291, 0.55628,-0.01899, -0.44140,0.04917
0.2951, 0.50752,0.50741, NaN,NaN, 0.54570,0.07074, 0.45430,-0.07074, 0.55994,-0.01008, -0.43942,0.02590
0.3001, 0.48981,0.48959, NaN,NaN, 0.55093,0.07855, 0.44907,-0.07855, 0.56363,-0.00124, -0.43636,0.00314
0.3051, 0.47264,0.47106, NaN,NaN, 0.55620,0.08635, 0.44380,-0.08635, 0.56736,0.00755, -0.43229,-0.01908
0.3101, 0.45606,0.45181, NaN,NaN, 0.56153,0.09415, 0.43847,-0.09415, 0.57113,0.01629, -0.42724,-0.04073
0.3151, 0.44010,0.43187, NaN,NaN, 0.56692,0.10193, 0.43308,-0.10193, 0.57495,0.02498, -0.42129,-0.06176
0.3201, 0.42479,0.41126, NaN,NaN, 0.57237,0.10969, 0.42763,-0.10969, 0.57881,0.03362, -0.41446,-0.08217
0.3251, 0.41016,0.38998, NaN,NaN, 0.57790,0.11744, 0.42210,-0.11744, 0.58274,0.04222, -0.40682,-0.10193
0.3301, 0.39623,0.36806, NaN,NaN, 0.58349,0.12518, 0.41651,-0.12518, 0.58672,0.05077, -0.39841,-0.12101
0.3351, 0.38306,0.34552, NaN,NaN, 0.58917,0.13289, 0.41083,-0.13289, 0.59078,0.05928, -0.38929,-0.13941
0.3401, 0.37066,0.32238, NaN,NaN, 0.59493,0.14059, 0.40507,-0.14059, 0.59490,0.06775, -0.37950,-0.15710
0.3451, 0.35907,0.29867, NaN,NaN, 0.60079,0.14826, 0.39921,-0.14826, 0.59909,0.07618, -0.36908,-0.17409
0.3501, 0.34831,0.27441, NaN,NaN, 0.60673,0.15590, 0.39327,-0.15590, 0.60337,0.08457, -0.35810,-0.19035
0.3551, 0.33842,0.24963, NaN,NaN, 0.61278,0.16352, 0.38722,-0.16352, 0.60774,0.09292, -0.34658,-0.20589
0.3601, 0.32943,0.22436, NaN,NaN, 0.61894,0.17111, 0.38106,-0.17111, 0.61219,0.10123, -0.33457,-0.22069
0.3651, 0.32136,0.19863, NaN,NaN, 0.62520,0.17867, 0.37480,-0.17867, 0.61674,0.10951, -0.32213,-0.23477
0.3701, 0.31425,0.17246, NaN,NaN, 0.63158,0.18619, 0.36842,-0.18619, 0.62139,0.11775, -0.30928,-0.24811
0.3751, 0.30811,0.14591, NaN,NaN, 0.63808,0.19367, 0.36192,-0.19367, 0.62614,0.12596, -0.29607,-0.26073
0.3801, 0.30298,0.11899, NaN,NaN, 0.64471,0.20111, 0.35529,-0.20111, 0.63101,0.13413, -0.28253,-0.27262
0.3851, 0.29887,0.09175, NaN,NaN, 0.65146,0.20850, 0.34854,-0.20850, 0.63599,0.14226, -0.26871,-0.28379
0.3901, 0.29582,0.06422, NaN,NaN, 0.65836,0.21584, 0.34164,-0.21584, 0.64109,0.15035, -0.25464,-0.29425
0.3951, 0.29383,0.03645, NaN,NaN, 0.66539,0.22313, 0.33461,-0.22313, 0.64631,0.15840, -0.24036,-0.30400
0.4001, 0.29294,0.00848, NaN,NaN, 0.67257,0.23037, 0.32743,-0.23037, 0.65167,0.16642, -0.22589,-0.31306
0.4051, 0.29317,-0.01965, NaN,NaN, 0.67990,0.23754, 0.32010,-0.23754, 0.65716,0.17439, -0.21126,-0.32143
0.4101, 0.29452,-0.04790, NaN,NaN, 0.68739,0.24464, 0.31261,-0.24464, 0.66280,0.18232, -0.19652,-0.32913
0.4151, 0.29701,-0.07622, NaN,NaN, 0.69504,0.25167, 0.30496,-0.25167, 0.66858,0.19020, -0.18168,-0.33617
0.4201, 0.30067,-0.10456, NaN,NaN, 0.70285,0.25862, 0.29715,-0.25862, 0.67451,0.19804, -0.16677,-0.34257
0.4251, 0.30549,-0.13287, NaN,NaN, 0.71083,0.26549, 0.28917,-0.26549, 0.68060,0.20582, -0.15182,-0.34833
0.4301, 0.31149,-0.16111, NaN,NaN, 0.71899,0.27227, 0.28101,-0.27227, 0.68685,0.21355, -0.13685,-0.35347
0.4351, 0.31868,-0.18922, NaN,NaN, 0.72732,0.27896, 0.27268,-0.27896, 0.69327,0.22123, -0.12189,-0.35800
0.4401, 0.32706,-0.21716, NaN,NaN, 0.73584,0.28554, 0.26416,-0.28554, 0.69987,0.22884, -0.10695,-0.36195
0.4451, 0.33664,-0.24486, NaN,NaN, 0.74455,0.29201, 0.25545,-0.29201, 0.70664,0.23639, -0.09206,-0.36533
0.4501, 0.34742,-0.27228, NaN,NaN, 0.75345,0.29837, 0.24655,-0.29837, 0.71360,0.24388, -0.07723,-0.36815
0.4551, 0.35939,-0.29936, NaN,NaN, 0.76255,0.30460, 0.23745,-0.30460, 0.72075,0.25129, -0.06249,-0.37043
0.4601, 0.37255,-0.32605, NaN,NaN, 0.77184,0.31070, 0.22816,-0.31070, 0.72810,0.25862, -0.04784,-0.37219
0.4651, 0.38690,-0.35229, NaN,NaN, 0.78134,0.31666, 0.21866,-0.31666, 0.73564,0.26587, -0.03330,-0.37344
0.4701, 0.40243,-0.37803, NaN,NaN, 0.79105,0.32247, 0.20895,-0.32247, 0.74340,0.27303, -0.01889,-0.37421
0.4751, 0.41912,-0.40320, NaN,NaN, 0.80096,0.32812, 0.19904,-0.32812, 0.75136,0.28009, -0.00462,-0.37450
0.4801, 0.43696,-0.42776, NaN,NaN, 0.81109,0.33360, 0.18891,-0.33360, 0.75955,0.28705, 0.00950,-0.37434
0.4851, 0.45593,-0.45165, NaN,NaN, 0.82143,0.33891, 0.17857,-0.33891, 0.76795,0.29391, 0.02347,-0.37373
0.4901, 0.47601,-0.47480, NaN,NaN, 0.83200,0.34402, 0.16800,-0.34402, 0.77658,0.30064, 0.03726,-0.37271
0.4951, 0.49719,-0.49717, NaN,NaN, 0.84277,0.34894, 0.15723,-0.34894, 0.78545,0.30725, 0.05088,-0.37128
0.5001, 0.51943,-0.51870, NaN,NaN, 0.85378,0.35365, 0.14622,-0.35365, 0.79455,0.31373, 0.06431,-0.36946
0.5051, 0.54270,-0.53933, NaN,NaN, 0.86500,0.35813, 0.13500,-0.35813, 0.80390,0.32006, 0.07755,-0.36726
0.5101, 0.56698,-0.55901, NaN,NaN, 0.87644,0.36238, 0.12356,-0.36238, 0.81349,0.32624, 0.09059,-0.36471
0.5151, 0.59222,-0.57768, NaN,NaN, 0.88811,0.36638, 0.11189,-0.36638, 0.82333,0.33226, 0.10343,-0.36182
0.5201, 0.61840,-0.59530, NaN,NaN, 0.90001,0.37012, 0.09999,-0.37012, 0.83343,0.33811, 0.11607,-0.35859
0.5251, 0.64546,-0.61180, NaN,NaN, 0.91212,0.37359, 0.08788,-0.37359, 0.84379,0.34377, 0.12849,-0.35506
0.5301, 0.67337,-0.62715, NaN,NaN, 0.92446,0.37677, 0.07554,-0.37677, 0.85440,0.34923, 0.14071,-0.35123
0.5351, 0.70209,-0.64129, NaN,NaN, 0.93701,0.37965, 0.06299,-0.37965, 0.86529,0.35448, 0.15271,-0.34711
0.5401, 0.73154,-0.65416, NaN,NaN, 0.94978,0.38222, 0.05022,-0.38222, 0.87644,0.35951, 0.16449,-0.34272
0.5451, 0.76170,-0.66574, NaN,NaN, 0.96277,0.38445, 0.03723,-0.38445, 0.88786,0.36431, 0.17606,-0.33808
0.5501, 0.79250,-0.67598, NaN,NaN, 0.97596,0.38634, 0.02404,-0.38634, 0.89955,0.36885, 0.18742,-0.33319
0.5551, 0.82388,-0.68482, NaN,NaN, 0.98936,0.38787, 0.01064,-0.38787, 0.91152,0.37313, 0.19856,-0.32807
0.5601, 0.85578,-0.69224, NaN,NaN, 1.00296,0.38902, -0.00296,-0.38902, 0.92376,0.37713, 0.20948,-0.32273
0.5651, 0.88814,-0.69820, NaN,NaN, 1.01676,0.38977, -0.01676,-0.38977, 0.93627,0.38083, 0.22019,-0.31719
0.5701, 0.92090,-0.70267, NaN,NaN, 1.03074,0.39012, -0.03074,-0.39012, 0.94906,0.38422, 0.23069,-0.31145
0.5751, 0.95397,-0.70561, NaN,NaN, 1.04490,0.39004, -0.04490,-0.39004, 0.96212,0.38727, 0.24098,-0.30552
0.5801, 0.98730,-0.70699, NaN,NaN, 1.05923,0.38951, -0.05923,-0.38951, 0.97545,0.38998, 0.25106,-0.29942
0.5851, 1.02081,-0.70680, NaN,NaN, 1.07372,0.38853, -0.07372,-0.38853, 0.98905,0.39231, 0.26094,-0.29315
0.5901, 1.05442,-0.70501, NaN,NaN, 1.08835,0.38706, -0.08835,-0.38706, 1.00291,0.39426, 0.27062,-0.28673
0.5951, 1.08806,-0.70160, NaN,NaN, 1.10313,0.38510, -0.10313,-0.38510, 1.01703,0.39580, 0.28010,-0.28017
0.6001, 1.12165,-0.69656, NaN,NaN, 1.11803,0.38263, -0.11803,-0.38263, 1.03141,0.39691, 0.28938,-0.27346
0.6051, 1.15510,-0.68989, NaN,NaN, 1.13304,0.37962, -0.13304,-0.37962, 1.04603,0.39757, 0.29848,-0.26663
0.6101, 1.18834,-0.68156, NaN,NaN, 1.14814,0.37607, -0.14814,-0.37607, 1.06089,0.39777, 0.30739,-0.25968
0.6151, 1.22128,-0.67159, NaN,NaN, 1.16331,0.37195, -0.16331,-0.37195, 1.07598,0.39747, 0.31612,-0.25262
0.6201, 1.25384,-0.65997, NaN,NaN, 1.17855,0.36724, -0.17855,-0.36724, 1.09129,0.39665, 0.32467,-0.24546
0.6251, 1.28593,-0.64672, NaN,NaN, 1.19383,0.36194, -0.19383,-0.36194, 1.10680,0.39529, 0.33305,-0.23820
0.6301, 1.31747,-0.63183, NaN,NaN, 1.20912,0.35601, -0.20912,-0.35601, 1.12251,0.39338, 0.34127,-0.23085
0.6351, 1.34836,-0.61534, NaN,NaN, 1.22441,0.34946, -0.22441,-0.34946, 1.13840,0.39087, 0.34932,-0.22341
0.6401, 1.37853,-0.59725, NaN,NaN, 1.23966,0.34225, -0.23966,-0.34225, 1.15445,0.38776, 0.35721,-0.21590
0.6451, 1.40789,-0.57760, NaN,NaN, 1.25487,0.33438, -0.25487,-0.33438, 1.17065,0.38402, 0.36496,-0.20832
0.6501, 1.43635,-0.55642, NaN,NaN, 1.26999,0.32582, -0.26999,-0.32582, 1.18697,0.37962, 0.37256,-0.20067
0.6551, 1.46382,-0.53373, NaN,NaN, 1.28501,0.31658, -0.28501,-0.31658, 1.20339,0.37454, 0.38001,-0.19296
0.6601, 1.49023,-0.50959, NaN,NaN, 1.29988,0.30662, -0.29988,-0.30662, 1.21989,0.36875, 0.38733,-0.18520
0.6651, 1.51548,-0.48402, NaN,NaN, 1.31459,0.29594, -0.31459,-0.29594, 1.23644,0.36224, 0.39453,-0.17738
0.6701, 1.53950,-0.45709, NaN,NaN, 1.32908,0.28454, -0.32908,-0.28454, 1.25301,0.35497, 0.40160,-0.16952
0.6751, 1.56221,-0.42885, NaN,NaN, 1.34334,0.27239, -0.34334,-0.27239, 1.26958,0.34693, 0.40855,-0.16162
0.6801, 1.58353,-0.39936, NaN,NaN, 1.35733,0.25949, -0.35733,-0.25949, 1.28611,0.33809, 0.41539,-0.15368
0.6851, 1.60338,-0.36868, NaN,NaN, 1.37100,0.24583, -0.37100,-0.24583, 1.30257,0.32843, 0.42212,-0.14571
0.6901, 1.62170,-0.33689, NaN,NaN, 1.38431,0.23141, -0.38431,-0.23141, 1.31892,0.31794, 0.42876,-0.13770
0.6951, 1.63840,-0.30405, NaN,NaN, 1.39723,0.21623, -0.39723,-0.21623, 1.33512,0.30658, 0.43530,-0.12967
0.7001, 1.65343,-0.27024, NaN,NaN, 1.40972,0.20027, -0.40972,-0.20027, 1.35113,0.29435, 0.44175,-0.12162
0.7051, 1.66672,-0.23555, NaN,NaN, 1.42172,0.18354, -0.42172,-0.18354, 1.36690,0.28123, 0.44812,-0.11354
0.7101, 1.67822,-0.20006, NaN,NaN, 1.43319,0.16605, -0.43319,-0.16605, 1.38238,0.26719, 0.45441,-0.10545
0.7151, 1.68786,-0.16387, NaN,NaN, 1.44409,0.14779, -0.44409,-0.14779, 1.39754,0.25223, 0.46063,-0.09735
0.7201, 1.69560,-0.12706, NaN,NaN, 1.45436,0.12878, -0.45436,-0.12878, 1.41231,0.23634, 0.46679,-0.08923
0.7251, 1.70139,-0.08975, NaN,NaN, 1.46397,0.10902, -0.46397,-0.10902, 1.42663,0.21950, 0.47288,-0.08110
0.7301, 1.70519,-0.05203, NaN,NaN, 1.47285,0.08852, -0.47285,-0.08852, 1.44046,0.20171, 0.47893,-0.07297
0.7351, 1.70697,-0.01401, NaN,NaN, 1.48096,0.06730, -0.48096,-0.06730, 1.45374,0.18297, 0.48493,-0.06483
0.7401, 1.70669,0.02421, NaN,NaN, 1.48824,0.04538, -0.48824,-0.04538, 1.46639,0.16328, 0.49089,-0.05669
0.7451, 1.70434,0.06251, NaN,NaN, 1.49463,0.02278, -0.49463,-0.02278, 1.47837,0.14263, 0.49681,-0.04855
0.7501, 1.69989,0.10077, NaN,NaN, 1.50010,-0.00047, -0.50010,0.00047, 1.48959,0.12104, 0.50270,-0.04041
0.7551, 1.69333,0.13888, NaN,NaN, 1.50458,-0.02435, -0.50458,0.02435, 1.49999,0.09851, 0.50858,-0.03227
0.7601, 1.68467,0.17673, NaN,NaN, 1.50801,-0.04883, -0.50801,0.04883, 1.50950,0.07506, 0.51443,-0.02415
0.7651, 1.67389,0.21419, NaN,NaN, 1.51035,-0.07387, -0.51035,0.07387, 1.51804,0.05071, 0.52027,-0.01603
0.7701, 1.66101,0.25114, NaN,NaN, 1.51154,-0.09943, -0.51154,0.09943, 1.52555,0.02548, 0.52611,-0.00792
0.7751, 1.64604,0.28746, NaN,NaN, 1.51152,-0.12546, -0.51152,0.12546, 1.53195,-0.00060, 0.53195,0.00018
0.7801, 1.62901,0.32303, NaN,NaN, 1.51024,-0.15192, -0.51024,0.15192, 1.53716,-0.02749, 0.53780,0.00827
0.7851, 1.60994,0.35773, NaN,NaN, 1.50766,-0.17875, -0.50766,0.17875, 1.54110,-0.05516, 0.54366,0.01633
0.7901, 1.58888,0.39143, NaN,NaN, 1.50372,-0.20590, -0.50372,0.20590, 1.54369,-0.08355, 0.54953,0.02438
0.7951, 1.56587,0.42402, NaN,NaN, 1.49836,-0.23330, -0.49836,0.23330, 1.54486,-0.11262, 0.55543,0.03241
0.8001, 1.54096,0.45538, NaN,NaN, 1.49155,-0.26090, -0.49155,0.26090, 1.54453,-0.14231, 0.56137,0.04042
0.8051, 1.51420,0.48538, NaN,NaN, 1.48324,-0.28861, -0.48324,0.28861, 1.54262,-0.17255, 0.56733,0.04840
0.8101, 1.48568,0.51392, NaN,NaN, 1.47339,-0.31636, -0.47339,0.31636, 1.53905,-0.20327, 0.57334,0.05635
0.8151, 1.45545,0.54089, NaN,NaN, 1.46195,-0.34407, -0.46195,0.34407, 1.53376,-0.23438, 0.57940,0.06427
0.8201, 1.42361,0.56617, NaN,NaN, 1.44890,-0.37166, -0.44890,0.37166, 1.52666,-0.26581, 0.58551,0.07217
0.8251, 1.39024,0.58967, NaN,NaN, 1.43419,-0.39904, -0.43419,0.39904, 1.51770,-0.29745, 0.59168,0.08003
0.8301, 1.35544,0.61128, NaN,NaN, 1.41781,-0.42611, -0.41781,0.42611, 1.50680,-0.32920, 0.59791,0.08785
0.8351, 1.31931,0.63091, NaN,NaN, 1.39972,-0.45278, -0.39972,0.45278, 1.49390,-0.36095, 0.60422,0.09563
0.8401, 1.28196,0.64846, NaN,NaN, 1.37992,-0.47893, -0.37992,0.47893, 1.47895,-0.39258, 0.61060,0.10336
0.8451, 1.24350,0.66386, NaN,NaN, 1.35838,-0.50447, -0.35838,0.50447, 1.46190,-0.42396, 0.61706,0.11106
0.8501, 1.20407,0.67702, NaN,NaN, 1.33510,-0.52928, -0.33510,0.52928, 1.44270,-0.45497, 0.62361,0.11870
0.8551, 1.16377,0.68788, NaN,NaN, 1.31008,-0.55325, -0.31008,0.55325, 1.42132,-0.48545, 0.63025,0.12629
0.8601, 1.12276,0.69637, NaN,NaN, 1.28333,-0.57627, -0.28333,0.57627, 1.39772,-0.51525, 0.63700,0.13382
0.8651, 1.08117,0.70243, NaN,NaN, 1.25487,-0.59820, -0.25487,0.59820, 1.37190,-0.54423, 0.64384,0.14129
0.8701, 1.03913,0.70602, NaN,NaN, 1.22470,-0.61893, -0.22470,0.61893, 1.34383,-0.57221, 0.65079,0.14869
0.8751, 0.99681,0.70710, NaN,NaN, 1.19287,-0.63832, -0.19287,0.63832, 1.31352,-0.59903, 0.65786,0.15603
0.8801, 0.95434,0.70563, NaN,NaN, 1.15941,-0.65626, -0.15941,0.65626, 1.28098,-0.62451, 0.66505,0.16329
0.8851, 0.91188,0.70159, NaN,NaN, 1.12436,-0.67262, -0.12436,0.67262, 1.24625,-0.64846, 0.67237,0.17048
0.8901, 0.86960,0.69498, NaN,NaN, 1.08779,-0.68725, -0.08779,0.68725, 1.20935,-0.67071, 0.67981,0.17758
0.8951, 0.82764,0.68578, NaN,NaN, 1.04977,-0.70004, -0.04977,0.70004, 1.17034,-0.69106, 0.68739,0.18459
0.9001, 0.78618,0.67400, NaN,NaN, 1.01036,-0.71085, -0.01036,0.71085, 1.12930,-0.70932, 0.69511,0.19150
0.9051, 0.74536,0.65967, NaN,NaN, 0.96966,-0.71956, 0.03034,0.71956, 1.08630,-0.72529, 0.70297,0.19832
0.9101, 0.70536,0.64280, NaN,NaN, 0.92777,-0.72604, 0.07223,0.72604, 1.04145,-0.73879, 0.71098,0.20503
0.9151, 0.66634,0.62343, NaN,NaN, 0.88479,-0.73016, 0.11521,0.73016, 0.99487,-0.74962, 0.71915,0.21162
0.9201, 0.62845,0.60162, NaN,NaN, 0.84084,-0.73181, 0.15916,0.73181, 0.94669,-0.75758, 0.72747,0.21809
0.9251, 0.59185,0.57742, NaN,NaN, 0.79605,-0.73087, 0.20395,0.73087, 0.89708,-0.76250, 0.73595,0.22443
0.9301, 0.55671,0.55091, NaN,NaN, 0.75057,-0.72723, 0.24943,0.72723, 0.84620,-0.76418, 0.74460,0.23064
0.9351, 0.52318,0.52215, NaN,NaN, 0.70456,-0.72078, 0.29544,0.72078, 0.79426,-0.76246, 0.75342,0.23670
0.9401, 0.49139,0.49124, NaN,NaN, 0.65816,-0.71144, 0.34184,0.71144, 0.74148,-0.75717, 0.76241,0.24261
0.9451, 0.46151,0.45829, NaN,NaN, 0.61157,-0.69911, 0.38843,0.69911, 0.68807,-0.74814, 0.77158,0.24836
0.9501, 0.43367,0.42340, NaN,NaN, 0.56496,-0.68371, 0.43504,0.68371, 0.63431,-0.73525, 0.78092,0.25394
0.9551, 0.40800,0.38670, NaN,NaN, 0.51854,-0.66517, 0.48146,0.66517, 0.58046,-0.71836, 0.79044,0.25934
0.9601, 0.38463,0.34831, NaN,NaN, 0.47250,-0.64344, 0.52750,0.64344, 0.52682,-0.69737, 0.80015,0.26455
0.9651, 0.36368,0.30838, NaN,NaN, 0.42707,-0.61848, 0.57293,0.61848, 0.47370,-0.67219, 0.81004,0.26956
0.9701, 0.34526,0.26704, NaN,NaN, 0.38247,-0.59025, 0.61753,0.59025, 0.42143,-0.64274, 0.82011,0.27435
0.9751, 0.32947,0.22448, NaN,NaN, 0.33893,-0.55874, 0.66107,0.55874, 0.37035,-0.60898, 0.83037,0.27893
0.9801, 0.31641,0.18083, NaN,NaN, 0.29670,-0.52395, 0.70330,0.52395, 0.32082,-0.57090, 0.84082,0.28326
0.9851, 0.30615,0.13629, NaN,NaN, 0.25601,-0.48589, 0.74399,0.48589, 0.27321,-0.52851, 0.85145,0.28736
0.9901, 0.29878,0.09102, NaN,NaN, 0.21712,-0.44460, 0.78288,0.44460, 0.22791,-0.48184, 0.86227,0.29119
0.9951, 0.29434,0.04522, NaN,NaN, 0.18029,-0.40014, 0.81971,0.40014, 0.18530,-0.43099, 0.87327,0.29476
1.0001, 1.58658,-0.56797, 1.41421,-0.00185, 0.14667,-0.35346, 0.85333,0.35346, 0.16396,-0.42127, 0.90085,0.25474
1.0051, 1.60791,-0.54508, 1.41106,-0.09444, 0.15766,-0.34875, 0.84234,0.34875, 0.17544,-0.41491, 0.87209,0.30250
1.0101, 1.62842,-0.52130, 1.40180,-0.18693, 0.16843,-0.34382, 0.83157,0.34382, 0.18665,-0.40839, 0.84108,0.34773
1.0151, 1.64806,-0.49667, 1.38644,-0.27891, 0.17898,-0.33870, 0.82102,0.33870, 0.19758,-0.40172, 0.80801,0.39035
1.0201, 1.66680,-0.47122, 1.36496,-0.36998, 0.18932,-0.33339, 0.81068,0.33339, 0.20824,-0.39490, 0.77310,0.43029
1.0251, 1.68459,-0.44498, 1.33741,-0.45972, 0.19944,-0.32790, 0.80056,0.32790, 0.21864,-0.38796, 0.73653,0.46749
1.0301, 1.70140,-0.41797, 1.30385,-0.54771, 0.20934,-0.32224, 0.79066,0.32224, 0.22879,-0.38089, 0.69851,0.50193
1.0351, 1.71720,-0.39025, 1.26436,-0.63355, 0.21904,-0.31642, 0.78096,0.31642, 0.23868,-0.37370, 0.65922,0.53357
1.0401, 1.73195,-0.36183, 1.21908,-0.71683, 0.22853,-0.31046, 0.77147,0.31046, 0.24832,-0.36642, 0.61886,0.56240
1.0451, 1.74561,-0.33276, 1.16815,-0.79714, 0.23782,-0.30435, 0.76218,0.30435, 0.25773,-0.35904, 0.57762,0.58842
1.0501, 1.75816,-0.30308, 1.11175,-0.87408, 0.24691,-0.29812, 0.75309,0.29812, 0.26689,-0.35156, 0.53567,0.61164
1.0551, 1.76957,-0.27283, 1.05008,-0.94728, 0.25580,-0.29175, 0.74420,0.29175, 0.27583,-0.34401, 0.49319,0.63208
1.0601, 1.77979,-0.24205, 0.98338,-1.01635, 0.26450,-0.28528, 0.73550,0.28528, 0.28455,-0.33638, 0.45035,0.64977
1.0651, 1.78882,-0.21079, 0.91191,-1.08093, 0.27301,-0.27869, 0.72699,0.27869, 0.29305,-0.32869, 0.40733,0.66476
1.0701, 1.79661,-0.17910, 0.83597,-1.14068, 0.28134,-0.27200, 0.71866,0.27200, 0.30133,-0.32093, 0.36427,0.67708
1.0751, 1.80315,-0.14701, 0.75586,-1.19527, 0.28949,-0.26522, 0.71051,0.26522, 0.30941,-0.31312, 0.32132,0.68681
1.0801, 1.80842,-0.11459, 0.67194,-1.24439, 0.29747,-0.25835, 0.70253,0.25835, 0.31730,-0.30526, 0.27864,0.69399
1.0851, 1.81238,-0.08188, 0.58455,-1.28775, 0.30527,-0.25139, 0.69473,0.25139, 0.32498,-0.29735, 0.23635,0.69871
1.0901, 1.81503,-0.04893, 0.49410,-1.32509, 0.31291,-0.24436, 0.68709,0.24436, 0.33248,-0.28940, 0.19459,0.70105
1.0951, 1.81634,-0.01580, 0.40098,-1.35618, 0.32039,-0.23725, 0.67961,0.23725, 0.33980,-0.28142, 0.15348,0.70107
1.1001, 1.81631,0.01746, 0.30564,-1.38079, 0.32772,-0.23008, 0.67228,0.23008, 0.34695,-0.27340, 0.11312,0.69888
1.1051, 1.81491,0.05080, 0.20851,-1.39876, 0.33489,-0.22284, 0.66511,0.22284, 0.35392,-0.26536, 0.07363,0.69456
1.1101, 1.81215,0.08415, 0.11005,-1.40993, 0.34192,-0.21555, 0.65808,0.21555, 0.36073,-0.25729, 0.03510,0.68821
1.1151, 1.80800,0.11747, 0.01075,-1.41417, 0.34881,-0.20821, 0.65119,0.20821, 0.36738,-0.24920, -0.00239,0.67992
1.1201, 1.80247,0.15068, -0.08891,-1.41142, 0.35556,-0.20081, 0.64444,0.20081, 0.37389,-0.24109, -0.03874,0.66981
1.1251, 1.79555,0.18375, -0.18843,-1.40160, 0.36218,-0.19337, 0.63782,0.19337, 0.38024,-0.23297, -0.07389,0.65796
1.1301, 1.78724,0.21660, -0.28732,-1.38472, 0.36868,-0.18589, 0.63132,0.18589, 0.38646,-0.22484, -0.10778,0.64449
1.1351, 1.77755,0.24917, -0.38505,-1.36079, 0.37505,-0.17837, 0.62495,0.17837, 0.39254,-0.21669, -0.14034,0.62950
1.1401, 1.76647,0.28141, -0.48112,-1.32986, 0.38131,-0.17081, 0.61869,0.17081, 0.39850,-0.20854, -0.17152,0.61309
1.1451, 1.75401,0.31326, -0.57502,-1.29203, 0.38746,-0.16322, 0.61254,0.16322, 0.40433,-0.20039, -0.20129,0.59537
1.1501, 1.74019,0.34465, -0.66625,-1.24744, 0.39351,-0.15560, 0.60649,0.15560, 0.41004,-0.19223, -0.22960,0.57644
1.1551, 1.72502,0.37552, -0.75430,-1.19626, 0.39945,-0.14795, 0.60055,0.14795, 0.41565,-0.18407, -0.25643,0.55641
1.1601, 1.70850,0.40582, -0.83869,-1.13869, 0.40530,-0.14028, 0.59470,0.14028, 0.42115,-0.17591, -0.28175,0.53538
1.1651, 1.69067,0.43548, -0.91893,-1.07497, 0.41106,-0.13258, 0.58894,0.13258, 0.42654,-0.16775, -0.30555,0.51345
1.1701, 1.67154,0.46444, -0.99457,-1.00540, 0.41673,-0.12487, 0.58327,0.12487, 0.43185,-0.15960, -0.32782,0.49072
1.1751, 1.65113,0.49265, -1.06516,-0.93029, 0.42233,-0.11713, 0.57767,0.11713, 0.43706,-0.15144, -0.34855,0.46728
1.1801, 1.62946,0.52004, -1.13027,-0.84999, 0.42785,-0.10938, 0.57215,0.10938, 0.44219,-0.14330, -0.36774,0.44323
1.1851, 1.60658,0.54656, -1.18951,-0.76489, 0.43330,-0.10162, 0.56670,0.10162, 0.44724,-0.13516, -0.38539,0.41866
1.1901, 1.58251,0.57214, -1.24251,-0.67541, 0.43868,-0.09383, 0.56132,0.09383, 0.45222,-0.12702, -0.40153,0.39366
1.1951, 1.55729,0.59674, -1.28891,-0.58199, 0.44401,-0.08604, 0.55599,0.08604, 0.45713,-0.11889, -0.41615,0.36832
1.2001, 1.53095,0.62029, -1.32840,-0.48513, 0.44928,-0.07824, 0.55072,0.07824, 0.46198,-0.11077, -0.42928,0.34271
1.2051, 1.50353,0.64275, -1.36071,-0.38531, 0.45450,-0.07042, 0.54550,0.07042, 0.46677,-0.10266, -0.44094,0.31693
1.2101, 1.47508,0.66405, -1.38560,-0.28307, 0.45968,-0.06260, 0.54032,0.06260, 0.47151,-0.09456, -0.45116,0.29103
1.2151, 1.44565,0.68415, -1.40285,-0.17895, 0.46482,-0.05477, 0.53518,0.05477, 0.47620,-0.08647, -0.45997,0.26510
1.2201, 1.41527,0.70301, -1.41230,-0.07354, 0.46992,-0.04694, 0.53008,0.04694, 0.48084,-0.07838, -0.46739,0.23920
1.2251, 1.38401,0.72056, -1.41384,0.03260, 0.47500,-0.03910, 0.52500,0.03910, 0.48545,-0.07031, -0.47346,0.21341
1.2301, 1.35191,0.73677, -1.40738,0.13885, 0.48005,-0.03125, 0.51995,0.03125, 0.49002,-0.06225, -0.47822,0.18777
1.2351, 1.31903,0.75159, -1.39290,0.24463, 0.48508,-0.02340, 0.51492,0.02340, 0.49457,-0.05419, -0.48170,0.16235
1.2401, 1.28544,0.76498, -1.37040,0.34930, 0.49009,-0.01555, 0.50991,0.01555, 0.49910,-0.04615, -0.48395,0.13721
1.2451, 1.25118,0.77690, -1.33995,0.45227, 0.49510,-0.00770, 0.50490,0.00770, 0.50360,-0.03811, -0.48501,0.11239
1.2501, 1.21634,0.78732, -1.30165,0.55291, 0.50010,0.00016, 0.49990,-0.00016, 0.50809,-0.03009, -0.48492,0.08794
1.2551, 1.18096,0.79619, -1.25567,0.65062, 0.50510,0.00801, 0.49490,-0.00801, 0.51258,-0.02208, -0.48372,0.06391
1.2601, 1.14511,0.80350, -1.20220,0.74479, 0.51011,0.01586, 0.48989,-0.01586, 0.51706,-0.01408, -0.48146,0.04034
1.2651, 1.10887,0.80921, -1.14150,0.83485, 0.51512,0.02372, 0.48488,-0.02372, 0.52154,-0.00609, -0.47819,0.01725
1.2701, 1.07231,0.81329, -1.07387,0.92022, 0.52015,0.03156, 0.47985,-0.03156, 0.52602,0.00189, -0.47395,-0.00530
1.2751, 1.03550,0.81572, -0.99965,1.00035, 0.52520,0.03941, 0.47480,-0.03941, 0.53052,0.00986, -0.46879,-0.02730
1.2801, 0.99852,0.81650, -0.91924,1.07471, 0.53028,0.04725, 0.46972,-0.04725, 0.53503,0.01782, -0.46275,-0.04872
1.2851, 0.96143,0.81558, -0.83307,1.14280, 0.53538,0.05509, 0.46462,-0.05509, 0.53957,0.02577, -0.45588,-0.06953
1.2901, 0.92432,0.81298, -0.74161,1.20417, 0.54052,0.06291, 0.45948,-0.06291, 0.54412,0.03370, -0.44823,-0.08970
1.2951, 0.88726,0.80868, -0.64538,1.25837, 0.54570,0.07074, 0.45430,-0.07074, 0.54871,0.04163, -0.43984,-0.10923
1.3001, 0.85033,0.80266, -0.54493,1.30501, 0.55093,0.07855, 0.44907,-0.07855, 0.55333,0.04954, -0.43076,-0.12809
1.3051, 0.81362,0.79494, -0.44084,1.34375, 0.55620,0.08635, 0.44380,-0.08635, 0.55799,0.05744, -0.42104,-0.14628
1.3101, 0.77721,0.78551, -0.33374,1.37427, 0.56153,0.09415, 0.43847,-0.09415, 0.56270,0.06533, -0.41070,-0.16378
1.3151, 0.74116,0.77438, -0.22426,1.39632, 0.56692,0.10193, 0.43308,-0.10193, 0.56745,0.07320, -0.39981,-0.18057
1.3201, 0.70558,0.76156, -0.11308,1.40969, 0.57237,0.10969, 0.42763,-0.10969, 0.57226,0.08106, -0.38840,-0.19667
1.3251, 0.67052,0.74707, -0.00089,1.41421, 0.57790,0.11744, 0.42210,-0.11744, 0.57712,0.08891, -0.37651,-0.21205
1.3301, 0.63609,0.73092, 0.11162,1.40980, 0.58349,0.12518, 0.41651,-0.12518, 0.58205,0.09674, -0.36419,-0.22672
1.3351, 0.60236,0.71313, 0.22373,1.39640, 0.58917,0.13289, 0.41083,-0.13289, 0.58705,0.10455, -0.35146,-0.24069
1.3401, 0.56940,0.69372, 0.33471,1.37404, 0.59493,0.14059, 0.40507,-0.14059, 0.59212,0.11235, -0.33838,-0.25394
1.3451, 0.53731,0.67274, 0.44383,1.34276, 0.60079,0.14826, 0.39921,-0.14826, 0.59727,0.12013, -0.32497,-0.26649
1.3501, 0.50615,0.65022, 0.55038,1.30272, 0.60673,0.15590, 0.39327,-0.15590, 0.60250,0.12789, -0.31127,-0.27833
1.3551, 0.47601,0.62618, 0.65363,1.25410, 0.61278,0.16352, 0.38722,-0.16352, 0.60783,0.13563, -0.29732,-0.28947
1.3601, 0.44696,0.60068, 0.75289,1.19714, 0.61894,0.17111, 0.38106,-0.17111, 0.61324,0.14334, -0.28315,-0.29993
1.3651, 0.41908,0.57375, 0.84747,1.13216, 0.62520,0.17867, 0.37480,-0.17867, 0.61875,0.15103, -0.26878,-0.30970
1.3701, 0.39243,0.54546, 0.93670,1.05953, 0.63158,0.18619, 0.36842,-0.18619, 0.62437,0.15870, -0.25426,-0.31881
1.3751, 0.36710,0.51585, 1.01993,0.97966, 0.63808,0.19367, 0.36192,-0.19367, 0.63009,0.16634, -0.23960,-0.32725
1.3801, 0.34315,0.48498, 1.09658,0.89303, 0.64471,0.20111, 0.35529,-0.20111, 0.63593,0.17395, -0.22484,-0.33504
1.3851, 0.32064,0.45292, 1.16607,0.80018, 0.65146,0.20850, 0.34854,-0.20850, 0.64189,0.18153, -0.21000,-0.34219
1.3901, 0.29964,0.41972, 1.22786,0.70168, 0.65836,0.21584, 0.34164,-0.21584, 0.64797,0.18907, -0.19511,-0.34872
1.3951, 0.28022,0.38546, 1.28149,0.59815, 0.66539,0.22313, 0.33461,-0.22313, 0.65418,0.19657, -0.18019,-0.35463
1.4001, 0.26242,0.35021, 1.32651,0.49027, 0.67257,0.23037, 0.32743,-0.23037, 0.66052,0.20404, -0.16526,-0.35995
1.4051, 0.24632,0.31405, 1.36255,0.37875, 0.67990,0.23754, 0.32010,-0.23754, 0.66701,0.21146, -0.15034,-0.36468
1.4101, 0.23194,0.27705, 1.38929,0.26432, 0.68739,0.24464, 0.31261,-0.24464, 0.67364,0.21883, -0.13546,-0.36885
1.4151, 0.21936,0.23929, 1.40647,0.14776, 0.69504,0.25167, 0.30496,-0.25167, 0.68042,0.22615, -0.12063,-0.37246
1.4201, 0.20860,0.20087, 1.41390,0.02987, 0.70285,0.25862, 0.29715,-0.25862, 0.68735,0.23341, -0.10586,-0.37553
1.4251, 0.19971,0.16186, 1.41144,-0.08854, 0.71083,0.26549, 0.28917,-0.26549, 0.69445,0.24062, -0.09118,-0.37808
1.4301, 0.19272,0.12237, 1.39904,-0.20663, 0.71899,0.27227, 0.28101,-0.27227, 0.70171,0.24776, -0.07660,-0.38013
1.4351, 0.18768,0.08247, 1.37670,-0.32356, 0.72732,0.27896, 0.27268,-0.27896, 0.70914,0.25483, -0.06213,-0.38168
1.4401, 0.18460,0.04227, 1.34452,-0.43850, 0.73584,0.28554, 0.26416,-0.28554, 0.71674,0.26183, -0.04779,-0.38276
1.4451, 0.18351,0.00186, 1.30263,-0.55059, 0.74455,0.29201, 0.25545,-0.29201, 0.72453,0.26874, -0.03359,-0.38338
1.4501, 0.18442,-0.03865, 1.25128,-0.65901, 0.75345,0.29837, 0.24655,-0.29837, 0.73251,0.27557, -0.01953,-0.38355
1.4551, 0.18735,-0.07917, 1.19076,-0.76295, 0.76255,0.30460, 0.23745,-0.30460, 0.74067,0.28231, -0.00563,-0.38330
1.4601, 0.19231,-0.11960, 1.12144,-0.86162, 0.77184,0.31070, 0.22816,-0.31070, 0.74903,0.28895, 0.00810,-0.38264
1.4651, 0.19930,-0.15984, 1.04375,-0.95424, 0.78134,0.31666, 0.21866,-0.31666, 0.75759,0.29548, 0.02166,-0.38158
1.4701, 0.20832,-0.19977, 0.95821,-1.04011, 0.79105,0.32247, 0.20895,-0.32247, 0.76635,0.30190, 0.03504,-0.38014
1.4751, 0.21936,-0.23930, 0.86540,-1.11852, 0.80096,0.32812, 0.19904,-0.32812, 0.77533,0.30820, 0.04823,-0.37834
1.4801, 0.23241,-0.27833, 0.76593,-1.18884, 0.81109,0.33360, 0.18891,-0.33360, 0.78451,0.31437, 0.06123,-0.37618
1.4851, 0.24744,-0.31674, 0.66051,-1.25049, 0.82143,0.33891, 0.17857,-0.33891, 0.79392,0.32040, 0.07403,-0.37369
1.4901, 0.26445,-0.35444, 0.54989,-1.30293, 0.83200,0.34402, 0.16800,-0.34402, 0.80354,0.32628, 0.08663,-0.37088
1.4951, 0.28339,-0.39132, 0.43485,-1.34570, 0.84277,0.34894, 0.15723,-0.34894, 0.81339,0.33201, 0.09902,-0.36776
1.5001, 0.30423,-0.42728, 0.31623,-1.37840, 0.85378,0.35365, 0.14622,-0.35365, 0.82347,0.33757, 0.11120,-0.36434
1.5051, 0.32693,-0.46222, 0.19491,-1.40072, 0.86500,0.35813, 0.13500,-0.35813, 0.83378,0.34295, 0.12318,-0.36065
1.5101, 0.35145,-0.49604, 0.07181,-1.41239, 0.87644,0.36238, 0.12356,-0.36238, 0.84433,0.34814, 0.13495,-0.35669
1.5151, 0.37774,-0.52864, -0.05215,-1.41325, 0.88811,0.36638, 0.11189,-0.36638, 0.85511,0.35313, 0.14650,-0.35247
1.5201, 0.40573,-0.55992, -0.17602,-1.40322, 0.90001,0.37012, 0.09999,-0.37012, 0.86613,0.35791, 0.15784,-0.34801
1.5251, 0.43537,-0.58979, -0.29882,-1.38228, 0.91212,0.37359, 0.08788,-0.37359, 0.87739,0.36247, 0.16897,-0.34332
1.5301, 0.46658,-0.61817, -0.41961,-1.35053, 0.92446,0.37677, 0.07554,-0.37677, 0.88890,0.36679, 0.17989,-0.33841
1.5351, 0.49931,-0.64496, -0.53740,-1.30813, 0.93701,0.37965, 0.06299,-0.37965, 0.90064,0.37086, 0.19060,-0.33329
1.5401, 0.53346,-0.67008, -0.65126,-1.25533, 0.94978,0.38222, 0.05022,-0.38222, 0.91263,0.37467, 0.20109,-0.32798
1.5451, 0.56896,-0.69345, -0.76024,-1.19249, 0.96277,0.38445, 0.03723,-0.38445, 0.92487,0.37819, 0.21138,-0.32248
1.5501, 0.60571,-0.71498, -0.86346,-1.12002, 0.97596,0.38634, 0.02404,-0.38634, 0.93734,0.38143, 0.22147,-0.31680
1.5551, 0.64363,-0.73462, -0.96003,-1.03843, 0.98936,0.38787, 0.01064,-0.38787, 0.95006,0.38435, 0.23135,-0.31096
1.5601, 0.68263,-0.75229, -1.04914,-0.94832, 1.00296,0.38902, -0.00296,-0.38902, 0.96302,0.38695, 0.24103,-0.30496
1.5651, 0.72259,-0.76793, -1.13001,-0.85035, 1.01676,0.38977, -0.01676,-0.38977, 0.97621,0.38920, 0.25052,-0.29881
1.5701, 0.76342,-0.78147, -1.20192,-0.74525, 1.03074,0.39012, -0.03074,-0.39012, 0.98964,0.39110, 0.25981,-0.29252
1.5751, 0.80501,-0.79287, -1.26422,-0.63383, 1.04490,0.39004, -0.04490,-0.39004, 1.00330,0.39262, 0.26891,-0.28610
1.5801, 0.84724,-0.80208, -1.31634,-0.51697, 1.05923,0.38951, -0.05923,-0.38951, 1.01718,0.39375, 0.27782,-0.27956
1.5851, 0.89001,-0.80905, -1.35776,-0.39558, 1.07372,0.38853, -0.07372,-0.38853, 1.03127,0.39447, 0.28655,-0.27290
1.5901, 0.93318,-0.81376, -1.38808,-0.27063, 1.08835,0.38706, -0.08835,-0.38706, 1.04558,0.39476, 0.29510,-0.26613
1.5951, 0.97665,-0.81616, -1.40695,-0.14314, 1.10313,0.38510, -0.10313,-0.38510, 1.06009,0.39459, 0.30347,-0.25927
1.6001, 1.02029,-0.81624, -1.41414,-0.01415, 1.11803,0.38263, -0.11803,-0.38263, 1.07479,0.39396, 0.31168,-0.25230
1.6051, 1.06398,-0.81399, -1.40951,0.11527, 1.13304,0.37962, -0.13304,-0.37962, 1.08967,0.39284, 0.31972,-0.24525
1.6101, 1.10759,-0.80938, -1.39300,0.24402, 1.14814,0.37607, -0.14814,-0.37607, 1.10473,0.39121, 0.32759,-0.23812
1.6151, 1.15098,-0.80242, -1.36468,0.37101, 1.16331,0.37195, -0.16331,-0.37195, 1.11994,0.38906, 0.33531,-0.23091
1.6201, 1.19404,-0.79310, -1.32470,0.49515, 1.17855,0.36724, -0.17855,-0.36724, 1.13530,0.38635, 0.34288,-0.22362
1.6251, 1.23664,-0.78145, -1.27332,0.61535, 1.19383,0.36194, -0.19383,-0.36194, 1.15079,0.38308, 0.35030,-0.21627
1.6301, 1.27864,-0.76748, -1.21090,0.73056, 1.20912,0.35601, -0.20912,-0.35601, 1.16638,0.37921, 0.35758,-0.20886
1.6351, 1.31992,-0.75121, -1.13790,0.83975, 1.22441,0.34946, -0.22441,-0.34946, 1.18207,0.37474, 0.36472,-0.20140
1.6401, 1.36034,-0.73268, -1.05489,0.94192, 1.23966,0.34225, -0.23966,-0.34225, 1.19784,0.36964, 0.37173,-0.19388
1.6451, 1.39979,-0.71192, -0.96250,1.03614, 1.25487,0.33438, -0.25487,-0.33438, 1.21365,0.36389, 0.37861,-0.18631
1.6501, 1.43814,-0.68899, -0.86150,1.12153, 1.26999,0.32582, -0.26999,-0.32582, 1.22949,0.35746, 0.38537,-0.17870
1.6551, 1.47525,-0.66393, -0.75270,1.19727, 1.28501,0.31658, -0.28501,-0.31658, 1.24533,0.35035, 0.39202,-0.17104
1.6601, 1.51102,-0.63681, -0.63700,1.26263, 1.29988,0.30662, -0.29988,-0.30662, 1.26115,0.34253, 0.39855,-0.16335
1.6651, 1.54532,-0.60769, -0.51540,1.31695, 1.31459,0.29594, -0.31459,-0.29594, 1.27692,0.33398, 0.40498,-0.15563
1.6701, 1.57804,-0.57666, -0.38893,1.35968, 1.32908,0.28454, -0.32908,-0.28454, 1.29260,0.32469, 0.41130,-0.14788
1.6751, 1.60906,-0.54379, -0.25870,1.39035, 1.34334,0.27239, -0.34334,-0.27239, 1.30817,0.31464, 0.41754,-0.14009
1.6801, 1.63829,-0.50917, -0.12584,1.40860, 1.35733,0.25949, -0.35733,-0.25949, 1.32358,0.30381, 0.42368,-0.13228
1.6851, 1.66560,-0.47290, 0.00846,1.41419, 1.37100,0.24583, -0.37100,-0.24583, 1.33881,0.29218, 0.42973,-0.12445
1.6901, 1.69092,-0.43508, 0.14299,1.40697, 1.38431,0.23141, -0.38431,-0.23141, 1.35381,0.27975, 0.43571,-0.11661
1.6951, 1.71414,-0.39582, 0.27652,1.38692, 1.39723,0.21623, -0.39723,-0.21623, 1.36854,0.26650, 0.44162,-0.10874
1.7001, 1.73517,-0.35523, 0.40782,1.35413, 1.40972,0.20027, -0.40972,-0.20027, 1.38297,0.25243, 0.44745,-0.10085
1.7051, 1.75394,-0.31343, 0.53568,1.30884, 1.42172,0.18354, -0.42172,-0.18354, 1.39704,0.23751, 0.45322,-0.09296
1.7101, 1.77037,-0.27054, 0.65888,1.25135, 1.43319,0.16605, -0.43319,-0.16605, 1.41071,0.22175, 0.45894,-0.08505
1.7151, 1.78439,-0.22670, 0.77625,1.18214, 1.44409,0.14779, -0.44409,-0.14779, 1.42393,0.20514, 0.46460,-0.07713
1.7201, 1.79595,-0.18204, 0.88665,1.10175, 1.45436,0.12878, -0.45436,-0.12878, 1.43666,0.18768, 0.47021,-0.06921
1.7251, 1.80497,-0.13669, 0.98900,1.01088, 1.46397,0.10902, -0.46397,-0.10902, 1.44883,0.16936, 0.47579,-0.06128
1.7301, 1.81143,-0.09080, 1.08229,0.91030, 1.47285,0.08852, -0.47285,-0.08852, 1.46039,0.15019, 0.48132,-0.05334
1.7351, 1.81528,-0.04451, 1.16557,0.80091, 1.48096,0.06730, -0.48096,-0.06730, 1.47129,0.13018, 0.48683,-0.04540
1.7401, 1.81649,0.00202, 1.23798,0.68367, 1.48824,0.04538, -0.48824,-0.04538, 1.48148,0.10932, 0.49231,-0.03746
1.7451, 1.81505,0.04865, 1.29876,0.55966, 1.49463,0.02278, -0.49463,-0.02278, 1.49088,0.08765, 0.49777,-0.02953
1.7501, 1.81092,0.09523, 1.34725,0.43003, 1.50010,-0.00047, -0.50010,0.00047, 1.49944,0.06516, 0.50321,-0.02159
1.7551, 1.80413,0.14159, 1.38290,0.29597, 1.50458,-0.02435, -0.50458,0.02435, 1.50710,0.04188, 0.50865,-0.01365
1.7601, 1.79466,0.18759, 1.40527,0.15876, 1.50801,-0.04883, -0.50801,0.04883, 1.51380,0.01783, 0.51408,-0.00572
1.7651, 1.78253,0.23307, 1.41408,0.01970, 1.51035,-0.07387, -0.51035,0.07387, 1.51947,-0.00695, 0.51951,0.00220
1.7701, 1.76776,0.27787, 1.40913,-0.11985, 1.51154,-0.09943, -0.51154,0.09943, 1.52404,-0.03245, 0.52494,0.01012
1.7751, 1.75039,0.32184, 1.39038,-0.25853, 1.51152,-0.12546, -0.51152,0.12546, 1.52745,-0.05862, 0.53039,0.01802
1.7801, 1.73046,0.36483, 1.35794,-0.39498, 1.51024,-0.15192, -0.51024,0.15192, 1.52964,-0.08542, 0.53586,0.02592
1.7851, 1.70802,0.40667, 1.31202,-0.52783, 1.50766,-0.17875, -0.50766,0.17875, 1.53054,-0.11281, 0.54135,0.03380
1.7901, 1.68312,0.44723, 1.25300,-0.65574, 1.50372,-0.20590, -0.50372,0.20590, 1.53009,-0.14073, 0.54686,0.04168
1.7951, 1.65584,0.48635, 1.18138,-0.77740, 1.49836,-0.23330, -0.49836,0.23330, 1.52821,-0.16912, 0.55241,0.04953
1.8001, 1.62626,0.52389, 1.09779,-0.89155, 1.49155,-0.26090, -0.49155,0.26090, 1.52486,-0.19793, 0.55800,0.05737
1.8051, 1.59446,0.55971, 1.00300,-0.99699, 1.48324,-0.28861, -0.48324,0.28861, 1.51996,-0.22708, 0.56362,0.06520
1.8101, 1.56054,0.59368, 0.89788,-1.09261, 1.47339,-0.31636, -0.47339,0.31636, 1.51346,-0.25651, 0.56930,0.07300
1.8151, 1.52461,0.62566, 0.78345,-1.17737, 1.46195,-0.34407, -0.46195,0.34407, 1.50529,-0.28612, 0.57503,0.08078
1.8201, 1.48676,0.65554, 0.66080,-1.25034, 1.44890,-0.37166, -0.44890,0.37166, 1.49542,-0.31584, 0.58083,0.08853
1.8251, 1.44714,0.68318, 0.53113,-1.31069, 1.43419,-0.39904, -0.43419,0.39904, 1.48378,-0.34557, 0.58668,0.09626
1.8301, 1.40586,0.70848, 0.39574,-1.35771, 1.41781,-0.42611, -0.41781,0.42611, 1.47032,-0.37522, 0.59261,0.10396
1.8351, 1.36305,0.73134, 0.25598,-1.39085, 1.39972,-0.45278, -0.39972,0.45278, 1.45502,-0.40467, 0.59861,0.11163
1.8401, 1.31887,0.75166, 0.11328,-1.40967, 1.37992,-0.47893, -0.37992,0.47893, 1.43781,-0.43381, 0.60469,0.11927
1.8451, 1.27347,0.76934, -0.03091,-1.41388, 1.35838,-0.50447, -0.35838,0.50447, 1.41869,-0.46254, 0.61086,0.12687
1.8501, 1.22698,0.78431, -0.17508,-1.40333, 1.33510,-0.52928, -0.33510,0.52928, 1.39761,-0.49072, 0.61711,0.13444
1.8551, 1.17959,0.79650, -0.31773,-1.37806, 1.31008,-0.55325, -0.31008,0.55325, 1.37457,-0.51823, 0.62347,0.14196
1.8601, 1.13144,0.80585, -0.45733,-1.33823, 1.28333,-0.57627, -0.28333,0.57627, 1.34954,-0.54493, 0.62992,0.14943
1.8651, 1.08272,0.81230, -0.59239,-1.28416, 1.25487,-0.59820, -0.25487,0.59820, 1.32253,-0.57069, 0.63649,0.15686
1.8701, 1.03359,0.81581, -0.72144,-1.21636, 1.22470,-0.61893, -0.22470,0.61893, 1.29355,-0.59536, 0.64316,0.16424
1.8751, 0.98424,0.81634, -0.84308,-1.13544, 1.19287,-0.63832, -0.19287,0.63832, 1.26260,-0.61880, 0.64995,0.17156
1.8801, 0.93485,0.81389, -0.95595,-1.04219, 1.15941,-0.65626, -0.15941,0.65626, 1.22971,-0.64084, 0.65686,0.17882
1.8851, 0.88558,0.80844, -1.05877,-0.93755, 1.12436,-0.67262, -0.12436,0.67262, 1.19492,-0.66134, 0.66390,0.18602
1.8901, 0.83664,0.79999, -1.15038,-0.82257, 1.08779,-0.68725, -0.08779,0.68725, 1.15828,-0.68014, 0.67107,0.19315
1.8951, 0.78820,0.78855, -1.22972,-0.69843, 1.04977,-0.70004, -0.04977,0.70004, 1.11984,-0.69708, 0.67838,0.20020
1.9001, 0.74046,0.77415, -1.29582,-0.56643, 1.01036,-0.71085, -0.01036,0.71085, 1.07968,-0.71199, 0.68583,0.20718
1.9051, 0.69358,0.75682, -1.34791,-0.42796, 0.96966,-0.71956, 0.03034,0.71956, 1.03788,-0.72473, 0.69342,0.21408
1.9101, 0.64776,0.73661, -1.38530,-0.28451, 0.92777,-0.72604, 0.07223,0.72604, 0.99454,-0.73512, 0.70117,0.22088
1.9151, 0.60317,0.71358, -1.40750,-0.13762, 0.88479,-0.73016, 0.11521,0.73016, 0.94978,-0.74300, 0.70907,0.22759
1.9201, 0.55999,0.68779, -1.41417,0.01109, 0.84084,-0.73181, 0.15916,0.73181, 0.90372,-0.74823, 0.71713,0.23420
1.9251, 0.51840,0.65934, -1.40514,0.15998, 0.79605,-0.73087, 0.20395,0.73087, 0.85650,-0.75066, 0.72535,0.24071
1.9301, 0.47856,0.62831, -1.38040,0.30739, 0.75057,-0.72723, 0.24943,0.72723, 0.80829,-0.75012, 0.73375,0.24709
1.9351, 0.44064,0.59480, -1.34015,0.45167, 0.70456,-0.72078, 0.29544,0.72078, 0.75925,-0.74650, 0.74231,0.25336
1.9401, 0.40480,0.55893, -1.28473,0.59115, 0.65816,-0.71144, 0.34184,0.71144, 0.70958,-0.73964, 0.75105,0.25950
1.9451, 0.37119,0.52083, -1.21469,0.72424, 0.61157,-0.69911, 0.38843,0.69911, 0.65947,-0.72944, 0.75997,0.26550
1.9501, 0.33995,0.48063, -1.13072,0.84939, 0.56496,-0.68371, 0.43504,0.68371, 0.60915,-0.71578, 0.76907,0.27135
1.9551, 0.31122,0.43847, -1.03371,0.96511, 0.51854,-0.66517, 0.48146,0.66517, 0.55885,-0.69856, 0.77836,0.27705
1.9601, 0.28513,0.39451, -0.92467,1.07004, 0.47250,-0.64344, 0.52750,0.64344, 0.50881,-0.67769, 0.78783,0.28259
1.9651, 0.26180,0.34890, -0.80480,1.16288, 0.42707,-0.61848, 0.57293,0.61848, 0.45929,-0.65312, 0.79750,0.28795
1.9701, 0.24134,0.30183, -0.67540,1.24251, 0.38247,-0.59025, 0.61753,0.59025, 0.41058,-0.62478, 0.80736,0.29314
1.9751, 0.22384,0.25347, -0.53793,1.30791, 0.33893,-0.55874, 0.66107,0.55874, 0.36296,-0.59264, 0.81742,0.29813
1.9801, 0.20940,0.20399, -0.39392,1.35824, 0.29670,-0.52395, 0.70330,0.52395, 0.31671,-0.55669, 0.82767,0.30291
1.9851, 0.19808,0.15361, -0.24503,1.39283, 0.25601,-0.48589, 0.74399,0.48589, 0.27216,-0.51695, 0.83811,0.30749
1.9901, 0.18996,0.10251, -0.09296,1.41115, 0.21712,-0.44460, 0.78288,0.44460, 0.22962,-0.47344, 0.84876,0.31184
1.9951, 0.18509,0.05089, 0.06050,1.41292, 0.18029,-0.40014, 0.81971,0.40014, 0.18940,-0.42623, 0.85961,0.31595
2.0001, 1.12968,-0.85626, 1.22474,-0.00156, 0.14667,-0.35346, 0.85333,0.35346, 0.15892,-0.39148, 0.87596,0.30556
2.0051, 1.16827,-0.84952, 1.22216,-0.07960, 0.15766,-0.34875, 0.84234,0.34875, 0.17010,-0.38585, 0.84467,0.35236
2.0101, 1.20660,-0.84102, 1.21458,-0.15747, 0.16843,-0.34382, 0.83157,0.34382, 0.18102,-0.38004, 0.81118,0.39643
2.0151, 1.24457,-0.83077, 1.20202,-0.23486, 0.17898,-0.33870, 0.82102,0.33870, 0.19170,-0.37406, 0.77569,0.43769
2.0201, 1.28212,-0.81878, 1.18449,-0.31143, 0.18932,-0.33339, 0.81068,0.33339, 0.20213,-0.36792, 0.73844,0.47610
2.0251, 1.31915,-0.80507, 1.16204,-0.38686, 0.19944,-0.32790, 0.80056,0.32790, 0.21233,-0.36163, 0.69962,0.51160
2.0301, 1.35559,-0.78965, 1.13473,-0.46085, 0.20934,-0.32224, 0.79066,0.32224, 0.22229,-0.35521, 0.65945,0.54418
2.0351, 1.39136,-0.77255, 1.10265,-0.53306, 0.21904,-0.31642, 0.78096,0.31642, 0.23202,-0.34865, 0.61814,0.57380
2.0401, 1.42638,-0.75379, 1.06591,-0.60319, 0.22853,-0.31046, 0.77147,0.31046, 0.24153,-0.34197, 0.57589,0.60048
2.0451, 1.46057,-0.73340, 1.02462,-0.67093, 0.23782,-0.30435, 0.76218,0.30435, 0.25081,-0.33517, 0.53290,0.62422
2.0501, 1.49384,-0.71142, 0.97894,-0.73599, 0.24691,-0.29812, 0.75309,0.29812, 0.25987,-0.32827, 0.48935,0.64504
2.0551, 1.52613,-0.68788, 0.92904,-0.79805, 0.25580,-0.29175, 0.74420,0.29175, 0.26873,-0.32127, 0.44543,0.66299
2.0601, 1.55737,-0.66283, 0.87510,-0.85686, 0.26450,-0.28528, 0.73550,0.28528, 0.27738,-0.31418, 0.40132,0.67811
2.0651, 1.58746,-0.63631, 0.81732,-0.91213, 0.27301,-0.27869, 0.72699,0.27869, 0.28582,-0.30700, 0.35719,0.69045
2.0701, 1.61636,-0.60836, 0.75594,-0.96361, 0.28134,-0.27200, 0.71866,0.27200, 0.29407,-0.29975, 0.31320,0.70007
2.0751, 1.64397,-0.57905, 0.69120,-1.01106, 0.28949,-0.26522, 0.71051,0.26522, 0.30212,-0.29242, 0.26949,0.70705
2.0801, 1.67025,-0.54842, 0.62336,-1.05424, 0.29747,-0.25835, 0.70253,0.25835, 0.30999,-0.28503, 0.22622,0.71146
2.0851, 1.69511,-0.51655, 0.55269,-1.09295, 0.30527,-0.25139, 0.69473,0.25139, 0.31768,-0.27757, 0.18353,0.71339
2.0901, 1.71851,-0.48348, 0.47948,-1.12699, 0.31291,-0.24436, 0.68709,0.24436, 0.32519,-0.27006, 0.14153,0.71293
2.0951, 1.74037,-0.44928, 0.40404,-1.15618, 0.32039,-0.23725, 0.67961,0.23725, 0.33254,-0.26250, 0.10035,0.71017
2.1001, 1.76064,-0.41403, 0.32669,-1.18037, 0.32772,-0.23008, 0.67228,0.23008, 0.33971,-0.25489, 0.06009,0.70522
2.1051, 1.77927,-0.37780, 0.24776,-1.19942, 0.33489,-0.22284, 0.66511,0.22284, 0.34673,-0.24724, 0.02086,0.69818
2.1101, 1.79621,-0.34066, 0.16758,-1.21323, 0.34192,-0.21555, 0.65808,0.21555, 0.35359,-0.23955, -0.01725,0.68915
2.1151, 1.81141,-0.30269, 0.08651,-1.22169, 0.34881,-0.20821, 0.65119,0.20821, 0.36031,-0.23182, -0.05416,0.67824
2.1201, 1.82482,-0.26397, 0.00490,-1.22474, 0.35556,-0.20081, 0.64444,0.20081, 0.36688,-0.22407, -0.08979,0.66557
2.1251, 1.83640,-0.22458, -0.07689,-1.22233, 0.36218,-0.19337, 0.63782,0.19337, 0.37331,-0.21628, -0.12408,0.65124
2.1301, 1.84612,-0.18461, -0.15849,-1.21445, 0.36868,-0.18589, 0.63132,0.18589, 0.37961,-0.20847, -0.15698,0.63537
2.1351, 1.85394,-0.14415, -0.23954,-1.20109, 0.37505,-0.17837, 0.62495,0.17837, 0.38579,-0.20064, -0.18842,0.61807
2.1401, 1.85984,-0.10328, -0.31965,-1.18229, 0.38131,-0.17081, 0.61869,0.17081, 0.39184,-0.19279, -0.21838,0.59944
2.1451, 1.86380,-0.06210, -0.39848,-1.15811, 0.38746,-0.16322, 0.61254,0.16322, 0.39778,-0.18492, -0.24681,0.57961
2.1501, 1.86578,-0.02071, -0.47563,-1.12862, 0.39351,-0.15560, 0.60649,0.15560, 0.40360,-0.17703, -0.27369,0.55868
2.1551, 1.86578,0.02082, -0.55077,-1.09392, 0.39945,-0.14795, 0.60055,0.14795, 0.40932,-0.16913, -0.29900,0.53676
2.1601, 1.86378,0.06237, -0.62352,-1.05414, 0.40530,-0.14028, 0.59470,0.14028, 0.41494,-0.16123, -0.32272,0.51395
2.1651, 1.85977,0.10386, -0.69355,-1.00945, 0.41106,-0.13258, 0.58894,0.13258, 0.42046,-0.15331, -0.34485,0.49035
2.1701, 1.85377,0.14519, -0.76050,-0.96002, 0.41673,-0.12487, 0.58327,0.12487, 0.42590,-0.14538, -0.36538,0.46608
2.1751, 1.84576,0.18625, -0.82406,-0.90605, 0.42233,-0.11713, 0.57767,0.11713, 0.43125,-0.13745, -0.38432,0.44122
2.1801, 1.83576,0.22696, -0.88391,-0.84776, 0.42785,-0.10938, 0.57215,0.10938, 0.43651,-0.12951, -0.40167,0.41587
2.1851, 1.82377,0.26720, -0.93975,-0.78542, 0.43330,-0.10162, 0.56670,0.10162, 0.44171,-0.12157, -0.41746,0.39013
2.1901, 1.80982,0.30689, -0.99128,-0.71927, 0.43868,-0.09383, 0.56132,0.09383, 0.44683,-0.11363, -0.43169,0.36407
2.1951, 1.79393,0.34593, -1.03826,-0.64963, 0.44401,-0.08604, 0.55599,0.08604, 0.45189,-0.10568, -0.44439,0.33780
2.2001, 1.77613,0.38422, -1.08042,-0.57679, 0.44928,-0.07824, 0.55072,0.07824, 0.45690,-0.09774, -0.45559,0.31137
2.2051, 1.75644,0.42167, -1.11755,-0.50108, 0.45450,-0.07042, 0.54550,0.07042, 0.46184,-0.08979, -0.46531,0.28489
2.2101, 1.73490,0.45818, -1.14943,-0.42286, 0.45968,-0.06260, 0.54032,0.06260, 0.46674,-0.08185, -0.47359,0.25841
2.2151, 1.71156,0.49365, -1.17589,-0.34247, 0.46482,-0.05477, 0.53518,0.05477, 0.47159,-0.07390, -0.48047,0.23201
2.2201, 1.68646,0.52799, -1.19677,-0.26029, 0.46992,-0.04694, 0.53008,0.04694, 0.47641,-0.06596, -0.48597,0.20575
2.2251, 1.65965,0.56113, -1.21193,-0.17672, 0.47500,-0.03910, 0.52500,0.03910, 0.48118,-0.05802, -0.49015,0.17969
2.2301, 1.63119,0.59296, -1.22127,-0.09213, 0.48005,-0.03125, 0.51995,0.03125, 0.48593,-0.05009, -0.49304,0.15390
2.2351, 1.60114,0.62340, -1.22473,-0.00695, 0.48508,-0.02340, 0.51492,0.02340, 0.49066,-0.04216, -0.49469,0.12843
2.2401, 1.56957,0.65238, -1.22223,0.07842, 0.49009,-0.01555, 0.50991,0.01555, 0.49536,-0.03423, -0.49514,0.10332
2.2451, 1.53653,0.67980, -1.21377,0.16357, 0.49510,-0.00770, 0.50490,0.00770, 0.50005,-0.02631, -0.49443,0.07863
2.2501, 1.50212,0.70560, -1.19936,0.24807, 0.50010,0.00016, 0.49990,-0.00016, 0.50472,-0.01839, -0.49262,0.05439
2.2551, 1.46640,0.72970, -1.17903,0.33150, 0.50510,0.00801, 0.49490,-0.00801, 0.50940,-0.01048, -0.48976,0.03065
2.2601, 1.42946,0.75204, -1.15285,0.41346, 0.51011,0.01586, 0.48989,-0.01586, 0.51407,-0.00257, -0.48588,0.00744
2.2651, 1.39139,0.77254, -1.12091,0.49351, 0.51512,0.02372, 0.48488,-0.02372, 0.51874,0.00533, -0.48105,-0.01521
2.2701, 1.35226,0.79115, -1.08336,0.57126, 0.52015,0.03156, 0.47985,-0.03156, 0.52342,0.01322, -0.47530,-0.03727
2.2751, 1.31218,0.80780, -1.04033,0.64630, 0.52520,0.03941, 0.47480,-0.03941, 0.52812,0.02111, -0.46869,-0.05870
2.2801, 1.27125,0.82245, -0.99203,0.71825, 0.53028,0.04725, 0.46972,-0.04725, 0.53284,0.02899, -0.46126,-0.07950
2.2851, 1.22955,0.83505, -0.93866,0.78672, 0.53538,0.05509, 0.46462,-0.05509, 0.53758,0.03686, -0.45307,-0.09963
2.2901, 1.18720,0.84555, -0.88046,0.85134, 0.54052,0.06291, 0.45948,-0.06291, 0.54234,0.04472, -0.44415,-0.11909
2.2951, 1.14429,0.85392, -0.81771,0.91178, 0.54570,0.07074, 0.45430,-0.07074, 0.54714,0.05258, -0.43456,-0.13785
2.3001, 1.10094,0.86012, -0.75070,0.96770, 0.55093,0.07855, 0.44907,-0.07855, 0.55198,0.06042, -0.42434,-0.15591
2.3051, 1.05725,0.86413, -0.67975,1.01880, 0.55620,0.08635, 0.44380,-0.08635, 0.55686,0.06826, -0.41354,-0.17326
2.3101, 1.01334,0.86592, -0.60519,1.06477, 0.56153,0.09415, 0.43847,-0.09415, 0.56178,0.07608, -0.40220,-0.18989
2.3151, 0.96931,0.86548, -0.52740,1.10537, 0.56692,0.10193, 0.43308,-0.10193, 0.56676,0.08389, -0.39036,-0.20580
2.3201, 0.92529,0.86280, -0.44676,1.14035, 0.57237,0.10969, 0.42763,-0.10969, 0.57180,0.09169, -0.37807,-0.22098
2.3251, 0.88138,0.85786, -0.36367,1.16951, 0.57790,0.11744, 0.42210,-0.11744, 0.57689,0.09948, -0.36536,-0.23543
2.3301, 0.83770,0.85068, -0.27854,1.19265, 0.58349,0.12518, 0.41651,-0.12518, 0.58206,0.10725, -0.35227,-0.24916
2.3351, 0.79438,0.84126, -0.19182,1.20963, 0.58917,0.13289, 0.41083,-0.13289, 0.58729,0.11500, -0.33885,-0.26217
2.3401, 0.75151,0.82961, -0.10394,1.22033, 0.59493,0.14059, 0.40507,-0.14059, 0.59260,0.12274, -0.32513,-0.27446
2.3451, 0.70923,0.81575, -0.01536,1.22465, 0.60079,0.14826, 0.39921,-0.14826, 0.59800,0.13046, -0.31114,-0.28603
2.3501, 0.66764,0.79971, 0.07345,1.22254, 0.60673,0.15590, 0.39327,-0.15590, 0.60348,0.13815, -0.29692,-0.29690
2.3551, 0.62686,0.78152, 0.16203,1.21398, 0.61278,0.16352, 0.38722,-0.16352, 0.60905,0.14583, -0.28250,-0.30708
2.3601, 0.58701,0.76121, 0.24991,1.19898, 0.61894,0.17111, 0.38106,-0.17111, 0.61472,0.15348, -0.26791,-0.31657
2.3651, 0.54819,0.73883, 0.33662,1.17758, 0.62520,0.17867, 0.37480,-0.17867, 0.62049,0.16111, -0.25319,-0.32539
2.3701, 0.51051,0.71442, 0.42168,1.14986, 0.63158,0.18619, 0.36842,-0.18619, 0.62637,0.16871, -0.23835,-0.33354
2.3751, 0.47409,0.68805, 0.50463,1.11595, 0.63808,0.19367, 0.36192,-0.19367, 0.63236,0.17628, -0.22343,-0.34104
2.3801, 0.43903,0.65978, 0.58502,1.07599, 0.64471,0.20111, 0.35529,-0.20111, 0.63847,0.18381, -0.20845,-0.34790
2.3851, 0.40542,0.62966, 0.66240,1.03016, 0.65146,0.20850, 0.34854,-0.20850, 0.64470,0.19131, -0.19344,-0.35414
2.3901, 0.37338,0.59778, 0.73633,0.97869, 0.65836,0.21584, 0.34164,-0.21584, 0.65106,0.19877, -0.17842,-0.35977
2.3951, 0.34299,0.56422, 0.80639,0.92181, 0.66539,0.22313, 0.33461,-0.22313, 0.65755,0.20619, -0.16340,-0.36481
2.4001, 0.31435,0.52904, 0.87218,0.85982, 0.67257,0.23037, 0.32743,-0.23037, 0.66418,0.21356, -0.14842,-0.36926
2.4051, 0.28755,0.49236, 0.93333,0.79303, 0.67990,0.23754, 0.32010,-0.23754, 0.67095,0.22088, -0.13349,-0.37315
2.4101, 0.26267,0.45425, 0.98946,0.72178, 0.68739,0.24464, 0.31261,-0.24464, 0.67787,0.22815, -0.11862,-0.37650
2.4151, 0.23978,0.41481, 1.04025,0.64643, 0.69504,0.25167, 0.30496,-0.25167, 0.68494,0.23536, -0.10384,-0.37931
2.4201, 0.21897,0.37416, 1.08539,0.56739, 0.70285,0.25862, 0.29715,-0.25862, 0.69217,0.24252, -0.08915,-0.38160
2.4251, 0.20030,0.33239, 1.12459,0.48507, 0.71083,0.26549, 0.28917,-0.26549, 0.69957,0.24960, -0.07458,-0.38340
2.4301, 0.18384,0.28963, 1.15761,0.39992, 0.71899,0.27227, 0.28101,-0.27227, 0.70713,0.25661, -0.06014,-0.38471
2.4351, 0.16964,0.24597, 1.18423,0.31239, 0.72732,0.27896, 0.27268,-0.27896, 0.71487,0.26355, -0.04583,-0.38556
2.4401, 0.15775,0.20155, 1.20428,0.22297, 0.73584,0.28554, 0.26416,-0.28554, 0.72278,0.27040, -0.03167,-0.38596
2.4451, 0.14823,0.15649, 1.21760,0.13214, 0.74455,0.29201, 0.25545,-0.29201, 0.73087,0.27716, -0.01767,-0.38592
2.4501, 0.14110,0.11090, 1.22408,0.04041, 0.75345,0.29837, 0.24655,-0.29837, 0.73916,0.28383, -0.00384,-0.38546
2.4551, 0.13641,0.06492, 1.22365,-0.05170, 0.76255,0.30460, 0.23745,-0.30460, 0.74763,0.29039, 0.00982,-0.38461
2.4601, 0.13418,0.01868, 1.21629,-0.14367, 0.77184,0.31070, 0.22816,-0.31070, 0.75631,0.29685, 0.02329,-0.38336
2.4651, 0.13442,-0.02769, 1.20199,-0.23498, 0.78134,0.31666, 0.21866,-0.31666, 0.76518,0.30319, 0.03658,-0.38174
2.4701, 0.13715,-0.07407, 1.18081,-0.32511, 0.79105,0.32247, 0.20895,-0.32247, 0.77426,0.30941, 0.04967,-0.37977
2.4751, 0.14237,-0.12030, 1.15282,-0.41352, 0.80096,0.32812, 0.19904,-0.32812, 0.78355,0.31549, 0.06256,-0.37746
2.4801, 0.15009,-0.16627, 1.11817,-0.49970, 0.81109,0.33360, 0.18891,-0.33360, 0.79305,0.32143, 0.07524,-0.37481
2.4851, 0.16028,-0.21183, 1.07700,-0.58315, 0.82143,0.33891, 0.17857,-0.33891, 0.80277,0.32722, 0.08773,-0.37186
2.4901, 0.17294,-0.25685, 1.02954,-0.66336, 0.83200,0.34402, 0.16800,-0.34402, 0.81270,0.33285, 0.10000,-0.36861
2.4951, 0.18804,-0.30119, 0.97602,-0.73985, 0.84277,0.34894, 0.15723,-0.34894, 0.82286,0.33831, 0.11206,-0.36507
2.5001, 0.20554,-0.34473, 0.91672,-0.81217, 0.85378,0.35365, 0.14622,-0.35365, 0.83325,0.34359, 0.12390,-0.36126
2.5051, 0.22541,-0.38732, 0.85197,-0.87985, 0.86500,0.35813, 0.13500,-0.35813, 0.84387,0.34868, 0.13553,-0.35720
2.5101, 0.24761,-0.42884, 0.78212,-0.94249, 0.87644,0.36238, 0.12356,-0.36238, 0.85471,0.35357, 0.14695,-0.35288
2.5151, 0.27206,-0.46916, 0.70755,-0.99969, 0.88811,0.36638, 0.11189,-0.36638, 0.86579,0.35824, 0.15815,-0.34833
2.5201, 0.29873,-0.50815, 0.62867,-1.05108, 0.90001,0.37012, 0.09999,-0.37012, 0.87711,0.36269, 0.16914,-0.34356
2.5251, 0.32752,-0.54569, 0.54595,-1.09633, 0.91212,0.37359, 0.08788,-0.37359, 0.88865,0.36689, 0.17992,-0.33858
2.5301, 0.35838,-0.58166, 0.45984,-1.13514, 0.92446,0.37677, 0.07554,-0.37677, 0.90044,0.37084, 0.19048,-0.33340
2.5351, 0.39121,-0.61594, 0.37085,-1.16725, 0.93701,0.37965, 0.06299,-0.37965, 0.91246,0.37453, 0.20083,-0.32803
2.5401, 0.42594,-0.64842, 0.27950,-1.19243, 0.94978,0.38222, 0.05022,-0.38222, 0.92471,0.37794, 0.21098,-0.32248
2.5451, 0.46245,-0.67900, 0.18631,-1.21049, 0.96277,0.38445, 0.03723,-0.38445, 0.93720,0.38105, 0.22092,-0.31676
2.5501, 0.50065,-0.70757, 0.09186,-1.22130, 0.97596,0.38634, 0.02404,-0.38634, 0.94992,0.38385, 0.23065,-0.31088
2.5551, 0.54044,-0.73403, -0.00331,-1.22474, 0.98936,0.38787, 0.01064,-0.38787, 0.96287,0.38632, 0.24019,-0.30485
2.5601, 0.58169,-0.75830, -0.09861,-1.22077, 1.00296,0.38902, -0.00296,-0.38902, 0.97605,0.38846, 0.24953,-0.29868
2.5651, 0.62429,-0.78028, -0.19347,-1.20937, 1.01676,0.38977, -0.01676,-0.38977, 0.98945,0.39023, 0.25867,-0.29237
2.5701, 0.66811,-0.79991, -0.28730,-1.19057, 1.03074,0.39012, -0.03074,-0.39012, 1.00308,0.39163, 0.26762,-0.28594
2.5751, 0.71303,-0.81710, -0.37953,-1.16446, 1.04490,0.39004, -0.04490,-0.39004, 1.01691,0.39264, 0.27639,-0.27940
2.5801, 0.75891,-0.83179, -0.46957,-1.13115, 1.05923,0.38951, -0.05923,-0.38951, 1.03095,0.39324, 0.28498,-0.27274
2.5851, 0.80561,-0.84393, -0.55687,-1.09082, 1.07372,0.38853, -0.07372,-0.38853, 1.04519,0.39341, 0.29339,-0.26597
2.5901, 0.85299,-0.85346, -0.64087,-1.04369, 1.08835,0.38706, -0.08835,-0.38706, 1.05962,0.39314, 0.30162,-0.25911
2.5951, 0.90091,-0.86034, -0.72103,-0.99001, 1.10313,0.38510, -0.10313,-0.38510, 1.07423,0.39240, 0.30968,-0.25216
2.6001, 0.94921,-0.86453, -0.79684,-0.93008, 1.11803,0.38263, -0.11803,-0.38263, 1.08902,0.39118, 0.31758,-0.24513
2.6051, 0.99775,-0.86602, -0.86779,-0.86425, 1.13304,0.37962, -0.13304,-0.37962, 1.10396,0.38946, 0.32532,-0.23801
2.6101, 1.04638,-0.86478, -0.93343,-0.79291, 1.14814,0.37607, -0.14814,-0.37607, 1.11905,0.38721, 0.33290,-0.23083
2.6151, 1.09494,-0.86081, -0.99331,-0.71647, 1.16331,0.37195, -0.16331,-0.37195, 1.13427,0.38442, 0.34033,-0.22357
2.6201, 1.14327,-0.85409, -1.04703,-0.63540, 1.17855,0.36724, -0.17855,-0.36724, 1.14961,0.38108, 0.34762,-0.21625
2.6251, 1.19123,-0.84465, -1.09421,-0.55018, 1.19383,0.36194, -0.19383,-0.36194, 1.16505,0.37715, 0.35476,-0.20888
2.6301, 1.23865,-0.83249, -1.13454,-0.46133, 1.20912,0.35601, -0.20912,-0.35601, 1.18057,0.37263, 0.36177,-0.20145
2.6351, 1.28539,-0.81765, -1.16770,-0.36941, 1.22441,0.34946, -0.22441,-0.34946, 1.19616,0.36749, 0.36865,-0.19397
2.6401, 1.33128,-0.80016, -1.19347,-0.27499, 1.23966,0.34225, -0.23966,-0.34225, 1.21178,0.36171, 0.37540,-0.18644
2.6451, 1.37617,-0.78006, -1.21164,-0.17865, 1.25487,0.33438, -0.25487,-0.33438, 1.22743,0.35527, 0.38203,-0.17887
2.6501, 1.41993,-0.75741, -1.22206,-0.08102, 1.26999,0.32582, -0.26999,-0.32582, 1.24306,0.34817, 0.38855,-0.17126
2.6551, 1.46238,-0.73226, -1.22462,0.01730, 1.28501,0.31658, -0.28501,-0.31658, 1.25867,0.34037, 0.39495,-0.16362
2.6601, 1.50340,-0.70469, -1.21927,0.11565, 1.29988,0.30662, -0.29988,-0.30662, 1.27421,0.33186, 0.40125,-0.15594
2.6651, 1.54285,-0.67477, -1.20601,0.21341, 1.31459,0.29594, -0.31459,-0.29594, 1.28966,0.32262, 0.40745,-0.14823
2.6701, 1.58057,-0.64260, -1.18488,0.30994, 1.32908,0.28454, -0.32908,-0.28454, 1.30499,0.31265, 0.41356,-0.14050
2.6751, 1.61645,-0.60827, -1.15598,0.40460, 1.34334,0.27239, -0.34334,-0.27239, 1.32017,0.30192, 0.41957,-0.13274
2.6801, 1.65035,-0.57187, -1.11948,0.49676, 1.35733,0.25949, -0.35733,-0.25949, 1.33515,0.29042, 0.42550,-0.12496
2.6851, 1.68216,-0.53353, -1.07557,0.58580, 1.37100,0.24583, -0.37100,-0.24583, 1.34991,0.27814, 0.43136,-0.11716
2.6901, 1.71175,-0.49336, -1.02450,0.67112, 1.38431,0.23141, -0.38431,-0.23141, 1.36440,0.26506, 0.43713,-0.10935
2.6951, 1.73903,-0.45149, -0.96658,0.75214, 1.39723,0.21623, -0.39723,-0.21623, 1.37858,0.25118, 0.44284,-0.10152
2.7001, 1.76387,-0.40804, -0.90217,0.82831, 1.40972,0.20027, -0.40972,-0.20027, 1.39241,0.23650, 0.44849,-0.09367
2.7051, 1.78620,-0.36316, -0.83166,0.89908, 1.42172,0.18354, -0.42172,-0.18354, 1.40585,0.22099, 0.45408,-0.08582
2.7101, 1.80593,-0.31699, -0.75549,0.96397, 1.43319,0.16605, -0.43319,-0.16605, 1.41885,0.20466, 0.45961,-0.07795
2.7151, 1.82297,-0.26968, -0.67415,1.02251, 1.44409,0.14779, -0.44409,-0.14779, 1.43136,0.18751, 0.46510,-0.07007
2.7201, 1.83725,-0.22138, -0.58816,1.07428, 1.45436,0.12878, -0.45436,-0.12878, 1.44333,0.16954, 0.47055,-0.06219
2.7251, 1.84872,-0.17226, -0.49807,1.11889, 1.46397,0.10902, -0.46397,-0.10902, 1.45471,0.15074, 0.47595,-0.05430
2.7301, 1.85732,-0.12248, -0.40449,1.15602, 1.47285,0.08852, -0.47285,-0.08852, 1.46544,0.13113, 0.48133,-0.04641
2.7351, 1.86301,-0.07220, -0.30801,1.18538, 1.48096,0.06730, -0.48096,-0.06730, 1.47548,0.11072, 0.48668,-0.03852
2.7401, 1.86576,-0.02160, -0.20930,1.20673, 1.48824,0.04538, -0.48824,-0.04538, 1.48476,0.08950, 0.49200,-0.03062
2.7451, 1.86553,0.02915, -0.10901,1.21988, 1.49463,0.02278, -0.49463,-0.02278, 1.49323,0.06751, 0.49731,-0.02273
2.7501, 1.86233,0.07989, -0.00782,1.22472, 1.50010,-0.00047, -0.50010,0.00047, 1.50084,0.04476, 0.50261,-0.01483
2.7551, 1.85615,0.13042, 0.09358,1.22116, 1.50458,-0.02435, -0.50458,0.02435, 1.50751,0.02127, 0.50791,-0.00694
2.7601, 1.84699,0.18058, 0.19450,1.20920, 1.50801,-0.04883, -0.50801,0.04883, 1.51319,-0.00294, 0.51320,0.00095
2.7651, 1.83487,0.23019, 0.29422,1.18888, 1.51035,-0.07387, -0.51035,0.07387, 1.51782,-0.02783, 0.51849,0.00883
2.7701, 1.81983,0.27907, 0.39206,1.16030, 1.51154,-0.09943, -0.51154,0.09943, 1.52134,-0.05337, 0.52380,0.01671
2.7751, 1.80189,0.32706, 0.48733,1.12361, 1.51152,-0.12546, -0.51152,0.12546, 1.52368,-0.07952, 0.52912,0.02458
2.7801, 1.78112,0.37396, 0.57935,1.07905, 1.51024,-0.15192, -0.51024,0.15192, 1.52479,-0.10624, 0.53446,0.03244
2.7851, 1.75757,0.41963, 0.66746,1.02689, 1.50766,-0.17875, -0.50766,0.17875, 1.52461,-0.13347, 0.53982,0.04029
2.7901, 1.73131,0.46388, 0.75103,0.96744, 1.50372,-0.20590, -0.50372,0.20590, 1.52307,-0.16117, 0.54521,0.04813
2.7951, 1.70242,0.50656, 0.82945,0.90111, 1.49836,-0.23330, -0.49836,0.23330, 1.52011,-0.18928, 0.55064,0.05595
2.8001, 1.67100,0.54751, 0.90214,0.82833, 1.49155,-0.26090, -0.49155,0.26090, 1.51568,-0.21773, 0.55611,0.06376
2.8051, 1.63713,0.58657, 0.96857,0.74958, 1.48324,-0.28861, -0.48324,0.28861, 1.50972,-0.24645, 0.56163,0.07156
2.8101, 1.60095,0.62359, 1.02822,0.66540, 1.47339,-0.31636, -0.47339,0.31636, 1.50217,-0.27537, 0.56719,0.07934
2.8151, 1.56255,0.65844, 1.08065,0.57636, 1.46195,-0.34407, -0.46195,0.34407, 1.49299,-0.30440, 0.57281,0.08710
2.8201, 1.52208,0.69097, 1.12545,0.48307, 1.44890,-0.37166, -0.44890,0.37166, 1.48213,-0.33347, 0.57850,0.09484
2.8251, 1.47966,0.72106, 1.16227,0.38618, 1.43419,-0.39904, -0.43419,0.39904, 1.46954,-0.36248, 0.58425,0.10255
2.8301, 1.43545,0.74859, 1.19079,0.28638, 1.41781,-0.42611, -0.41781,0.42611, 1.45518,-0.39134, 0.59007,0.11024
2.8351, 1.38959,0.77345, 1.21079,0.18436, 1.39972,-0.45278, -0.39972,0.45278, 1.43901,-0.41993, 0.59596,0.11791
2.8401, 1.34224,0.79553, 1.22207,0.08086, 1.37992,-0.47893, -0.37992,0.47893, 1.42101,-0.44816, 0.60194,0.12554
2.8451, 1.29358,0.81475, 1.22452,-0.02338, 1.35838,-0.50447, -0.35838,0.50447, 1.40114,-0.47590, 0.60801,0.13314
2.8501, 1.24377,0.83101, 1.21808,-0.12760, 1.33510,-0.52928, -0.33510,0.52928, 1.37940,-0.50304, 0.61416,0.14071
2.8551, 1.19299,0.84425, 1.20275,-0.23105, 1.31008,-0.55325, -0.31008,0.55325, 1.35576,-0.52946, 0.62042,0.14824
2.8601, 1.14143,0.85440, 1.17861,-0.33297, 1.28333,-0.57627, -0.28333,0.57627, 1.33021,-0.55503, 0.62678,0.15573
2.8651, 1.08926,0.86141, 1.14580,-0.43260, 1.25487,-0.59820, -0.25487,0.59820, 1.30277,-0.57961, 0.63324,0.16317
2.8701, 1.03669,0.86525, 1.10452,-0.52919, 1.22470,-0.61893, -0.22470,0.61893, 1.27345,-0.60307, 0.63982,0.17057
2.8751, 0.98391,0.86588, 1.05503,-0.62203, 1.19287,-0.63832, -0.19287,0.63832, 1.24225,-0.62526, 0.64651,0.17792
2.8801, 0.93111,0.86328, 0.99766,-0.71040, 1.15941,-0.65626, -0.15941,0.65626, 1.20922,-0.64604, 0.65333,0.18521
2.8851, 0.87848,0.85746, 0.93281,-0.79364, 1.12436,-0.67262, -0.12436,0.67262, 1.17439,-0.66527, 0.66028,0.19245
2.8901, 0.82624,0.84841, 0.86093,-0.87109, 1.08779,-0.68725, -0.08779,0.68725, 1.13781,-0.68280, 0.66736,0.19962
2.8951, 0.77457,0.83617, 0.78252,-0.94216, 1.04977,-0.70004, -0.04977,0.70004, 1.09954,-0.69848, 0.67457,0.20673
2.9001, 0.72367,0.82076, 0.69814,-1.00628, 1.01036,-0.71085, -0.01036,0.71085, 1.05966,-0.71215, 0.68193,0.21376
2.9051, 0.67374,0.80222, 0.60839,-1.06295, 0.96966,-0.71956, 0.03034,0.71956, 1.01826,-0.72367, 0.68944,0.22072
2.9101, 0.62498,0.78061, 0.51393,-1.11170, 0.92777,-0.72604, 0.07223,0.72604, 0.97542,-0.73289, 0.69709,0.22759
2.9151, 0.57757,0.75601, 0.41546,-1.15213, 0.88479,-0.73016, 0.11521,0.73016, 0.93127,-0.73966, 0.70491,0.23438
2.9201, 0.53170,0.72849, 0.31370,-1.18389, 0.84084,-0.73181, 0.15916,0.73181, 0.88592,-0.74384, 0.71288,0.24107
2.9251, 0.48755,0.69814, 0.20940,-1.20671, 0.79605,-0.73087, 0.20395,0.73087, 0.83952,-0.74529, 0.72102,0.24766
2.9301, 0.44531,0.66507, 0.10336,-1.22038, 0.75057,-0.72723, 0.24943,0.72723, 0.79222,-0.74387, 0.72933,0.25415
2.9351, 0.40513,0.62939, -0.00362,-1.22474, 0.70456,-0.72078, 0.29544,0.72078, 0.74417,-0.73946, 0.73781,0.26052
2.9401, 0.36720,0.59124, -0.11073,-1.21973, 0.65816,-0.71144, 0.34184,0.71144, 0.69557,-0.73193, 0.74648,0.26677
2.9451, 0.33165,0.55074, -0.21715,-1.20534, 0.61157,-0.69911, 0.38843,0.69911, 0.64661,-0.72118, 0.75532,0.27290
2.9501, 0.29865,0.50805, -0.32205,-1.18164, 0.56496,-0.68371, 0.43504,0.68371, 0.59749,-0.70710, 0.76434,0.27889
2.9551, 0.26833,0.46331, -0.42461,-1.14878, 0.51854,-0.66517, 0.48146,0.66517, 0.54843,-0.68960, 0.77356,0.28473
2.9601, 0.24082,0.41671, -0.52403,-1.10697, 0.47250,-0.64344, 0.52750,0.64344, 0.49967,-0.66862, 0.78297,0.29042
2.9651, 0.21624,0.36841, -0.61952,-1.05650, 0.42707,-0.61848, 0.57293,0.61848, 0.45145,-0.64408, 0.79257,0.29594
2.9701, 0.19470,0.31859, -0.71032,-0.99772, 0.38247,-0.59025, 0.61753,0.59025, 0.40403,-0.61594, 0.80236,0.30130
2.9751, 0.17630,0.26744, -0.79570,-0.93106, 0.33893,-0.55874, 0.66107,0.55874, 0.35767,-0.58418, 0.81236,0.30647
2.9801, 0.16113,0.21517, -0.87496,-0.85700, 0.29670,-0.52395, 0.70330,0.52395, 0.31266,-0.54879, 0.82255,0.31145
2.9851, 0.14926,0.16197, -0.94745,-0.77610, 0.25601,-0.48589, 0.74399,0.48589, 0.26928,-0.50977, 0.83295,0.31623
2.9901, 0.14074,0.10805, -1.01259,-0.68896, 0.21712,-0.44460, 0.78288,0.44460, 0.22783,-0.46716, 0.84356,0.32079
2.9951, 0.13564,0.05362, -1.06980,-0.59626, 0.18029,-0.40014, 0.81971,0.40014, 0.18859,-0.42102, 0.85436,0.32513
3.0001, 0.80471,-0.87285, 1.15470,-0.00146, 0.14667,-0.35346, 0.85333,0.35346, 0.15594,-0.37997, 0.86765,0.32250
3.0051, 0.84779,-0.88138, 1.15229,-0.07452, 0.15766,-0.34875, 0.84234,0.34875, 0.16703,-0.37462, 0.83537,0.36923
3.0101, 0.89130,-0.88780, 1.14526,-0.14738, 0.16843,-0.34382, 0.83157,0.34382, 0.17788,-0.36908, 0.80088,0.41315
3.0151, 0.93514,-0.89207, 1.13360,-0.21975, 0.17898,-0.33870, 0.82102,0.33870, 0.18850,-0.36336, 0.76440,0.45416
3.0201, 0.97920,-0.89419, 1.11734,-0.29134, 0.18932,-0.33339, 0.81068,0.33339, 0.19888,-0.35747, 0.72615,0.49222
3.0251, 1.02337,-0.89412, 1.09654,-0.36185, 0.19944,-0.32790, 0.80056,0.32790, 0.20903,-0.35143, 0.68637,0.52729
3.0301, 1.06755,-0.89187, 1.07125,-0.43099, 0.20934,-0.32224, 0.79066,0.32224, 0.21895,-0.34524, 0.64527,0.55933
3.0351, 1.11162,-0.88743, 1.04157,-0.49847, 0.21904,-0.31642, 0.78096,0.31642, 0.22865,-0.33891, 0.60306,0.58835
3.0401, 1.15549,-0.88081, 1.00759,-0.56401, 0.22853,-0.31046, 0.77147,0.31046, 0.23813,-0.33245, 0.55995,0.61435
3.0451, 1.19903,-0.87200, 0.96943,-0.62733, 0.23782,-0.30435, 0.76218,0.30435, 0.24740,-0.32587, 0.51615,0.63734
3.0501, 1.24214,-0.86103, 0.92723,-0.68817, 0.24691,-0.29812, 0.75309,0.29812, 0.25645,-0.31918, 0.47184,0.65735
3.0551, 1.28471,-0.84790, 0.88116,-0.74625, 0.25580,-0.29175, 0.74420,0.29175, 0.26530,-0.31238, 0.42723,0.67442
3.0601, 1.32663,-0.83265, 0.83138,-0.80134, 0.26450,-0.28528, 0.73550,0.28528, 0.27394,-0.30548, 0.38249,0.68861
3.0651, 1.36780,-0.81531, 0.77809,-0.85318, 0.27301,-0.27869, 0.72699,0.27869, 0.28239,-0.29850, 0.33780,0.69997
3.0701, 1.40810,-0.79590, 0.72149,-0.90155, 0.28134,-0.27200, 0.71866,0.27200, 0.29065,-0.29142, 0.29331,0.70857
3.0751, 1.44744,-0.77446, 0.66181,-0.94623, 0.28949,-0.26522, 0.71051,0.26522, 0.29872,-0.28427, 0.24918,0.71450
3.0801, 1.48571,-0.75106, 0.59927,-0.98702, 0.29747,-0.25835, 0.70253,0.25835, 0.30660,-0.27704, 0.20557,0.71784
3.0851, 1.52281,-0.72572, 0.53414,-1.02373, 0.30527,-0.25139, 0.69473,0.25139, 0.31431,-0.26975, 0.16260,0.71868
3.0901, 1.55864,-0.69852, 0.46668,-1.05619, 0.31291,-0.24436, 0.68709,0.24436, 0.32185,-0.26239, 0.12041,0.71711
3.0951, 1.59310,-0.66950, 0.39715,-1.08425, 0.32039,-0.23725, 0.67961,0.23725, 0.32922,-0.25498, 0.07911,0.71324
3.1001, 1.62610,-0.63875, 0.32585,-1.10777, 0.32772,-0.23008, 0.67228,0.23008, 0.33642,-0.24751, 0.03880,0.70717
3.1051, 1.65755,-0.60632, 0.25307,-1.12663, 0.33489,-0.22284, 0.66511,0.22284, 0.34348,-0.24000, -0.00040,0.69902
3.1101, 1.68737,-0.57230, 0.17912,-1.14072, 0.34192,-0.21555, 0.65808,0.21555, 0.35038,-0.23244, -0.03841,0.68889
3.1151, 1.71546,-0.53676, 0.10430,-1.14998, 0.34881,-0.20821, 0.65119,0.20821, 0.35713,-0.22484, -0.07515,0.67690
3.1201, 1.74176,-0.49980, 0.02893,-1.15434, 0.35556,-0.20081, 0.64444,0.20081, 0.36374,-0.21721, -0.11055,0.66316
3.1251, 1.76618,-0.46149, -0.04667,-1.15376, 0.36218,-0.19337, 0.63782,0.19337, 0.37022,-0.20954, -0.14455,0.64779
3.1301, 1.78865,-0.42194, -0.12217,-1.14822, 0.36868,-0.18589, 0.63132,0.18589, 0.37657,-0.20184, -0.17708,0.63091
3.1351, 1.80911,-0.38124, -0.19725,-1.13773, 0.37505,-0.17837, 0.62495,0.17837, 0.38279,-0.19411, -0.20811,0.61263
3.1401, 1.82749,-0.33950, -0.27158,-1.12231, 0.38131,-0.17081, 0.61869,0.17081, 0.38890,-0.18636, -0.23760,0.59306
3.1451, 1.84374,-0.29681, -0.34484,-1.10201, 0.38746,-0.16322, 0.61254,0.16322, 0.39489,-0.17859, -0.26551,0.57233
3.1501, 1.85781,-0.25329, -0.41669,-1.07689, 0.39351,-0.15560, 0.60649,0.15560, 0.40077,-0.17080, -0.29182,0.55054
3.1551, 1.86965,-0.20905, -0.48684,-1.04705, 0.39945,-0.14795, 0.60055,0.14795, 0.40655,-0.16299, -0.31651,0.52780
3.1601, 1.87923,-0.16420, -0.55495,-1.01260, 0.40530,-0.14028, 0.59470,0.14028, 0.41222,-0.15516, -0.33958,0.50422
3.1651, 1.88650,-0.11885, -0.62072,-0.97367, 0.41106,-0.13258, 0.58894,0.13258, 0.41781,-0.14732, -0.36102,0.47991
3.1701, 1.89143,-0.07312, -0.68386,-0.93041, 0.41673,-0.12487, 0.58327,0.12487, 0.42330,-0.13947, -0.38083,0.45497
3.1751, 1.89402,-0.02714, -0.74408,-0.88299, 0.42233,-0.11713, 0.57767,0.11713, 0.42872,-0.13161, -0.39903,0.42949
3.1801, 1.89423,0.01897, -0.80109,-0.83162, 0.42785,-0.10938, 0.57215,0.10938, 0.43405,-0.12374, -0.41561,0.40358
3.1851, 1.89206,0.06510, -0.85463,-0.77649, 0.43330,-0.10162, 0.56670,0.10162, 0.43931,-0.11587, -0.43061,0.37732
3.1901, 1.88750,0.11111, -0.90446,-0.71784, 0.43868,-0.09383, 0.56132,0.09383, 0.44451,-0.10799, -0.44404,0.35081
3.1951, 1.88056,0.15689, -0.95032,-0.65591, 0.44401,-0.08604, 0.55599,0.08604, 0.44964,-0.10010, -0.45592,0.32412
3.2001, 1.87125,0.20231, -0.99201,-0.59098, 0.44928,-0.07824, 0.55072,0.07824, 0.45471,-0.09221, -0.46629,0.29734
3.2051, 1.85957,0.24725, -1.02931,-0.52331, 0.45450,-0.07042, 0.54550,0.07042, 0.45973,-0.08431, -0.47519,0.27055
3.2101, 1.84557,0.29158, -1.06204,-0.45320, 0.45968,-0.06260, 0.54032,0.06260, 0.46470,-0.07642, -0.48264,0.24381
3.2151, 1.82925,0.33518, -1.09005,-0.38096, 0.46482,-0.05477, 0.53518,0.05477, 0.46963,-0.06852, -0.48868,0.21721
3.2201, 1.81066,0.37793, -1.11317,-0.30691, 0.46992,-0.04694, 0.53008,0.04694, 0.47452,-0.06062, -0.49336,0.19079
3.2251, 1.78984,0.41971, -1.13128,-0.23137, 0.47500,-0.03910, 0.52500,0.03910, 0.47938,-0.05273, -0.49672,0.16462
3.2301, 1.76684,0.46039, -1.14429,-0.15467, 0.48005,-0.03125, 0.51995,0.03125, 0.48421,-0.04483, -0.49880,0.13876
3.2351, 1.74170,0.49988, -1.15212,-0.07717, 0.48508,-0.02340, 0.51492,0.02340, 0.48901,-0.03693, -0.49964,0.11327
3.2401, 1.71450,0.53804, -1.15470,0.00078, 0.49009,-0.01555, 0.50991,0.01555, 0.49380,-0.02904, -0.49931,0.08818
3.2451, 1.68530,0.57478, -1.15201,0.07884, 0.49510,-0.00770, 0.50490,0.00770, 0.49857,-0.02115, -0.49784,0.06354
3.2501, 1.65416,0.60998, -1.14403,0.15664, 0.50010,0.00016, 0.49990,-0.00016, 0.50333,-0.01326, -0.49528,0.03940
3.2551, 1.62118,0.64354, -1.13078,0.23382, 0.50510,0.00801, 0.49490,-0.00801, 0.50809,-0.00538, -0.49169,0.01579
3.2601, 1.58643,0.67535, -1.11230,0.31003, 0.51011,0.01586, 0.48989,-0.01586, 0.51285,0.00250, -0.48710,-0.00725
3.2651, 1.55000,0.70534, -1.08866,0.38491, 0.51512,0.02372, 0.48488,-0.02372, 0.51761,0.01038, -0.48158,-0.02970
3.2701, 1.51199,0.73339, -1.05994,0.45810, 0.52015,0.03156, 0.47985,-0.03156, 0.52239,0.01825, -0.47517,-0.05152
3.2751, 1.47250,0.75944, -1.02626,0.52926, 0.52520,0.03941, 0.47480,-0.03941, 0.52718,0.02611, -0.46793,-0.07270
3.2801, 1.43163,0.78339, -0.98776,0.59805, 0.53028,0.04725, 0.46972,-0.04725, 0.53199,0.03397, -0.45989,-0.09321
3.2851, 1.38950,0.80517, -0.94459,0.66414, 0.53538,0.05509, 0.46462,-0.05509, 0.53682,0.04182, -0.45111,-0.11304
3.2901, 1.34621,0.82471, -0.89695,0.72720, 0.54052,0.06291, 0.45948,-0.06291, 0.54169,0.04966, -0.44164,-0.13217
3.2951, 1.30189,0.84194, -0.84502,0.78693, 0.54570,0.07074, 0.45430,-0.07074, 0.54659,0.05750, -0.43152,-0.15059
3.3001, 1.25665,0.85681, -0.78906,0.84304, 0.55093,0.07855, 0.44907,-0.07855, 0.55152,0.06532, -0.42081,-0.16829
3.3051, 1.21062,0.86927, -0.72929,0.89525, 0.55620,0.08635, 0.44380,-0.08635, 0.55650,0.07314, -0.40953,-0.18526
3.3101, 1.16394,0.87927, -0.66600,0.94328, 0.56153,0.09415, 0.43847,-0.09415, 0.56153,0.08095, -0.39775,-0.20149
3.3151, 1.11672,0.88678, -0.59946,0.98690, 0.56692,0.10193, 0.43308,-0.10193, 0.56662,0.08874, -0.38550,-0.21699
3.3201, 1.06911,0.89175, -0.52998,1.02589, 0.57237,0.10969, 0.42763,-0.10969, 0.57176,0.09652, -0.37282,-0.23176
3.3251, 1.02124,0.89417, -0.45789,1.06003, 0.57790,0.11744, 0.42210,-0.11744, 0.57697,0.10429, -0.35975,-0.24579
3.3301, 0.97325,0.89403, -0.38351,1.08915, 0.58349,0.12518, 0.41651,-0.12518, 0.58225,0.11205, -0.34633,-0.25909
3.3351, 0.92527,0.89130, -0.30720,1.11309, 0.58917,0.13289, 0.41083,-0.13289, 0.58759,0.11978, -0.33261,-0.27166
3.3401, 0.87744,0.88599, -0.22931,1.13170, 0.59493,0.14059, 0.40507,-0.14059, 0.59302,0.12750, -0.31861,-0.28351
3.3451, 0.82991,0.87811, -0.15021,1.14489, 0.60079,0.14826, 0.39921,-0.14826, 0.59853,0.13520, -0.30437,-0.29464
3.3501, 0.78281,0.86766, -0.07028,1.15256, 0.60673,0.15590, 0.39327,-0.15590, 0.60413,0.14288, -0.28992,-0.30507
3.3551, 0.73628,0.85466, 0.01009,1.15466, 0.61278,0.16352, 0.38722,-0.16352, 0.60983,0.15054, -0.27530,-0.31481
3.3601, 0.69046,0.83916, 0.09051,1.15115, 0.61894,0.17111, 0.38106,-0.17111, 0.61562,0.15817, -0.26054,-0.32386
3.3651, 0.64549,0.82117, 0.17060,1.14203, 0.62520,0.17867, 0.37480,-0.17867, 0.62152,0.16577, -0.24566,-0.33224
3.3701, 0.60150,0.80075, 0.24996,1.12732, 0.63158,0.18619, 0.36842,-0.18619, 0.62752,0.17334, -0.23069,-0.33995
3.3751, 0.55863,0.77794, 0.32820,1.10708, 0.63808,0.19367, 0.36192,-0.19367, 0.63364,0.18088, -0.21566,-0.34703
3.3801, 0.51701,0.75281, 0.40492,1.08137, 0.64471,0.20111, 0.35529,-0.20111, 0.63988,0.18839, -0.20059,-0.35347
3.3851, 0.47677,0.72542, 0.47976,1.05032, 0.65146,0.20850, 0.34854,-0.20850, 0.64625,0.19586, -0.18551,-0.35929
3.3901, 0.43802,0.69583, 0.55232,1.01404, 0.65836,0.21584, 0.34164,-0.21584, 0.65274,0.20328, -0.17043,-0.36451
3.3951, 0.40090,0.66414, 0.62225,0.97270, 0.66539,0.22313, 0.33461,-0.22313, 0.65937,0.21066, -0.15539,-0.36914
3.4001, 0.36552,0.63043, 0.68917,0.92648, 0.67257,0.23037, 0.32743,-0.23037, 0.66614,0.21800, -0.14039,-0.37320
3.4051, 0.33199,0.59478, 0.75276,0.87560, 0.67990,0.23754, 0.32010,-0.23754, 0.67305,0.22528, -0.12546,-0.37671
3.4101, 0.30042,0.55731, 0.81268,0.82029, 0.68739,0.24464, 0.31261,-0.24464, 0.68011,0.23250, -0.11061,-0.37968
3.4151, 0.27092,0.51811, 0.86862,0.76081, 0.69504,0.25167, 0.30496,-0.25167, 0.68733,0.23967, -0.09586,-0.38212
3.4201, 0.24357,0.47730, 0.92027,0.69745, 0.70285,0.25862, 0.29715,-0.25862, 0.69470,0.24677, -0.08122,-0.38406
3.4251, 0.21848,0.43500, 0.96737,0.63050, 0.71083,0.26549, 0.28917,-0.26549, 0.70224,0.25379, -0.06671,-0.38551
3.4301, 0.19572,0.39133, 1.00966,0.56029, 0.71899,0.27227, 0.28101,-0.27227, 0.70995,0.26075, -0.05233,-0.38649
3.4351, 0.17538,0.34641, 1.04690,0.48716, 0.72732,0.27896, 0.27268,-0.27896, 0.71784,0.26762, -0.03811,-0.38702
3.4401, 0.15752,0.30038, 1.07890,0.41148, 0.73584,0.28554, 0.26416,-0.28554, 0.72591,0.27440, -0.02404,-0.38710
3.4451, 0.14221,0.25337, 1.10546,0.33361, 0.74455,0.29201, 0.25545,-0.29201, 0.73415,0.28109, -0.01014,-0.38676
3.4501, 0.12951,0.20553, 1.12643,0.25394, 0.75345,0.29837, 0.24655,-0.29837, 0.74259,0.28768, 0.00358,-0.38601
3.4551, 0.11946,0.15700, 1.14169,0.17288, 0.76255,0.30460, 0.23745,-0.30460, 0.75122,0.29416, 0.01712,-0.38488
3.4601, 0.11211,0.10792, 1.15112,0.09084, 0.77184,0.31070, 0.22816,-0.31070, 0.76005,0.30053, 0.03047,-0.38336
3.4651, 0.10748,0.05845, 1.15467,0.00822, 0.78134,0.31666, 0.21866,-0.31666, 0.76908,0.30678, 0.04362,-0.38149
3.4701, 0.10562,0.00873, 1.15229,-0.07454, 0.79105,0.32247, 0.20895,-0.32247, 0.77831,0.31289, 0.05657,-0.37927
3.4751, 0.10652,-0.04107, 1.14397,-0.15702, 0.80096,0.32812, 0.19904,-0.32812, 0.78776,0.31887, 0.06932,-0.37672
3.4801, 0.11019,-0.09081, 1.12974,-0.23879, 0.81109,0.33360, 0.18891,-0.33360, 0.79742,0.32470, 0.08186,-0.37386
3.4851, 0.11665,-0.14033, 1.10964,-0.31944, 0.82143,0.33891, 0.17857,-0.33891, 0.80729,0.33037, 0.09418,-0.37069
3.4901, 0.12587,-0.18947, 1.08375,-0.39852, 0.83200,0.34402, 0.16800,-0.34402, 0.81738,0.33587, 0.10630,-0.36723
3.4951, 0.13784,-0.23808, 1.05219,-0.47563, 0.84277,0.34894, 0.15723,-0.34894, 0.82770,0.34120, 0.11820,-0.36351
3.5001, 0.15253,-0.28601, 1.01511,-0.55035, 0.85378,0.35365, 0.14622,-0.35365, 0.83824,0.34634, 0.12988,-0.35951
3.5051, 0.16991,-0.33309, 0.97267,-0.62229, 0.86500,0.35813, 0.13500,-0.35813, 0.84900,0.35128, 0.14135,-0.35527
3.5101, 0.18993,-0.37918, 0.92508,-0.69106, 0.87644,0.36238, 0.12356,-0.36238, 0.86000,0.35601, 0.15260,-0.35080
3.5151, 0.21253,-0.42413, 0.87257,-0.75628, 0.88811,0.36638, 0.11189,-0.36638, 0.87123,0.36052, 0.16363,-0.34610
3.5201, 0.23766,-0.46780, 0.81539,-0.81760, 0.90001,0.37012, 0.09999,-0.37012, 0.88268,0.36480, 0.17445,-0.34118
3.5251, 0.26524,-0.51003, 0.75384,-0.87468, 0.91212,0.37359, 0.08788,-0.37359, 0.89437,0.36882, 0.18506,-0.33607
3.5301, 0.29520,-0.55068, 0.68822,-0.92719, 0.92446,0.37677, 0.07554,-0.37677, 0.90630,0.37259, 0.19545,-0.33076
3.5351, 0.32744,-0.58963, 0.61886,-0.97485, 0.93701,0.37965, 0.06299,-0.37965, 0.91845,0.37608, 0.20564,-0.32527
3.5401, 0.36188,-0.62674, 0.54613,-1.01739, 0.94978,0.38222, 0.05022,-0.38222, 0.93084,0.37929, 0.21561,-0.31961
3.5451, 0.39841,-0.66188, 0.47040,-1.05454, 0.96277,0.38445, 0.03723,-0.38445, 0.94345,0.38218, 0.22538,-0.31379
3.5501, 0.43692,-0.69494, 0.39205,-1.08611, 0.97596,0.38634, 0.02404,-0.38634, 0.95629,0.38477, 0.23495,-0.30782
3.5551, 0.47730,-0.72580, 0.31151,-1.11189, 0.98936,0.38787, 0.01064,-0.38787, 0.96936,0.38701, 0.24432,-0.30170
3.5601, 0.51941,-0.75434, 0.22919,-1.13173, 1.00296,0.38902, -0.00296,-0.38902, 0.98264,0.38891, 0.25350,-0.29545
3.5651, 0.56313,-0.78048, 0.14554,-1.14549, 1.01676,0.38977, -0.01676,-0.38977, 0.99615,0.39044, 0.26248,-0.28907
3.5701, 0.60833,-0.80411, 0.06100,-1.15309, 1.03074,0.39012, -0.03074,-0.39012, 1.00986,0.39158, 0.27127,-0.28257
3.5751, 0.65486,-0.82515, -0.02397,-1.15445, 1.04490,0.39004, -0.04490,-0.39004, 1.02378,0.39233, 0.27988,-0.27596
3.5801, 0.70257,-0.84353, -0.10892,-1.14955, 1.05923,0.38951, -0.05923,-0.38951, 1.03790,0.39266, 0.28831,-0.26925
3.5851, 0.75132,-0.85916, -0.19338,-1.13839, 1.07372,0.38853, -0.07372,-0.38853, 1.05220,0.39255, 0.29656,-0.26244
3.5901, 0.80094,-0.87200, -0.27689,-1.12101, 1.08835,0.38706, -0.08835,-0.38706, 1.06669,0.39199, 0.30464,-0.25553
3.5951, 0.85128,-0.88198, -0.35899,-1.09748, 1.10313,0.38510, -0.10313,-0.38510, 1.08135,0.39096, 0.31256,-0.24854
3.6001, 0.90217,-0.88906, -0.43922,-1.06791, 1.11803,0.38263, -0.11803,-0.38263, 1.09617,0.38943, 0.32031,-0.24147
3.6051, 0.95344,-0.89321, -0.51713,-1.03243, 1.13304,0.37962, -0.13304,-0.37962, 1.11113,0.38740, 0.32790,-0.23433
3.6101, 1.00493,-0.89441, -0.59229,-0.99122, 1.14814,0.37607, -0.14814,-0.37607, 1.12624,0.38484, 0.33534,-0.22712
3.6151, 1.05647,-0.89264, -0.66428,-0.94450, 1.16331,0.37195, -0.16331,-0.37195, 1.14146,0.38173, 0.34264,-0.21984
3.6201, 1.10788,-0.88790, -0.73267,-0.89248, 1.17855,0.36724, -0.17855,-0.36724, 1.15678,0.37806, 0.34978,-0.21250
3.6251, 1.15899,-0.88018, -0.79708,-0.83546, 1.19383,0.36194, -0.19383,-0.36194, 1.17219,0.37380, 0.35680,-0.20511
3.6301, 1.20964,-0.86951, -0.85714,-0.77372, 1.20912,0.35601, -0.20912,-0.35601, 1.18766,0.36894, 0.36367,-0.19767
3.6351, 1.25964,-0.85591, -0.91249,-0.70759, 1.22441,0.34946, -0.22441,-0.34946, 1.20318,0.36345, 0.37042,-0.19018
3.6401, 1.30883,-0.83942, -0.96282,-0.63743, 1.23966,0.34225, -0.23966,-0.34225, 1.21873,0.35733, 0.37705,-0.18265
3.6451, 1.35703,-0.82008, -1.00781,-0.56362, 1.25487,0.33438, -0.25487,-0.33438, 1.23428,0.35055, 0.38356,-0.17508
3.6501, 1.40409,-0.79794, -1.04719,-0.48655, 1.26999,0.32582, -0.26999,-0.32582, 1.24980,0.34309, 0.38995,-0.16747
3.6551, 1.44984,-0.77307, -1.08073,-0.40665, 1.28501,0.31658, -0.28501,-0.31658, 1.26527,0.33494, 0.39624,-0.15982
3.6601, 1.49412,-0.74555, -1.10821,-0.32435, 1.29988,0.30662, -0.29988,-0.30662, 1.28066,0.32608, 0.40243,-0.15215
3.6651, 1.53676,-0.71546, -1.12946,-0.24013, 1.31459,0.29594, -0.31459,-0.29594, 1.29594,0.31650, 0.40852,-0.14445
3.6701, 1.57763,-0.68289, -1.14433,-0.15444, 1.32908,0.28454, -0.32908,-0.28454, 1.31108,0.30617, 0.41451,-0.13673
3.6751, 1.61657,-0.64795, -1.15271,-0.06778, 1.34334,0.27239, -0.34334,-0.27239, 1.32605,0.29510, 0.42042,-0.12898
3.6801, 1.65344,-0.61075, -1.15454,0.01938, 1.35733,0.25949, -0.35733,-0.25949, 1.34080,0.28326, 0.42625,-0.12121
3.6851, 1.68812,-0.57140, -1.14978,0.10653, 1.37100,0.24583, -0.37100,-0.24583, 1.35531,0.27064, 0.43200,-0.11342
3.6901, 1.72046,-0.53004, -1.13843,0.19317, 1.38431,0.23141, -0.38431,-0.23141, 1.36953,0.25724, 0.43768,-0.10562
3.6951, 1.75035,-0.48679, -1.12053,0.27881, 1.39723,0.21623, -0.39723,-0.21623, 1.38342,0.24304, 0.44330,-0.09780
3.7001, 1.77769,-0.44182, -1.09618,0.36295, 1.40972,0.20027, -0.40972,-0.20027, 1.39693,0.22805, 0.44885,-0.08997
3.7051, 1.80236,-0.39525, -1.06547,0.44509, 1.42172,0.18354, -0.42172,-0.18354, 1.41004,0.21224, 0.45435,-0.08213
3.7101, 1.82426,-0.34726, -1.02857,0.52476, 1.43319,0.16605, -0.43319,-0.16605, 1.42268,0.19563, 0.45979,-0.07428
3.7151, 1.84333,-0.29800, -0.98567,0.60149, 1.44409,0.14779, -0.44409,-0.14779, 1.43481,0.17821, 0.46519,-0.06642
3.7201, 1.85946,-0.24763, -0.93699,0.67481, 1.45436,0.12878, -0.45436,-0.12878, 1.44638,0.15997, 0.47055,-0.05856
3.7251, 1.87261,-0.19635, -0.88281,0.74430, 1.46397,0.10902, -0.46397,-0.10902, 1.45735,0.14094, 0.47588,-0.05069
3.7301, 1.88271,-0.14431, -0.82341,0.80952, 1.47285,0.08852, -0.47285,-0.08852, 1.46765,0.12111, 0.48117,-0.04281
3.7351, 1.88971,-0.09170, -0.75913,0.87009, 1.48096,0.06730, -0.48096,-0.06730, 1.47723,0.10050, 0.48644,-0.03494
3.7401, 1.89359,-0.03871, -0.69032,0.92563, 1.48824,0.04538, -0.48824,-0.04538, 1.48604,0.07911, 0.49169,-0.02706
3.7451, 1.89431,0.01448, -0.61737,0.97580, 1.49463,0.02278, -0.49463,-0.02278, 1.49403,0.05696, 0.49693,-0.01918
3.7501, 1.89186,0.06769, -0.54071,1.02028, 1.50010,-0.00047, -0.50010,0.00047, 1.50113,0.03408, 0.50216,-0.01130
3.7551, 1.88624,0.12071, -0.46076,1.05879, 1.50458,-0.02435, -0.50458,0.02435, 1.50728,0.01049, 0.50738,-0.00343
3.7601, 1.87746,0.17337, -0.37799,1.09108, 1.50801,-0.04883, -0.50801,0.04883, 1.51243,-0.01379, 0.51260,0.00445
3.7651, 1.86554,0.22547, -0.29289,1.11694, 1.51035,-0.07387, -0.51035,0.07387, 1.51652,-0.03873, 0.51783,0.01231
3.7701, 1.85051,0.27683, -0.20594,1.13619, 1.51154,-0.09943, -0.51154,0.09943, 1.51949,-0.06428, 0.52306,0.02018
3.7751, 1.83241,0.32725, -0.11766,1.14869, 1.51152,-0.12546, -0.51152,0.12546, 1.52128,-0.09041, 0.52832,0.02803
3.7801, 1.81130,0.37655, -0.02858,1.15435, 1.51024,-0.15192, -0.51024,0.15192, 1.52183,-0.11708, 0.53359,0.03588
3.7851, 1.78724,0.42456, 0.06078,1.15310, 1.50766,-0.17875, -0.50766,0.17875, 1.52107,-0.14422, 0.53889,0.04372
3.7901, 1.76031,0.47109, 0.14987,1.14493, 1.50372,-0.20590, -0.50372,0.20590, 1.51897,-0.17180, 0.54423,0.05155
3.7951, 1.73060,0.51597, 0.23817,1.12987, 1.49836,-0.23330, -0.49836,0.23330, 1.51544,-0.19975, 0.54960,0.05937
3.8001, 1.69820,0.55903, 0.32513,1.10798, 1.49155,-0.26090, -0.49155,0.26090, 1.51045,-0.22800, 0.55501,0.06717
3.8051, 1.66323,0.60011, 0.41024,1.07937, 1.48324,-0.28861, -0.48324,0.28861, 1.50394,-0.25649, 0.56046,0.07496
3.8101, 1.62580,0.63904, 0.49295,1.04419, 1.47339,-0.31636, -0.47339,0.31636, 1.49585,-0.28514, 0.56597,0.08273
3.8151, 1.58604,0.67569, 0.57277,1.00263, 1.46195,-0.34407, -0.46195,0.34407, 1.48614,-0.31387, 0.57153,0.09049
3.8201, 1.54408,0.70991, 0.64920,0.95492, 1.44890,-0.37166, -0.44890,0.37166, 1.47476,-0.34259, 0.57716,0.09823
3.8251, 1.50009,0.74156, 0.72175,0.90133, 1.43419,-0.39904, -0.43419,0.39904, 1.46167,-0.37122, 0.58286,0.10594
3.8301, 1.45420,0.77052, 0.78998,0.84218, 1.41781,-0.42611, -0.41781,0.42611, 1.44684,-0.39966, 0.58862,0.11363
3.8351, 1.40658,0.79667, 0.85345,0.77779, 1.39972,-0.45278, -0.39972,0.45278, 1.43022,-0.42780, 0.59447,0.12130
3.8401, 1.35741,0.81991, 0.91175,0.70855, 1.37992,-0.47893, -0.37992,0.47893, 1.41180,-0.45554, 0.60039,0.12894
3.8451, 1.30686,0.84014, 0.96450,0.63488, 1.35838,-0.50447, -0.35838,0.50447, 1.39155,-0.48277, 0.60640,0.13655
3.8501, 1.25511,0.85727, 1.01137,0.55720, 1.33510,-0.52928, -0.33510,0.52928, 1.36945,-0.50936, 0.61251,0.14413
3.8551, 1.20235,0.87124, 1.05203,0.47599, 1.31008,-0.55325, -0.31008,0.55325, 1.34549,-0.53521, 0.61872,0.15167
3.8601, 1.14877,0.88197, 1.08622,0.39173, 1.28333,-0.57627, -0.28333,0.57627, 1.31967,-0.56018, 0.62502,0.15917
3.8651, 1.09458,0.88941, 1.11371,0.30494, 1.25487,-0.59820, -0.25487,0.59820, 1.29200,-0.58414, 0.63144,0.16663
3.8701, 1.03997,0.89353, 1.13429,0.21616, 1.22470,-0.61893, -0.22470,0.61893, 1.26249,-0.60696, 0.63797,0.17405
3.8751, 0.98515,0.89430, 1.14781,0.12593, 1.19287,-0.63832, -0.19287,0.63832, 1.23116,-0.62850, 0.64461,0.18142
3.8801, 0.93033,0.89171, 1.15418,0.03480, 1.15941,-0.65626, -0.15941,0.65626, 1.19804,-0.64862, 0.65138,0.18874
3.8851, 0.87570,0.88575, 1.15331,-0.05665, 1.12436,-0.67262, -0.12436,0.67262, 1.16318,-0.66718, 0.65828,0.19600
3.8901, 0.82148,0.87643, 1.14520,-0.14784, 1.08779,-0.68725, -0.08779,0.68725, 1.12662,-0.68404, 0.66532,0.20321
3.8951, 0.76788,0.86378, 1.12986,-0.23821, 1.04977,-0.70004, -0.04977,0.70004, 1.08843,-0.69904, 0.67249,0.21035
3.9001, 0.71509,0.84784, 1.10738,-0.32717, 1.01036,-0.71085, -0.01036,0.71085, 1.04869,-0.71206, 0.67980,0.21742
3.9051, 0.66333,0.82865, 1.07787,-0.41417, 0.96966,-0.71956, 0.03034,0.71956, 1.00747,-0.72293, 0.68726,0.22441
3.9101, 0.61280,0.80627, 1.04148,-0.49864, 0.92777,-0.72604, 0.07223,0.72604, 0.96488,-0.73153, 0.69487,0.23133
3.9151, 0.56369,0.78079, 0.99844,-0.58004, 0.88479,-0.73016, 0.11521,0.73016, 0.92103,-0.73770, 0.70264,0.23817
3.9201, 0.51620,0.75229, 0.94899,-0.65783, 0.84084,-0.73181, 0.15916,0.73181, 0.87604,-0.74131, 0.71058,0.24491
3.9251, 0.47051,0.72086, 0.89343,-0.73152, 0.79605,-0.73087, 0.20395,0.73087, 0.83004,-0.74222, 0.71868,0.25156
3.9301, 0.42681,0.68662, 0.83209,-0.80060, 0.75057,-0.72723, 0.24943,0.72723, 0.78319,-0.74031, 0.72695,0.25810
3.9351, 0.38527,0.64970, 0.76534,-0.86463, 0.70456,-0.72078, 0.29544,0.72078, 0.73565,-0.73546, 0.73539,0.26454
3.9401, 0.34606,0.61022, 0.69360,-0.92318, 0.65816,-0.71144, 0.34184,0.71144, 0.68760,-0.72755, 0.74401,0.27086
3.9451, 0.30934,0.56833, 0.61731,-0.97584, 0.61157,-0.69911, 0.38843,0.69911, 0.63922,-0.71647, 0.75282,0.27706
3.9501, 0.27527,0.52418, 0.53695,-1.02226, 0.56496,-0.68371, 0.43504,0.68371, 0.59071,-0.70213, 0.76181,0.28312
3.9551, 0.24398,0.47795, 0.45302,-1.06212, 0.51854,-0.66517, 0.48146,0.66517, 0.54229,-0.68445, 0.77099,0.28904
3.9601, 0.21560,0.42979, 0.36606,-1.09514, 0.47250,-0.64344, 0.52750,0.64344, 0.49419,-0.66336, 0.78036,0.29482
3.9651, 0.19026,0.37991, 0.27663,-1.12108, 0.42707,-0.61848, 0.57293,0.61848, 0.44663,-0.63879, 0.78993,0.30044
3.9701, 0.16807,0.32847, 0.18529,-1.13974, 0.38247,-0.59025, 0.61753,0.59025, 0.39989,-0.61070, 0.79970,0.30589
3.9751, 0.14912,0.27569, 0.09264,-1.15098, 0.33893,-0.55874, 0.66107,0.55874, 0.35420,-0.57908, 0.80967,0.31117
3.9801, 0.13350,0.22177, -0.00071,-1.15470, 0.29670,-0.52395, 0.70330,0.52395, 0.30983,-0.54391, 0.81985,0.31626
3.9851, 0.12128,0.16691, -0.09417,-1.15085, 0.25601,-0.48589, 0.74399,0.48589, 0.26708,-0.50521, 0.83022,0.32115
3.9901, 0.11253,0.11132, -0.18711,-1.13944, 0.21712,-0.44460, 0.78288,0.44460, 0.22621,-0.46300, 0.84081,0.32584
3.9951, 0.10728,0.05524, -0.27893,-1.12051, 0.18029,-0.40014, 0.81971,0.40014, 0.18751,-0.41735, 0.85160,0.33030
4.0001, 0.59547,-0.81834, 1.11803,-0.00141, 0.14667,-0.35346, 0.85333,0.35346, 0.15409,-0.37383, 0.86363,0.33083
4.0051, 0.63820,-0.83811, 1.11572,-0.07194, 0.15766,-0.34875, 0.84234,0.34875, 0.16515,-0.36862, 0.83082,0.37762
4.0101, 0.68194,-0.85567, 1.10895,-0.14226, 0.16843,-0.34382, 0.83157,0.34382, 0.17597,-0.36323, 0.79578,0.42153
4.0151, 0.72658,-0.87096, 1.09773,-0.21210, 0.17898,-0.33870, 0.82102,0.33870, 0.18656,-0.35765, 0.75875,0.46248
4.0201, 0.77200,-0.88394, 1.08211,-0.28115, 0.18932,-0.33339, 0.81068,0.33339, 0.19693,-0.35189, 0.71996,0.50042
4.0251, 0.81808,-0.89456, 1.06211,-0.34916, 0.19944,-0.32790, 0.80056,0.32790, 0.20706,-0.34598, 0.67963,0.53531
4.0301, 0.86470,-0.90279, 1.03783,-0.41583, 0.20934,-0.32224, 0.79066,0.32224, 0.21697,-0.33992, 0.63800,0.56713
4.0351, 0.91174,-0.90859, 1.00932,-0.48090, 0.21904,-0.31642, 0.78096,0.31642, 0.22666,-0.33371, 0.59527,0.59588
4.0401, 0.95907,-0.91195, 0.97671,-0.54410, 0.22853,-0.31046, 0.77147,0.31046, 0.23613,-0.32737, 0.55167,0.62155
4.0451, 1.00656,-0.91285, 0.94009,-0.60516, 0.23782,-0.30435, 0.76218,0.30435, 0.24540,-0.32090, 0.50739,0.64417
4.0501, 1.05409,-0.91127, 0.89962,-0.66383, 0.24691,-0.29812, 0.75309,0.29812, 0.25445,-0.31431, 0.46265,0.66377
4.0551, 1.10152,-0.90721, 0.85545,-0.71987, 0.25580,-0.29175, 0.74420,0.29175, 0.26330,-0.30762, 0.41763,0.68040
4.0601, 1.14872,-0.90067, 0.80773,-0.77302, 0.26450,-0.28528, 0.73550,0.28528, 0.27195,-0.30082, 0.37252,0.69411
4.0651, 1.19558,-0.89167, 0.75666,-0.82308, 0.27301,-0.27869, 0.72699,0.27869, 0.28041,-0.29393, 0.32748,0.70496
4.0701, 1.24194,-0.88023, 0.70244,-0.86982, 0.28134,-0.27200, 0.71866,0.27200, 0.28867,-0.28695, 0.28269,0.71303
4.0751, 1.28770,-0.86635, 0.64527,-0.91303, 0.28949,-0.26522, 0.71051,0.26522, 0.29675,-0.27989, 0.23831,0.71840
4.0801, 1.33271,-0.85008, 0.58538,-0.95254, 0.29747,-0.25835, 0.70253,0.25835, 0.30465,-0.27275, 0.19448,0.72117
4.0851, 1.37686,-0.83145, 0.52301,-0.98816, 0.30527,-0.25139, 0.69473,0.25139, 0.31238,-0.26554, 0.15133,0.72141
4.0901, 1.42002,-0.81051, 0.45842,-1.01973, 0.31291,-0.24436, 0.68709,0.24436, 0.31993,-0.25826, 0.10901,0.71924
4.0951, 1.46206,-0.78730, 0.39185,-1.04712, 0.32039,-0.23725, 0.67961,0.23725, 0.32732,-0.25092, 0.06761,0.71477
4.1001, 1.50286,-0.76188, 0.32358,-1.07018, 0.32772,-0.23008, 0.67228,0.23008, 0.33455,-0.24353, 0.02726,0.70809
4.1051, 1.54232,-0.73432, 0.25390,-1.08882, 0.33489,-0.22284, 0.66511,0.22284, 0.34162,-0.23609, -0.01195,0.69932
4.1101, 1.58031,-0.70468, 0.18308,-1.10294, 0.34192,-0.21555, 0.65808,0.21555, 0.34855,-0.22859, -0.04992,0.68859
4.1151, 1.61671,-0.67305, 0.11141,-1.11247, 0.34881,-0.20821, 0.65119,0.20821, 0.35533,-0.22106, -0.08659,0.67600
4.1201, 1.65144,-0.63950, 0.03921,-1.11735, 0.35556,-0.20081, 0.64444,0.20081, 0.36197,-0.21348, -0.12188,0.66167
4.1251, 1.68437,-0.60412, -0.03324,-1.11754, 0.36218,-0.19337, 0.63782,0.19337, 0.36847,-0.20587, -0.15573,0.64572
4.1301, 1.71542,-0.56701, -0.10563,-1.11303, 0.36868,-0.18589, 0.63132,0.18589, 0.37485,-0.19823, -0.18808,0.62828
4.1351, 1.74449,-0.52826, -0.17765,-1.10383, 0.37505,-0.17837, 0.62495,0.17837, 0.38110,-0.19056, -0.21889,0.60945
4.1401, 1.77149,-0.48798, -0.24900,-1.08995, 0.38131,-0.17081, 0.61869,0.17081, 0.38724,-0.18285, -0.24812,0.58936
4.1451, 1.79634,-0.44628, -0.31937,-1.07145, 0.38746,-0.16322, 0.61254,0.16322, 0.39326,-0.17513, -0.27575,0.56812
4.1501, 1.81897,-0.40327, -0.38846,-1.04838, 0.39351,-0.15560, 0.60649,0.15560, 0.39918,-0.16738, -0.30175,0.54585
4.1551, 1.83929,-0.35907, -0.45597,-1.02083, 0.39945,-0.14795, 0.60055,0.14795, 0.40499,-0.15962, -0.32611,0.52266
4.1601, 1.85724,-0.31380, -0.52162,-0.98890, 0.40530,-0.14028, 0.59470,0.14028, 0.41070,-0.15183, -0.34882,0.49865
4.1651, 1.87277,-0.26758, -0.58510,-0.95271, 0.41106,-0.13258, 0.58894,0.13258, 0.41632,-0.14403, -0.36989,0.47393
4.1701, 1.88583,-0.22056, -0.64615,-0.91241, 0.41673,-0.12487, 0.58327,0.12487, 0.42185,-0.13622, -0.38930,0.44861
4.1751, 1.89636,-0.17285, -0.70450,-0.86815, 0.42233,-0.11713, 0.57767,0.11713, 0.42730,-0.12839, -0.40708,0.42279
4.1801, 1.90433,-0.12459, -0.75988,-0.82011, 0.42785,-0.10938, 0.57215,0.10938, 0.43268,-0.12056, -0.42324,0.39656
4.1851, 1.90971,-0.07592, -0.81205,-0.76849, 0.43330,-0.10162, 0.56670,0.10162, 0.43798,-0.11271, -0.43780,0.37001
4.1901, 1.91247,-0.02699, -0.86077,-0.71350, 0.43868,-0.09383, 0.56132,0.09383, 0.44321,-0.10486, -0.45078,0.34323
4.1951, 1.91260,0.02208, -0.90581,-0.65536, 0.44401,-0.08604, 0.55599,0.08604, 0.44838,-0.09700, -0.46220,0.31632
4.2001, 1.91009,0.07114, -0.94698,-0.59433, 0.44928,-0.07824, 0.55072,0.07824, 0.45350,-0.08913, -0.47212,0.28934
4.2051, 1.90494,0.12004, -0.98408,-0.53064, 0.45450,-0.07042, 0.54550,0.07042, 0.45856,-0.08126, -0.48054,0.26237
4.2101, 1.89716,0.16864, -1.01694,-0.46458, 0.45968,-0.06260, 0.54032,0.06260, 0.46357,-0.07339, -0.48753,0.23549
4.2151, 1.88675,0.21681, -1.04539,-0.39642, 0.46482,-0.05477, 0.53518,0.05477, 0.46855,-0.06551, -0.49310,0.20877
4.2201, 1.87375,0.26439, -1.06931,-0.32646, 0.46992,-0.04694, 0.53008,0.04694, 0.47348,-0.05764, -0.49732,0.18226
4.2251, 1.85817,0.31125, -1.08857,-0.25499, 0.47500,-0.03910, 0.52500,0.03910, 0.47838,-0.04976, -0.50021,0.15604
4.2301, 1.84006,0.35725, -1.10307,-0.18233, 0.48005,-0.03125, 0.51995,0.03125, 0.48326,-0.04188, -0.50184,0.13014
4.2351, 1.81947,0.40225, -1.11273,-0.10879, 0.48508,-0.02340, 0.51492,0.02340, 0.48811,-0.03400, -0.50223,0.10463
4.2401, 1.79644,0.44611, -1.11750,-0.03469, 0.49009,-0.01555, 0.50991,0.01555, 0.49294,-0.02612, -0.50146,0.07956
4.2451, 1.77104,0.48870, -1.11733,0.03964, 0.49510,-0.00770, 0.50490,0.00770, 0.49777,-0.01824, -0.49955,0.05496
4.2501, 1.74334,0.52989, -1.11222,0.11387, 0.50010,0.00016, 0.49990,-0.00016, 0.50258,-0.01037, -0.49657,0.03087
4.2551, 1.71340,0.56956, -1.10217,0.18767, 0.50510,0.00801, 0.49490,-0.00801, 0.50739,-0.00250, -0.49256,0.00734
4.2601, 1.68131,0.60757, -1.08721,0.26072, 0.51011,0.01586, 0.48989,-0.01586, 0.51220,0.00537, -0.48758,-0.01561
4.2651, 1.64717,0.64382, -1.06739,0.33269, 0.51512,0.02372, 0.48488,-0.02372, 0.51701,0.01324, -0.48168,-0.03794
4.2701, 1.61106,0.67819, -1.04278,0.40324, 0.52015,0.03156, 0.47985,-0.03156, 0.52184,0.02110, -0.47489,-0.05963
4.2751, 1.57308,0.71057, -1.01349,0.47206, 0.52520,0.03941, 0.47480,-0.03941, 0.52669,0.02895, -0.46729,-0.08066
4.2801, 1.53336,0.74085, -0.97962,0.53884, 0.53028,0.04725, 0.46972,-0.04725, 0.53155,0.03680, -0.45891,-0.10101
4.2851, 1.49199,0.76895, -0.94131,0.60327, 0.53538,0.05509, 0.46462,-0.05509, 0.53644,0.04465, -0.44980,-0.12066
4.2901, 1.44909,0.79476, -0.89873,0.66505, 0.54052,0.06291, 0.45948,-0.06291, 0.54136,0.05248, -0.44002,-0.13960
4.2951, 1.40480,0.81821, -0.85204,0.72389, 0.54570,0.07074, 0.45430,-0.07074, 0.54632,0.06031, -0.42960,-0.15782
4.3001, 1.35925,0.83921, -0.80146,0.77953, 0.55093,0.07855, 0.44907,-0.07855, 0.55131,0.06813, -0.41860,-0.17531
4.3051, 1.31256,0.85770, -0.74719,0.83169, 0.55620,0.08635, 0.44380,-0.08635, 0.55636,0.07594, -0.40706,-0.19206
4.3101, 1.26487,0.87360, -0.68948,0.88012, 0.56153,0.09415, 0.43847,-0.09415, 0.56145,0.08374, -0.39503,-0.20807
4.3151, 1.21633,0.88687, -0.62857,0.92461, 0.56692,0.10193, 0.43308,-0.10193, 0.56659,0.09153, -0.38254,-0.22334
4.3201, 1.16708,0.89745, -0.56473,0.96493, 0.57237,0.10969, 0.42763,-0.10969, 0.57180,0.09930, -0.36964,-0.23786
4.3251, 1.11727,0.90531, -0.49824,1.00088, 0.57790,0.11744, 0.42210,-0.11744, 0.57707,0.10707, -0.35637,-0.25165
4.3301, 1.06705,0.91041, -0.42941,1.03228, 0.58349,0.12518, 0.41651,-0.12518, 0.58241,0.11481, -0.34277,-0.26470
4.3351, 1.01657,0.91272, -0.35853,1.05899, 0.58917,0.13289, 0.41083,-0.13289, 0.58783,0.12254, -0.32888,-0.27702
4.3401, 0.96599,0.91224, -0.28594,1.08085, 0.59493,0.14059, 0.40507,-0.14059, 0.59333,0.13025, -0.31472,-0.28862
4.3451, 0.91546,0.90895, -0.21195,1.09776, 0.60079,0.14826, 0.39921,-0.14826, 0.59891,0.13794, -0.30034,-0.29950
4.3501, 0.86514,0.90285, -0.13690,1.10962, 0.60673,0.15590, 0.39327,-0.15590, 0.60458,0.14561, -0.28577,-0.30967
4.3551, 0.81518,0.89397, -0.06115,1.11636, 0.61278,0.16352, 0.38722,-0.16352, 0.61034,0.15326, -0.27103,-0.31915
4.3601, 0.76575,0.88230, 0.01496,1.11793, 0.61894,0.17111, 0.38106,-0.17111, 0.61621,0.16088, -0.25617,-0.32795
4.3651, 0.71699,0.86789, 0.09109,1.11432, 0.62520,0.17867, 0.37480,-0.17867, 0.62218,0.16847, -0.24120,-0.33608
4.3701, 0.66906,0.85077, 0.16687,1.10551, 0.63158,0.18619, 0.36842,-0.18619, 0.62826,0.17603, -0.22616,-0.34355
4.3751, 0.62211,0.83098, 0.24194,1.09154, 0.63808,0.19367, 0.36192,-0.19367, 0.63446,0.18355, -0.21107,-0.35037
4.3801, 0.57629,0.80858, 0.31597,1.07246, 0.64471,0.20111, 0.35529,-0.20111, 0.64078,0.19104, -0.19596,-0.35657
4.3851, 0.53175,0.78363, 0.38859,1.04833, 0.65146,0.20850, 0.34854,-0.20850, 0.64722,0.19849, -0.18084,-0.36215
4.3901, 0.48863,0.75620, 0.45946,1.01926, 0.65836,0.21584, 0.34164,-0.21584, 0.65379,0.20590, -0.16574,-0.36713
4.3951, 0.44707,0.72636, 0.52824,0.98537, 0.66539,0.22313, 0.33461,-0.22313, 0.66050,0.21326, -0.15068,-0.37153
4.4001, 0.40721,0.69421, 0.59461,0.94681, 0.67257,0.23037, 0.32743,-0.23037, 0.66735,0.22058, -0.13567,-0.37537
4.4051, 0.36918,0.65984, 0.65823,0.90373, 0.67990,0.23754, 0.32010,-0.23754, 0.67435,0.22783, -0.12075,-0.37865
4.4101, 0.33310,0.62336, 0.71881,0.85634, 0.68739,0.24464, 0.31261,-0.24464, 0.68149,0.23503, -0.10591,-0.38140
4.4151, 0.29909,0.58486, 0.77604,0.80484, 0.69504,0.25167, 0.30496,-0.25167, 0.68880,0.24217, -0.09118,-0.38364
4.4201, 0.26727,0.54446, 0.82965,0.74946, 0.70285,0.25862, 0.29715,-0.25862, 0.69626,0.24924, -0.07657,-0.38537
4.4251, 0.23775,0.50230, 0.87936,0.69046, 0.71083,0.26549, 0.28917,-0.26549, 0.70389,0.25623, -0.06209,-0.38663
4.4301, 0.21062,0.45850, 0.92492,0.62811, 0.71899,0.27227, 0.28101,-0.27227, 0.71169,0.26315, -0.04776,-0.38741
4.4351, 0.18599,0.41318, 0.96612,0.56269, 0.72732,0.27896, 0.27268,-0.27896, 0.71967,0.26998, -0.03359,-0.38775
4.4401, 0.16393,0.36650, 1.00272,0.49451, 0.73584,0.28554, 0.26416,-0.28554, 0.72782,0.27673, -0.01957,-0.38765
4.4451, 0.14453,0.31860, 1.03456,0.42390, 0.74455,0.29201, 0.25545,-0.29201, 0.73616,0.28337, -0.00574,-0.38714
4.4501, 0.12786,0.26963, 1.06145,0.35117, 0.75345,0.29837, 0.24655,-0.29837, 0.74469,0.28992, 0.00792,-0.38623
4.4551, 0.11397,0.21974, 1.08326,0.27668, 0.76255,0.30460, 0.23745,-0.30460, 0.75342,0.29635, 0.02139,-0.38493
4.4601, 0.10293,0.16909, 1.09986,0.20077, 0.77184,0.31070, 0.22816,-0.31070, 0.76234,0.30266, 0.03466,-0.38326
4.4651, 0.09477,0.11785, 1.11116,0.12382, 0.78134,0.31666, 0.21866,-0.31666, 0.77146,0.30885, 0.04773,-0.38124
4.4701, 0.08953,0.06617, 1.11708,0.04619, 0.79105,0.32247, 0.20895,-0.32247, 0.78079,0.31491, 0.06060,-0.37888
4.4751, 0.08724,0.01423, 1.11758,-0.03174, 0.80096,0.32812, 0.19904,-0.32812, 0.79033,0.32082, 0.07327,-0.37619
4.4801, 0.08791,-0.03781, 1.11265,-0.10959, 0.81109,0.33360, 0.18891,-0.33360, 0.80008,0.32658, 0.08572,-0.37320
4.4851, 0.09156,-0.08979, 1.10229,-0.18699, 0.82143,0.33891, 0.17857,-0.33891, 0.81004,0.33218, 0.09795,-0.36991
4.4901, 0.09816,-0.14152, 1.08653,-0.26355, 0.83200,0.34402, 0.16800,-0.34402, 0.82023,0.33761, 0.10997,-0.36634
4.4951, 0.10773,-0.19284, 1.06543,-0.33890, 0.84277,0.34894, 0.15723,-0.34894, 0.83064,0.34286, 0.12178,-0.36250
4.5001, 0.12022,-0.24358, 1.03909,-0.41266, 0.85378,0.35365, 0.14622,-0.35365, 0.84127,0.34791, 0.13337,-0.35840
4.5051, 0.13562,-0.29357, 1.00761,-0.48447, 0.86500,0.35813, 0.13500,-0.35813, 0.85213,0.35276, 0.14474,-0.35406
4.5101, 0.15387,-0.34264, 0.97115,-0.55396, 0.87644,0.36238, 0.12356,-0.36238, 0.86321,0.35740, 0.15589,-0.34949
4.5151, 0.17493,-0.39064, 0.92985,-0.62079, 0.88811,0.36638, 0.11189,-0.36638, 0.87453,0.36181, 0.16683,-0.34470
4.5201, 0.19874,-0.43739, 0.88391,-0.68462, 0.90001,0.37012, 0.09999,-0.37012, 0.88607,0.36598, 0.17755,-0.33970
4.5251, 0.22522,-0.48274, 0.83355,-0.74512, 0.91212,0.37359, 0.08788,-0.37359, 0.89785,0.36990, 0.18805,-0.33451
4.5301, 0.25429,-0.52654, 0.77900,-0.80197, 0.92446,0.37677, 0.07554,-0.37677, 0.90985,0.37355, 0.19835,-0.32913
4.5351, 0.28587,-0.56864, 0.72052,-0.85490, 0.93701,0.37965, 0.06299,-0.37965, 0.92209,0.37693, 0.20843,-0.32357
4.5401, 0.31985,-0.60888, 0.65839,-0.90362, 0.94978,0.38222, 0.05022,-0.38222, 0.93455,0.38000, 0.21831,-0.31785
4.5451, 0.35614,-0.64713, 0.59291,-0.94787, 0.96277,0.38445, 0.03723,-0.38445, 0.94724,0.38278, 0.22798,-0.31197
4.5501, 0.39462,-0.68326, 0.52440,-0.98742, 0.97596,0.38634, 0.02404,-0.38634, 0.96015,0.38522, 0.23745,-0.30594
4.5551, 0.43515,-0.71714, 0.45320,-1.02206, 0.98936,0.38787, 0.01064,-0.38787, 0.97328,0.38733, 0.24672,-0.29977
4.5601, 0.47763,-0.74864, 0.37965,-1.05160, 1.00296,0.38902, -0.00296,-0.38902, 0.98663,0.38908, 0.25580,-0.29348
4.5651, 0.52190,-0.77766, 0.30411,-1.07588, 1.01676,0.38977, -0.01676,-0.38977, 1.00020,0.39046, 0.26469,-0.28705
4.5701, 0.56783,-0.80409, 0.22696,-1.09475, 1.03074,0.39012, -0.03074,-0.39012, 1.01396,0.39145, 0.27339,-0.28052
4.5751, 0.61526,-0.82783, 0.14859,-1.10812, 1.04490,0.39004, -0.04490,-0.39004, 1.02793,0.39204, 0.28190,-0.27387
4.5801, 0.66403,-0.84880, 0.06940,-1.11588, 1.05923,0.38951, -0.05923,-0.38951, 1.04209,0.39220, 0.29024,-0.26713
4.5851, 0.71399,-0.86691, -0.01023,-1.11799, 1.07372,0.38853, -0.07372,-0.38853, 1.05644,0.39192, 0.29840,-0.26028
4.5901, 0.76498,-0.88210, -0.08989,-1.11441, 1.08835,0.38706, -0.08835,-0.38706, 1.07096,0.39119, 0.30639,-0.25335
4.5951, 0.81681,-0.89430, -0.16916,-1.10516, 1.10313,0.38510, -0.10313,-0.38510, 1.08565,0.38997, 0.31422,-0.24634
4.6001, 0.86931,-0.90347, -0.24765,-1.09026, 1.11803,0.38263, -0.11803,-0.38263, 1.10048,0.38827, 0.32188,-0.23925
4.6051, 0.92232,-0.90956, -0.32495,-1.06977, 1.13304,0.37962, -0.13304,-0.37962, 1.11546,0.38604, 0.32939,-0.23209
4.6101, 0.97564,-0.91255, -0.40066,-1.04378, 1.14814,0.37607, -0.14814,-0.37607, 1.13057,0.38329, 0.33674,-0.22486
4.6151, 1.02910,-0.91241, -0.47438,-1.01240, 1.16331,0.37195, -0.16331,-0.37195, 1.14578,0.37999, 0.34396,-0.21757
4.6201, 1.08251,-0.90913, -0.54574,-0.97579, 1.17855,0.36724, -0.17855,-0.36724, 1.16109,0.37611, 0.35102,-0.21022
4.6251, 1.13569,-0.90273, -0.61436,-0.93411, 1.19383,0.36194, -0.19383,-0.36194, 1.17648,0.37165, 0.35796,-0.20282
4.6301, 1.18845,-0.89321, -0.67987,-0.88757, 1.20912,0.35601, -0.20912,-0.35601, 1.19192,0.36658, 0.36476,-0.19537
4.6351, 1.24061,-0.88059, -0.74193,-0.83639, 1.22441,0.34946, -0.22441,-0.34946, 1.20740,0.36089, 0.37143,-0.18788
4.6401, 1.29199,-0.86491, -0.80020,-0.78082, 1.23966,0.34225, -0.23966,-0.34225, 1.22290,0.35456, 0.37798,-0.18034
4.6451, 1.34241,-0.84622, -0.85437,-0.72115, 1.25487,0.33438, -0.25487,-0.33438, 1.23838,0.34756, 0.38442,-0.17277
4.6501, 1.39169,-0.82457, -0.90415,-0.65766, 1.26999,0.32582, -0.26999,-0.32582, 1.25383,0.33989, 0.39074,-0.16516
4.6551, 1.43965,-0.80003, -0.94926,-0.59068, 1.28501,0.31658, -0.28501,-0.31658, 1.26922,0.33153, 0.39696,-0.15752
4.6601, 1.48612,-0.77267, -0.98945,-0.52056, 1.29988,0.30662, -0.29988,-0.30662, 1.28452,0.32246, 0.40308,-0.14985
4.6651, 1.53094,-0.74259, -1.02451,-0.44764, 1.31459,0.29594, -0.31459,-0.29594, 1.29969,0.31266, 0.40910,-0.14215
4.6701, 1.57395,-0.70987, -1.05423,-0.37230, 1.32908,0.28454, -0.32908,-0.28454, 1.31471,0.30213, 0.41504,-0.13443
4.6751, 1.61498,-0.67464, -1.07843,-0.29493, 1.34334,0.27239, -0.34334,-0.27239, 1.32955,0.29084, 0.42088,-0.12668
4.6801, 1.65389,-0.63700, -1.09698,-0.21594, 1.35733,0.25949, -0.35733,-0.25949, 1.34416,0.27880, 0.42665,-0.11892
4.6851, 1.69053,-0.59708, -1.10976,-0.13573, 1.37100,0.24583, -0.37100,-0.24583, 1.35850,0.26598, 0.43234,-0.11114
4.6901, 1.72477,-0.55501, -1.11669,-0.05472, 1.38431,0.23141, -0.38431,-0.23141, 1.37255,0.25238, 0.43796,-0.10334
4.6951, 1.75649,-0.51094, -1.11772,0.02665, 1.39723,0.21623, -0.39723,-0.21623, 1.38626,0.23799, 0.44352,-0.09553
4.7001, 1.78555,-0.46502, -1.11281,0.10796, 1.40972,0.20027, -0.40972,-0.20027, 1.39958,0.22280, 0.44901,-0.08771
4.7051, 1.81186,-0.41740, -1.10198,0.18877, 1.42172,0.18354, -0.42172,-0.18354, 1.41248,0.20681, 0.45446,-0.07988
4.7101, 1.83530,-0.36826, -1.08528,0.26866, 1.43319,0.16605, -0.43319,-0.16605, 1.42490,0.19003, 0.45985,-0.07204
4.7151, 1.85579,-0.31775, -1.06276,0.34719, 1.44409,0.14779, -0.44409,-0.14779, 1.43680,0.17244, 0.46520,-0.06419
4.7201, 1.87324,-0.26606, -1.03454,0.42393, 1.45436,0.12878, -0.45436,-0.12878, 1.44813,0.15406, 0.47051,-0.05633
4.7251, 1.88758,-0.21337, -1.00076,0.49848, 1.46397,0.10902, -0.46397,-0.10902, 1.45883,0.13488, 0.47578,-0.04847
4.7301, 1.89876,-0.15987, -0.96157,0.57043, 1.47285,0.08852, -0.47285,-0.08852, 1.46886,0.11492, 0.48103,-0.04060
4.7351, 1.90673,-0.10574, -0.91717,0.63938, 1.48096,0.06730, -0.48096,-0.06730, 1.47817,0.09418, 0.48625,-0.03273
4.7401, 1.91144,-0.05118, -0.86779,0.70495, 1.48824,0.04538, -0.48824,-0.04538, 1.48669,0.07269, 0.49146,-0.02486
4.7451, 1.91286,0.00362, -0.81367,0.76677, 1.49463,0.02278, -0.49463,-0.02278, 1.49437,0.05045, 0.49665,-0.01699
4.7501, 1.91100,0.05846, -0.75511,0.82451, 1.50010,-0.00047, -0.50010,0.00047, 1.50116,0.02749, 0.50183,-0.00912
4.7551, 1.90583,0.11314, -0.69239,0.87783, 1.50458,-0.02435, -0.50458,0.02435, 1.50699,0.00384, 0.50701,-0.00126
4.7601, 1.89738,0.16746, -0.62586,0.92644, 1.50801,-0.04883, -0.50801,0.04883, 1.51182,-0.02048, 0.51219,0.00661
4.7651, 1.88566,0.22122, -0.55587,0.97006, 1.51035,-0.07387, -0.51035,0.07387, 1.51558,-0.04544, 0.51737,0.01447
4.7701, 1.87071,0.27423, -0.48277,1.00843, 1.51154,-0.09943, -0.51154,0.09943, 1.51821,-0.07100, 0.52257,0.02233
4.7751, 1.85257,0.32629, -0.40697,1.04133, 1.51152,-0.12546, -0.51152,0.12546, 1.51965,-0.09711, 0.52778,0.03018
4.7801, 1.83129,0.37721, -0.32888,1.06857, 1.51024,-0.15192, -0.51024,0.15192, 1.51985,-0.12374, 0.53302,0.03802
4.7851, 1.80696,0.42679, -0.24890,1.08998, 1.50766,-0.17875, -0.50766,0.17875, 1.51875,-0.15083, 0.53828,0.04585
4.7901, 1.77964,0.47486, -0.16749,1.10542, 1.50372,-0.20590, -0.50372,0.20590, 1.51629,-0.17833, 0.54358,0.05368
4.7951, 1.74944,0.52123, -0.08507,1.11479, 1.49836,-0.23330, -0.49836,0.23330, 1.51242,-0.20618, 0.54891,0.06149
4.8001, 1.71644,0.56572, -0.00211,1.11803, 1.49155,-0.26090, -0.49155,0.26090, 1.50708,-0.23431, 0.55428,0.06930
4.8051, 1.68078,0.60817, 0.08094,1.11510, 1.48324,-0.28861, -0.48324,0.28861, 1.50023,-0.26265, 0.55970,0.07708
4.8101, 1.64257,0.64841, 0.16362,1.10600, 1.47339,-0.31636, -0.47339,0.31636, 1.49180,-0.29113, 0.56518,0.08486
4.8151, 1.60194,0.68630, 0.24547,1.09075, 1.46195,-0.34407, -0.46195,0.34407, 1.48176,-0.31967, 0.57071,0.09261
4.8201, 1.55904,0.72167, 0.32603,1.06944, 1.44890,-0.37166, -0.44890,0.37166, 1.47007,-0.34818, 0.57630,0.10035
4.8251, 1.51403,0.75439, 0.40486,1.04216, 1.43419,-0.39904, -0.43419,0.39904, 1.45667,-0.37657, 0.58196,0.10807
4.8301, 1.46706,0.78434, 0.48151,1.00904, 1.41781,-0.42611, -0.41781,0.42611, 1.44155,-0.40475, 0.58770,0.11577
4.8351, 1.41830,0.81139, 0.55553,0.97025, 1.39972,-0.45278, -0.39972,0.45278, 1.42465,-0.43261, 0.59351,0.12344
4.8401, 1.36794,0.83544, 0.62652,0.92600, 1.37992,-0.47893, -0.37992,0.47893, 1.40597,-0.46006, 0.59940,0.13108
4.8451, 1.31615,0.85638, 0.69406,0.87652, 1.35838,-0.50447, -0.35838,0.50447, 1.38548,-0.48696, 0.60538,0.13870
4.8501, 1.26313,0.87413, 0.75777,0.82206, 1.33510,-0.52928, -0.33510,0.52928, 1.36316,-0.51322, 0.61146,0.14628
4.8551, 1.20907,0.88861, 0.81727,0.76294, 1.31008,-0.55325, -0.31008,0.55325, 1.33900,-0.53871, 0.61763,0.15384
4.8601, 1.15417,0.89976, 0.87222,0.69945, 1.28333,-0.57627, -0.28333,0.57627, 1.31302,-0.56331, 0.62391,0.16135
4.8651, 1.09864,0.90753, 0.92230,0.63196, 1.25487,-0.59820, -0.25487,0.59820, 1.28520,-0.58689, 0.63029,0.16883
4.8701, 1.04268,0.91187, 0.96720,0.56082, 1.22470,-0.61893, -0.22470,0.61893, 1.25557,-0.60931, 0.63679,0.17626
4.8751, 0.98652,0.91277, 1.00666,0.48645, 1.19287,-0.63832, -0.19287,0.63832, 1.22415,-0.63044, 0.64341,0.18364
4.8801, 0.93035,0.91021, 1.04044,0.40924, 1.15941,-0.65626, -0.15941,0.65626, 1.19098,-0.65016, 0.65015,0.19098
4.8851, 0.87439,0.90419, 1.06834,0.32963, 1.12436,-0.67262, -0.12436,0.67262, 1.15609,-0.66830, 0.65702,0.19826
4.8901, 0.81886,0.89472, 1.09017,0.24806, 1.08779,-0.68725, -0.08779,0.68725, 1.11954,-0.68474, 0.66403,0.20549
4.8951, 0.76397,0.88183, 1.10579,0.16501, 1.04977,-0.70004, -0.04977,0.70004, 1.08139,-0.69933, 0.67117,0.21265
4.9001, 0.70993,0.86556, 1.11510,0.08093, 1.01036,-0.71085, -0.01036,0.71085, 1.04172,-0.71194, 0.67846,0.21975
4.9051, 0.65695,0.84596, 1.11803,-0.00369, 0.96966,-0.71956, 0.03034,0.71956, 1.00062,-0.72241, 0.68589,0.22677
4.9101, 0.60523,0.82310, 1.11454,-0.08836, 0.92777,-0.72604, 0.07223,0.72604, 0.95817,-0.73061, 0.69348,0.23372
4.9151, 0.55499,0.79706, 1.10463,-0.17260, 0.88479,-0.73016, 0.11521,0.73016, 0.91450,-0.73640, 0.70123,0.24059
4.9201, 0.50641,0.76792, 1.08835,-0.25593, 0.84084,-0.73181, 0.15916,0.73181, 0.86972,-0.73965, 0.70913,0.24737
4.9251, 0.45969,0.73580, 1.06576,-0.33786, 0.79605,-0.73087, 0.20395,0.73087, 0.82397,-0.74023, 0.71721,0.25405
4.9301, 0.41501,0.70080, 1.03699,-0.41790, 0.75057,-0.72723, 0.24943,0.72723, 0.77739,-0.73801, 0.72545,0.26064
4.9351, 0.37256,0.66306, 1.00219,-0.49560, 0.70456,-0.72078, 0.29544,0.72078, 0.73016,-0.73288, 0.73387,0.26712
4.9401, 0.33250,0.62272, 0.96153,-0.57049, 0.65816,-0.71144, 0.34184,0.71144, 0.68243,-0.72471, 0.74248,0.27348
4.9451, 0.29500,0.57992, 0.91524,-0.64214, 0.61157,-0.69911, 0.38843,0.69911, 0.63440,-0.71342, 0.75126,0.27972
4.9501, 0.26020,0.53482, 0.86357,-0.71010, 0.56496,-0.68371, 0.43504,0.68371, 0.58627,-0.69891, 0.76023,0.28584
4.9551, 0.22826,0.48760, 0.80682,-0.77398, 0.51854,-0.66517, 0.48146,0.66517, 0.53824,-0.68110, 0.76939,0.29182
4.9601, 0.19930,0.43843, 0.74529,-0.83339, 0.47250,-0.64344, 0.52750,0.64344, 0.49054,-0.65992, 0.77875,0.29765
4.9651, 0.17345,0.38750, 0.67934,-0.88797, 0.42707,-0.61848, 0.57293,0.61848, 0.44339,-0.63531, 0.78830,0.30333
4.9701, 0.15082,0.33500, 0.60934,-0.93739, 0.38247,-0.59025, 0.61753,0.59025, 0.39706,-0.60724, 0.79805,0.30884
4.9751, 0.13150,0.28114, 0.53569,-0.98134, 0.33893,-0.55874, 0.66107,0.55874, 0.35178,-0.57568, 0.80801,0.31419
4.9801, 0.11558,0.22612, 0.45882,-1.01955, 0.29670,-0.52395, 0.70330,0.52395, 0.30782,-0.54062, 0.81817,0.31935
4.9851, 0.10313,0.17017, 0.37917,-1.05177, 0.25601,-0.48589, 0.74399,0.48589, 0.26545,-0.50209, 0.82854,0.32431
4.9901, 0.09421,0.11349, 0.29720,-1.07781, 0.21712,-0.44460, 0.78288,0.44460, 0.22495,-0.46010, 0.83911,0.32907
4.9951, 0.08887,0.05631, 0.21340,-1.09748, 0.18029,-0.40014, 0.81971,0.40014, 0.18659,-0.41473, 0.84990,0.33362
