Rak1 10,000 zeros
-24.6877484661512,9112.38037037339
-24.5076740646444,8639.42529495667
-24.3958315727043,9548.57898281304
-24.2402558552929,8178.83468551833
-23.7805905722074,7730.85493414948
-23.3762170601019,9064.06450608636
-23.2131508344035,7295.48497504839
-22.495444636847,6872.78822552902
-22.3646487518599,8592.44573808801
-21.7023240051626,8133.56960053598
-21.6953472180227,6462.90517572454
-21.2389766195592,7686.94038378652
-21.0626908889454,6065.87754969299
-20.6882052731052,5681.21447326068
-20.3803343553863,7253.03049720652
-20.0965589460105,5309.18777473199
-19.968316881232,6831.92816810223
-19.7587940075879,6423.12769939915
-19.6629431545896,4949.92829378542
-19.5780658357033,6026.64505128127
-19.4510808370782,4603.20420357819
-19.3712629311793,4268.85701694117
-19.3105688472608,3946.85836127457
-19.242182310742,5642.48716253945
-18.9293114795263,3637.22718932936
-18.6365358622766,5270.6711164701
-18.3523355452158,3340.3611405002
-17.7857275036654,3056.14167923002
-17.5789681185658,4911.75600300334
-17.1851135385753,2784.48739355982
-16.7465670908277,4565.64359940433
-16.4824680281277,2525.47639088701
-15.8839334989097,4231.95621819938
-15.5414211854747,2278.99973487377
-14.8479074120856,3910.79533836356
-14.4686828453207,2045.80670486587
-14.1445578632826,1825.21414890784
-13.8027197920663,1616.80113233649
-13.6716497188475,3602.48307267041
-13.6209631163084,8553.15731629164
-13.5039621773297,8093.56946668071
-13.460747072454,9024.99638810108
-13.4213458797169,1420.83200776084
-13.0856794131117,9509.85756218908
-13.0541814775253,7646.22485335344
-12.9134360448623,1237.55345398788
-12.5078658898518,9836.53868268167
-12.4946634044503,1066.56618257084
-12.2758949244895,7211.43592566843
-12.1039871244316,3026.00330079632
-12.0623975203968,2755.08980190807
-11.6105901645473,908.038730780147
-11.4537990888915,2496.79079961477
-11.0229139675289,2251.0657724286
-10.9549125011548,5489.27195690854
-10.9152317895395,3307.125673421
-10.8715234849625,9345.05769395418
-10.7556381853661,5122.55997324894
-10.56554986816,5868.64551299655
-10.4999956327963,762.378001843118
-10.2952690819728,2018.3618414506
-10.0932654789368,4767.52649271637
-10.0718661297979,6260.2460014096
-10.0230858138364,1797.38223905844
-9.92320221481126,6382.83214596142
-9.74898245580614,7508.85076601004
-9.46798787597403,8864.63568975944
-9.37734875450468,629.836020345656
-9.35344576440961,7027.13055316146
-9.23845349913112,7951.15949049815
-9.23417085083084,6664.92405541262
-9.14961134340566,6610.90245974355
-9.06979323674987,7455.84276201923
-8.91021342746631,5986.10368801857
-8.85360384637687,6790.08549384096
-8.71332634585642,1588.90217649557
-8.6091338835885,6205.83748801984
-8.52934681582566,7077.25281669887
-8.35220635389725,509.593965937146
-8.20212261256167,7897.07075823067
-8.19384422440104,4099.38304333136
-8.0758396827736,8351.44533007069
-7.85196992319615,4427.22550597165
-7.75562408466177,4534.1078441688
-7.74420361419585,9292.66677885743
-7.70734434473235,402.796511642454
-7.52950659030688,4199.10160158199
-7.52536520187544,5602.95394377208
-7.38806890644921,307.596558039449
-7.37455474439298,3783.09444625349
-7.34760620130285,9784.90293980305
-7.16052835025534,9955.37831155693
-7.0162661586643,2650.69662489621
-6.97897262618307,8809.52043093737
-6.90699556176319,9243.05341650793
-6.83086644184654,2397.0242415194
-6.54941967578126,3478.58517389466
-6.45394368528565,8763.49418278536
-6.40449135462959,1510.39961308913
-6.38466910019658,5439.16356605968
-6.33722804310608,1394.10469522009
-6.3244088843451,9734.59718108881
-6.30231887856434,224.670357998369
-6.17572916562251,8297.81298571809
-6.17507610147346,8406.55760917022
-6.17012098486022,1928.40567246439
-6.1525625883468,3878.24463595315
-6.114561303787,5072.69034671471
-6.05866366600021,3308.51277542505
-6.02210255280021,1714.29821515593
-5.94048860489501,3188.79919680998
-5.79143722060054,2156.66125242767
-5.75178242020502,8820.98056596032
-5.72272161695758,1319.32294851874
-5.68573213697021,5229.32803144363
-5.65789459491625,2918.40053173827
-5.60681018889643,8396.02941367222
-5.55032980718402,4720.76568025277
-5.54091584642766,4883.59239627967
-5.49232468846405,3746.09384190785
-5.47512418066644,2992.57820998606
-5.41138080188884,5815.2851447703
-5.37160563744765,8505.35656784207
-5.37067779897874,4870.93925799768
-5.34868794321374,3274.31445953746
-5.29279476367988,2720.52244543755
-5.28776935688356,9457.64795425089
-5.25523034708629,154.778685438468
-5.23984991795734,1043.21985224534
-5.13465996536679,742.965836009052
-5.09648524381185,9498.4056607824
-5.04143732421505,3571.47092766971
-5.0177995846252,2359.01255606947
-4.94606336172222,4063.50470606796
-4.93126757752712,6346.93246977295
-4.83178082020045,8981.52590821095
-4.81035645617161,2875.42374636463
-4.68232814198079,5404.3503343672
-4.54831547160552,4381.98522505299
-4.5089777926114,3151.16899006442
-4.43914404117249,5947.80874950096
-4.40878774200625,1211.64455919317
-4.40146053097084,3441.92114663363
-4.36353247102765,610.090513249439
-4.35210446904864,3017.17023854337
-4.24996405456212,7853.14511342273
-4.20576176158776,7672.44235934029
-4.15527971538851,2906.26417917197
-4.05757988196895,2117.72601242836
-4.03444781692624,7407.16145646045
-4.02889765083139,4050.50832247386
-3.96383286178938,7939.61509033809
-3.9561432464965,1142.47820268824
-3.81213989757017,563.591790795881
-3.73554609491436,449.010751337418
-3.70981241560963,6791.77599096078
-3.55272386954446,3615.09389469905
-3.54035203448076,5785.28438598537
-3.52625748954936,5821.52397817836
-3.51502395457906,7369.23835192744
-3.50731944146379,4520.13727466592
-3.47055979198097,97.3643459826217
-3.44898944747553,3202.0262389548
-3.38961658274122,6063.45209579667
-3.3075229138552,1217.49934909851
-3.29328103214466,6652.7697535117
-3.28418141564731,692.873997494799
-3.27064677713953,8045.73109798193
-3.25812956018319,2612.66299418702
-3.24525815199629,9773.25399099806
-3.19772884542492,8874.78409402555
-3.13216969118029,7229.35568001122
-3.08994957709205,8336.61491880589
-3.06807687902282,7252.35287215755
-3.06738650977191,5237.63999276475
-3.04775390931372,2460.63647072496
-3.04395421278131,890.445265944432
-3.02149234024689,5036.32527820942
-3.00118615112107,7597.89577238061
-2.99179167892523,8969.01058142378
-2.97704692455765,8156.94660442727
-2.89488915819082,489.423159033375
-2.89429909631083,1889.67931382157
-2.8895870149187,8313.06727852401
-2.85586149038084,9569.88977454097
-2.82169199594668,54.2695521027816
-2.79844811097273,9477.01232567805
-2.74571441785091,4019.15369917318
-2.74327225736972,1600.86621963814
-2.69396668385951,5195.52045148045
-2.6913645285516,3567.13519223661
-2.68950912705456,4424.57269379001
-2.66068635992293,2287.37655709747
-2.65063098782935,826.626871479828
-2.64547517814772,975.490145845232
-2.62886768191347,6937.90761688774
-2.60449658929774,983.22490083028
-2.57129105767207,4255.50871739413
-2.55055023689629,5079.73590475423
-2.5465611779394,8592.7443378497
-2.54622278825586,2636.30248929657
-2.54457475685006,4597.23644207822
-2.53825948724707,6158.03807479388
-2.48578103636166,5597.91968524318
-2.48406688843824,7180.9116190053
-2.48291587111517,4947.7779420768
-2.47720162943931,8465.38378705707
-2.47518751199015,6217.85668600216
-2.46657556106447,7085.22296577767
-2.45537594218318,2538.75514086443
-2.45020826152477,346.00763419761
-2.44501088461322,9075.2862678363
-2.43807096979722,9734.60898402641
-2.42951650005845,3728.20201808725
-2.39232183887745,9005.13818047219
-2.39076992971982,952.609535800186
-2.36481898280107,886.126224224665
-2.35496195851174,3933.06783608706
-2.34388477734673,9640.52657031055
-2.30541763598385,6471.65059417669
-2.27194485524093,9144.35449071506
-2.25043549907371,2041.97699436714
-2.21572940333184,2225.82016804905
-2.20639571820189,258.611774388243
-2.20078634753685,6561.57453143041
-2.17306226895417,6975.1662815082
-2.17273075541247,5618.53219860681
-2.16412341875594,1816.76212511354
-2.14469869640139,5563.79234754768
-2.14181234679962,801.696105418858
-2.14114664703531,5286.09620419657
-2.13624059758065,8001.45268713295
-2.13264033601245,3111.35707883492
-2.12595511217431,3402.33260658098
-2.11700458228431,5250.71054237133
-2.1140333506992,6828.40835429715
-2.0997848271857,4344.79917783703
-2.08168437789891,6983.41635014829
-2.062775457918,8596.28586450138
-2.02209359901385,7842.01358234419
-2.00131136011694,5665.13572360175
-2.00093406816986,7702.49833828765
-1.99589943843571,3157.91998062686
-1.98672951053129,6570.85766513889
-1.98597016547024,7166.60647659556
-1.9691364877057,9983.51892980706
-1.95764996059459,3915.59153977126
-1.93852778037316,383.252900683133
-1.89684089894582,1405.18736999907
-1.88970366449612,1119.71397924894
-1.87605782130857,6632.52884582311
-1.87148513500822,4837.48326203138
-1.85200257695201,6246.6106016355
-1.84938392563112,1371.68571856324
-1.84757755913622,8528.3910370167
-1.84725241290783,9306.41795449335
-1.83705693280343,4159.15845150647
-1.80809615522988,2738.14662845157
-1.79281568887932,8132.02427991325
-1.78761077619886,1994.37217107093
-1.77599117742771,1052.30767806526
-1.76700364726005,7695.86292604854
-1.76616347054752,8122.83336399763
-1.76103050165601,2156.04593274593
-1.75773595758944,6841.14750868807
-1.75397938312831,4781.99924232044
-1.75199715912072,1677.01135095911
-1.72744331702154,2376.17825077095
-1.71445974689429,4393.80136415126
-1.71386397297609,6885.38803675854
-1.7014991266993,6020.62567502888
-1.68522595742019,4564.42214307815
-1.68395339522937,1185.49025329618
-1.67596779106638,5141.28344578433
-1.6727060599837,7491.62210792901
-1.66938172459438,9846.75055078313
-1.6668848993958,6821.52748969465
-1.63067393543077,6375.33077950761
-1.61151096892884,1771.74585741918
-1.60896285221593,5385.0683902202
-1.60694591163511,9603.01606732011
-1.60251596995201,6002.57755941319
-1.60233254476869,6013.94012241811
-1.58951780152256,397.006900720505
-1.57805188998857,1287.43927484203
-1.57286700097761,22.4228923893298
-1.56473107270195,4690.1301282843
-1.55550381551312,9866.16935318304
-1.5423609397106,8264.22690081269
-1.52445289950625,6760.25643638095
-1.51559871469593,514.118680744124
-1.50765715525822,1613.12562388407
-1.48593101563545,6177.30973860511
-1.47808390211649,9362.15149024832
-1.47100889743706,6408.0772765479
-1.46370135200217,1231.20957340471
-1.44890534343027,6416.8481328503
-1.44458821466592,181.844639871476
-1.44190145069762,2750.13084935739
-1.43184610410167,8792.32183513522
-1.42199720734824,833.661504429855
-1.41398470688335,4398.86210876546
-1.40738244147771,3779.90726486447
-1.40622735949475,4092.98297719162
-1.38899033440591,3422.01392770294
-1.38655208920969,8884.31307416931
-1.38281150692401,8731.04031988375
-1.37479055584144,2477.39626022348
-1.36479255160476,4178.31944455322
-1.36116439890528,7750.06818392937
-1.35220780346886,685.308931302695
-1.3495810397168,4637.65789583671
-1.34654753333808,9683.66442683929
-1.32519708286395,6170.39260653877
-1.31109914056492,7526.36471119684
-1.30675943512135,7261.13468051627
-1.30649244102925,3836.64299516765
-1.29712754322309,7059.4647475249
-1.2932060314238,1393.5518154879
-1.28870411290882,4733.00718243487
-1.28314619235868,4739.82047821158
-1.27793786368108,7609.95127051817
-1.27566962832211,3616.47295570383
-1.27017927490105,6587.46646147036
-1.24637945290776,5695.65681829455
-1.24613976702678,2255.45696949958
-1.24346234211206,8937.19985410499
-1.23580108647647,9970.09956944187
-1.2289248605609,1652.21744510847
-1.22472643505824,1865.86668701781
-1.22455634270485,1208.37570971661
-1.22062211282245,2609.03662562094
-1.220492962772,5097.8515665566
-1.21700737281245,7318.37790814576
-1.21669088541348,1783.6551986213
-1.21202037856776,4749.052530756
-1.20903961861922,6490.99911269841
-1.20512271782543,4374.10555900216
-1.20311049118099,7622.02723759539
-1.20040853494634,3314.41782841288
-1.20020467986746,9334.15748354045
-1.19018472828246,5570.18785907466
-1.18941300547876,624.343842013618
-1.18934120379545,6582.46060269483
-1.17353672616138,9268.98453783631
-1.17220562173997,9798.37351318049
-1.16636257270661,5466.26825115876
-1.16367042234116,6397.70716365626
-1.15524265531549,2135.43937793557
-1.15494383533265,4297.20131165183
-1.15073411781859,1902.29882639709
-1.14613646459915,8611.54171416396
-1.14583979295965,5316.85118323352
-1.13912218196217,7900.31732178844
-1.13620432731356,9699.56172707625
-1.13312406043889,8879.91365972253
-1.12890320143671,7504.31089710804
-1.12709480522211,6882.25427697052
-1.11858347786792,9205.84982585916
-1.11610291401378,8056.81276717339
-1.11299652359464,1688.94475871052
-1.11286596210154,101.618394427697
-1.10537446429479,5773.73198589617
-1.10224851758709,6755.99091350783
-1.09993705767792,2212.36350684673
-1.09977683674556,661.288939694914
-1.08875565553537,8628.3490578451
-1.08560660570429,5924.33951812213
-1.08555047010071,1956.98087420051
-1.08072233901419,9552.25573576329
-1.07772938789314,2385.60146274335
-1.07008851996274,9766.26652236582
-1.05130182447562,9280.47393921778
-1.04946844388229,5016.81086500608
-1.02235022602746,7463.98329486667
-1.01967422507441,7754.70023323768
-1.01812652382116,9564.53103026573
-1.01450010198936,8658.11192728523
-1.0073768866987,4684.87793217348
-1.00730651848442,8206.65664168762
-1.00632816403958,3539.70357700069
-1.00573368885395,1483.56080588092
-1.0039552859826,6605.48109187804
-0.996473511840616,1446.38698232996
-0.993618018453265,1710.62536511379
-0.990936875253302,1473.12887480762
-0.990384722006269,4681.4683356187
-0.985813175064029,9106.36827279609
-0.983367156520915,6331.78166789541
-0.979391925750662,8071.7929197955
-0.967053859045443,2834.8267061774
-0.963216772187216,9423.80593774002
-0.961572054052775,188.921942880154
-0.960343023972397,5457.47336712076
-0.948113761371001,2494.75306953329
-0.944612947965787,9349.95991320878
-0.943848796243511,3041.32543338076
-0.940076426819337,7887.55922675592
-0.936603443431856,3056.33473474024
-0.93376255871141,5037.54979970065
-0.920251096608683,1496.00794458473
-0.918505226909467,6082.68440277567
-0.917401288184974,6263.56846600653
-0.915749578610998,1567.08913739467
-0.89430489685913,3882.82695566113
-0.893023543206677,817.003706606529
-0.892573423423455,1569.66763938049
-0.889397815186208,2518.78911531759
-0.888785515154866,5852.26563991581
-0.884282644694021,8269.86345458265
-0.87981658687786,121.754006306651
-0.878549589356177,71.3306478663647
-0.876390863279306,539.521463245361
-0.867113395214336,3705.5145387448
-0.862648712428469,4235.19624101069
-0.85429420800935,2188.83971534937
-0.853786074763102,299.633072186191
-0.85131157891702,9082.82829498739
-0.848985952977136,6981.81909102321
-0.842584247009537,2047.0249103527
-0.841646998649669,3442.08707693376
-0.839341419694843,4962.37058006444
-0.837611808712385,7524.10405217283
-0.837156930966112,8767.12884655226
-0.828655061793383,553.534449225227
-0.826856200922892,9716.44537599964
-0.825485666932469,8361.81005118414
-0.81138249970229,2504.33446872306
-0.809783228043956,6128.47290813757
-0.809067451384516,5734.45759579111
-0.807903816875251,9366.81545490464
-0.807076322950212,6238.92237611996
-0.802669068556514,2764.62795019738
-0.800118492232649,3402.30766104508
-0.799326021601735,3075.10874521803
-0.796448178101637,3486.57807154586
-0.796342264171265,5306.80762794246
-0.784898052649489,2013.01419150691
-0.77713226492504,6733.3325687744
-0.777085040080863,2238.4300916265
-0.77695964723807,7962.88456849888
-0.776953975522557,6525.03222828366
-0.772954936998559,3180.11837020304
-0.769611043673266,1296.5871469585
-0.767815616217912,1683.09493465117
-0.762114715081575,6086.1026442324
-0.75824453248401,7442.41031899326
-0.755293507117571,7878.09522729143
-0.749615087042225,1913.62379768232
-0.746271569450998,5626.64660408129
-0.744913802576668,1982.94234206111
-0.743582472751593,1149.36088483191
-0.74240479138986,1327.95858575415
-0.742000917786224,1081.21899448268
-0.741104983774901,7807.40085157745
-0.740787509332839,5355.57936598769
-0.738488798933723,3701.40337844549
-0.731176543182073,9190.15972736605
-0.727773266769014,7127.06174176116
-0.724273480836468,4489.16066275901
-0.722458723027397,3274.05564440704
-0.720169455378324,2327.0598396721
-0.716795344747428,4122.92610764985
-0.715746907342026,9680.17956684061
-0.707374288436133,2577.92621146212
-0.707052173223688,1986.64644821622
-0.702825400307157,7412.24054459374
-0.700135676517586,9925.47958301198
-0.699741605676936,5637.36695716569
-0.697729171014082,8715.71498888955
-0.687772682423266,6996.87971184163
-0.686855290139943,7055.40475770696
-0.686758431525481,8518.28878046726
-0.684171762962971,5771.33272893592
-0.680502067614376,2088.25825536523
-0.674960951783199,3126.66450337725
-0.672753745782004,5422.81328417026
-0.670161921173803,5305.23395810869
-0.669863373842387,2215.01259116681
-0.664438957694077,7975.88087785957
-0.657268381135089,2481.62804101938
-0.656183726077289,1732.54923792576
-0.654741005839277,2891.86719260599
-0.653719121571308,7043.77342779251
-0.652262049146142,7017.60734360126
-0.648904574072048,1330.73516555364
-0.645514679897722,7178.4271444611
-0.643923334845719,3525.54605278842
-0.643597451855036,8577.69627137275
-0.64093701487846,3230.29659270505
-0.640503580515483,3801.99905748381
-0.639776274323743,7424.64757006153
-0.637921249059033,879.579280965428
-0.63388515378307,6530.50457013011
-0.629962443234223,6058.58197021248
-0.62799163182388,2465.29386459936
-0.62782262726662,1135.82192174471
-0.62765076327861,6757.15607807623
-0.626579223037992,4584.83948402203
-0.621828056106019,2808.72001304001
-0.617293662471769,7003.79992720945
-0.616046111956568,9042.70624313074
-0.613435724933842,9066.34334251653
-0.610709743299829,4912.14948100124
-0.607620447897357,9429.3122712963
-0.606674925486,2284.33257366337
-0.603047477116955,4655.8074401936
-0.599624597981288,6122.26807374704
-0.597576289982484,3981.62058012982
-0.596031827646074,7814.06720892348
-0.592621048834197,6704.73388970658
-0.590552767345535,433.091607362688
-0.588253532351438,3496.65928739946
-0.585776003741361,2098.84482881897
-0.58459146012257,4796.79104473193
-0.583783422754153,1017.47784827222
-0.581352904439336,731.71596473252
-0.580706638881127,770.409862070698
-0.576186981177662,1291.56965201457
-0.574382078599538,7429.28802973434
-0.573953000684384,8491.6434841777
-0.573068479156677,8060.70885468626
-0.570218140676078,352.580342528791
-0.569335786555858,7081.96493003778
-0.568902917509372,3136.196641061
-0.5673615882065,6227.10289094652
-0.566319219093608,6114.64387871949
-0.566293929205447,287.85113579089
-0.560819465796651,8344.11443177781
-0.560629110441291,4678.86866850117
-0.556980965242313,3451.92815196348
-0.555263204457497,9893.48492202091
-0.553419138927147,5092.7165403463
-0.550589305013382,8745.09839281945
-0.549623135589487,500.428378724752
-0.548015867638736,8547.26503170181
-0.545276803419062,6410.44023668767
-0.538725834316175,293.251718507049
-0.538330067860666,4991.56240652748
-0.537047379994238,1416.92590336727
-0.536778182812224,286.83272847413
-0.53669517931434,6517.1559997014
-0.533671411009803,1015.93007076051
-0.53219892811456,1555.69265614576
-0.532188074456749,3373.26941021421
-0.532116723010018,7448.20568469092
-0.531823766349787,5760.58022068765
-0.53039283174246,3194.33577018781
-0.529764970414572,4449.19361188385
-0.524432125783434,1031.26597136709
-0.522935651531197,8399.51537006398
-0.522591320947274,4731.34634757374
-0.521983751931403,9588.70312558524
-0.518130397509327,7057.86526419566
-0.515988611787597,9288.67953829891
-0.514939243642008,8537.02168734933
-0.514027407063988,8415.80770235934
-0.513710970187491,5519.79980275958
-0.512692602885574,5669.90954092084
-0.511778959819324,213.042686536518
-0.510410809916139,6896.28217575323
-0.507529349471789,1765.88454905295
-0.504670049906684,1261.02482876314
-0.503641429484724,3666.8046575253
-0.502986413450995,856.82517116731
-0.502472961898079,7869.58082680751
-0.497132930564047,7842.07050342897
-0.496955042481506,4552.59446641674
-0.493944136143892,6468.98885449331
-0.492356487272312,3852.60306484057
-0.491520611170639,1482.24996838022
-0.489532496650436,3598.51620793236
-0.488590214946843,7285.11499557099
-0.487827027979734,4349.67162377484
-0.480922270366731,8397.58613599502
-0.480310142121459,5617.84789194132
-0.478642544043098,8665.88350935434
-0.478164770314251,7159.28599423963
-0.474504610207613,4249.24621713488
-0.474326861114621,8130.82139355554
-0.473525669930662,5727.44340873511
-0.470470968718181,4311.71491922485
-0.470205069568253,9023.27518446819
-0.46800735190588,6296.49328109368
-0.460655107270356,8138.22359962371
-0.460501812098804,3072.29503998836
-0.459875498321803,1771.44420795891
-0.454835338729024,5764.57466585911
-0.452814340993823,5475.99897275586
-0.451983681699819,9517.27308177992
-0.451368596632765,4881.63937440264
-0.445151106177749,4270.82279392683
-0.443556867356652,3481.22556946726
-0.443449049107304,4914.96098371689
-0.442621440263634,4842.43921996252
-0.442357690837967,4993.61650469297
-0.437595950553528,1153.03045847114
-0.43569182780276,921.385357025859
-0.433064970291172,9311.64065069816
-0.432842425764873,6394.2988329909
-0.432748610611134,8677.69839004877
-0.431762557063932,2850.84429615875
-0.43132776709395,2590.41748089568
-0.429428151489452,1158.79293329394
-0.428891261041699,7432.24718875248
-0.421045680816032,141.243845638427
-0.420915546727831,209.019948067214
-0.419937823034299,9703.40884045306
-0.419072151518468,6861.74463025112
-0.413578053092194,8405.24402742898
-0.413461689172249,9215.7593542704
-0.412952209395501,4356.94465411441
-0.411225024846198,2966.85088748071
-0.410575880977703,766.474043839803
-0.40947162289217,983.077137780073
-0.409140239558748,5686.90846642519
-0.406732438509747,4079.30024116481
-0.402406426391815,3873.3648948875
-0.398959326655136,3960.10833212308
-0.398557355793868,3499.0261211378
-0.396442730461515,9025.5060077876
-0.391971168642531,9862.28004509416
-0.389760732483137,9192.2704667895
-0.389134102681875,3708.55404301646
-0.388198660581733,916.555711437485
-0.387110473206119,5691.62015653451
-0.386096183579765,2603.55936220434
-0.383659587322063,8413.48013566645
-0.38323801448584,7120.29926319012
-0.382743446380488,4860.72174302817
-0.381359719784483,5158.04903100401
-0.381013372859359,2789.19242077732
-0.378891675603997,330.533567755585
-0.378704745771525,5866.96906415775
-0.378434730924176,9266.04928325005
-0.378356421040453,4112.15162664664
-0.37693559820126,5312.02016853098
-0.375389399555291,9781.31322280403
-0.375369903812377,3245.46921499953
-0.375029574820169,7335.9163934806
-0.373628999835011,3991.15226290791
-0.370204541526274,9465.39305968469
-0.369686819134908,7838.2123392627
-0.36700873513641,1998.67231114053
-0.366320401846755,8848.72225753954
-0.361554809541206,7133.22722676262
-0.359047531891318,6959.97656992051
-0.356717601536108,7699.67010856774
-0.35451132925482,161.451820184094
-0.354316608513241,489.09473046957
-0.354130443008433,4496.35141205766
-0.352357582902577,7307.56970916186
-0.351041058797702,3338.46497919926
-0.350015583122097,716.928986811908
-0.349515735627044,6453.63402984429
-0.34916665958289,9540.34189217544
-0.349069573146863,1523.82847110165
-0.348890175167346,5352.49207696839
-0.347558346019532,4578.63213922858
-0.345885262080661,8068.22744727136
-0.345365970597411,4221.98826882643
-0.343408232225128,5445.81609484087
-0.341888617157067,3125.14958480082
-0.341240545488472,5809.12002811588
-0.340402034593525,5433.22841587727
-0.340299057767426,8091.24940472786
-0.339543851869707,9358.71310836142
-0.339435412479752,9658.46834840062
-0.338714668022656,7485.54297989169
-0.336928438357413,3899.24807970244
-0.335117916361802,4251.7549002959
-0.335000691881481,9919.71880530419
-0.333441328241405,6748.58039497101
-0.331970202119838,5446.6092166623
-0.331661912865418,2807.24151891851
-0.33087326812277,7880.75769835479
-0.330584892575192,3854.69314833909
-0.328556840036704,1528.27746453502
-0.327359310801741,5358.19006869583
-0.325530884261442,9415.96059898815
-0.323878343422562,2862.7139065581
-0.321514509364919,9852.48410909721
-0.320088536257112,9447.8849440479
-0.319388110200612,6458.47136278092
-0.317597882430786,3794.75101742268
-0.317019924674824,8040.26424011135
-0.315754113481286,421.465563627231
-0.314909587328118,5685.24460053456
-0.312096061004566,9287.61788070588
-0.311989025072724,5876.49458033084
-0.310136691412053,8718.75907956091
-0.30981994573064,1117.58333684758
-0.308137536644825,7811.92277168143
-0.307583729876257,1669.66205656773
-0.306752113199839,9181.2504229942
-0.306123438511241,6300.54606464816
-0.305122283267907,4805.29153864803
-0.303975914672599,5962.75899348178
-0.302319645112006,8208.1379154937
-0.302317439494137,4638.59246190573
-0.300216892472136,8628.99116853316
-0.299213605245204,6145.27413276678
-0.296939048074398,4339.72229328822
-0.294134508619456,9101.49929837003
-0.292590678508289,6473.67256752053
-0.29246187649477,8899.4910207006
-0.29163511851967,32.2418213806835
-0.29138682202047,4269.63159962269
-0.29057088970931,4371.56703456752
-0.290464641441284,8610.15476897201
-0.288706227713253,5359.60481246743
-0.288587443774575,8389.62501693313
-0.28543320094246,2329.18305191385
-0.284203589062752,8156.8671041072
-0.282301482320402,3425.03976234653
-0.277731238394008,1972.57108630352
-0.277485897997323,3653.84492702112
-0.277454479572221,5242.19410818501
-0.277196462733589,7564.14979144953
-0.275980390885163,2907.77074493973
-0.275460118953838,7802.53272455671
-0.274676756773491,5244.35083221146
-0.274350809674427,767.773517725098
-0.273249653298341,8673.18358061048
-0.273204833290496,9807.19341793922
-0.270851370019783,1852.82026297795
-0.270553557834116,632.679667909118
-0.27042411258279,9584.95956368027
-0.270086586797184,6366.49634791753
-0.268649676334526,1925.13112981963
-0.26851915033952,4017.86713529041
-0.268239927731671,166.240611748048
-0.26754746745882,8191.43589708577
-0.266190194495633,240.228793925384
-0.264461719865554,3082.2926639836
-0.263307321262738,1079.18920456377
-0.262256791427567,2396.71671477139
-0.261673343551301,4188.48873739516
-0.260102253240925,5056.96122299716
-0.258442448769253,669.779071897509
-0.258145257264484,4831.62461771263
-0.257787109327138,8287.8524538706
-0.255643538034726,1822.21671984203
-0.254005599545052,3287.03482106885
-0.252484219045625,8736.61759037644
-0.25135214028832,4431.43349058601
-0.244006031760997,3550.7879275326
-0.242985345550445,2847.39741871429
-0.242685513054337,7630.10277456213
-0.241986957805006,5973.60034109378
-0.240808543595816,7497.42958681771
-0.239774448612832,1257.74158759766
-0.237703629572356,4927.67747909416
-0.236592189914713,7605.68728030257
-0.235711998785265,4490.76208394458
-0.235239843592365,927.052770503972
-0.234359274527281,7086.92646824845
-0.233101374052691,229.421865180144
-0.233054001212703,3650.27849182693
-0.23153974486576,5517.41117431167
-0.230366521182665,4776.08117820379
-0.229580645154763,7243.80767212
-0.229318903946586,1932.27239185946
-0.226921975649348,2406.46773208171
-0.224830279028535,9244.74165968081
-0.223302537244491,1368.14944493516
-0.223159048426186,2636.58655334556
-0.222128159650775,8079.29491435523
-0.221772957029248,6293.6904209735
-0.220363831059043,8248.80765519572
-0.21903454098685,883.085266407298
-0.216773428735362,4214.40584442582
-0.216118155825082,592.940593892335
-0.215264581641554,5908.16502720771
-0.21428895078349,8705.62473795367
-0.213420147866136,3363.47961470698
-0.213041155622645,5895.41780760447
-0.212649924635862,6651.58991939675
-0.211213207285822,5985.56339105619
-0.211024915224446,7397.59752382146
-0.209272682801886,6659.46783366502
-0.208896218649742,6720.14411977997
-0.205217443411203,3109.77880120306
-0.204250513609511,4030.19935124573
-0.203971512949517,3150.53119057016
-0.2037630964136,115.901846397271
-0.202234606295314,6700.29186450212
-0.201705775318578,3357.27773214828
-0.19999116300718,5322.41372759756
-0.199867568670157,6794.48327693567
-0.197640213194584,83.5773844622664
-0.193994881569981,2580.97482050155
-0.192702783240594,4589.2305467595
-0.191992668173398,9312.74933827679
-0.190892717274248,2473.99937201033
-0.190741207017314,2911.08022735057
-0.190700190723574,2174.58203208027
-0.185816537192532,7552.49015309699
-0.185478338962123,5979.33250994308
-0.18319419694997,3663.34510977569
-0.182976061889361,7105.59683109126
-0.182833935446953,4456.07837365779
-0.182774557658906,2686.26148062431
-0.181975114821678,8237.71929569909
-0.181394797340209,2985.27813615514
-0.180857728355585,9767.92913876511
-0.180625323038444,784.62808725665
-0.180473873874323,1407.61375000233
-0.179403734805616,9028.42863066675
-0.178640595513712,638.473813656761
-0.178035286944997,2217.69429384731
-0.17697224908844,2050.37387511464
-0.176291674902154,7650.66269028802
-0.176115150302353,9209.04320915338
-0.176055736826262,6917.23065727918
-0.176033843444848,3926.67275678114
-0.17573478183052,424.106289756896
-0.175114985604001,7790.71212582448
-0.174806365303472,8257.34202625497
-0.17468007688548,9784.621029048
-0.174679977678684,6690.50644860377
-0.173350833964539,1467.28325234463
-0.172352588147784,7735.86414770824
-0.170222316379297,582.366961700801
-0.17021025914347,7182.55809976103
-0.168459291615886,9764.69772976721
-0.16777063296029,3869.97176939794
-0.166823925470001,829.026837274468
-0.166577299965575,9881.22277421373
-0.165444775783549,7584.28715955563
-0.165024938605919,5841.43093852396
-0.164528585539142,7155.0429728599
-0.164343795414889,3488.23803792739
-0.164181033244847,4602.45035711791
-0.163931657334543,6915.65205461206
-0.162807724857985,6038.55114417158
-0.162273260718598,5859.4210123681
-0.160219670753297,8912.47824621665
-0.160043895756707,387.184393663613
-0.159456342559283,1531.9342430196
-0.158818569037684,8869.0036933138
-0.15845626253317,8190.73689470919
-0.158364925738646,4006.66523246551
-0.158123407869415,9010.9386064935
-0.157858307040491,2771.98409340489
-0.156668470299345,464.336178691868
-0.156403183456724,9816.9639895644
-0.156004149956938,8780.23799028663
-0.154168410412863,9364.12796574044
-0.154031929851405,2115.1458064072
-0.15353731486692,8212.94256310082
-0.153485664583289,8706.51988866402
-0.152668812294781,4458.65179776407
-0.152573990331397,3241.03935726253
-0.15224943598993,6172.28906477136
-0.151989052306029,3832.17701089796
-0.15116640417281,1560.43536334336
-0.148772486092751,3804.36718482493
-0.148257578521808,9122.07008517847
-0.146745592352703,8381.25938234211
-0.145844246946377,7219.51234953288
-0.145606439887028,8626.43608914048
-0.144896142258371,9636.26421459644
-0.144750729564803,5046.81534896828
-0.141856560503247,5538.74892854481
-0.141478791129702,7303.33531989509
-0.141214367749641,7198.39694822982
-0.14119491050528,2220.18464707927
-0.140320463706561,8673.5888043296
-0.140053366812537,6426.95635872332
-0.139905684125723,5169.10821622379
-0.139889646701085,3485.6483852063
-0.139351960783182,8512.24313751514
-0.13908425855317,2265.19398647039
-0.139013969949699,8554.52722891766
-0.13758995836055,3029.41383228752
-0.137260822996936,1902.46709476494
-0.135720183998564,7347.15614873331
-0.13556009537807,363.661450633161
-0.134478201611245,7501.21252923762
-0.13406929647552,7722.45312365742
-0.132446014718404,1652.14162882488
-0.131434064433969,4926.54307353765
-0.131052267252715,3744.46993588436
-0.131023764018411,3637.88982681293
-0.130862578531055,4997.69817589702
-0.130760187428804,8236.7728894933
-0.130579095714868,9860.21490953694
-0.129947271627415,937.23601864717
-0.129358967579353,8199.77593699645
-0.128774192970948,2429.5242221537
-0.128254409319757,7618.72383070725
-0.127393600974417,9506.1445241388
-0.127004615424231,7628.7299041695
-0.125487257648349,6708.91364377735
-0.125418964383408,3464.44334061364
-0.125335856263933,3814.29009938349
-0.124533755908577,7571.36374065855
-0.124287515602634,9371.56202779212
-0.123966501149142,1338.71267879197
-0.123873401283816,5834.82915245201
-0.121467867140569,645.235848995435
-0.121071884355471,3694.99071802486
-0.120936132668209,1804.17944990057
-0.120201142855357,5713.11966784654
-0.119928158016664,3925.22099019417
-0.119860483279422,993.857698297048
-0.119760697000372,1480.05776289994
-0.117473043633376,1103.02751622585
-0.116833601873677,4935.97045848671
-0.116309467659897,9228.585113908
-0.115750735717543,7941.05422055393
-0.115214273257641,2054.92112862992
-0.113195665956006,2022.74707591076
-0.112991350878049,754.272233680055
-0.112761127246772,8866.84664769311
-0.111255598693188,2561.91939561526
-0.11109634004029,2689.39686732431
-0.1106054067298,9973.52566634065
-0.109912679372615,9920.41099419211
-0.109434287793182,9145.87818271376
-0.109243504645332,8966.08319110135
-0.10887479503081,9068.46132920053
-0.108315810377359,3521.68259568879
-0.107518353367189,5220.11090700625
-0.106350794606018,6425.01999545861
-0.106072687275356,1109.18903197967
-0.105136397515682,7550.92462652461
-0.104645922435715,3739.98945217076
-0.103520978217819,4127.73623553047
-0.102549837307301,6743.55696404161
-0.101407613552457,9251.47092688631
-0.100626368324016,9155.32805740864
-0.099827055653549,4473.24115752343
-0.0985159055612398,5273.4658325702
-0.0981061606097955,4014.91977488561
-0.0978559943074088,5900.26662544534
-0.0971810384804993,7312.51199910632
-0.0964605373245529,6500.11624691545
-0.0963708105343221,7818.84114000247
-0.0963146086031426,3790.54335562804
-0.0961366069813083,2610.27443021872
-0.0960109565938187,7935.60007196355
-0.0954640340343795,7933.9394683063
-0.0951670714345739,1040.18697717699
-0.0949284414396994,4953.36806410469
-0.0947721370046156,8361.37056567622
-0.0947057958951903,3562.37781209099
-0.0940703284179536,7088.98516873222
-0.0937623490876805,8093.3342430199
-0.0936543078748708,4704.37635276944
-0.0933034451604603,2411.84865452037
-0.0929586033057953,4857.1052562105
-0.0929087498635793,2939.93490294823
-0.0926546924175721,9952.59863541235
-0.092251897780658,2442.09614375558
-0.092172008947227,5537.29709206268
-0.0910565965718257,3350.24430676356
-0.0899973246527677,8045.46945686749
-0.0896848837422978,2431.97235921597
-0.0895018362706858,9165.50595652626
-0.0894139364395894,8088.99559779413
-0.0884413918597449,7313.7062294608
-0.0880801572356087,9111.54238957052
-0.0870035301032028,8004.38055474322
-0.0861332761889398,9847.68863091935
-0.0861113432753322,8933.15763941785
-0.0852945548654657,6792.31110333635
-0.084599885523857,1589.21315203756
-0.0840660749247485,1429.02341784887
-0.0830964481759318,1189.21796461812
-0.0824283463960777,4102.68001519898
-0.081394377609778,9912.39660519812
-0.0787651237658564,3674.29325900729
-0.0778808018394075,2880.99272732027
-0.0777951479197021,8793.40534290213
-0.077429221510135,2570.44196112135
-0.0773620081122033,5107.6485484215
-0.0768918091982479,1301.08776677296
-0.0732715051511715,9183.39735689589
-0.0723453673170959,889.883855542012
-0.0721015374362226,3462.22439020909
-0.071505063578487,3975.11955501015
-0.0706319871681171,8939.33947082649
-0.0704381682676253,9087.03470491008
-0.0701784896936315,6575.22522965961
-0.0701447504174091,5498.76433785846
-0.0698221892584584,5739.34350108118
-0.0694920675409105,2979.26012362321
-0.0692986219152019,4484.60485621374
-0.0689184612471043,4115.26355213358
-0.0679796748778535,5479.31258757059
-0.0678670513989421,2968.67823456481
-0.0675862753031089,7000.73737163227
-0.0675445069196717,7960.59218795121
-0.0667013737034698,1049.19741135577
-0.0655847280464076,4395.26647065185
-0.0642416040542959,1753.24452598882
-0.063588131928188,2869.94602109191
-0.0626123808540892,4350.79686641904
-0.0625499113501329,9528.48570985031
-0.062052709687951,9212.88821013165
-0.06097664364438,839.071868540555
-0.0592527310902076,7300.95507717506
-0.0589424842607002,7083.96559196971
-0.0586356605265505,5462.82773898093
-0.0576758567736008,6010.12733161143
-0.057606488771241,4514.22113948779
-0.0575231697138462,3432.14264368135
-0.057064309850745,7756.71033044863
-0.0563719947045008,6279.42126208332
-0.0563251538950805,3263.54430172408
-0.056315289470795,1678.12832332462
-0.0541629136011241,5181.08382716831
-0.0529719747074581,6322.72019520124
-0.0525510944846643,1299.37823289158
-0.0513383377723388,379.741333544243
-0.0490306061668679,3310.84027100668
-0.0488204186350943,3600.81279402673
-0.0487707382105318,7924.20965516161
-0.0485440841323416,4162.75116775148
-0.0479339556299656,510.29837566659
-0.0467228313250019,5191.49315555249
-0.0467099558754658,9471.66277415704
-0.0464872783238741,4502.12656619684
-0.0459264491503343,779.522666283464
-0.0458443989007068,4640.2456957754
-0.0456676412662337,4179.75279342114
-0.0448023159561842,5231.57993648774
-0.0441262129825353,8299.31839135157
-0.0440159942239808,1841.46342491907
-0.0431999944022204,6810.40404682053
-0.0416651109138712,7787.60930789733
-0.0410935787861468,3493.72033625046
-0.0397258513668204,7615.91523483523
-0.0385788151409145,2922.67526740348
-0.037396543191859,1891.64711721043
-0.0354932565889512,7227.20529858446
-0.0352707258357638,3757.27754982446
-0.0351325566300764,6167.64505281447
-0.0348655683331368,8995.40936710063
-0.0334219515196101,2695.09895917718
-0.0320421821974481,9557.50992242309
-0.030506167090293,9056.29973594616
-0.0298278986926975,1390.64488257626
-0.0289577564034152,2303.754590285
-0.0281056012213401,8658.28133608077
-0.0270075792674397,5513.56398495786
-0.0266392562122191,5474.78642251465
-0.0266358009539243,9849.91798715469
-0.0263068800337665,2878.36674598053
-0.0256529140123079,1826.6490860549
-0.0255359836632778,2146.66422891188
-0.0234513952373578,7009.11389597356
-0.023403071564357,9402.96234643006
-0.0232419565185778,1834.70631813809
-0.0229535611622917,6162.81846409021
-0.0221511232939364,6440.25010368974
-0.0217447923025307,9223.15324658255
-0.0210970323987948,3465.59127296629
-0.0205939309522208,1510.1955525773
-0.0199767526308012,1172.45837311092
-0.0186372489390573,4435.88111250075
-0.0179452872623428,3785.67477523971
-0.0179095227058696,8111.77348667935
-0.0170710247837422,2066.01515714347
-0.016586700021097,6540.16521238401
-0.0162510806152061,7760.06358255285
-0.0151901260315368,738.699792853291
-0.0149803655537793,5787.93914281592
-0.014172142800043,4211.6028125553
-0.0128534450327076,9239.42073928737
-0.0127859832350614,5892.66255235137
-0.0127323647445874,8252.05127141543
-0.0126415887093439,2126.05306512829
-0.0122132909257949,8110.63674358992
-0.0115530176224015,5202.4687976482
-0.0107473349918794,5072.43828096944
-0.00974535910975632,4939.36163095857
-0.00954287927304355,2687.7007932207
-0.00944848437612839,5666.66819466447
-0.00901679423121657,5182.44322642221
-0.00888288029937409,8923.59948430334
-0.00874420670577878,7170.24858036543
-0.00829907411665254,8515.38749768928
-0.00769044808525874,6878.5394640828
-0.00761015604633056,2958.63463871426
-0.00744326187160005,7388.71298854682
-0.00717892187743909,8396.45606326919
-0.00682142495405197,2344.11240250611
-0.00624487660766292,3548.20361462603
-0.00585731785873351,5579.8043011758
-0.0057483579864756,5578.60917509412
-0.00497120034707017,1936.32791594051
-0.00465767944588476,537.042582922767
-0.00163094891206281,2336.85312818312
-0.00145513930637778,4441.56545515706
-0.000821936055499674,5015.58814086915
-0.000459312098106473,5113.59612017205
-0.000376560336090925,7404.13899390862
-0.000276414044233909,2957.02231611461
0.00134137618597951,7871.14760400706
0.0016186443475973,1448.32601019671
0.00234093910899154,3438.95657318541
0.00277172564106095,9431.44551424303
0.00306864610005864,3963.82394384744
0.00337423458260313,8974.64899941045
0.00338638233011452,730.53796307213
0.00377857634705621,9143.28110462731
0.00441903970402814,4904.825163683
0.00506930702388361,5090.48925751164
0.00585925134462647,3385.90483225133
0.00612436387175375,3736.99719537767
0.0065514042844308,9991.88776170799
0.00678459996925459,4345.20139285702
0.00854270329773683,9270.96030692854
0.00897906491696515,8823.99693319565
0.00957455883734617,4942.59844020608
0.0100884154189338,9628.76566711423
0.010398754460082,4112.77762869212
0.010438896998433,7789.86384326625
0.0109616376371371,5594.5101435318
0.0111066617461977,8052.81738015906
0.0111877006695569,2984.1701598304
0.0120775748570258,864.097240042703
0.0123265707236267,1814.67003174115
0.0133025373854176,3369.57055562974
0.0143765602698225,4296.08586428902
0.0156372228062581,6091.48820666532
0.015773740832082,2331.65138095255
0.0159832411964257,6495.79441013966
0.0162672633754088,5626.76624359262
0.0163995163768216,1702.80412792313
0.0165689744598726,49.3254799412125
0.016577063066734,4711.69758284565
0.0177463716060166,9046.80201398431
0.0188599408054953,8340.62697557385
0.0200282050081748,2677.31445856747
0.0202524441218789,1759.76057042359
0.0208101062691151,6463.18142870133
0.0211016652899965,9196.97775546748
0.0211765738778018,6563.76912701071
0.0213124802408759,4535.74904577878
0.0215096376853361,7309.35378881925
0.0220352824443697,1557.70875990712
0.0221144741645997,2440.40410292589
0.022815617274313,267.659738670852
0.0232417382560231,2589.72511258779
0.0239850471727019,1645.92995040897
0.0243636130106157,2425.41708850774
0.0244776937771416,6745.67265725337
0.0250177841195267,2704.42538666564
0.0250187069108311,6155.52260717643
0.0254718093235063,5369.70099439494
0.0266409487746514,147.037325953982
0.027051454348696,3678.20904118764
0.0271283803018589,9559.03299035034
0.0283015442637774,9400.81697929373
0.028421913841936,9086.48400184366
0.0284527194504781,5753.20213978767
0.0298587046877002,4192.13043172531
0.0299782357366026,5307.42075493927
0.0299987525283913,3437.17075784285
0.0307524669212509,7611.86531311709
0.0317398845010427,2946.30581070112
0.0320233309362489,5984.20855264247
0.0320343682865783,5742.53788324688
0.0321669137667101,4205.16754284158
0.034356513997203,1667.29582250243
0.0351180012802018,5820.46853591971
0.0354125531129239,676.339050897722
0.0357853717976811,9026.93742327014
0.0358884078605856,1089.43603764743
0.0371368067358772,3799.91160167543
0.0381641754319018,6666.9730262914
0.0383172670962955,9280.87087421253
0.0384966967823798,2831.02027273683
0.0385199226740648,5047.97081682558
0.0388524975581296,2644.17771161075
0.0391391130559137,9014.62303087918
0.039449988276616,7489.61198391719
0.0402762599214986,5899.68193383166
0.0418089026252995,2318.00591059133
0.0423364698895954,6251.15255453497
0.0425995315798037,4290.21660375928
0.04321114448704,4891.92775479309
0.0434667880405684,7945.28272478395
0.0442133581985781,3898.15337886688
0.0442177913630491,1112.95240030661
0.0444996230746334,4545.63969479249
0.0445133076638539,2736.12531838884
0.045801086945444,4267.60125951106
0.0462820364903879,457.880207181701
0.0468906025353353,5208.79726255039
0.0470980812106316,1344.3232633056
0.0472961604434938,6036.7951012597
0.0475504629073794,214.523640152748
0.0479348170538451,5120.68685850842
0.048076411144859,659.796772962488
0.0481652885367542,7437.00178357389
0.0483313337163287,856.629374817855
0.0491335790751171,9816.85000469686
0.0495572242468194,9797.55171385324
0.0503200814737533,8223.84760379009
0.0517089595709326,7681.96458959058
0.0517824187309934,9070.18147910155
0.0524289868369362,6302.07547552425
0.0524504477217571,8531.00517860681
0.0530153401176209,4844.83058681018
0.0531250799735109,8435.42648431539
0.0536745361594117,7333.20221328778
0.0540102730490023,7956.53528965906
0.054101129934527,5605.8780049578
0.054469393067294,5806.73389536574
0.0549129830744557,6561.0099678822
0.0550061015176672,9574.42305746984
0.055203218012246,2239.37660921198
0.0560699449614179,5663.84617626927
0.0568590460312356,6184.68071108569
0.0569763184143899,139.637027687293
0.0572524809732079,9008.80129467777
0.0574556601379766,2953.59671576753
0.0579481161849181,2421.5469286699
0.0585885730920749,6621.84036937302
0.0587152363550614,2844.51663350915
0.0592929375630103,1693.56799168665
0.0597752631923343,9740.25069980289
0.0599344994917773,7199.43821031751
0.0612256803419008,3333.64890801609
0.0612317541063932,4858.40677110644
0.0619937588384323,6950.60508959843
0.0624679650924231,4665.26275040522
0.0642755310666049,7740.55552030068
0.0650786777095105,9811.54930883088
0.0656103784008902,8934.47521785153
0.0656235913446763,5564.15697783716
0.0661218166985815,533.370739536544
0.0661596104480843,6974.77519928619
0.0677883440685834,1938.06726209799
0.0688214607170947,3837.90269548326
0.0692648915743322,3484.40452140481
0.06937932060956,4144.92720934927
0.0696594955545404,2835.53570880571
0.0701587026434754,6873.61171395888
0.0706733937946135,6347.08965250297
0.0719453758630674,5252.1336304079
0.0719727999944767,7475.41983625173
0.0739493300571472,9335.28884917276
0.0745950161333289,7390.88084077369
0.0746843025704731,3709.81526440097
0.0747234094818297,5394.11851604917
0.0750589975788672,5328.67471744814
0.0764855478548764,5993.99749009906
0.0767498740796104,3589.57443796879
0.0771518625405158,2543.59498840248
0.0774893598680357,7927.59540912733
0.0792187075878518,6265.05695722328
0.07933330372302,5370.98637783259
0.0793555966501053,271.391467533993
0.0804363041300429,6821.69806901168
0.0804752685962166,6434.31641092598
0.0807822537124311,6429.33161299313
0.0809603678315635,9398.74152796487
0.0810977953909007,2534.52854344698
0.0813819836079957,2024.33394920658
0.0814312362619392,3704.1261588478
0.0815830425331973,5848.86921327927
0.0821542706807854,6661.54844823924
0.0822623195448133,1063.02184857161
0.0823005671967491,1477.57252051083
0.0833126721685114,7083.14650695025
0.0838886809120173,7543.77723430772
0.0846961047728629,8158.08233780217
0.0851876691884717,6035.12684496688
0.0855547555267526,9707.54926671357
0.0856617344107418,6958.92188619021
0.08635286437792,6913.41913550545
0.0863624019779936,6975.9287457564
0.0866137297785674,6124.04215380665
0.0870768841578596,9385.08853325572
0.087480955267049,3965.05692788703
0.087586247105169,6141.87825128376
0.0876030704535634,4934.46100021492
0.0880028127771707,7864.09666980686
0.0883216157078725,1882.50241439558
0.0888930189635176,5275.60888109473
0.088985620708019,8873.60707092881
0.0891055386111313,6672.16776058629
0.08937030346055,1031.89952772703
0.0895299184133724,2798.51131326824
0.0914451967364715,3577.51143058323
0.0919347370399311,7273.77456994287
0.0927661513043434,841.587531141367
0.0928978787160308,9663.44703784126
0.0929908389692224,4419.73303835336
0.0930465952598369,9611.4550008071
0.093152152790976,8073.01102975161
0.0931555364136785,7585.81863221343
0.0933070515503472,2314.23492773404
0.0938255010526478,7558.56023832401
0.0951992357489963,5955.15430443176
0.0955281324653239,1836.63865231351
0.0960027129845918,9988.94356880565
0.096005558604968,7561.09379472334
0.0960768498618168,8540.43441439773
0.0968186617180723,6730.87002246271
0.0970022677454879,4718.28111514671
0.0973451208318157,323.582560215934
0.0974519718444945,2641.93323038859
0.0982947608462989,8487.89176334132
0.0986714028633228,3371.05578535352
0.0987985976219771,7615.02388543791
0.0989993779621749,2743.68672479343
0.0991214565067871,9117.82593348038
0.0992042161402997,9030.96800312241
0.0996206044170674,469.750832401873
0.100088010835858,6559.07691630337
0.100911257660274,2671.23473043252
0.101000804457549,2604.77438494207
0.101095750581643,5337.05644803807
0.10301307621449,3766.00301670511
0.104499722558178,9838.5494184889
0.104735520484507,2438.31351208352
0.104738719149532,8726.67580699686
0.105305863372304,9273.2010606878
0.105418347330974,7091.07342519339
0.105643140766985,7193.62293224635
0.106220691498942,366.215195010475
0.106230882185811,7876.42953038939
0.106582398253576,1871.18287705152
0.106589874430089,7773.50036425744
0.107149798997712,3816.60061482249
0.107173762065696,8904.39717344197
0.10722597772227,4026.52388837004
0.10757779652838,8162.79711513195
0.107929603010644,6633.54226525028
0.108711413474398,7075.64322743633
0.10910620619934,5960.5933720779
0.109605711948304,4580.28386208853
0.110344603231793,5477.77749231556
0.110353704765397,2279.23411252571
0.110804051573761,1820.05416111519
0.110813803282151,2793.38208678317
0.111277865032904,1897.34963387594
0.112922103330369,7372.23896847157
0.114746595351798,6328.8269068061
0.11524738698346,9167.49051267211
0.116658395638889,7595.0970565347
0.117066150277968,2258.57683680874
0.117236488517452,3856.38399091784
0.117666339183188,4328.19664361123
0.117750937658354,4720.15752449979
0.118195243696228,475.889353318752
0.118410315114625,2739.88739551124
0.118987654520496,684.849055920364
0.119311394294846,5697.52202413768
0.119564604558858,9688.42425101461
0.119642768802036,599.174938960244
0.11981898146656,123.147544308807
0.119907378391901,8222.50292162536
0.120068369515611,1361.13425819031
0.120381342539784,2081.28892425907
0.120882260558974,3342.42309371589
0.121114420284571,9906.98375945719
0.121326193408243,9343.07994861857
0.121339014052469,7844.05620225943
0.121617093442656,9343.5721428201
0.121662961586892,8765.50380497921
0.122162350803481,3188.617879987
0.122219729910495,4212.2127751414
0.122676098238879,1085.67629239483
0.122759592622597,6257.86503953542
0.122955516780419,9466.0755157471
0.123247610357601,3242.64555907933
0.123278213573274,3733.38108114526
0.123288584609025,4987.08226247757
0.124376101286052,3284.72539027984
0.124592550449661,5680.54583278598
0.124800672290879,3684.53310678204
0.124886456356308,6942.16811258824
0.125636444534392,567.48850399896
0.126381678445866,2071.23525618611
0.126385870135353,5495.76017008383
0.126591079129714,8027.72397467175
0.126682571970162,302.359918307214
0.126827072125248,318.120305836857
0.127086993451317,8900.32337306104
0.127994909108425,8839.49709593314
0.128063978856628,5624.76347647945
0.128101443910041,3476.36229352045
0.128254081575336,6993.12026695904
0.128498859479949,2134.73663639549
0.128643946339334,1450.89493611294
0.128713071144816,8591.38430991881
0.128915614903321,473.225436176457
0.130206160063997,2305.68154020671
0.130380813897193,3088.06137041835
0.130543703402076,4047.56593032411
0.131241351280647,5843.34420918818
0.131254367485142,9561.97867718332
0.131857386749018,2346.22816868541
0.132452736262244,3928.53441426114
0.132976856780554,1629.41603378415
0.133900639355899,7414.67457164332
0.134069053169251,2316.83236425437
0.135081790981618,237.529950385911
0.135217369562881,8782.11443775677
0.135350255193717,826.309039792882
0.136433930294537,1981.71490826367
0.136492918065539,8016.07228670744
0.136963014144886,6820.74526394709
0.137453588066597,8244.9001716451
0.137874572291715,6235.23406798148
0.138360893320351,8726.12965032123
0.138975679402567,1364.97484070357
0.13921673436062,6855.18993545612
0.139588409903846,9315.40433857982
0.139710782762279,4371.03239683659
0.139842436583759,8699.74248580407
0.139917029290796,8014.0927564522
0.140087138260135,8555.00487315858
0.140173953687554,9116.88245562614
0.140257225684199,5710.65039511994
0.140548371381023,9497.62550430465
0.140554507668,4247.76967628266
0.140773538666998,6740.85851568761
0.140897865739967,3914.53704974999
0.141344994290739,8137.38449324538
0.141510438348489,8987.97021995825
0.141895506129396,1757.76605399768
0.141941254070263,1730.13352133936
0.142129100728141,8333.95300205515
0.142462103413188,1356.10164263107
0.14263278897114,5489.57016115442
0.142713760444936,5440.41624652403
0.142788538594048,9240.74810443146
0.143141657187645,904.832789303809
0.143545571868868,5969.72127970028
0.143960635850217,9706.87401742219
0.144131772918147,6412.30284536301
0.144151316768965,2519.8920103542
0.144946810868411,8729.92477403206
0.1449815248385,4620.96067622233
0.145372151073264,8393.37021962988
0.145510702725346,2086.66315251612
0.146079188155962,795.41922284783
0.14714466920256,3588.03000746501
0.147356703494222,3800.96125502708
0.147366468099234,402.146495027341
0.147723954945887,997.510607834145
0.14777368511607,1608.91672102721
0.147860032112382,530.49568014074
0.147873368077649,5058.20814160507
0.148108777516577,2747.04708889874
0.148282522927756,569.079074597954
0.148574846793102,6285.913700911
0.148700775585663,3258.93436668213
0.148855935128,9006.77589508155
0.149257832861253,6998.05205971133
0.14929692121969,689.474153985497
0.149789388235966,6767.94017342052
0.150126952492333,8449.42861640836
0.150280675323106,5427.45363731162
0.150806279547584,3503.3884479147
0.150954172318648,3714.19113919836
0.151372488301521,8851.11557000378
0.151582231926238,3978.97624045804
0.151690427323281,4316.57343906999
0.152634961802781,5849.68028852206
0.153008632903404,5910.19436618665
0.153099321355318,5404.21058350297
0.153118173290506,8876.24043127951
0.153706733978375,255.633424852578
0.154097697416996,4315.3192459209
0.156039701426924,8664.06250653862
0.156403487369968,1546.21801868358
0.156560905918939,6552.41191366415
0.15721860350746,7359.27942093246
0.158454852838803,2158.88869968274
0.158806034663381,2778.81151777849
0.15894658455174,9102.24654200353
0.159098360967659,6087.4460124951
0.15986528640908,884.120049847182
0.160167345282375,3830.92020422869
0.160245720058884,611.496297295315
0.160807313391262,1201.79449645418
0.16100902684568,9193.70697217023
0.161465764058045,609.168804968553
0.161742155569121,9458.77907793796
0.161875266546979,4493.52750216786
0.162631408300992,2569.05470821422
0.163257742939068,584.600173078721
0.163290399392453,4399.01435478759
0.163479230716431,5224.7469042009
0.163909300191174,7678.64555236924
0.163943549932116,2194.37090368897
0.164383391467235,6811.41358270677
0.164446205127588,2660.52326447205
0.164799845023317,9930.64860510079
0.164930033966922,7119.01615546632
0.165116799826555,7914.83322235849
0.165576013295439,7742.63624729095
0.1657863435849,204.445265590825
0.166361589707088,4066.1166585545
0.166364551984919,1274.44440429207
0.166530341752978,8948.59501632255
0.167498800241227,3891.81505511236
0.167740631891736,9390.12171007884
0.167909775782535,6050.02533702262
0.168322349390282,4591.92606767586
0.168326155958092,3201.06902080355
0.168386112161601,7158.47394752179
0.16855910753711,2163.32548199671
0.168721198699301,7255.03818653087
0.168856429626778,4979.19743427174
0.168920944917848,7409.10602194902
0.168963006571066,4944.27739768697
0.169955998431596,3293.92447546915
0.170202690092317,5903.71126143432
0.170515988105785,4520.52175984655
0.170676820595784,9894.78414445341
0.170838644453571,8196.18902688322
0.171222228400381,9628.22542671066
0.171227330899045,6876.25675840291
0.171301176179975,8175.59630656373
0.171376942087375,6318.94282028319
0.171483683519809,2286.190659091
0.171845370800789,6358.92589863318
0.171931570322143,6056.96916677773
0.172032308922128,8450.2340456867
0.172592445109124,6995.10332962375
0.173110758994602,5257.77062171326
0.173695499264362,5560.4871518057
0.173808646255469,9157.43551331277
0.1741153808643,439.803796755797
0.174286932553301,5032.89180832401
0.174409292563195,2711.40664890368
0.174441603178093,3932.62945601093
0.17450031634126,7565.61242513753
0.175865346481096,9940.18560552358
0.175979741326673,2800.78433795398
0.176318982620051,4117.37272034197
0.176700958812828,950.440256251712
0.176805189166383,5736.32389074952
0.177018354644287,3011.11561791552
0.177429534665258,8422.25470154386
0.177493465297325,5812.11286657011
0.177553024389299,4506.1015252
0.177561980846786,4244.54788278749
0.177667997653896,6824.68579563986
0.177773430103202,2015.47604868244
0.177785265907275,7267.34043287284
0.178291714157445,6763.17537534265
0.178373523387093,5839.0801944981
0.178733275785649,2843.55748554904
0.179117372070022,6467.13280294023
0.179306084849658,9754.75708455535
0.180031743978913,9678.07399032692
0.180717420821748,3147.34405068084
0.1807856739744,5233.55417592356
0.181130151082198,9004.79963366309
0.181556801667394,8002.25009031254
0.181922285122575,9351.76108644767
0.182587196639425,9687.09503841396
0.183166957563911,4829.91116656468
0.183209119457441,9941.32786601877
0.183879383263614,579.332854047725
0.183961821841246,3868.62041446289
0.184679970626388,7262.79209693783
0.184748619581133,1397.95059302717
0.184775106565871,4287.88856689011
0.185499439157791,3857.73252422814
0.185536495745502,8480.31599780528
0.185671416047072,2091.13014951407
0.185918778259097,3530.50679805938
0.186038781750235,8494.27178681152
0.186536335536038,4135.63229066
0.187053207157966,6292.16740453358
0.187306018661575,2826.47803497732
0.187348508956463,3636.16583207436
0.18769115309067,4810.5810539382
0.188096846970452,9638.14655132506
0.188143393637909,4977.51982077507
0.189604944355639,5290.99257459892
0.189817630692271,4654.95570996311
0.189876602594188,2102.81254591557
0.190243175774213,1277.53044447158
0.190852546279648,178.416450355999
0.190911446771724,8916.44698618494
0.191213429906858,2981.22346510689
0.19126988261965,2455.51911163609
0.191465757066766,6784.40308159214
0.191494128445856,6636.66121507967
0.192114417938319,5556.0192162571
0.192489340202531,7696.37876236643
0.192529546356453,7392.04940676028
0.192544803997271,708.585790198147
0.192793437671535,5460.86218108821
0.192854981909727,202.260272309591
0.193018368348346,350.26226720376
0.193668964440658,3644.29275077308
0.193825457668987,5125.34822480664
0.193835268173068,4469.42654779719
0.194036574451695,4093.55239234428
0.194273750498654,5160.21626744391
0.194431646643314,8246.80617940259
0.194729630048565,4064.45828220591
0.194787207296809,3192.69282954688
0.195093161221834,250.876336856929
0.19552573051102,8434.55825333814
0.195565971554284,8184.43118339065
0.195808396908151,5781.13743227744
0.195922921654875,385.159644052637
0.196309841983819,3257.74795202787
0.196677987491574,1196.92555954116
0.19688476971956,7680.60257455075
0.19707936583374,1990.12341871854
0.197162506659567,2071.82224230749
0.197409627234609,8122.64819189573
0.197682752646117,6565.63261326317
0.198682185105747,1426.0378837737
0.198935383895215,8600.57271437968
0.199342027323138,2797.25637352738
0.199833920839089,3184.95503378971
0.200041341314443,8018.94079871224
0.200265571486642,8438.96827304929
0.20042063663978,4689.9510733092
0.200423842735776,6177.68379911878
0.201135198107354,8523.0953439275
0.201337295121627,4330.75805471211
0.201437209815697,9526.21710939831
0.202047440204581,7189.01023140529
0.202113136013913,4164.13954597902
0.202187239753425,4716.42660017255
0.202208960313477,3061.47690066219
0.202356073551531,3289.15058598753
0.202381459121242,1036.44953838476
0.202510855976307,6242.59026760154
0.202584510080693,5165.40754623193
0.202951249384096,2188.48033486044
0.202988066857251,7484.96572286728
0.203924448482993,5619.65294200855
0.204306985667799,9901.07176090596
0.204662543999451,7439.6858301267
0.204766601720556,6395.4689469289
0.204790948450292,8805.89615610102
0.204855015592857,1825.6144832966
0.205081741386514,3401.59172466693
0.205234078921957,804.871212133929
0.205481170989978,4915.97652302424
0.205496782261714,9683.88809543806
0.205978144227926,7656.48591141076
0.206191257132405,8638.80213916133
0.206407687152576,4988.64063846233
0.206418359226831,8208.91415857709
0.207000119573146,2658.1211133736
0.207006803161055,2805.3147811715
0.207144479053843,1712.23027410704
0.207453914468711,2462.34015535147
0.207541541256135,3445.52188810059
0.20755137099443,3250.74199862451
0.207714248854929,6944.87644702909
0.207868845850086,6704.39847802182
0.208510585935232,6004.02037844185
0.208780945728329,1634.4991071987
0.208835260854955,3583.84434705928
0.209074315597893,7977.59161554721
0.209146083767997,5786.79395485056
0.209692789189079,5214.63384562128
0.209992043499555,9698.02198042639
0.210050038675646,5429.45733668584
0.21013019338196,1914.71107924258
0.210308646863695,1910.80440126787
0.210954030699803,1427.09858795091
0.211244027146555,4999.39539109004
0.211595625579314,2663.58970003493
0.212077340153525,1273.23322793113
0.212185656450915,5400.04213953132
0.212220989047727,7757.87644544797
0.212399642087759,242.985080632134
0.212523583918577,7217.56363993194
0.212528871792761,8683.60732525954
0.212609656537775,495.497130221803
0.212775442985643,1951.17057301502
0.213595880611297,8135.39211011002
0.213772273569344,6698.04115537811
0.213935436225851,3613.66118807836
0.214324947557626,3971.56852701804
0.214696953078065,6547.76278590178
0.214785918451176,1047.87059522833
0.214863058612818,8348.86881514009
0.214863363542138,5612.17736793695
0.215202750706778,8319.9860656431
0.215481139355048,4359.00114823337
0.216059298767632,6066.53718016669
0.216076332856828,1185.48582657275
0.216185314607814,4601.66117244157
0.216378862941438,2320.26223291423
0.216851923528408,3673.02654350425
0.217555263784242,6673.75364465808
0.21765584334094,9801.70718912575
0.218144683621147,1431.77592369872
0.218528550104173,7799.98090961087
0.2191920892847,1564.60492236145
0.219405828296922,3711.56946048262
0.219537049167373,6007.53673148895
0.21993544145155,9278.87968193343
0.220162630281177,6084.32945596507
0.220334262997477,8431.32927456667
0.220457023257849,5383.03599199773
0.220663192540616,3048.97181002084
0.220923362946488,66.9904506309647
0.221032791795453,6802.32536525568
0.221431670138967,224.375054998439
0.221560794864701,7463.30650599674
0.221606476146019,7518.17407874511
0.221837203627663,5833.52145948509
0.222248978249588,6580.27541584563
0.222605680691189,8469.16933712296
0.222804334498045,1262.54568551433
0.222846349469738,9510.565885517
0.222939559811774,4642.6645923754
0.223121166928228,3772.29497413447
0.223212783610815,2828.69146659067
0.223357438534124,7078.55968271017
0.223884652808844,8268.14965555287
0.224896406851672,8944.50051596307
0.224953939987094,7973.11191812285
0.224993466475093,6415.54575132813
0.225096121241212,4055.29747935041
0.225848435845346,7724.41615791203
0.226073262997434,2560.12381987028
0.226188889605107,9945.18608741953
0.226987154616664,873.467703473819
0.227244460323321,2700.22321414735
0.22839520941393,359.746462920346
0.228421957039982,1484.59430906065
0.22843420953044,2675.46172286997
0.228495768954001,641.92880645578
0.228555431074298,2734.39812855159
0.228803782427116,7805.74430479805
0.229026316778222,8991.59673288829
0.229045369793799,9164.71022954632
0.229231063413168,8785.65797840476
0.229363464502764,7765.5140031478
0.229484052424853,9756.40325174708
0.230002420522019,1038.11974165138
0.230340972604874,831.700455459196
0.230452138747341,5099.23982737182
0.230472084964869,6666.3040015728
0.231297486016318,4444.71692761792
0.231394018737514,8825.83993306438
0.231663066959319,967.368101733207
0.231744751151234,346.540256830041
0.23177416350586,3941.96037919316
0.232244265324784,5060.68406567798
0.232350563291055,1352.0045535904
0.232385089940378,7008.81295893838
0.233033193572029,9877.91173778382
0.233257062336702,1231.57293646688
0.233526733983763,4826.28194574249
0.234428419632982,4800.24748687104
0.234845445152626,5248.40168464875
0.234911977231235,9909.04178648956
0.2350932529747,5037.42406168521
0.235750946362747,1093.72594793903
0.236128002612359,8548.31050126002
0.236230004351179,941.387535836697
0.236236639873127,7425.99310983761
0.236343935658484,8037.10863300403
0.236366805939185,6186.77236949637
0.236837755541847,1648.9619283805
0.237201703638457,5558.13140015355
0.237253391607224,3452.42370978018
0.237412841554611,4311.90699497215
0.237493550705715,7836.34637704673
0.237531340911617,2546.63126780128
0.237647625236639,7254.1891190469
0.237751801100032,321.916180026884
0.237954680094489,1620.14425520659
0.238018704210536,5997.32894392822
0.238022785522318,8770.47551296227
0.238126370119535,8373.16228971476
0.238284266549882,7482.01709144015
0.238315791548522,3218.72765304621
0.238457414574337,9966.60647479534
0.238498789429867,4664.20755858649
0.238940159325351,6377.42483678064
0.238993614165952,4708.89550240579
0.239042107492722,6736.1019544717
0.23917082780054,1735.94748245527
0.239190653365717,2352.0128550368
0.239246023858858,745.424111186848
0.239827769904595,5956.71824910658
0.239914162532597,5416.67131977167
0.240144558172392,2487.53185200717
0.240144576959351,5775.71121402981
0.240428566269024,1167.00818353548
0.240506167495628,7720.16686581822
0.240599194556159,4291.76738510892
0.240657162955727,396.118421917394
0.240813073979816,4877.74628859759
0.240817409203116,2615.9086344228
0.240916690420721,2935.59734882001
0.241009628419605,5189.1905899661
0.241123333404878,8781.36411452788
0.241376277357299,9203.26000042512
0.241437599233895,5235.64906234296
0.241737784276619,7781.88589628073
0.242098366127003,3274.01389351006
0.242191014424275,1699.63949715913
0.242379779525313,4699.02884790347
0.242469666213565,7619.15664689985
0.243175130050582,6513.23638500999
0.243312014625594,6806.09293522762
0.243773873852488,9721.9556804066
0.244212631738388,1020.02818225979
0.244291743228688,2872.13068868514
0.244315348792275,4582.36879555216
0.24437600383366,4816.64028778782
0.244496694130587,6514.83816542435
0.244505296532983,3164.32350412125
0.244625416668215,6103.63557325153
0.244658124641498,4778.23368218667
0.244675825052504,5567.51427519526
0.244677583854134,5534.85684551777
0.244825781289595,6931.76285398493
0.245801916385322,4039.81646441488
0.245809763690225,5533.64256775124
0.246567045116427,6764.33158833432
0.246650069602545,4498.47553259973
0.246857622618072,87.6339638784006
0.24769458666533,4261.78672729517
0.248257538466862,9606.83738720664
0.24833380249137,3031.06432674102
0.248399489787993,7033.41352420798
0.248532620950668,5729.29354467881
0.248745396514925,9415.06753879807
0.24881973468651,9360.59993358644
0.249305591911379,7725.58448616079
0.249581415239614,2004.20225842169
0.249818155403575,4653.09510041256
0.249959134625784,7570.47836106748
0.250162001160491,1371.17344698512
0.250411292971412,5934.0853540344
0.2505581656128,3281.20987479295
0.250729829932202,8788.18381651078
0.2509940884707,1622.24807920591
0.251190027642725,4842.21703846439
0.251933068460983,2119.35570242359
0.252050719604216,6517.77227813635
0.252103109834483,604.429429644237
0.25229461493508,6845.34339066951
0.252530858745385,1255.62376034893
0.252620023798104,6623.39820254614
0.252941500703938,2624.76948809597
0.252975287036091,865.812693296417
0.253006537184834,6801.67682890671
0.254216145014501,9512.35778953473
0.25421698775946,5041.6719825999
0.254262869690387,2888.4072596836
0.254267525759422,9750.57196153749
0.25426840447446,7808.98661280866
0.254420099084038,9420.54637558675
0.254777263751036,427.857582674368
0.255093328099508,6181.26234026012
0.255229548067101,5441.78273324706
0.255326897552633,6677.23168240128
0.255852485197633,2563.6201325451
0.255888616258583,2172.12042895079
0.255992300746883,4379.43893005583
0.256200338448713,2375.61265280448
0.25623434553019,5550.71454873667
0.256473691913658,1895.7414409133
0.256490898824845,4176.79701386801
0.256561812782183,2244.33775238626
0.256561845834524,1265.00939841582
0.256595736894149,5516.96085581242
0.257034429339777,2132.33218175991
0.258127723322952,8856.48452009987
0.258291813313879,9253.35498014091
0.258294631619849,8328.53717582435
0.258384976762096,6310.73931921825
0.258906518992261,8536.00562384568
0.258995923795004,408.918400790168
0.259212431485187,4227.85831133048
0.259824129533471,4209.62491376782
0.25988114820701,9789.38035351031
0.259896215274104,7030.29224033603
0.260561226590928,2784.5023913211
0.260940869501492,1147.42459671406
0.261129266058695,2770.88969867262
0.261343438526031,3890.3915462829
0.261369919794512,5144.3713425816
0.261463273610493,1211.83249548724
0.261521881770929,8808.11230672369
0.261589554216711,4461.31820055236
0.261973935638235,1153.99785233356
0.261989467923984,5509.45609668945
0.262001528270208,7344.40340946433
0.2624005988028,2141.20405716964
0.262538289364656,3947.06069249556
0.262604046431154,8021.97739030196
0.263250716536745,7817.63521273175
0.263623303895416,5872.39070830885
0.263951550835843,7110.12879944832
0.264314389128899,7010.81417138074
0.264483844136488,4886.26519773147
0.264672850153881,9410.96768121864
0.26474580000115,1801.35685869019
0.265483873179632,7524.91143752927
0.265879671902596,8736.01738144343
0.265909872450287,4529.09544016263
0.266217451827143,8709.23901111642
0.266410050420224,5148.00099171929
0.267090614184021,5119.31152738601
0.267292085562021,1311.19885738394
0.267410603167103,9392.54800503728
0.267724940679738,1855.07912105522
0.267783682347463,3968.20476006632
0.268214866542568,958.480713232465
0.26844648140089,7354.21413219532
0.268490356782746,1497.37604678852
0.268983651535684,8936.07184807495
0.269184514134987,9902.11728565117
0.269352499344496,6006.67665475653
0.269384238396667,1239.44529375832
0.269505532739539,5980.56292032593
0.2696759598286,5946.3599535055
0.269764818859445,5388.32821306509
0.269822689083744,1864.3131534703
0.269901306505681,2890.82402464371
0.269932592203527,3352.6109404074
0.270070688108486,2149.34459994068
0.270891099115902,6902.43495669194
0.271237900226667,265.686093304405
0.271328036181343,5634.72574593784
0.271507124050671,8634.89278960173
0.271732445481774,3847.94147261901
0.271868835699304,7039.64235671148
0.27191307582953,7018.40947339948
0.272450101168089,7292.97853303102
0.27261645234603,2849.88251351856
0.272974482987429,4487.00109518153
0.273079107270413,1060.06037908734
0.273752237909536,1633.0517401823
0.273962867831484,665.287983007509
0.274237752566099,4237.12090950981
0.274277564911749,2917.78790128085
0.274322513939244,5210.08624906505
0.274466363350584,4699.64038294267
0.27456190764086,9468.26479763601
0.274563637833096,3005.70189417182
0.274710654383706,8218.76998014002
0.275273442385987,8266.02742192139
0.275846100724886,3415.66534870224
0.276294268016135,5986.5255574555
0.276843173583878,1111.42011757904
0.277138329553952,9078.58762264945
0.277246468833261,1544.46566789837
0.277477586855293,6532.82456110296
0.277932309400711,5201.26109474883
0.278243635730491,9856.70068087584
0.278340896684228,9462.15192677103
0.278396953952279,6211.06366932693
0.278512959415727,8077.82708550136
0.278589341515719,711.518448735099
0.278869240239251,4609.28117246968
0.278872500753111,2333.15423403529
0.278958486508399,9809.82328474344
0.27902601754698,8417.49966416201
0.279111567970965,6133.50142336935
0.279187903185403,5906.79581723491
0.279309469364973,4483.19168273908
0.279487127570973,9308.49635640305
0.279589903061859,6132.56636391483
0.279707762132994,6551.78810382675
0.279716498113244,1542.00406199621
0.279816618821067,7348.13787892456
0.27987809026038,8637.10941789575
0.280003162881167,9477.73527163125
0.280623353803748,6097.12514995601
0.280947295497273,2937.7742514736
0.281277349820931,5998.15222896615
0.281590985382589,6716.04656734637
0.281784271576468,7657.70155913556
0.281788435157795,3940.18296758273
0.281823899263053,2595.48528120208
0.282641217406132,3764.35885556905
0.282803388032904,9736.59776964846
0.283025168695039,6190.82012272238
0.283185274816215,3648.10979101056
0.283201449336876,8716.41903393593
0.28351501445842,8490.79273758023
0.283606492891265,3001.33702662249
0.283694040229032,8888.28152382217
0.283980404469686,2261.08727712888
0.284377338278166,872.226483577692
0.284947628302577,512.621211589179
0.285091988371629,2720.33270311485
0.285331953006298,1789.20651030789
0.28561941758805,5062.14901837519
0.286172948570407,2059.39323669628
0.286679067029449,1743.3917404227
0.286746561908234,1810.6431234788
0.286753985013416,1700.81310886045
0.286780709948001,6413.8584347254
0.286810975773726,6452.09582808999
0.287418106079615,6243.48033776233
0.28743673157436,5584.31047922077
0.288011831754263,2362.87309255241
0.288145277036297,7383.14425718436
0.28832951627863,8293.32855327607
0.288353469745242,970.232352035041
0.288534634146003,7445.64222784154
0.288562394131557,1409.50772361803
0.288805823830465,1777.87417589277
0.288809249212504,721.504920802843
0.288823797038045,3541.36196208469
0.288844933136871,5743.93519743822
0.288916792492676,4714.90927339282
0.289046626903959,2489.36333859942
0.289115543994027,1455.4505711584
0.289156700360495,9123.49672489587
0.289310102168445,6808.75655072423
0.289595040086685,5294.91188618042
0.28976746294491,3169.92560925385
0.289830046545434,8909.84152272886
0.290102647146508,4068.12837154137
0.290218555164557,1182.57430886224
0.290221508038091,3020.5072179912
0.290242826046712,9134.26765855581
0.290518535829647,4873.56303856823
0.290526987906776,2996.78920904362
0.290552986630656,8768.9915198081
0.290561904095691,5597.89221354298
0.290676862981305,923.15186312919
0.290689303793075,8282.30275583283
0.290876993773107,3986.68571786288
0.290895100911363,3992.31480944337
0.29156943029341,4036.0605989454
0.291609910367457,4320.20866916462
0.292003228191394,2298.56344561144
0.292282314705874,5341.64441169313
0.292308876102885,2179.25143073413
0.292383770217072,9839.62791154385
0.293578624823644,4660.26723659719
0.293870466130629,2388.6881403085
0.29450733542373,4004.7145488664
0.294566781769083,8787.06661978384
0.294653486946482,2866.8990871858
0.294993306028626,5942.47055268692
0.295061704174144,5846.21072440503
0.295140658034368,7849.22429795115
0.295146277954713,5988.82305074491
0.29523040910989,7985.04653454594
0.295341042905366,4044.92740124167
0.295598947027866,6345.70718345535
0.295860785843122,6157.27566923016
0.295864364688002,6639.7739089886
0.296607046504577,8428.31514035115
0.296840751920437,1738.68978510543
0.296882463432275,4882.77084812057
0.29729263897474,4815.05772091963
0.29730037312524,9078.12723468965
0.297581309049881,4300.97890532401
0.297768931337672,3027.20763629462
0.298279486625839,957.385527147245
0.298295052943259,5669.63027892787
0.298833346475797,2987.90755485304
0.299063715068794,2723.23192072185
0.299203039852509,6381.26828449002
0.299321835319987,3360.42889501834
0.299604067334902,9598.89227832922
0.299659387890918,8687.48546664255
0.299889719860472,718.834772255876
0.300032367432014,9667.48246747256
0.300178440888793,9592.09161215327
0.300352349321275,7127.41797988246
0.30036926595113,892.933479745489
0.30037586914793,8329.21884847763
0.300737290160255,7922.5895236711
0.300781400800267,9692.54233775827
0.3008822469072,9661.59368536991
0.30100931876147,3168.20116638764
0.301030484036385,8834.72223226139
0.301120512884303,2458.14069637395
0.30121139486513,4680.36026533117
0.301585547795548,8203.00467407846
0.301695278294066,5510.38694928466
0.301716442941899,9104.14519127579
0.301970321660006,6686.51964720651
0.302038682307608,1010.06886218473
0.302172894500296,6528.13582501193
0.302195791523843,9998.76987470762
0.302476874460866,1384.42491762043
0.3027101383681,9306.83725354706
0.30286473894685,7587.48668646945
0.303347137216814,4619.3298400043
0.303354938534351,9567.22933114849
0.303475544353407,8182.53488604368
0.303560259553544,8605.48629668197
0.30356680995061,2043.20800273719
0.304261653261829,6524.04060675932
0.304539110650461,6204.49560083659
0.304686110546775,8572.03863851346
0.305398197057981,9444.2887940078
0.305420863346461,6876.81374045772
0.305487983368104,7911.24423195825
0.305507531704317,9846.23654830946
0.305549359034977,4742.29012100964
0.305753102856537,2724.44330141615
0.306030735085809,3930.86538496884
0.306225579407059,2717.92738557552
0.306353854804923,3523.90796362922
0.306393116788884,9679.48579123144
0.306517859066727,7966.69767557597
0.306900693982158,4765.74298110919
0.307434323788229,7509.95374447501
0.307564193019557,4156.73003294636
0.307594375088494,9753.12166443155
0.307916822872594,9918.27161454243
0.30793304755364,8332.16110907925
0.308606103910482,8074.52220297911
0.30877289818103,8379.29087959892
0.30879630385468,9492.78832278918
0.309153139171288,3315.49098508838
0.309410456958103,4150.60203486668
0.309689076883084,7305.79086785627
0.310009246914768,8827.16420634984
0.310530425385837,7250.26266341912
0.310601490982222,7555.8511085952
0.310729932200089,9976.11452426636
0.310784472591184,6953.61650842665
0.31091562005162,3592.66541053753
0.311182618127368,6489.01068526722
0.311211944834941,6665.04636912617
0.311509406653514,551.012244749995
0.311807050673142,9080.51687346853
0.312328249833999,4667.6633073811
0.312459351894245,6365.7136724847
0.312554822730162,9612.81516608346
0.312582444088672,1741.98427842345
0.312612499496874,8259.86953611916
0.312707261194651,8946.30456943722
0.312844496121713,7847.82916867723
0.313003069386413,1191.71165375616
0.31310789715138,9095.68012167974
0.313453191871835,3107.5294963415
0.313882535440988,3617.90507604276
0.314013989215638,6278.75849484078
0.314066061933692,9571.31248497005
0.314173556958985,2661.82448178051
0.314292379339479,7386.36395129823
0.314744117178594,6947.60477528548
0.314799654219783,2235.43201720544
0.315069944675256,4132.60788360111
0.315405760206357,3913.09681050534
0.315649687284495,9958.1257761535
0.316120193285003,8467.62959282278
0.316131876218692,8552.60334344539
0.316256835765784,7952.87033424566
0.316422663018913,3040.52459194478
0.316799189196469,2231.99259394833
0.316861172082598,4185.79438784118
0.317211917085341,5931.4544994092
0.317771349832327,8233.3185467772
0.317825555670361,9814.27700969279
0.318832124201791,3731.43193689966
0.319012454272388,7499.54209042835
0.319057994848739,6647.98064322866
0.319514003742831,8064.52714749889
0.319529233389069,8623.25420032619
0.320258617289339,1138.23482377735
0.32038620756959,8134.24503061871
0.32057639711146,8315.15599428961
0.320665686463902,911.195224704756
0.3208907446095,8464.95523738767
0.321013793550121,7136.78665452846
0.321211562702956,798.779187591056
0.321294728274722,908.001411535065
0.321339876288843,6899.62411183494
0.321431554765897,7662.23789418328
0.321697620836009,6738.16475227518
0.321716868455309,2504.0122855488
0.32185150983315,6375.1512553048
0.321878870276286,9214.87536238635
0.321898156857807,9583.53268638072
0.321914371327233,6625.04253189158
0.322071394250582,2585.75844187865
0.32253405783749,5083.96830694589
0.323001887468473,7221.95036904984
0.323210117109194,7593.03353334856
0.323315668650613,3237.9559297575
0.32337294058949,1554.22625097406
0.323562116474022,8481.38919230368
0.323570729005441,1250.73842882706
0.324297078235527,7225.02026956265
0.324390365267804,5145.5887409792
0.324540652539461,6557.06894459148
0.324792543455136,3879.08462863732
0.324838316825543,2352.67619344933
0.325469851991413,2606.28718688808
0.325545019898705,5722.40512052227
0.32585789106815,8688.45261622083
0.326166074772979,3056.56296181996
0.326242438978638,8669.30331828012
0.326890438593218,4445.55221792809
0.327509033795081,4982.65524619094
0.327687103456339,4799.93634511258
0.327748675526365,1280.03590367571
0.327950445960855,8403.65579828973
0.328208197592808,5013.6095801221
0.328252989930086,2145.09680836541
0.328376891055756,5008.96894974073
0.328641865372144,3895.50620807551
0.328832807323032,8066.89463021524
0.328880574457421,3340.13159051489
0.328903901644262,6889.38031966534
0.329032550439903,8108.84867013524
0.329287456281027,40.9621476108447
0.329351971266549,5184.02438027117
0.329580010998595,7318.73243410764
0.329585985295247,9535.39144712914
0.329752878284694,2005.83906908092
0.329914243887025,5417.5327745089
0.329961427733795,9285.56586342191
0.330248101040981,8346.99407212464
0.330317615085788,3835.22376753946
0.330451266546656,8295.50093272757
0.33061871825986,2079.32551579599
0.330735559019395,8964.87950103509
0.330958157671779,4457.12680946231
0.331068598639259,3989.2083204688
0.331148391278001,5343.12995476216
0.331207103370307,6705.7393315775
0.331231182903165,9455.91254212204
0.331271579381373,5875.85177317004
0.331462288214469,6237.17925347477
0.331508163160214,5327.3170746532
0.3315470111173,9341.40196952094
0.331566543299915,8861.97984058352
0.331665397523008,5523.39843910859
0.332056892254954,7150.9206493263
0.332243946278954,9533.04554457974
0.332377868408417,3285.46360716053
0.33260197040494,2400.04498805714
0.33287193993943,7184.73785632556
0.332975566048064,6778.3301175408
0.333063409828975,3759.23979090432
0.333171955828044,7906.2828344463
0.333235293574211,2039.22367210357
0.333380468241327,6656.56420463448
0.33344303416147,4082.5686928984
0.333667090619706,9223.90128012028
0.333873138725315,3784.37121296404
0.33398448464329,7322.66387534542
0.334030084197263,9461.11915212059
0.334243623166514,2187.13407218328
0.334570385518092,3549.98045834734
0.334896852611231,3841.69215925431
0.335590598124085,7168.77605120187
0.335679745813798,939.348359989664
0.335740200499382,1926.35404789054
0.335967619534371,7335.0875640397
0.335989036180932,5860.67382203551
0.336242084664323,3966.63592141431
0.336245252687351,5028.64539714509
0.336276529250733,9933.91974190921
0.336506169340076,9503.16704205738
0.336692401089064,7211.31665488898
0.336713841864551,501.796077447882
0.336989767334843,5615.94680714586
0.337550114941925,3096.64144812492
0.337639086336174,2822.89372624236
0.337748050615081,1947.92310189651
0.33789553590728,5199.46477817868
0.337900461331915,8952.99049681413
0.338122399226396,3232.746273628
0.33822719546617,3651.44362638111
0.338296433455548,8062.86745899652
0.338945143963519,3327.82626465048
0.339313975934245,4096.81650480113
0.339488902733314,8462.42126956919
0.339540035034316,3606.28932000354
0.339684166182193,1012.81365460831
0.339706390584719,6070.42662836612
0.34004232080827,7573.31116602861
0.340066268697584,1980.61573757091
0.340155260315031,7286.21753258154
0.340432181517925,7832.51265530524
0.340522008574051,6934.18527079346
0.340891220964682,2523.39842524193
0.340990849577225,1617.81539643807
0.341184970739918,9713.90704328516
0.341235076499708,627.300999791786
0.34126676275823,2613.69234256928
0.341335923750191,2672.5151243213
0.341393288815699,5854.43930052403
0.341513842969569,7925.45349402097
0.341879997915144,5223.27672364024
0.342079756274165,4229.20800815823
0.342304187810033,3276.5271379892
0.342515092022184,9487.23611248989
0.342580358510458,4945.12503674568
0.342621472141892,6373.13897294971
0.342749754042824,493.648927522422
0.343120880864419,6747.20234162212
0.343407318145256,1169.83009980155
0.343454521782924,3595.89686919306
0.343479163683369,9266.53442723767
0.343735416807308,6270.41192118214
0.343968285506708,4522.07458324033
0.344018439882481,9959.54109947063
0.344995887518848,8619.14465493382
0.345248253540587,5443.48607455331
0.345329613472446,4265.16978023471
0.345391679276427,5292.32361688462
0.345499237440258,5642.23593654907
0.345510877384264,3756.03670239669
0.345588690467924,3788.49786599189
0.345832690491927,9905.00285621281
0.345976267858788,8374.97595414904
0.346072336301883,6260.94556684717
0.346214256255117,3085.91586049668
0.346545627261851,6598.37453073659
0.347016745296528,7928.67559210357
0.347055776311207,6887.59713344375
0.347283731860106,329.080647613489
0.347399860758266,4201.05920887546
0.347535551242238,666.777428324595
0.347575714012049,4382.17934238821
0.347590566173609,6936.19751907943
0.347939730276175,1953.03765845173
0.348175548138204,811.12216761141
0.348240213253104,9491.49898767266
0.348246434899358,9504.23706852157
0.348632663210952,9246.32207112449
0.348758479743963,3349.3941279925
0.348811295236197,4770.77471050722
0.349124972756577,8054.63797999401
0.349424851625691,9451.00886604821
0.349461637356287,4767.89129859556
0.34985264804428,9220.02914313532
0.350057406391787,7553.33384152029
0.350167276244987,2961.83231417188
0.35033181908222,6203.26237424742
0.350337299706497,4773.54310156431
0.350416813349598,8286.36227628898
0.350636594093855,9614.42177248436
0.350765700419985,6978.78903311398
0.350998666435698,6046.64987869536
0.351046795512567,6460.43526828964
0.351054559370428,2233.6672215048
0.351115948016443,7603.18357473326
0.35134265467399,4153.87442601673
0.351465550733143,981.195441146152
0.351813628241536,4008.46166350734
0.351936716460867,1627.76661498739
0.351979737633042,3698.55598980424
0.352150497571261,2008.498327129
0.352162956606045,2656.08633118989
0.352394786196953,3885.11498670661
0.352607629179818,4611.71922413743
0.352679245914445,2461.33098379403
0.352870383326012,3920.68226167446
0.353523185935783,990.231710048429
0.353914083289953,2406.64509332795
0.354129967203491,6906.06735000575
0.354303836496721,3085.20425036548
0.354469096097543,9417.5291519827
0.354543763871554,7900.82100231965
0.354547975998577,8171.73580760875
0.354603477847754,7176.38915994678
0.354972449716431,2540.28143378433
0.355311286878297,4961.75741802208
0.355475810747769,8681.0216086636
0.355941064996469,9142.30172062533
0.355977339668394,6120.34526968714
0.356136474209875,5137.23363234546
0.356166133479431,7691.96080305997
0.356413377413012,4021.68398944456
0.356419104519981,2786.59618070018
0.356462712694475,1715.84953008592
0.356837836093278,6216.83651854708
0.35684977450242,7557.19291301943
0.356851793674254,8318.60159853087
0.356938386864466,2811.3858084004
0.357046408060266,8589.90097753669
0.357069364609969,2125.61570138596
0.357248992511499,1387.53780917101
0.357393114406431,8561.96145584615
0.357400489255588,8437.89980303089
0.357442363776102,5514.8985281902
0.357643825509576,7279.41828636946
0.357780557973555,6964.47573684441
0.357875834679401,3663.96532332726
0.357981236635695,3133.30500463786
0.358323157839985,3387.24885200809
0.358357416816083,59.4467513565539
0.358552482889515,2906.90818608221
0.358628029073219,6982.21509630887
0.358793477154592,4937.67036869465
0.358823213734057,3178.73669451038
0.35918208140162,2045.06109206029
0.359262356038554,6856.51904243166
0.359661393649715,5303.92259394965
0.359916296594877,8822.53332654561
0.360023438344708,4389.13259454277
0.360060568338507,9843.4083307237
0.360150795658518,3631.27814222363
0.36015688767334,7664.15345045155
0.36020537300486,3423.34788622586
0.360213140501744,9366.28303170554
0.360277280686762,1954.43757551743
0.36036891042101,3620.67298541947
0.360609263302533,4492.05582432525
0.360988670828235,8210.64000445215
0.361252095404336,8633.44694804135
0.361331103516605,9403.85274410094
0.361645864732837,4562.606179232
0.361654266641459,6389.4540527463
0.361710524213427,8913.31398449458
0.361759140934858,2491.14849996589
0.361916549947136,7411.434092383
0.362075922873139,9524.4008729017
0.362145193418609,1923.32277307618
0.362346088423979,7736.33902169319
0.362493217251213,9084.79739420869
0.363076683921529,6064.95363736773
0.363128255790192,7879.86371585464
0.363539313898047,8205.12631724813
0.36372188801843,1065.11184663636
0.363741264746679,8858.63723665438
0.363806719647378,4671.79833486411
0.363848048268936,7395.73126213492
0.364350186125386,9062.71924902558
0.364428043660231,5167.66499900387
0.364434014341473,1463.23336842013
0.364841542865147,5815.6864015506
0.364868790785363,7982.66931527772
0.364934798306512,5279.97872947359
0.365084140820856,7270.91679442437
0.365224383141593,4174.96844538837
0.365377394644596,9851.28345403191
0.365561165396319,9259.11046191216
0.365817714479781,7642.08827233392
0.365863095319236,954.237603038018
0.365871900088021,4906.19876343304
0.366228324928477,3475.37189750707
0.366271075581974,1862.03131051735
0.366384079757713,4002.55067183753
0.366506191257821,7873.77794513847
0.366524626529471,9625.24984362584
0.366560622589982,8038.38047773805
0.366855913766432,8564.76374195763
0.366876569638586,1838.43860170276
0.366944223796997,7891.7733187328
0.367071379041045,637.7578112699
0.367239480427134,976.261330190613
0.367372547027495,1090.91903437883
0.367379606677441,4155.2824223701
0.36743200350211,7461.35913723187
0.367465392254777,677.571373979399
0.367525778118227,9685.33057933869
0.36764403038028,8794.60198294275
0.368078376792887,7357.49012910901
0.368090348914924,8408.84931911401
0.368169833364491,8459.76902298439
0.3683960851911,5236.93367120369
0.36850476443259,7718.81834835827
0.368723546759923,5804.02739587987
0.369326447603658,6122.92075729737
0.369327045492283,8759.50611919356
0.369622315126978,8142.41023716284
0.3696335948888,3536.60398210347
0.369963609037466,9012.5925485396
0.370059613590573,3105.38452049761
0.370273758802573,3116.93567344298
0.370487350078108,6604.32536482455
0.370493262896248,2468.01870770099
0.370954358774033,6930.5170861674
0.371132559037302,8840.01013826691
0.371142048739811,8406.66376046805
0.371296662960993,4434.75582861257
0.371316326212366,682.48285052029
0.371589430936753,8594.33912563212
0.371601136031827,1637.15377345759
0.371759771747312,5687.408000474
0.372028383825541,8849.30535622676
0.372222432666619,9725.62475809155
0.372319845181063,2857.71544460526
0.372423249729564,9616.39374780782
0.372496241140896,2840.78313265927
0.372611316984414,6759.38364525932
0.372653998283133,1457.60711243147
0.372813300738102,3746.78762377073
0.373011270764336,313.984351061255
0.373435976555539,7055.9889981292
0.373560677653485,3324.98259225406
0.373784211487614,5789.99886457226
0.373921583994803,5889.64354790018
0.374048344153552,6492.7480392925
0.37414338918336,7166.40552375063
0.374419633576792,6362.58472115558
0.374512894538618,1943.24595965655
0.374631986555093,1134.93055337979
0.374844103238315,4001.13295799717
0.37485767642891,2435.39467468064
0.374972817003339,8044.61280526831
0.374977672183352,9913.90184827716
0.37521096255342,2775.74437209543
0.375306739350908,9632.72264248909
0.375401267486913,7272.483824737
0.375497033356159,5207.10639706577
0.375514242659323,5662.0485632345
0.375683016004398,3079.85867794669
0.375702090173735,7649.27367128312
0.375968678051173,3140.16678031565
0.376004137673703,9413.26417923452
0.37616215130399,9043.04684727518
0.376338965831063,5540.70566553004
0.376503134761224,2100.75561035308
0.376559567918717,3730.14680690219
0.376802279332947,4207.11804019163
0.376990769090727,1974.42263849901
0.377196267255264,8569.71333722509
0.377356594717204,8541.49113732531
0.377598463725061,8980.75356035984
0.377659660020013,9161.97523744307
0.377710472675415,5391.16127236242
0.378080701453191,9381.67531170465
0.378097417243114,5842.2005128296
0.378689604977073,6785.70265555111
0.378788992708997,867.734959495579
0.379082850803785,8535.32907811464
0.379270337443026,5500.33467487522
0.379587071838258,3533.39378114778
0.379851141463871,5319.39247615569
0.379874108107852,5554.13004032596
0.379889068809157,7311.1819254784
0.37990066837737,8625.98600174934
0.379976334137134,5914.14867971643
0.38065631221397,5836.22904266599
0.380831053825064,7717.44286663535
0.380852173568004,545.631267670895
0.380942086686752,5971.58567192348
0.381078906636052,5030.01530807988
0.381083265584237,9337.04260598119
0.381673056626947,8043.09996574386
0.381695954913945,7890.25216589931
0.381844050730533,9972.36146198959
0.382316089144373,6710.54927180362
0.382450009345649,2575.45392313713
0.382456024934181,6893.72242578177
0.382612640433269,6146.80679940682
0.382655391867491,4089.735877585
0.382707235361415,1411.33751026092
0.382739968838517,8890.05744538094
0.382769510648173,6189.05782741072
0.382786041607145,4576.70665877425
0.382792060146176,4605.98580204951
0.383026282109358,6313.4992805079
0.383079388937484,4772.56313096298
0.383259680494684,8998.60064714681
0.383289357819131,8986.63912479298
0.383578663903875,1321.75967953604
0.383612629373643,4182.86744820681
0.383634259912564,9054.8243967109
0.383704317489697,8116.32915919638
0.383720253454707,3175.46330261473
0.383748078604203,999.752360994699
0.383901480510685,9097.07904246907
0.383969495386994,8984.56992409128
0.383986777285909,9044.73247942873
0.384113980393962,1735.30589916842
0.384206659495611,2924.35462732583
0.38421636210584,9924.37038458074
0.384639245376853,7912.06456928605
0.384772743962712,6867.48227713354
0.38481726499432,2566.43129869893
0.384847806149479,9423.62061315289
0.384851507459818,7767.30282338836
0.385053264086659,9647.80970837082
0.385086447157278,1708.39967381069
0.385215340245273,2651.24674573393
0.385261892652968,7654.67678641132
0.385395944162168,4147.43079838513
0.385529003476322,7092.68537253747
0.385707356359151,5924.07067567546
0.385906218133332,4038.35218149825
0.386479852038578,7123.69486565073
0.386582959535344,5372.80241636042
0.386947876216815,4793.34360828106
0.386955201943799,5678.37280789209
0.387046793211651,3578.2647031114
0.387395177838957,4928.79928301402
0.387403436807406,4888.21082632081
0.387439783434673,3667.57854938056
0.38751896464552,4838.61315962501
0.387744882756021,3639.7637179762
0.387782304162304,5344.51245536073
0.387812033143321,7138.57222875007
0.387826766322666,9785.44247345082
0.387902750350718,3766.62324922599
0.388148434396022,4376.99872848294
0.388159366758278,4917.30960752108
0.388388215908495,6107.92502545355
0.388389874388863,7146.31761898654
0.388497636764361,2495.90805908285
0.38876346289734,6814.98252727417
0.388824991434443,9290.2130327751
0.388896689136012,6503.72804607179
0.388899224175271,4726.87145763568
0.389174590443533,7709.25051418464
0.389180599311281,2418.18965809824
0.38918248880889,3695.82046767014
0.389324627036485,7321.5919798322
0.389571967372311,9665.25613729926
0.389961528033496,7248.48664769145
0.390016445491061,2578.01924849215
0.390132168270401,4960.2288529297
0.390185200895031,1374.1461011981
0.390328437267359,6858.43158320035
0.39069456242065,1141.10002409921
0.390734594627064,5194.89348022277
0.390779513377418,1688.94355227754
0.390806956389919,7946.15403804891
0.390880313988019,5852.78816094559
0.391032674244345,3022.47296546258
0.391151006496232,3960.0532692657
0.391466688551036,9098.27732781757
0.391489537762773,6266.62220116566
0.391622800075604,965.074891700898
0.391778629723596,7420.39310329087
0.391823459946837,2227.92663674203
0.391847962078698,9985.12985853895
0.392023684136235,5818.2361322801
0.392043444822718,7240.80681027006
0.392048992580489,485.578393394801
0.392138450398703,1606.23955259742
0.392170477261121,6185.31212966882
0.39230096688424,3936.85355706179
0.392592385763347,3343.52975549353
0.392654613058505,9659.69673528046
0.392854449292149,6539.21605290669
0.392872144119735,5771.9788797302
0.393343663110816,7458.84703003008
0.393573520252492,2754.4623170134
0.393745681143074,5245.83427575949
0.393829239625072,6544.03162329038
0.394268148790906,1563.38964507012
0.394764397078139,7935.28737879621
0.395067682789373,3137.42591239962
0.395133749341819,3724.56721788664
0.395340942891546,3313.22413352103
0.395349351523036,7501.86992373051
0.395369782979953,3090.30505923545
0.395409901041558,2948.57769867381
0.395504764844054,3268.26279807107
0.395593188168224,3398.36856215242
0.395658598455484,6282.27052820839
0.396259118922658,9200.18154376473
0.396279207694959,5401.21212454743
0.396338407500412,2879.11961819917
0.396376425748716,6002.13570664277
0.396382356501601,2530.24722038664
0.396517936886256,4555.52603924216
0.396529864017801,2360.30083258523
0.396592573192981,9178.05667264957
0.396607923069678,8662.13911219602
0.396876823307551,3227.32593234697
0.397037121076047,5689.64345831035
0.39720697814139,4980.06969398817
0.397267492091133,9120.44572542415
0.397385408772615,4101.93523470335
0.397474694585512,4125.6085296961
0.397580566508935,9195.14855094469
0.397607052829119,1341.10160540148
0.397998904067197,9149.30640807545
0.398244048404402,3336.903436605
0.398292241229021,8746.07409239659
0.398315190358179,4902.43151965021
0.398388594131878,5259.72007578717
0.398500844534106,2083.553245989
0.398501228392842,3982.75476045454
0.398723273454356,4948.41541629391
0.398790217821252,6659.07984726986
0.399390698843986,4910.17532230894
0.399458487599298,7264.63830608233
0.399479306820465,2269.84857748596
0.399698716843043,3447.25913903927
0.399743776464192,4866.07918538962
0.399819053229385,8087.19630405932
0.399893058822974,4059.08312848295
0.399904048849553,6220.06181148789
0.400103428868034,1235.53279213846
0.400169728929964,1958.73914418792
0.400259681395498,9058.12574678248
0.400411091040945,4355.93139992752
0.400427386107644,2622.9754971493
0.400443107445523,9992.68993655053
0.400547694675186,6100.73390784534
0.400749700118342,1506.11876499778
0.400794260721689,5065.45014034225
0.400862548658088,2855.85666672763
0.400990483975569,1579.56100209061
0.401141921175241,7667.56298708603
0.401309322854039,6193.16293695225
0.40153830518268,6268.67596756053
0.401670056876691,8154.25333539438
0.401924914775145,9067.35505758488
0.402376780227403,1718.00502125252
0.402478461930321,1392.64227998133
0.402980670382285,4764.30638023335
0.403046138174561,3375.39455843223
0.403046200098153,7519.07906102352
0.403245838722302,9942.70071774063
0.403523074689947,3112.85417617333
0.403705982600011,7350.40582305299
0.403722622829315,8820.87848848641
0.403913579902379,5300.03492938888
0.404100926728005,7693.62185843649
0.404324023367862,9617.88303539542
0.404698423571025,4922.00337552135
0.404743000205512,6831.50772662394
0.404835342802839,5254.9446095584
0.404974134858174,9138.22059720643
0.405048078095341,5277.46871174054
0.405074662700308,6458.99712497516
0.405620598811399,5894.17048198603
0.405677870814313,2378.05969996699
0.405712861722069,4828.26748675288
0.405766279179882,5585.57810919102
0.405781714496598,4607.881504825
0.405818428311679,7792.01285313011
0.405833928081418,3479.23301946116
0.405930790875545,6827.15257452005
0.405965731710041,2645.31413825233
0.406064395838635,6387.572620694
0.406194457160971,7277.37497163106
0.406221565000054,3216.50181461061
0.406339378743374,9537.31037509341
0.406530713363457,2090.28201126927
0.406592524754605,9983.57971472524
0.406742242163815,4319.32487426178
0.407536780049638,912.518485119665
0.407577290517989,9727.51505897701
0.407697463475517,3575.62379861216
0.407790789273058,9379.37562921247
0.407941687716646,7362.0398139876
0.408085763454743,7149.62449165179
0.408102423689625,333.879516457902
0.408191118450339,5396.14288043933
0.408210973127016,9630.26248835663
0.408402323233742,2706.98729172937
0.408579552091327,8504.0190279582
0.408635731991174,3406.66441683259
0.408646495088178,3496.15840318948
0.408993674976204,5674.81345473803
0.409007323985298,4238.97916889711
0.409251365034286,8524.01632291873
0.409316849923275,4092.13934696767
0.409379164514541,8920.36438002042
0.409452167838053,7855.74568726335
0.409588298434722,4304.6156787837
0.409618508049329,8344.9528668291
0.410126482201632,5365.47604901665
0.4101627529106,8941.20649000273
0.41031682021794,9588.70892827617
0.410724802785736,7907.1562677493
0.411021985984167,8427.27927945232
0.41108519340998,9446.19016840957
0.411295267832785,4393.36577158913
0.411320102176765,1302.35944780548
0.411871284443442,6127.08032692639
0.411951260671023,4682.80371887473
0.411994044600259,7063.57369806819
0.41242072708341,9710.15891080881
0.412592277773004,8497.55078448644
0.412659333026803,9496.87710379355
0.412703087573695,1868.15307536333
0.412935569151177,3365.69548943761
0.41299647542012,7962.64761966045
0.413006003494671,7174.94426757106
0.413169270664435,5161.59659161343
0.413328631353876,8981.41916357928
0.4133468024837,7702.30774705519
0.413461850889001,2154.30135589126
0.413558647410803,9238.72917172636
0.41358717406375,2804.35292709443
0.413596387001603,4159.82057727699
0.413667751684696,2205.81698341712
0.414201458058749,7408.2776772638
0.414490567490114,5252.80560528209
0.414622898596905,6529.75358504595
0.414643149710071,4053.50040929768
0.414861952771698,3092.8131530717
0.414896476583839,1245.59620380539
0.414906769116006,8863.4809507746
0.414944776333108,5647.8190416655
0.414999570538463,1520.15283303383
0.415002589140285,6522.31724418355
0.415102046315806,7181.11928634792
0.415212148261989,1106.78158365273
0.415354303293389,7636.54363831904
0.415587519522381,5733.59612639584
0.41599832654056,8453.93138689434
0.416025082864208,1887.77459888837
0.416296435772467,8177.34575002668
0.416342628953354,6326.48346313764
0.416357233266243,8748.32964528731
0.416361329377749,4584.38810468367
0.416371571896225,4194.10590559954
0.416597214789094,7631.57669041233
0.416785359546449,9895.93120600021
0.416793359144984,9108.89973370801
0.416805166268737,2117.71318197068
0.416812635428885,5698.33298226723
0.416910329837461,1575.76159755817
0.417077332820054,7294.21261493109
0.417090072340144,1284.88371096009
0.417385393121495,1539.36369122711
0.417391162555413,1691.17731487535
0.417414408691669,4428.08376750308
0.417486144960704,7028.50909055322
0.417869338089798,4627.86381543538
0.418009762738501,2036.57982369155
0.418032120896441,8968.71172782537
0.418390822233034,8254.53202376963
0.418425837235338,3760.99130383961
0.418573233372253,2010.16264263899
0.418661111946465,9394.03619386632
0.418729114992227,6330.20887331626
0.418948363396664,8000.12911134723
0.419085995355592,2019.82005713491
0.419120122857582,2281.25703197689
0.419210307570647,5995.27501281452
0.419247440396292,7505.88653058167
0.419262434399746,6631.47992385384
0.419373461630778,7705.62631505558
0.419402702896569,7416.37165523214
0.419521150990605,6439.0049569016
0.419750663984135,5051.08757272755
0.419869363198876,712.731475987532
0.419887935280344,6078.38916425656
0.420019564592544,7479.46015819883
0.42015210008559,3224.19076997804
0.420268951606232,3252.7781475415
0.420280216781625,6588.06439643566
0.42029460337554,7191.05775400621
0.420339655885559,3893.2625365411
0.42038845462846,2582.14158634787
0.42051700692648,8812.66988866693
0.420723532830548,8774.23119721839
0.420865784229783,7834.00837863557
0.420931570364651,4822.86003964559
0.421318367049126,2794.53465400189
0.421373536114005,4225.40258512913
0.421417200682604,860.464737876688
0.421528215854664,7780.7175225877
0.421672712687447,735.745116537111
0.42174574589661,3679.84372621812
0.421840293122298,6973.35922434285
0.421894602972892,4784.64303219782
0.421999034554343,595.822656747429
0.422139163368793,5435.44739364824
0.422569085529571,7129.06782846225
0.422895514116549,6750.47750163632
0.423033184051221,5929.0121852716
0.423048910874573,9184.94358836954
0.423268750606936,9819.69829874815
0.423372081287081,6791.25768248166
0.423502726181739,9292.97661078396
0.423565393921083,5529.73911984863
0.423720591467947,6470.66340534189
0.423936656511585,6316.85407205433
0.423971614242402,9440.77792961053
0.424203435251379,1254.39180712596
0.424362001989653,5649.78838942518
0.424405642815078,2695.73646740922
0.424434500018301,5116.6619663489
0.424501618031857,2183.37049706931
0.424635458390075,3319.4226589288
0.424687635333842,6432.3376001624
0.424703318607685,6910.99665223928
0.4248835301692,1294.06551986415
0.425182392420366,5645.6550118047
0.425320353698847,6733.12700179152
0.425378236409004,9836.30399298053
0.425523726586281,2123.3317925087
0.42583774899863,9180.38030951082
0.425859161025538,7864.93373414001
0.426121523612421,5092.79515288606
0.426227578449748,4890.32503703083
0.426332349393789,7647.40134534531
0.426397072780435,3119.9597411203
0.426675056714741,4437.44032239623
0.426686436313968,4421.89545229846
0.426747174439888,6333.2161483577
0.426769559703246,2160.8645678278
0.426876240295662,4183.44928158629
0.42711215078464,8280.57587581774
0.427346125287634,5142.83083900654
0.427353650122138,3741.9733914905
0.427445609439331,782.296188612524
0.427604405977762,6112.41688571735
0.42761009409397,5862.61518367676
0.42778270869874,6752.06184034165
0.427987276603585,3411.79675873773
0.42802060112949,5385.71390244936
0.428886163300617,4046.69142130544
0.428962173234966,5723.9342488938
0.429058614881864,7893.87674730534
0.429259742441486,8750.32199287665
0.429331696048836,8357.21036806284
0.42944875740431,5155.46870045332
0.429629111742526,9641.24757012597
0.429852136703233,8095.55479739557
0.429935745826228,8478.82833767086
0.429965894508382,7107.70573993649
0.429980554426901,9604.11526344237
0.430072372864296,9903.17840060129
0.430317025519147,3383.79109296998
0.430318798575478,1642.41356385642
0.430327841856891,1221.67056714364
0.430448856554802,8026.35692838329
0.430635133640517,4534.13323826394
0.430678062036879,3203.6291513803
0.43074564097846,2952.77697706941
0.430901187890729,7546.65410887397
0.430995216193312,5824.60370929437
0.431003552778725,4331.94053071575
0.431269385612286,2823.99691014925
0.431741049641694,4593.81732711335
0.43196549725279,9531.56106847712
0.431984927364653,2443.75400791642
0.432023041881632,8141.57495631978
0.432329498233509,4706.49020052105
0.432376877187839,5581.02712301308
0.432799685099899,8225.67206775334
0.432893186559191,6675.92956766018
0.433343964203325,3844.81409078011
0.433539337810239,6840.57390298238
0.433614941544289,1851.38007364754
0.433738997951567,3176.57422290967
0.434263215880744,8517.04354358199
0.434374162775511,9473.73584435111
0.434518099573714,8020.36711617733
0.434663676377583,4453.75219967087
0.434719461868251,1856.37873287083
0.434731481120929,3805.42968950702
0.434863029988308,3323.71694559491
0.434946149504034,4968.73463843548
0.435110509386458,7942.68626216738
0.435167078788866,7770.9865368129
0.4351816001089,4234.64100740656
0.435237464206741,2354.9629042813
0.435324595805738,2242.6409934284
0.435469572579128,9475.67148111975
0.435723385360904,7482.80967858123
0.435883044917287,9519.53473840395
0.436455630426818,2196.79102180285
0.436627346775306,9072.04703473955
0.436633729240959,6337.80528778041
0.436736459582751,9910.53533040997
0.436860803519123,6602.94528599968
0.436956909372386,7104.62064985521
0.437050487522114,5406.18578319319
0.437105623897599,4796.33236734391
0.4373203136947,9198.53297386163
0.437488605661397,2215.86263801908
0.437767388367731,3777.8064679164
0.43797260046181,8006.05233565492
0.438063184059806,8597.36836038756
0.438332515335411,4869.46584904342
0.43848257055728,4623.81245064332
0.438507261031807,7644.02441543959
0.438707390477773,2999.01767711306
0.438732747984139,819.180628735266
0.438969659029337,4721.87962827477
0.438993509610495,1490.62275950637
0.439155325187919,3221.31546233677
0.439526121063116,8854.8695473156
0.439708169890816,3256.3804098187
0.439722876523867,1118.68670837081
0.439801877281223,7770.11954011138
0.439909460468628,7531.51210367807
0.439950350987069,1471.06918486952
0.440181947681361,8914.72393763369
0.440393645986865,4995.99862804384
0.440618285946705,1525.17507263053
0.440622226813789,1929.50390712667
0.440809656535565,5316.669767598
0.441001361728901,1445.08189877385
0.441007249375899,2226.3227921155
0.441147594166251,5802.69297179117
0.441252786960843,4853.46360707282
0.441399425452143,3239.74752675009
0.441443754919485,3124.45804685039
0.441736820576107,1791.23259775214
0.441855765430315,8805.20039874811
0.442609289437409,9222.07572007119
0.442637476297321,4612.78925407573
0.442930097543529,8829.23918996551
0.443288928955324,3389.14354427658
0.443304003795496,8577.40442569685
0.443421997072692,5139.15571204114
0.443541249937863,8642.65648790213
0.44359690343275,6592.81516260436
0.444011875368964,7838.08522286857
0.444018260395277,2294.66342507519
0.444179173664957,442.898213198483
0.444238241018625,656.960633996137
0.444714677427139,4544.73729504497
0.444850902857981,4745.82898226999
0.445040898441947,7139.85808560342
0.445362820294747,2920.67315897908
0.445502869003571,4567.12558344722
0.445587282876533,1764.58775222303
0.44581571190844,7779.10328586022
0.445855426622499,5007.44696843514
0.446237305571256,5958.83039088223
0.44646024756721,2469.40806480532
0.446556369582517,7739.00849265066
0.446603159836098,7872.40151227981
0.446687913352588,6908.50198475947
0.44708884650941,6115.25572665419
0.447095648704184,4596.80277760823
0.447324790003461,5103.74943879657
0.447338370136677,8335.61134500747
0.447464114521,4550.06041948555
0.447656744625063,5760.66627862907
0.447744066133932,2516.60606687738
0.447946776691657,5498.18776050742
0.447970014835842,8884.30422785374
0.448177560877129,3864.09444953819
0.448340268415516,6717.8900686624
0.448389078384303,3052.48320723025
0.448500118879194,1574.13790815175
0.448538601641549,1848.45196799851
0.448569534582579,7256.74471478138
0.448627913612143,2777.51315311566
0.448768056131187,7317.51934637022
0.448786413420757,9953.96886953344
0.44881001888338,7401.49564111967
0.449060169972444,2095.12007338091
0.449071666165628,7830.14210056617
0.449291689736429,3520.46615301884
0.44932692581427,9733.40822222611
0.449468946394284,5740.33483666219
0.449556656811173,5018.08625273857
0.449646183869787,1238.04135121053
0.44970904589776,4618.12449050358
0.449806859603334,7435.0891736803
0.449894241255113,2398.55333999265
0.449911074062521,4343.55245348771
0.450226660327538,8031.95409716837
0.450258748348604,2868.27950327389
0.450332101150398,9976.5979116073
0.450440758915261,8457.3815536265
0.450495019127437,7851.91304074894
0.450510871183181,4081.08673936965
0.450568498907762,6315.08672988279
0.450963447576366,7908.87460272155
0.451066822127595,3141.73138061789
0.451131261740469,7301.68945942187
0.451266065473948,3007.41353262062
0.451332158234735,6756.32753733301
0.451387997122448,5577.21720229321
0.451502882547609,5133.27191958273
0.452000305588688,8880.5239299863
0.452053316381609,7888.58577098656
0.452085333872844,8719.31812339121
0.452250394420506,5283.2869744453
0.452377970689792,9284.75844156947
0.452381427589624,1095.44531347689
0.452680841969612,6950.70786710788
0.452946198989384,5962.60390949213
0.453051198790865,4854.5406935936
0.453226570728078,6992.00971230804
0.453234909410678,2170.81695611543
0.4533509549452,4687.0087764795
0.453400836689596,5573.93541241247
0.453480995740098,9358.92842369356
0.453529766092585,6601.32201303374
0.453538626430624,4128.32741644029
0.453792918158674,3183.12962591103
0.453946015206734,8097.39159679888
0.454018093688915,7902.79874306831
0.454786033650104,6847.22727001315
0.45482280928465,9800.80630971252
0.455085010375327,8790.07513162861
0.455203811391939,8886.61608698325
0.455496341113737,1508.24265999788
0.45591950446667,4258.41752588813
0.456171258347327,4751.63776398787
0.456200544724052,2862.47082343014
0.456407642334364,3527.62707082269
0.456482269515172,4084.98127667784
0.456783714650045,8563.6590678535
0.456881963231836,3501.88858430149
0.456895253588677,3012.0860692405
0.457116072061054,2342.67733628562
0.457294232825549,1442.90271868009
0.457382865615527,7144.62401723898
0.457573259104906,4109.70233579894
0.457649806490908,9761.39056926389
0.457651555041313,6231.18268341689
0.457689615878018,8300.51882686907
0.457706538377418,7339.78253384962
0.457780932533513,7115.02335513095
0.458178990092594,9927.15546052555
0.458220812064698,1313.03533616655
0.458472276521972,559.335051177693
0.458603423762701,5714.02878658346
0.458693702257859,9830.24443849431
0.458808333743179,9812.11564662715
0.458987263472644,6477.51750509382
0.459297342532569,4874.82895473023
0.45947829634246,8570.91578464689
0.45949262265867,1900.03139453972
0.460343465964512,8814.27747514298
0.460387503891853,2453.25199261063
0.460479635819363,7645.28471112261
0.460602795535142,6166.39721673549
0.460611161269849,5100.51540480793
0.460712263244583,8513.30690784372
0.460731273827917,1987.92605673547
0.461416951941422,7053.53147235363
0.461607545862698,5709.07260848332
0.461654500887191,7608.05743407065
0.461668610225984,8545.55387507267
0.461732583085596,4222.15462898855
0.461734981875238,702.204487892103
0.461785052760714,9539.4668098401
0.462056727861392,3882.10441880852
0.462389426049699,8255.31975953707
0.462643381278735,7215.1416812847
0.462659880895828,3994.41219851074
0.462683889778104,376.254790605205
0.462711532542213,5677.01575727679
0.463096509736896,2970.03957512222
0.463199344683313,5552.09206116508
0.463230859496276,3094.95563480856
0.463262180969993,1336.68741872672
0.463685871676865,2960.03884611583
0.463696617509709,3014.87099220722
0.464118189217086,5448.93463072881
0.464136008246291,8952.0989775873
0.46423422931252,2913.55239881787
0.464364299650607,4041.43734428284
0.464515788760335,7981.68417533906
0.464579038705908,7369.47271166087
0.464639194774301,8615.80376057665
0.464685572123049,9569.77136525556
0.46484155585693,8470.83664077286
0.464930485394532,6249.21083768052
0.464964112787294,7275.71931454521
0.465088127127743,6143.32712706306
0.465322294712053,9828.96406774419
0.465334736156244,7489.80119727565
0.46544058020175,4440.08594391597
0.465542533146501,4338.77051831945
0.465993692685304,1101.84719019386
0.46605368978689,8632.39838776365
0.46606130811393,8008.52628077707
0.466068432661894,6020.49514430423
0.466087705079262,8528.32179184265
0.466101381799343,5453.2716066095
0.466341105391985,8263.20434298517
0.466420694202697,3903.3467900736
0.466592566060872,6833.39145393278
0.466710643277073,7065.16591261798
0.466958814753018,6053.76651328293
0.466995011156656,4925.07563930416
0.467032766530025,3829.13241326554
0.467045339851112,9782.51442844069
0.467080661150129,9230.15025081407
0.467267082781925,7228.09019445622
0.467324350426834,2358.93086694519
0.46782297177173,3518.86196010554
0.467938382270499,9410.65119210277
0.468122749397388,5932.97086465082
0.468127838816096,5432.06812945747
0.46832082011446,9758.33038482263
0.468409515855011,8273.08299290858
0.468495846422553,3392.1285096591
0.468522525997658,647.774446692346
0.468577500266165,3862.99646041688
0.469174469769497,8035.40529206865
0.469318927390313,9981.81381841885
0.469677512302819,5881.8593940977
0.469724995351854,5922.56698819591
0.469726816150003,5288.51341050492
0.470455848869615,547.918028365985
0.470639080001123,4511.42534082303
0.471339587733379,8324.67396803803
0.47134225892325,2207.7829686999
0.471485178108217,4570.42920060139
0.471558828819637,1890.41246047762
0.47236421003596,9304.53164654953
0.472432215983474,8655.67190394366
0.472460362724594,6767.03188363994
0.472482364818376,7373.41923883865
0.47264427024756,1518.3976338187
0.472669854695451,7403.43132769549
0.473188090004635,3413.68424852672
0.473267168168303,3859.28889664871
0.473410314154391,7653.66738329875
0.473411206023257,5454.94205230869
0.473412951989671,9605.50764945883
0.473962391494822,5154.81837515668
0.473975464502707,9062.01044604119
0.474103032221398,5544.53512019888
0.474129339563715,6900.84478404591
0.474196211513526,9805.67228864122
0.474334493202489,5468.22279991275
0.474619824074238,2988.75153639426
0.474812608932434,6683.17102940078
0.474834300032811,6194.97534368127
0.474855482190217,411.97610311288
0.474855499533788,854.087910879978
0.474894137979125,2382.53466576192
0.475063534941548,3062.73582190734
0.475145325482769,7809.98312329076
0.475213342229252,4848.11413954917
0.475246053013294,9978.58124380537
0.475316049097802,3187.66519315053
0.475369145138346,7456.88724521744
0.475416445781258,5732.35258015672
0.475586329546709,1680.47719802071
0.47561916635703,7754.14297719116
0.475724485712419,8755.00135898738
0.475831632868005,7153.63861180966
0.476095943011627,6441.8927229615
0.476133191123826,404.247400300442
0.47620884434551,4467.24974668023
0.476261448261963,9426.53338825271
0.476504009221297,3509.63125277542
0.476688453298934,6713.83141718451
0.47742262205718,6842.57984144552
0.477640818753144,9347.33301205902
0.477695664091794,460.061317093303
0.477762937669989,7384.92110371869
0.478049705677474,6795.91633556412
0.478155378880609,8234.92514797338
0.478367838451305,9003.96249243969
0.47879201003649,5748.73309726716
0.478831244854317,8114.15985353419
0.479301987138741,8532.58044294792
0.479346275303214,3773.48583715973
0.479359534659337,6573.14621316958
0.479364184136443,7041.36983329045
0.479463540518691,756.763427641806
0.479874503532858,373.847729227936
0.479940155777946,3198.43100446922
0.479943565175145,8489.33428494095
0.480010730462381,5757.95501775105
0.480040387462759,4736.58496853305
0.4800550363604,8842.18527267383
0.480273692498091,9481.14860533732
0.48034193918679,5767.39448004323
0.480432068554548,9302.77527968142
0.480616090645142,338.340729659999
0.480685078891307,1454.20466908969
0.480795719624512,3609.67762499293
0.481187452518909,8016.47944395049
0.481272279190192,8640.93417015578
0.48136763802559,9921.70827080629
0.481460921205548,6990.12312997388
0.481642272612912,5042.50262980162
0.481647254327162,1415.68507899979
0.481654477677074,7196.18721370623
0.481656959543264,1493.3350635324
0.481667122445256,8441.689132893
0.481700167387227,1529.0592414978
0.481810458765372,6537.04450322652
0.481842193618047,9158.83800279688
0.482115543454887,9559.5591362355
0.482167361219725,8803.42772094099
0.48227283515553,8399.55188046657
0.482324853742061,5640.17511024552
0.482353625070423,6022.84493603057
0.482488587456346,8337.07258384275
0.482517381417455,7602.40151880607
0.482527627730179,4966.81719745582
0.48259058153978,9442.25678218413
0.482648153451306,7508.31127505006
0.483086596611847,6584.00871786718
0.483247738270952,5190.34753520163
0.483526812775006,1782.44473191496
0.483637372256502,8696.23546862929
0.483956533150336,4337.16076915468
0.484263766858772,8836.60975437325
0.484503514203139,9965.73144270738
0.485185675439848,8239.16025790071
0.485257193689556,750.928565452145
0.485299001709758,8380.95982093101
0.485566181760094,9586.55558593855
0.485652329793757,8694.89733116544
0.485661915226297,7711.2308441055
0.48618232947663,1586.99776911152
0.486391932537033,2078.15666256171
0.486394945133214,8776.41160053915
0.486605828329713,1934.89720522772
0.486755797641656,518.22203446947
0.486925711236038,4547.92009692323
0.487073666158556,2992.86437168892
0.487134458236063,105.447642159713
0.487145678687844,6407.61906314293
0.48714797029595,8483.6768373527
0.48718319560449,7815.6071511583
0.487378355006608,9059.86696456132
0.487429856817832,3075.0294496188
0.487522357950183,3702.45168346517
0.487703164406255,9775.07621202129
0.487830638913867,5494.01125546834
0.487933914897536,9377.97598281003
0.48804561681413,3131.86158340204
0.488085941387723,7957.96004264742
0.488487463640083,1076.27439964509
0.488526195384351,6969.93764914609
0.488543912172319,7802.55332633191
0.488631698822866,9383.57429250177
0.488637306946445,9125.06662052864
0.4886846083842,7731.33266271579
0.488689977998447,1787.04450997312
0.488696502189005,4195.53701854836
0.488737230205572,5389.89192341549
0.488776696290479,3646.45041855939
0.488898621669187,4880.60620089095
0.489074396915357,8188.67377487833
0.489095774814371,9914.64829591804
0.489121645666738,3714.73105151067
0.489124491303096,5335.19737252454
0.489210919800798,6361.10341331835
0.489212058649057,9597.35875778123
0.489424403560844,8697.35631246541
0.489758686985705,5374.11710130013
0.489813052603966,8220.04946339297
0.489816102478266,9017.33875391313
0.489876278370684,7513.2515444804
0.489897053097136,8507.56974289167
0.489907059351633,6911.83034079279
0.490122672879607,6787.17838285634
0.490311454831372,9397.8075994659
0.490340696589906,8451.67112137068
0.49034953006915,1908.43225320322
0.490541616708908,8056.04427238506
0.49091641513837,3556.05761010675
0.490946441022621,6179.09532519522
0.491155834636076,4748.69229203355
0.491226522948537,9429.55848767881
0.49129075447146,6692.64964101216
0.491351142731951,6779.58940922725
0.491513678331534,3769.29454569693
0.491760216783297,1353.49530381092
0.492267802765755,2267.87207421979
0.492358472830304,1997.38752054583
0.492446586213734,2752.71650583683
0.492463114523512,9748.00564280511
0.492484991542785,9884.8261966867
0.492903120465161,8485.72855398012
0.492950803356731,3246.84302400817
0.493210730448311,9457.28954494606
0.49358543849699,8931.35980194659
0.493823769130464,1225.85286648675
0.49402700357547,7598.0059078337
0.494280231120358,6685.0837770973
0.494589588071386,7884.38424891872
0.494979559731303,8970.15507915672
0.495172015380084,5088.60099680979
0.49547144065997,5271.69643268333
0.495599192182476,3249.90441937383
0.495867522616983,3507.5433127231
0.496002689524448,8180.03060135188
0.496086333496123,8997.02378890869
0.496127112823848,9668.1370373987
0.496225552222285,7365.11829848427
0.496422285918106,7024.45148985073
0.496471877831679,9987.70261783967
0.496511659619857,8671.81209787484
0.496962585498713,4034.5224078265
0.49700557800839,9148.55525153005
0.497060511653145,7700.21188288885
0.497156625633679,3367.05625286868
0.497428458820836,1671.98435983776
0.497429248209402,6498.03864353159
0.497563529803914,8734.67532963016
0.497598686324719,4246.00873164421
0.497633368297915,4385.58160918997
0.49765480958155,4347.78205560047
0.498126681721269,4824.67717084481
0.498210495905726,6289.11463274408
0.498367955985973,5241.50404226602
0.498541124114093,5880.70648133831
0.498546477140822,7986.99008328192
0.498647618231659,7494.89335226721
0.498787745381081,9643.84741137134
0.498802617513418,4499.58574718232
0.498848356878929,9674.54799068762
0.499236124980296,9552.36962706781
0.499350633947884,3820.43834992861
0.499599117824601,7746.61815675157
0.499766020661983,4733.8441037874
0.499858673806518,4539.1887909518
0.499859911130195,4691.8620480483
0.499990183587488,5762.7338935728
0.500168421384403,1357.77164876457
0.500551622606305,7247.17286298721
0.500905651583528,2409.88253815501
0.50108083000886,7988.82650107796
0.501150385775352,1770.24516862525
0.501344587239906,8739.71662431874
0.501398351281112,8609.47655886869
0.501408746808568,4471.3580663052
0.501503934459483,9863.70080891576
0.501547611777085,1762.49853756812
0.501555560735876,6159.09694612327
0.501559317453369,7672.45001852137
0.501565710737895,8581.55616651839
0.501640116820961,8322.99489139136
0.501739106863403,2769.14616163596
0.501930960948681,3669.42582349267
0.501983719384517,2691.31894910301
0.502010779207223,9376.3293669101
0.502080469818285,6061.49088563578
0.502353740444533,7076.34285770941
0.502400456261771,9296.60601213662
0.50254590312645,6487.44261668027
0.50256008037926,7610.06774880758
0.502576385929335,3222.81207956944
0.502670249562766,9353.01457391362
0.502749899684063,8244.12523335141
0.503036226661058,5105.63575614972
0.503278971549852,4481.41075492852
0.503337822814447,4099.24514305752
0.503490753577646,4148.64893325284
0.50349766708627,3308.04536394894
0.50350180288447,7345.74107030417
0.503532315640955,8181.00754297707
0.503617060482255,6343.02445704071
0.50364718783655,2272.05055405921
0.503699073849193,1056.68376425226
0.50370758799691,8700.59614954419
0.50422606103588,8118.0006707352
0.504504710625335,8582.98348062743
0.504786691408073,5935.94493980513
0.504969999737911,6369.77367699142
0.505234720069414,6803.90244791169
0.505529581411717,3601.78980036174
0.505683985669394,9711.88761845014
0.505799976883226,7026.59376118507
0.506076372532266,723.841428365355
0.506109200682011,4631.22189276969
0.506291688139116,2788.7932355639
0.506293581949956,9772.65314738111
0.506329687898768,4373.86710990854
0.506504081979032,5299.26800372404
0.506668577131733,294.959204556419
0.50673105417044,4407.96976525759
0.507124150787514,6920.96214933349
0.507180149222397,2055.57663006483
0.507219723212799,5123.3022661178
0.507793487970032,5423.59550606375
0.507956859113238,4409.66457750745
0.508183081971467,945.333858428807
0.508267709264527,6130.28428370958
0.508303502510436,2051.71627978023
0.508334709268574,5261.1982958825
0.508366640101924,8771.40249433158
0.508370392948429,5721.05322838767
0.508577360235271,7164.36259948238
0.508587396341387,5172.79943617637
0.508645586295196,6938.68077944289
0.508704301157802,4531.30720194862
0.509007775609957,5607.2723094373
0.50900856427618,1597.71190364133
0.509019564447872,8376.95716471245
0.509660781967627,1334.74634774804
0.509663973237478,3687.53312876894
0.510053637300234,4230.64585515583
0.510307405170424,7244.20235396266
0.510376741149722,6247.76939098106
0.5106553776508,1216.18556184121
0.510757908813597,8364.92438486817
0.510900638417773,9960.86027194517
0.511419498532609,5700.47309025182
0.511619545260266,7639.04093827347
0.51163325875244,8653.77690786903
0.51169457298224,5823.16336189434
0.512056604344198,7050.29687633332
0.512065827058327,8071.23329807758
0.512135099647542,4383.47035122441
0.512472377929494,7289.10318278223
0.51268035350882,1874.49133998383
0.513016754932386,9994.61385798021
0.513022706513706,8606.60115015415
0.513177015547162,9964.1534999444
0.513182302511889,6403.10854620763
0.513339086295499,1122.45012343004
0.513559134179729,1329.23577361279
0.513819272274665,6448.25042682005
0.514053555422026,5800.03606747185
0.514090119279255,992.718887240484
0.514218543982268,7327.52900832243
0.514313583004451,8419.55823918448
0.51450877425777,4697.34106427771
0.514693021952891,6206.5134348252
0.514954332477884,9513.56062053479
0.515101895426121,8308.42678723976
0.5151424017872,3659.90591645743
0.515181751834986,8033.27987354788
0.515196555518709,2542.69026535409
0.51532274522159,2480.44373850797
0.515740021816249,7447.92137818221
0.515784577995469,7822.08752784599
0.515818562588435,6618.58542988784
0.516099405487674,8310.14221581008
0.51628944825812,7421.82192958104
0.516468000247213,4565.42069983047
0.516513581086474,7367.42106247004
0.516535511133836,9422.04572484054
0.516792176333473,2391.24642777005
0.516951050555634,8011.45616818925
0.517020178819772,9317.19899150826
0.517132281618903,6511.728799964
0.517298476383083,6043.98476675157
0.517348050662178,4325.29780332693
0.517414705163986,6946.67857583446
0.517422076688329,9355.82557453184
0.517520854380498,5000.84045121087
0.5175850524684,6013.0601737451
0.517698519048148,9720.4612255661
0.517719452689702,8962.37489487515
0.517805175165003,7071.26484072146
0.517823334846141,3068.01386442322
0.518087931432344,4634.31121198764
0.518333873379882,7020.42559983273
0.518747257963061,9749.47924935699
0.518771771597031,2732.00148965672
0.518893066316338,3156.29349123678
0.518940979503416,6298.45915653842
0.519003447606775,8363.87949739889
0.519173114001809,6350.81509702753
0.519179099891596,133.488039607232
0.519259359598545,1421.83734313373
0.519353722935789,5807.36478487333
0.519414535048653,8761.34497306006
0.519421814843144,8369.97598097164
0.519585597286244,4954.97689093306
0.519784109893466,8712.27322662862
0.519856849133211,9872.56953088961
0.519858489359465,3918.44265596728
0.519865756380867,6638.10213659761
0.519932544164113,3585.69924063424
0.519963937116164,4862.38568678951
0.520072697069081,6040.73967776837
0.520122451785302,5635.90882946378
0.520141272609701,94.6435184972559
0.520348806146661,8677.51667607702
0.52035622610063,591.726649240226
0.52043988073991,3546.85035717374
0.520481725539961,6681.87932593218
0.520601964971604,9250.84978014242
0.52079130335794,693.186609475362
0.521045887889182,7796.88793621728
0.521120726619702,1465.88113081099
0.521300765607957,3148.87292351031
0.521309522637431,7392.95071078593
0.521322862748759,419.85412373831
0.521428767342328,9869.80063373688
0.521752467292967,1860.53890890437
0.521771418133033,630.84015524379
0.521833316870177,2703.14964265023
0.522915204334295,9232.07503236166
0.523031713301756,6654.38131741019
0.52307861528838,6556.30089691346
0.523543431493775,5778.09519147582
0.523753780842139,5205.90051013208
0.523796513918526,1806.25095641622
0.523911572241135,7899.18541873027
0.524491896969652,6031.19797878922
0.524568774850218,275.567579508145
0.524700578713815,8567.75688704767
0.524869615410251,8579.91967731636
0.525145954210797,437.576516828394
0.525148695359976,2198.66700004145
0.525298352790825,6221.31690397992
0.5253101234298,7938.32144182715
0.525705902887202,4166.07336313155
0.525807424521764,8722.75577530342
0.525943983059486,6836.65281606423
0.526031230573737,9947.05067738098
0.526213462703688,3921.66483396969
0.526248893917218,9795.42529876883
0.526552360475357,8306.7366776192
0.526840245213192,8100.89507619646
0.526893924071994,9639.94761791884
0.527059896535649,5110.79982704526
0.527122982316133,1728.14154577311
0.527455321585286,4818.22958965724
0.527614975318724,3229.96169416579
0.52804654303498,9650.99394947289
0.528216377069005,3682.6389825135
0.528292013729571,8691.9129614666
0.528401499371112,2931.10857616586
0.528445963404154,7580.97245513842
0.528535669882643,4808.59914630794
0.528821764273486,6721.05792136221
0.52927589207876,7715.80170939561
0.52945730611422,8868.10945641932
0.529811513070912,6152.58136646308
0.529856187201612,9866.53382490839
0.529914636363906,3876.15461151114
0.530127101970329,1145.49696424793
0.530216552075195,5966.61621880049
0.530264652744691,1516.44965833226
0.530469387497893,2749.6422978125
0.530794569616732,9530.40975845511
0.530945576261272,9932.24273835581
0.530973829494832,2666.98449014869
0.530991139001053,1125.80117166506
0.531237912255649,2914.8057066936
0.531326713808291,6798.37651707492
0.531400497278374,5791.54195863876
0.531486324745025,8277.54058587003
0.531606667450907,7820.56595945469
0.53200971665262,8926.59940195059
0.532167723993346,5011.01328697578
0.532329397366121,7670.5882331291
0.532614822862803,8126.50746543752
0.532915110463559,2762.04629256254
0.53360256875686,928.668613208382
0.533687496550055,8432.94482698359
0.534531095618499,3594.1746603922
0.534722251096251,7044.5912663561
0.534806291511225,9323.54382957461
0.534919485178455,2929.9879792544
0.534996730905485,7014.62221049341
0.535093452401328,7544.99408474374
0.535131340723516,3504.55640586635
0.535134906364884,2949.78046489587
0.535492593287247,9741.66577922654
0.535858108220022,1884.02269361187
0.536011504633077,4070.23564753604
0.536190824396993,5464.25795174941
0.536205344519114,3207.2632350013
0.536226478867411,6255.73178003979
0.536263064239195,9882.83608691356
0.5363289147362,6169.33287128964
0.536407591801863,5726.24508726279
0.536729326614087,4030.91832062844
0.536779643053288,6080.78664460981
0.536883710404586,9089.44271280926
0.537271704661578,5608.70173542724
0.537396352288373,2629.56131520474
0.537491595036006,3460.01411699658
0.537701678310004,1662.41606170644
0.537708772096705,2555.03790562538
0.537733001844656,2380.54969651049
0.537772928879209,2477.98557477278
0.53781891448897,9294.98010109908
0.537826156139177,6284.05120163994
0.537984850611555,1162.48732611964
0.538168507370407,1054.70876825539
0.538261901452538,6225.47577810773
0.538328278731349,3658.12107307383
0.538364738523842,6882.42646600247
0.538504267130759,7031.72512947626
0.538516681212014,8359.6240283874
0.538828611678337,4554.20071231937
0.53912891733969,6922.47305640459
0.539834841753058,9968.99528898865
0.539948717138536,2142.36456814523
0.540058212045454,8446.19298647489
0.540563343677259,5506.93046606671
0.540585824376359,8060.69131911404
0.540630313446768,9577.44708197496
0.54079579753102,9495.15836697317
0.541028753548644,7134.7179115015
0.541242555762074,6520.92351632237
0.541336701765728,7582.80213274243
0.541634328280046,2652.78929753464
0.541730165780715,2246.05164923286
0.541845733309083,2313.17155589303
0.542064283486379,4018.74522213163
0.54207223400421,9479.25985141901
0.542235688827431,7068.38148630093
0.542462899236784,3558.3479040604
0.542499381164059,4788.14957194853
0.542569417785913,8685.15234010199
0.542678725917481,7786.0017247702
0.542687298300274,7774.33535741021
0.543050810814701,3782.39101536714
0.543120024422947,8164.10738034241
0.543394299543552,2903.94286427061
0.543706058832992,7232.50839884528
0.5437804463943,8925.43829650257
0.543819886479286,2210.19411604618
0.544248919145335,3440.84585486756
0.544413259049299,8165.46657593783
0.544570617110265,9313.63962040706
0.544598308745618,3874.24846368231
0.544643326170906,7220.40209525095
0.544690654961144,9330.9331847543
0.544721463188973,1872.39870627161
0.544734422366903,3937.85478682898
0.545199540159804,6864.46593910267
0.545523947757214,8713.99368949004
0.545538450701758,1780.64979445405
0.545569379464181,2512.54288821391
0.54581661177105,3355.44524480241
0.546632564153977,5950.95081693675
0.54690195126161,2634.02846050166
0.546973693730775,2500.57785343636
0.547420434242202,3573.10070002558
0.547434088235185,8949.6286550356
0.547512476770114,1917.36047371706
0.54753600524424,4657.80253832333
0.547641908683779,5653.39787274143
0.547680975063361,8090.33635577767
0.547692188894528,9575.64494867262
0.547755352545765,7094.64191698219
0.547783919357301,7930.56144470666
0.547848512589594,6578.65983881472
0.54798144380956,4309.44322145626
0.548079416572254,6098.79328111331
0.548127912475466,2472.3390172344
0.548156556495316,4542.65227454004
0.548196968813702,3685.91267872199
0.548318165125662,5703.61394543764
0.548459012999224,6610.14288895232
0.548933009647585,6455.67509725676
0.549067722512729,7845.06550764008
0.549156223851374,4452.15807756348
0.549470893216573,8283.7321554353
0.549534922042408,8971.87885392169
0.549722539527964,5569.0028444358
0.54977947715091,9759.58683123081
0.550181001544528,1382.34091868156
0.550275028995593,6957.70537165041
0.550468784333727,8499.83902206099
0.55068893320181,6059.49882626689
0.550701516796559,9033.90629837405
0.550995076210982,2129.42790068846
0.551516838534416,9523.33424774265
0.551676651782959,6379.24635210896
0.551750458263888,6575.89006195716
0.551809106187521,4281.62278744023
0.552106645128219,3905.33592325949
0.552186858490027,7493.08934743996
0.552305089919702,2348.84194997312
0.552334565621618,6017.52335956463
0.552349451953507,1970.89178869521
0.552467405582555,9216.89965742199
0.553132627053826,8148.18868868786
0.5532253507088,9765.79184772694
0.553465317163333,9249.16413660611
0.553488566991502,7443.64718837232
0.553663035895252,4791.32108851443
0.554493091229649,3330.29536392093
0.554505430200412,4802.46587467838
0.554512509651339,2859.8279973883
0.554890300078164,2364.70189866572
0.555139272257244,3395.65187380854
0.555331953532246,1602.81158454659
0.555504798744386,5865.50593003703
0.55562233109447,1308.92842563359
0.555701705236127,6076.92504984645
0.555815786297336,3565.40947073689
0.5559223369959,6595.14493026934
0.555925597373233,7590.12153152454
0.555961481866456,3261.59337591119
0.55618637300251,7325.27625881212
0.556195179946636,7783.30852565937
0.556225335680069,2176.95340196163
0.556272437052963,2524.65506435869
0.556278143653975,5414.39215637728
0.556422549684815,3359.33421288222
0.55645295654268,5086.97134958023
0.556843095188499,1992.78687083996
0.556983494917994,2708.05532043089
0.55718924486757,8305.56243678747
0.557238147828389,4263.81978099377
0.557681840203957,9368.85963333663
0.558166416052637,5630.41335917341
0.558257300098572,776.015200017094
0.558465945606226,3808.5203949179
0.558623181833541,9714.753223601
0.559019788361213,9890.51495973119
0.559169220015163,5926.85035951527
0.559279941273737,6782.38982964299
0.559420946239357,6485.6710974099
0.559688713465481,5354.7757804022
0.559710814899735,7352.95522520302
0.559775315198953,6307.1747932394
0.560169529618784,8423.14380031645
0.560306530735411,8079.99809570907
0.560487886988045,193.109874143388
0.560555475685215,6546.20200847633
0.560645312893717,7567.8258148832
0.56083895951629,5074.3336778475
0.560882424258066,5884.70474536946
0.561082123313418,7438.14321407318
0.561297855451597,7688.55831173522
0.561340910273793,523.94836900973
0.561343113162468,9892.05918127778
0.561412704285391,4509.97543292257
0.561442179157598,4023.39021182838
0.561874467420514,1209.01228835281
0.561933390982212,3303.27509767127
0.562277594663429,5491.21678463347
0.562578925492371,3554.23567284377
0.562592043191151,4283.53363245043
0.562797690870107,4275.08825846255
0.563079189660423,7627.11486192355
0.563278728426577,3035.09324416272
0.563405802772911,2394.48422659441
0.563612987912053,1437.18909587271
0.563808032974753,6240.4921127671
0.564004760038861,7192.67964790428
0.564082828932768,8124.84114239279
0.564206082471585,8833.37576227101
0.564374807414842,6214.5191243154
0.564699039222417,1615.57095517199
0.564761770524792,5323.13883900135
0.565355651353453,8707.58445250639
0.565444333489248,2191.79719700915
0.565475090022449,2289.34076712717
0.56576962203168,6106.34734510385
0.565875435075326,3066.30470965633
0.565905177402834,8551.44652741911
0.566342706341582,5940.40967333108
0.566361371568419,5829.86586582127
0.566450630892274,2097.34990791113
0.566894056530823,4728.77758198246
0.56730579329853,5750.16699834684
0.567307725025,7037.86996782855
0.567373505138337,4789.71682904109
0.567381188478053,4365.64985413735
0.567417480820089,6311.2032782904
0.567686869089895,7637.86755753622
0.567811393895439,9555.12839181456
0.567972747642461,8922.96442564281
0.568193626799364,447.499765162288
0.568193875159061,3205.48294623103
0.568306229125565,8028.73935342573
0.568729916990276,9339.72410632357
0.568776519428796,4299.1017871679
0.569050936313618,5186.77296609441
0.569368418229487,2766.15120570153
0.569453330160284,8679.78025519945
0.57000374403184,5349.50138919382
0.570026024287066,3566.93014212787
0.570249429461024,7295.59650590412
0.570284421823269,9277.64077613717
0.570333920126349,758.928256089414
0.570458480622465,4308.03602275891
0.570474319945944,1706.69011678549
0.570745873820507,9000.26914483498
0.570927533215656,3376.86345513473
0.571105205269568,1073.58066138
0.571417704981505,9581.8184945831
0.571443376407916,5532.49293786454
0.571535731368535,2068.26257741406
0.571536671625508,4363.54037291857
0.571611115209468,4416.60722704799
0.571710242760516,5216.92035646888
0.571926212900149,7147.07250977841
0.572013450837931,5706.64307390931
0.572211289971157,4835.94600793301
0.57236210336457,129.560929166559
0.57248931522075,1008.82359584502
0.572808942119768,7974.45098812237
0.572920985688199,9126.25112896894
0.573207213745065,3305.01570745129
0.573253122056072,6229.73400266166
0.573646070994759,814.024937360347
0.573732716560767,9170.64080360519
0.574005519588629,8860.62591573123
0.574147927115638,5070.81616369022
0.574359833364917,6482.0153770597
0.574841061306551,5613.73861435536
0.574887459663457,8603.64300747576
0.575217200612639,8960.7529857784
0.575330256754109,5505.55921270608
0.575431093205016,4429.50128655575
0.575475621630795,5436.54808459026
0.575497322209117,3382.32570393007
0.57612078592534,573.619153589127
0.576844712390814,5351.21163146459
0.576932764441097,7203.19174729302
0.577155561689591,9621.79507126929
0.577472158521909,9501.22455323007
0.577887061522852,1021.58123367951
0.577968318521361,8107.02735995634
0.578080479382743,7916.38472894826
0.578274075446695,2621.39618037991
0.578528704050915,2600.06971356938
0.578534524495586,1219.65670563444
0.578645242871509,5115.78997076177
0.578776819670771,1754.69428629552
0.578927662129941,5213.2975780818
0.578941072697679,9488.89134497417
0.579133409289895,2497.56835291793
0.579339684238055,7381.52421980632
0.579363469475319,1581.35903323392
0.579395318085528,7013.12807423009
0.579742238250746,9833.90231834329
0.579759320955904,4783.28734639622
0.579785272782989,6596.4991912155
0.580003232041175,3038.99532329736
0.580027363100994,4402.74767163098
0.580437903530229,4140.83366826153
0.580481598121854,6772.53785577962
0.580514171078761,4190.2429341432
0.580695642970929,9548.21734406038
0.580886884587087,9151.81355687355
0.580976843861193,8317.25472914421
0.581094293696041,5623.36584013223
0.581131435345112,4834.62197621747
0.581322052998987,5024.73312485067
0.581537633751424,9823.03865050166
0.581710562051283,9301.06586239051
0.581772516865508,8798.5080094522
0.581829123432525,5326.06597492908
0.581909931835888,4644.72001620208
0.582229904254725,8519.54828973831
0.582304850913936,5886.61801877389
0.582352948661083,3538.48827164384
0.582653715781425,3046.52456954878
0.582694975347252,5080.15632434657
0.582746235062421,9858.74458647638
0.582775946674181,3121.41603689068
0.582806469530281,3570.01930414278
0.582819476020771,2367.98842429099
0.582926011116262,8415.37256109211
0.583554224602623,5163.10627194388
0.584094239357862,1363.88143451468
0.584374904596241,7212.98411655017
0.584408568417298,8988.96288988769
0.584552850093554,3405.12312452441
0.584794844350082,9948.66765364292
0.585294123866505,7112.76575387813
0.585413853492027,7970.8832383814
0.585419471600806,8763.31506617703
0.585703359235655,1203.88174627277
0.585933124682366,7004.90674337746
0.585968937011593,150.984289270935
0.58610734864912,6968.26776074761
0.58638794378581,9565.65931095859
0.586848029818362,9188.4825292252
0.586919959186758,6334.44522596111
0.587071050701895,2594.03806022502
0.58709073014675,6349.6773120815
0.587105389405882,5131.98793127852
0.5871668672212,9669.68768761556
0.587480521583726,8817.59248577163
0.587525008733263,6872.39278144433
0.58768466227869,5367.94396497282
0.587709958911845,3421.29513573748
0.587746458901364,8302.23768812197
0.587781236895278,9348.8778675828
0.587979028295198,5022.86519151084
0.588015952430192,7356.72625649359
0.588259726178367,6431.01352518984
0.588338139595168,9255.9691546216
0.588355501322086,2571.54904640581
0.58899959674278,5314.98142361545
0.589395965157186,4411.65834449216
0.589699810904967,9268.85324865253
0.589903191797986,7685.25696069809
0.59005609904349,9696.3355388587
0.590242863016852,7867.12108377517
0.590289880756039,9718.98338824008
0.590347757099851,5097.02210761403
0.590560612392902,6830.11240937437
0.590706943759386,5064.24752689117
0.590707036447289,5542.68233993803
0.591001122881731,5869.03368542206
0.591157265644427,3103.57438664201
0.591183927706512,4119.62262096169
0.591328061165978,5362.97631235552
0.591845127066345,1591.35950238598
0.59189996896842,8197.52516624125
0.59210678965567,4322.03871030129
0.592155516526892,4108.51381474506
0.592666634523437,5949.12339205514
0.592972843007097,5486.24538517406
0.593031678365595,5152.17478460787
0.593604737940689,450.143530604449
0.59433577635228,7574.75541171897
0.594430798024205,5270.23124502154
0.595190070874263,6918.85602157043
0.595521233724345,8506.14086017819
0.595625239538368,8250.94266802237
0.59593516470886,8151.11961761422
0.596030470914495,9326.45196828421
0.596194753637806,2136.92871178225
0.596392806193021,7266.75939883072
0.596645355983845,6208.45809702123
0.596853943520792,5522.26250317741
0.597621061312728,3818.51479257229
0.597632871408957,4964.28678796853
0.597831017176409,3171.89517765329
0.597901423049795,7539.48304394353
0.597913468345555,2548.92190567196
0.598002612059026,5378.83665661527
0.598076655101082,7431.14645762528
0.598080488494136,8897.61208938473
0.598387505100956,1963.57307276188
0.598827761520014,1025.80635505492
0.599436809164994,5108.98633149548
0.600565943989138,4508.2710791968
0.600743174472765,8731.91438281794
0.600928368592026,6895.53757550149
0.601041105794938,2254.87386965427
0.601300392410845,1271.13462862656
0.601367194092203,9168.99572774523
0.601523373387549,1489.22183639653
0.601539464279538,902.217740211858
0.601583476187317,1816.81164309384
0.60164262919087,3748.75799300148
0.601669937612432,3266.12590185133
0.60171252692785,9776.77052021905
0.601752163005875,7776.01898630055
0.601794044947066,6607.65054523629
0.601888180247909,9243.01233508059
0.602041891502074,7235.63152241082
0.602130420961112,4662.92396232598
0.602577497953783,3152.96900985816
0.602772017934681,8598.96710786346
0.602844918492256,6068.88159319151
0.6034774584085,6892.19661944283
0.603595056371818,9257.90471793056
0.603680397113054,7990.44075999604
0.603724842176284,7744.60718347775
0.603742059161853,9595.04001293975
0.603890726148396,5779.67340431453
0.603892271605786,169.014610196512
0.603908294186914,9792.34692291728
0.603934712275632,4062.76518828112
0.60406056478183,6729.42719094818
0.604067992926594,695.703007606165
0.604097940220796,2965.39808704358
0.604147236206895,6678.43348405729
0.604181080808784,7122.17379309454
0.604350787593796,790.882695567708
0.60454411517715,3737.87223361845
0.605021042735964,6117.03922598078
0.605215964092999,4327.32905074408
0.605406377705062,7729.48358177555
0.605602201768252,8160.89610952138
0.606007403463898,6641.79085130765
0.606181243036989,9032.52529482821
0.606271067993472,5281.1716333179
0.606484145321788,9855.92337097252
0.606757442454673,2551.32548551323
0.607120087282102,3953.44266040483
0.607137067238921,7947.77685698917
0.607218303809781,8753.72187483373
0.607811697260351,2034.48568618231
0.607830084579514,6305.74422052738
0.608121513893293,6860.28066554152
0.608184365668197,7734.51964928
0.608486100855479,455.001424935917
0.608741588068102,6853.44259137172
0.608746785501948,6541.31768139594
0.608804335050576,792.996200348968
0.608833143829054,3410.42316786248
0.60907802049997,9610.21495102278
0.60919806234405,3727.13233257235
0.610750087795624,9113.22353485827
0.610940303600482,9694.82132089503
0.610983978998967,1751.63779683244
0.610985162834481,8558.51754336302
0.611455084504623,2994.84648130693
0.611674307237694,5755.7413468526
0.611704199534877,621.657175609187
0.61228140642177,2113.52911674672
0.612594295268762,5077.18497407953
0.612672143253962,9437.54432187217
0.612674112287538,7883.18785256524
0.612709975039572,3166.17611164541
0.612872021593397,5310.02242483711
0.612890726950054,9840.68626803733
0.612904793848928,7528.1797000545
0.612914502683939,1599.5434573423
0.612920375415421,3622.28782982405
0.613032693498717,6397.3338307265
0.613085951942445,4202.44273501748
0.613380650771637,2387.25928623746
0.613431224457737,4646.62947692098
0.613572028199731,4625.43131254237
0.614282462925179,4956.48770831414
0.614341357243895,8388.15772106934
0.614362929882267,2514.29404607529
0.614508142901873,4589.52923535172
0.615424567281666,3428.32391778697
0.615438941180526,7747.68299365217
0.615462371188249,5218.62282314951
0.615521875097281,774.096175214156
0.615594430066456,2526.80931973851
0.615988610950433,6646.61974864527
0.616017584551677,6401.35110494846
0.616041465184929,6149.3949525917
0.616130720092223,8144.96057827424
0.616164745856906,7591.88228002382
0.616485166300406,9469.06554381093
0.616575178099149,5797.92769432178
0.617040376531636,8391.42014053011
0.617080231095855,1644.76688284724
0.617268033396684,7537.3916247719
0.617291657245319,5587.89674681332
0.617371868380377,8559.9061949873
0.61757227915639,9620.6415840966
0.617875787510123,2972.23762174836
0.617962354753724,4572.25509944208
0.61812338761653,5419.69705069702
0.61854149499817,6196.62718292669
0.618600070698025,5589.6683334264
0.618681897908319,1325.21695061439
0.619378431619388,2813.31213198576
0.619939461504711,9074.89361798121
0.619965207250138,8105.93548859228
0.620131200670175,9929.83597945811
0.620201934009575,7472.1979273868
0.620235043672477,4518.67877065619
0.62028235940158,9023.03640293054
0.620318413912116,7857.07056886356
0.620498076303014,4709.93551804457
0.620816980985012,5655.00231498919
0.620822074195914,740.615006858335
0.620952983835485,9515.36137440217
0.621066213434111,7470.43218514782
0.62110121836307,2684.56095055467
0.621356863139698,1583.37742411005
0.621680631656094,4050.48778054566
0.621982324580157,9371.19343473811
0.622108268783576,4143.93832064613
0.622320760576179,2697.77480377831
0.62234338517737,8170.410928628
0.622373444176091,9646.02094913342
0.622389286677137,4335.01128313648
0.622412910715936,6419.63752243543
0.622730731507444,2291.09415274951
0.623225042991805,8341.88839699381
0.623357245353012,9995.87679255465
0.62335969016179,1977.47403286108
0.623687924738618,6104.3719951849
0.62388686960042,8199.90414375713
0.624140089959319,1684.09583843223
0.624167816495123,5870.72222438414
0.624243629708945,6436.77744807287
0.624583120007765,3633.40460171952
0.62470224693995,9160.29684680519
0.624750564063659,3795.7289354806
0.624790278906937,1673.71298393658
0.624806766438345,4474.47097869441
0.624997017423621,9868.22170705422
0.625146333900224,1799.21527499563
0.625244319079316,8644.17920459769
0.625282392571838,5045.4352456266
0.625651988020299,4076.70075655659
0.625839453153156,9675.75328193668
0.626056325729003,1174.2231100043
0.626064724067949,1199.40606784764
0.626248031928344,3972.94779138106
0.626261495400198,259.841540077022
0.626398550201279,111.986184201906
0.626504090081859,6722.89242978366
0.626655305120212,2759.88026937138
0.626975962382451,8274.20885071913
0.62698137699551,7066.65432703873
0.627066103063006,3033.28869850531
0.62738753384725,6052.4193537418
0.627690290073815,6449.93537904617
0.627914657949743,5287.1207031745
0.627979291221614,5002.81743972257
0.628218652080627,1376.17142270195
0.628909184640161,2632.53830030445
0.628957444000544,6585.76675880783
0.628966089436518,2307.34464612702
0.629136138098091,4762.07341063801
0.629363410352135,7951.20894735804
0.629410791729213,8024.78537915861
0.629481000769688,7621.63617793428
0.629542690228865,3629.43469385424
0.629860738571516,9879.09574487232
0.62986222475409,5643.06283183517
0.630312660069684,7095.75703851223
0.630330199166889,564.024509223681
0.630437346941509,9738.29503231384
0.630749639753111,6384.38098357907
0.63085899572481,2340.7511284054
0.63099616186605,6567.82835428783
0.631246855826773,9672.53630399168
0.631283720034672,6869.50434317747
0.631297022997943,1638.65603679646
0.631357909498314,4599.93570949127
0.631414381207293,1664.97395115809
0.631694956705436,8891.27411191259
0.63169619654545,2884.46351282645
0.631907078057142,9016.03327763355
0.632099866622283,3069.78367519133
0.632146899211942,7511.8591376197
0.632160869356424,4028.32441450142
0.632233340010978,7762.5260739367
0.632433741346195,6884.70753136567
0.632629503187985,5407.75022988698
0.632744357736825,5591.35052624018
0.633419718935074,7282.14527816657
0.633544188380342,4361.60694737588
0.633877431190083,5659.89012924663
0.634156189946913,8443.16172687948
0.634341043765388,5338.93216099153
0.634382791768373,9723.73036741503
0.634949247283565,1593.57666679823
0.635002465105508,4413.1939393239
0.635260451713844,8574.80413763591
0.635552294307345,5912.30092121661
0.635642771470176,8617.12884182519
0.636220966639923,4418.26142074921
0.636301991720603,1345.88255797301
0.636334243240814,2508.76951650248
0.636339700233152,6614.00398200885
0.636388717699227,3473.14154572435
0.636434768620615,3948.43472492935
0.636939535722195,3016.79609929421
0.636978335416736,6627.4325033935
0.637276142723975,5952.24338738886
0.637350202413764,6355.98777723123
0.637449331200051,9176.86601356044
0.637551583791321,8461.55787058325
0.637612933797439,1878.03181398896
0.637650115620907,8651.93296380666
0.637790041144852,3212.38700766956
0.63791340345687,8146.35949037318
0.637997101440294,6612.03780548056
0.63800305163478,4527.31921205809
0.638432311933993,4651.59354259819
0.638907584220353,2626.85786072569
0.638963501932201,7239.02133525187
0.63898450021368,1610.38106767914
0.639131670695157,7337.73108474497
0.639368872084868,1419.44553390186
0.639702577046237,4557.55836174331
0.639809324746511,8099.44041119157
0.640062229361692,3543.25689612302
0.640099666500337,7427.60462146742
0.640156757551288,6818.59616109161
0.640319335231599,9787.93494300368
0.640473119692588,7660.89251347124
0.640541753332997,9542.10245881582
0.640839472347123,3531.24023539585
0.641044269625909,7201.61837696728
0.641411963176555,6135.14452556901
0.641429925618598,7060.1625992755
0.641733251387713,8261.51641818557
0.641798757027405,6501.71619941505
0.641805726952576,7209.46827024337
0.641811117119442,3058.85296040872
0.641819107996386,4560.98558324267
0.642087011520836,8650.31963451218
0.642208692879608,7162.59461677466
0.642503791789043,3866.65579714739
0.64263916029253,9655.67879361735
0.643015747199568,5019.45489838437
0.64312828437437,6271.93415242274
0.643306252994499,1317.0905213604
0.643485082717346,9386.89433157995
0.643675484542857,3846.87807584105
0.643694979658549,5470.22160918396
0.643737166246939,7826.54565578547
0.644175189165291,7375.16909248034
0.644360029131708,1828.71338059331
0.644706528264118,6323.69391556256
0.644721068713218,8668.00977091511
0.64477602079826,6138.47671863547
0.644826070780419,9114.42931079319
0.645196474523939,9885.9113331951
0.645335336331692,1399.78304297265
0.645371585821988,9633.61021025627
0.645453120186652,3418.14121776917
0.64548150136943,9731.36990203611
0.645679982830907,5651.80663441469
0.645920157571205,6341.07497378932
0.646058939871691,2274.01281478553
0.6461706891386,6446.94590028388
0.646564311700777,5596.24476733109
0.646809698517604,8383.4448580298
0.647090191377976,6483.53200998435
0.647644782029059,7117.83817084498
0.647677162373079,8954.50158945506
0.647867496954457,5135.23200145113
0.647926802273895,8187.08908570775
0.648109222937078,8648.8169363806
0.648373171692619,3901.96978238556
0.648586079492623,9321.37315740568
0.649003782808887,6769.53412945054
0.649825325758837,7516.68510065144
0.650325839417733,3043.57536241956
0.650356912485116,9206.78793153296
0.650485255493731,6569.29947825627
0.650740475763306,1969.12486231928
0.651203283559044,2639.97483822762
0.651236775438494,6928.76539841287
0.651443521554317,3078.25541018942
0.651472630025469,9204.37862630357
0.651775791626609,8354.82287380511
0.651928627048895,8614.09181698105
0.6519499551461,4131.15780135367
0.651950280935639,9274.97036301705
0.652191867251676,602.594305398908
0.652251829250316,2426.90112277777
0.652379403072425,8703.42890551006
0.65255540318088,1745.98754122172
0.653613877010439,3278.9286903316
0.653679208482275,6533.93551282796
0.654115858048237,8525.6446322827
0.654395954537098,521.478880633973
0.655439499539141,8724.14928324462
0.656050755447635,7111.29544406682
0.65647394434354,2109.95160478553
0.656530157681597,4896.9126798744
0.656693790136897,6357.63448043692
0.656967862113559,4972.73673939683
0.657052774312995,174.783800577918
0.65711822098146,4390.35192186966
0.657233433213978,9578.75796313837
0.657382980213896,5331.83554305043
0.657471368590888,935.078746837262
0.657593269952826,8410.46941506862
0.657759588164441,6630.24221754337
0.658001633380234,5752.07087836403
0.658072757439769,6321.45933210112
0.658087449323244,3560.02552021232
0.658155524459715,4951.42712829718
0.658251775118673,2277.97149865789
0.658292131599068,9701.77128652862
0.658324795604584,1004.63260635759
0.658418351854922,7477.17983772262
0.659079114183031,7992.30369791273
0.659132156303664,7861.94562031064
0.659187229424242,6404.69712333381
0.659316824514709,6014.64119805334
0.659323384042549,8444.90202378871
0.659363835738085,1961.34688141972
0.659408112892594,7529.50656300788
0.659675875924072,2680.87070513545
0.65980587931039,4253.77410207938
0.659863219872983,4401.08053862996
0.660103970964677,6304.00927375684
0.660118129901173,6465.74345989468
0.660182337795766,8152.9396734182
0.660343145621912,2553.16477269354
0.660495708413431,6368.48097560937
0.660577333907967,6848.82012988638
0.660598797926384,2839.51058615731
0.660607486994362,4675.6928833599
0.66111205159632,9691.43215592168
0.661616320502257,157.580975202591
0.661743484132654,2532.06442214055
0.661901287307966,3160.94203948369
0.662111344679011,5482.97426152024
0.662449811235901,8325.78396273285
0.662560882858968,2016.75786264785
0.66278491775711,3430.08148713148
0.662880830885726,2587.61080373031
0.662908796934919,3292.1995928978
0.663001189487437,2323.56225938117
0.663059379688559,3023.96430266798
0.663127114767476,9793.83740831291
0.663171914064459,5897.49795302315
0.663694500709383,9832.29646927929
0.663734877860349,802.511031172146
0.663866708610754,7676.49699822809
0.664182066351597,4908.9393381991
0.664510425769879,3792.97700993069
0.664763252961054,5481.06056399493
0.664805733343242,3214.62401450607
0.664935678308886,3776.31780520092
0.665005488000151,7450.41976337834
0.665214831654193,8902.99410680202
0.66595611695111,5226.00731733655
0.666219712005142,8621.90196812498
0.666292136107241,9375.13708781138
0.666475149111149,586.802199941067
0.666509451526078,7363.81093375273
0.666878340339438,4755.56235996626
0.667054694186757,6478.79897116837
0.667275012316901,9938.12398783784
0.667308185163677,6075.48708667005
0.66749290138728,2335.97096675925
0.668022457243847,619.186559007304
0.668043002676854,2902.06564672568
0.668109012506329,8509.13331418092
0.668241209479127,9703.91681178588
0.668630226057414,6161.88081334082
0.668654538882503,2536.11400868876
0.66878830720726,6072.0772889498
0.668833651532088,6643.31997013335
0.668892738286932,478.016929264666
0.669027358396715,5705.20479601208
0.669378227054043,7100.5516071963
0.669465581063189,4974.45818412139
0.670083825632691,5409.51501575647
0.67022672770743,9235.15914743549
0.670390052263026,6033.09761986239
0.670532649809899,8852.24990175084
0.670636422990456,2404.03462143774
0.670664552856979,9887.54134200133
0.670864391199555,4983.94708718348
0.671073975907564,7540.96439332808
0.671159904175753,6813.91611078899
0.671213818910879,5831.34166149184
0.671222037534777,8242.32763068671
0.671538022985004,4104.6707535286
0.671749787446099,5297.16935491086
0.671853410592072,9049.1366708106
0.672518508572865,3957.07382685936
0.673016061023976,8929.85730748689
0.673042054293311,5026.27458199391
0.673300989302683,2026.72447369689
0.67360282434741,5054.4506400541
0.673668121297492,8051.06024561634
0.67455301901271,9094.11937838728
0.674582879833647,9262.58284724225
0.675181677270556,3718.51808277085
0.675282526597816,4137.00954759977
0.675632417569891,4900.29881169792
0.675755467865125,7473.76188060583
0.675758902122257,918.779534777272
0.67603997111045,2000.36249584512
0.676064718272466,3449.84638160471
0.676102886572247,2507.12468802739
0.676113387672896,1512.62792113674
0.676453657927017,3301.36514853855
0.676759622572766,7157.05897079639
0.676910498647449,7290.75970288425
0.677115848604138,5975.39986667764
0.677279227036882,7625.60273949954
0.678067607335193,8586.22631605686
0.678763107395685,9452.64085214162
0.678852952395504,4812.20817487298
0.679302803644519,4425.12575817607
0.679440047112931,5671.55486535676
0.679800839268889,8455.09238100794
0.679878043534104,847.820852498099
0.680046046082687,7047.21400952804
0.680099785080587,6110.95640878379
0.680554057840276,9130.90645655748
0.681080713617809,4919.97671931517
0.681460165813482,5603.61629463766
0.681657090722603,7465.85681728512
0.681706461808498,2833.11055471339
0.681731869681164,1434.62244725542
0.681775377281395,7534.26737370704
0.681839948104519,9038.8206347705
0.681900412422257,7998.44364799247
0.682003810092501,2028.56051578048
0.682187575589678,4086.33628353993
0.682224871729087,1843.75968250298
0.682227183501047,3955.29485918438
0.682605979925558,8844.04182225672
0.682721607786558,1941.82404977183
0.682865606515695,1071.59921324754
0.682925185099157,6507.00502199463
0.683299066893024,5397.39162862551
0.683318727741746,5968.1577656287
0.683783520834492,3269.54126059279
0.683928737622394,2203.97228916575
0.684445288693539,8297.23686338988
0.684454083850383,9407.18926702194
0.684613343871313,1193.22861429859
0.684984592389358,6385.60753157653
0.685122305296237,8543.27458950228
0.685229250526739,305.791086697679
0.685552761042505,8845.35434807647
0.685695679970845,2422.92816203077
0.685795992910368,3513.75183938235
0.685854164621491,8777.99422223096
0.685870145338452,4846.52002016465
0.686051578590659,7259.49117491238
0.686355009783971,6093.49017440224
0.686699311018025,8809.90101438286
0.686734939909923,4303.06982185363
0.687437943483221,8371.3537108491
0.687446338531667,9261.31683611743
0.687469309256215,9649.51433025107
0.687801647113864,2063.33379447704
0.688127319902854,7707.6887087667
0.688132681841125,3984.28556313333
0.688177338054321,3692.64086019784
0.688562131235366,3331.93659455766
0.688845828225321,700.279283798876
0.68892324548397,8278.81339123285
0.689075028738994,4273.27310475079
0.689484548809278,9778.20096351117
0.689883938606362,1747.74228320628
0.689911041956967,4990.61082449062
0.690019142576393,5179.29506924814
0.690069622550637,8959.09928817866
0.690239490028626,9140.66430575317
0.690241891722098,6740.18283256979
0.690246451638584,4693.78627144
0.690267888354925,7954.25663006449
0.69033817263746,2896.74903102759
0.690966719520115,3143.6172425051
0.691117771883571,8501.28828051063
0.691166295281543,2715.30999500165
0.691333036408884,8878.59323365195
0.691418626158472,5126.79677443135
0.691653912679153,7964.70537672234
0.691675842697713,2251.8589561501
0.691872755469895,5813.93634113192
0.691951068290574,278.173675998653
0.692022343295454,6339.41414465447
0.692274482174408,3811.00063061252
0.692294391695164,8976.44245426622
0.692314016939943,8119.20318076571
0.69237660950922,283.321578413097
0.692517646478741,5784.52940954186
0.692635483071696,6695.82257231538
0.69274481795031,6026.35596295537
0.692976966544542,9332.51361014398
0.693078629093734,9020.65575140691
0.693418439550579,963.02444976856
0.694190961427637,5768.67402244724
0.694435501376709,2898.48691290707
0.694930825591761,1403.08097513833
0.695235671294641,9549.9124277994
0.695535745862316,9949.91971325636
0.695540992217598,7521.51518303608
0.695729618798627,7535.87144063338
0.695914721385359,9187.29030682112
0.695918826920219,1725.65228882674
0.696658500917447,9091.01598580801
0.697129906593356,3296.02206695163
0.697307089232981,3995.83282054495
0.697422462771893,8173.74198421489
0.697456760570105,6421.10919221545
0.697954227793374,2309.28854081425
0.698023493773454,7141.52441529908
0.698059036825259,2164.92240115427
0.698131494228264,8797.26829216771
0.69835574068743,5333.61190421066
0.698425246993001,3467.91455045455
0.699151532210248,1534.96987847949
0.69950307434529,8896.01605906201
0.69973650567552,1306.46126200962
0.699778426979221,4012.55441986163
0.700300543709927,4464.86959527368
0.700327980839569,9520.73304475393
0.700898758056479,4725.54343096742
0.701170068066982,5920.61169637893
0.701235018150743,5858.2064341789
0.701407640617293,3720.23025893833
0.701490554858299,8368.28136809965
0.701590691202928,2074.17780729486
0.701635771142198,1723.59441276825
0.702455000280243,7208.17915667933
0.702478156285127,9329.36147006544
0.702974516030027,2451.25381668973
0.70313335146024,1654.79766530356
0.703398627386635,2852.28755709367
0.703406790576375,2325.45482738535
0.703700061379343,4757.21212367092
0.703867635607623,1473.68823567754
0.703907017784275,1243.66632799092
0.703938971390459,1318.9819732914
0.703947815108624,2649.32504197354
0.704110931191064,5694.22953945401
0.704194486741996,4276.70703402446
0.704456204116968,4870.86028760827
0.704602311742615,5632.1951351798
0.70466997008317,2370.09788050025
0.704874451132498,6294.90122743559
0.705103042193751,7683.58945167612
0.70514557403969,7230.92284348127
0.705281815265555,8353.0231512072
0.705552598942778,4629.0335090437
0.705705659756962,7283.48575376285
0.705846906681208,8918.29681922582
0.705921279350093,6259.47340468496
0.706194154028605,3641.00982697428
0.70651269288639,7467.23076051109
0.70752096717448,4780.34889573415
0.707697837328983,3129.92508437322
0.708457520736225,3850.68079483662
0.708581560732378,8313.10440346219
0.708606065397136,4515.96042489334
0.708759444533044,8741.71459972109
0.708962548417099,5681.94800710221
0.708985355503941,2416.51340581115
0.709084460974536,9211.28907787488
0.709138842038236,6223.93928450665
0.709168331286911,3822.33968141865
0.709196827068038,3195.29561475243
0.709361412249451,7763.93844318294
0.709713321592321,6688.56199544879
0.7098431966398,9233.59313939736
0.709929899159221,973.911555575821
0.710231290352861,7599.56024754891
0.710382614503069,3750.34116452388
0.710503787708557,1571.07621558113
0.710586192181341,705.123826501467
0.710842590239528,5171.11746110287
0.711002935574078,5717.75159890216
0.71119492867264,6024.81330749684
0.711317065188869,2758.21159850048
0.711538179942109,6591.49630711867
0.711665497838035,4616.23215134702
0.711859536524853,4405.87342313171
0.711911634792454,4171.00092828907
0.711929284914911,2943.41277882332
0.712146994779009,6423.8426049775
0.712161207214812,930.968899723935
0.712226567844263,9040.24048390406
0.712246525746434,7854.10734161594
0.712437937890038,4753.88453042783
0.712934808595359,9136.10724175349
0.712955409514166,7099.15927108951
0.713348658600863,8751.9981320653
0.713811940884908,4864.27049268945
0.713861900393866,5572.10697532431
0.71398357486023,2617.41482031407
0.714360437775065,1774.6398724312
0.714505070166486,3611.84428034821
0.714514777598119,8978.04621270606
0.715465723140403,7418.96783162996
0.71557768822039,8084.21534103061
0.715621048248743,6985.24386923508
0.716155258639194,6955.82898781943
0.716232425569556,2713.53115742454
0.716272470908213,9129.5279412787
0.71627535465728,3582.35483882134
0.716295044332175,540.736870159218
0.716448906682731,1502.29827776217
0.716451781875839,9657.04935166296
0.71647153741011,5888.32019862821
0.716885897522204,9388.22049730044
0.716896507711198,2301.04445220174
0.717148427048127,1809.23844020607
0.717396973952487,8743.06584969774
0.717547418016346,7751.80752859236
0.717551706739513,232.091665838918
0.717624484702386,8048.2156218698
0.717785560970387,7328.90806461573
0.717992585780108,6352.81681941762
0.718331759033693,5939.16595817175
0.718351331169514,6615.26448674787
0.718660371139161,6174.75752893315
0.71890298392589,4744.39847608089
0.71910438356744,7021.65762726229
0.719208777819036,837.401059796184
0.719304761720966,8906.36802394638
0.719510209341075,2941.61681689022
0.719712869307885,2061.46446977283
0.720068649119062,6620.23770090276
0.720164970664503,9132.78757557522
0.720186009196508,7689.84160426945
0.720349747979506,8993.81093692286
0.721690192734669,2875.26458295119
0.721852658915828,6865.95755601138
0.722221213560747,5052.84000187617
0.722315748441977,5346.11471252291
0.724276805114827,9546.82942417836
0.724422908437872,6475.65408775623
0.724459064773233,9769.89586536616
0.724899180619943,8957.67518728662
0.725181301895975,1028.20435012369
0.725214702488261,8894.50979986047
0.725371462215516,5796.41810078104
0.725473241252499,2933.31186989328
0.725476071589217,5503.65837131319
0.725582863824936,528.562891339338
0.72559424208497,6966.47199653934
0.726263875323093,9956.15113607719
0.726383266926026,9821.34746057515
0.726499814404661,4293.00966926518
0.726897106677132,5549.30405844964
0.726912441372606,9405.57097857037
0.726950653774142,6649.75707092373
0.726957389372207,3456.25706503701
0.727790231899652,4525.73964791425
0.728096421476109,9050.81432530632
0.7282199532173,3812.46093630381
0.728308240752654,5377.62175629534
0.728356610839167,3950.12108196296
0.728889887070276,6088.56250996673
0.729105041941657,986.069226562953
0.729154205095902,5600.61899476025
0.729480750053817,6095.30319856202
0.72952336766216,4674.08255772474
0.729573167167038,614.619052144879
0.729594615484389,809.179434482258
0.729763259698242,6986.77060720997
0.729820765061236,9593.86263012276
0.729922187640364,6042.25288399008
0.72997782255893,7341.15850396065
0.729988328402481,5228.97779502768
0.730003491973758,5745.36902505981
0.73026820868888,6701.3379844028
0.730791060520953,4503.2511153466
0.730849820840266,8231.82862683243
0.731173150653817,1248.12607904219
0.731621932495747,7969.59991940245
0.7320284082469,9898.0385109295
0.732056614034081,5177.73568263877
0.732161867322396,4074.85942798251
0.732265184674929,1656.97991179685
0.73231811940575,5990.83661275407
0.732413635753175,2262.49448642904
0.732804568922403,7130.78670587686
0.733023594526494,9035.76764846827
0.733060417086636,2742.34096063573
0.733327269406765,7579.5981786073
0.733452414908101,7399.24068922632
0.733888660259463,2433.52954724966
0.734263645930435,2886.38357471607
0.734314836094589,1289.98975292841
0.734828679501577,8192.88305206072
0.734934571128808,6213.17846639965
0.735030199434616,4256.87117580276
0.735487157168307,2168.74803878595
0.735877090468692,8168.77014961792
0.736019802207628,8660.92769487015
0.736158164650132,4537.82854409455
0.736448724554905,3910.48280447842
0.73669122051913,9226.66864884773
0.736912444059388,3511.7019941454
0.737410859932507,6712.09548874671
0.73742949005976,9543.5098847456
0.73775244540348,5150.60957019679
0.738526837768107,5081.70661099105
0.738795948383039,3691.0098673891
0.739099551496228,8289.43971283694
0.739119135787919,5459.12751975638
0.739272998943521,1797.35168495297
0.739506111862377,5978.30745474639
0.739775884979152,3627.90525826564
0.739835736205458,1176.48612854758
0.739942634381345,7980.14536675176
0.740418080972213,2414.50643276903
0.740610716523921,8386.68242370602
0.740761912224576,8800.34667044133
0.741154620833796,7673.71191934202
0.74156433912938,5561.78388151215
0.741592518528767,4219.05424424569
0.741787849071605,5069.07143172677
0.741956729064818,8871.62450102443
0.742211816501042,5904.80760431657
0.74244696544915,2679.10004538233
0.742482682807142,9824.32833299511
0.742501142228291,1157.40674885755
0.742646913457943,5944.13079313568
0.742963192529096,7048.82660541302
0.743273291681329,6724.49788555619
0.743770454294921,9507.81749002331
0.743902671756827,1536.65971795813
0.744168567430185,9395.16107533846
0.744326542927657,6940.29434266435
0.744602113419278,8129.0837211243
0.744668951466922,747.566866245171
0.744924665586136,6904.53878928788
0.744928172055637,844.909059846245
0.744954627202821,185.726526594444
0.745089531271058,5527.38866675113
0.745327607776778,673.156641731974
0.7456610498054,1660.87785028116
0.74603690092811,5035.02822165426
0.746376119911628,8271.07322243917
0.746604327258974,5915.93150208171
0.74666183428893,895.510110535993
0.747171924787328,5878.010644616
0.747830447552489,2926.15024492561
0.747955473864447,8009.47468518195
0.748367250420948,876.680836047786
0.749453866808257,9601.43534447513
0.749611742534112,1227.95586839687
0.749851843978632,3050.75042202701
0.750184478240529,5425.35232603495
0.750197589735902,8228.71047331849
0.751192848633872,505.434866309019
0.751625935566065,3604.80728022323
0.752869237307031,4121.30636168632
0.753102958371978,8351.68902615139
0.753390392745827,3159.22562680334
0.75354166008254,654.41958065819
0.753845952230987,2249.97120804277
0.754269944527106,2107.77392945057
0.75527124322412,9106.7657722205
0.755316818565753,4217.49521496406
0.755377640080465,7993.55110120703
0.756204301550896,9434.6208468994
0.756389274991856,4447.76590450315
0.756428918650446,6232.82342569172
0.75680358006725,8474.1730083307
0.75714762419104,6694.04501298485
0.757339042758729,4806.92252082696
0.757677069803269,4898.44426574346
0.757928483677538,9746.35439165215
0.758168948611303,9827.55211200742
0.758552295709731,7002.31430415357
0.758894666266996,6549.69857059722
0.758971457491315,2820.88879578653
0.759171133143558,6669.73328728566
0.759400360301964,8102.57655140411
0.759495236325573,8496.41001086057
0.76002511479438,7548.05045294654
0.760126321635153,1128.48917702257
0.760154627295408,6276.7902412465
0.760240495511215,2977.46574240984
0.760259827204734,6927.30826796825
0.760337766166406,9449.63774156625
0.760570253829512,9324.67942659726
0.760848137092081,9623.45595715379
0.761129947708581,2894.79449780413
0.761363405013588,5174.36880830286
0.761420308988398,5545.74208481335
0.761627890740706,1547.89262402478
0.761934284726474,9485.62054690396
0.761941767711928,9052.19122602916
0.762209794457909,3675.71596848692
0.76256781087472,8216.56556951796
0.763533606883889,311.194754401467
0.764045354336467,4738.37377500331
0.764180670584706,1965.33731316886
0.764515661959718,7453.65099231678
0.764692441546473,4635.97047800373
0.764776241086403,431.302025581519
0.764890958943636,7376.7389200187
0.765047404019409,3114.42774949589
0.765395953387592,8215.24311487436
0.766451317186469,5263.45664412177
0.766540387713755,4199.20613497611
0.766625688571375,6392.20134616083
0.766859054937709,3457.72224383144
0.767238871272099,7798.58418204896
0.768395625504164,9172.14618582433
0.769100119219409,6850.28720623198
0.769102908775147,8227.09997999102
0.769267311476784,786.489528447508
0.769616455938697,2726.5121130549
0.769915729823263,4702.44039183151
0.770282027643105,3098.02987294814
0.770737912059076,9875.72399862647
0.770742971563576,5268.34207364827
0.77120134828689,3753.9113495231
0.771798996811224,2730.33253796109
0.771827916823982,2106.06358599543
0.7718580953512,9874.37097267282
0.771903897321098,8832.0818896132
0.772008805177695,6029.81063681978
0.772025115962301,7036.61525223569
0.772093155740261,7896.28409809068
0.77250894730116,3297.76103255688
0.772963800655332,4138.79514512815
0.773680085335963,3944.66274556555
0.773741545907439,3827.60874101462
0.773837206188079,1793.47641206932
0.773988253487253,5412.76670663716
0.774081486752633,6510.14244640056
0.774361778152644,7204.81987129494
0.77478132465936,414.804462332007
0.775178291348127,2815.698317628
0.775465764426127,6150.90303884726
0.776278358788403,6201.44523194482
0.776619803833262,1719.71771452345
0.77674856198894,1099.4881922935
0.777130093767202,8690.24175353991
0.777204586266547,9153.24445310988
0.777329107525299,849.790799869355
0.777597575620082,7793.74234239701
0.777625972106108,5006.18748950681
0.777787764695438,5380.82212258688
0.777844760486575,8472.6397051256
0.778451409148839,6962.99960448883
0.778723341223449,9319.8762302608
0.778987066117879,3886.59906550756
0.779013658907245,5525.79296186064
0.779754232941429,1044.45807782702
0.78033555406897,7919.72701725451
0.780364495878016,7665.88076296841
0.780732782897805,7563.51714124338
0.781541977901649,2200.26293645329
0.782485483066396,7996.80378438902
0.782686130840048,6252.90316225434
0.783215217623888,9743.20603726194
0.783485272082684,7455.13244820149
0.784025524624048,1832.83418680574
0.784106486199343,9730.07553861212
0.784111079676496,9297.82766961252
0.784201489284162,5361.50478173863
0.784344674302457,8290.87795068257
0.784525846309762,5917.34153728817
0.784583081358465,1002.36527068387
0.784746407250179,4648.01833564549
0.784752613199364,9804.31133403608
0.785392920465652,728.230615050274
0.785510420327563,7634.26602430609
0.785619775666626,4285.58258465996
0.786816675093292,1696.62841135524
0.787370633493909,3469.53770227593
0.787613726571762,3976.65479259611
0.788406090551398,4280.19675797339
0.788971897248506,5197.16028270657
0.789912891199291,3433.80577472768
0.790916876603763,7860.4018357714
0.791042548704142,6048.8718869831
0.791332135974016,9433.16732277916
0.791504393909833,7102.37597452601
0.791773630541648,7186.10810160666
0.792056168713948,9439.34880397935
0.793783309740716,6494.53753960279
0.793997767306443,2485.11165941286
0.794911084073907,4760.60198841694
0.799382803849581,4670.39214103726
0.79998331014122,7299.00312471331
0.801048331647047,4241.14459657061
0.801224032673036,2152.39714108206
0.801676687242782,5471.73146358981
0.801853947829581,7237.30395039809
0.802092758108753,4167.56485469732
0.802494343574005,2975.67200406895
0.803443018041187,8816.2127634007
0.804084938971171,1461.34199549953
0.804438828249136,3839.96485258418
0.804452431938063,3624.34389626437
0.805103450766624,4932.58496247787
0.806042411985543,7828.25982714335
0.806734403544877,248.18720012281
0.806795858164616,763.568752770947
0.807669444017657,1282.82834101368
0.807725039145867,220.573476596757
0.80859394168507,392.317253658429
0.809114687860942,6139.98384074271
0.809492725981367,7576.28496667031
0.810366718639551,3234.40231447174
0.810691350422033,4971.24787603996
0.810988621650809,6287.54914148658
0.811950296132088,3824.16670247556
0.812065083619906,6775.96937421947
0.812691173304013,8425.8102196077
0.814423579823986,6198.05268412841
0.814721274678279,7072.97182312026
0.815043438177652,4893.40212190587
0.815879018101719,9652.49594809991
0.817971843242665,3004.19670629037
0.818565957534226,5128.53391175843
0.818886725943671,4010.98531740345
0.819812003256177,4463.50925487527
0.82025894667524,4479.81067508595
0.820356292324184,6838.03170518864
0.821187053679647,2223.12787692495
0.822430097454887,4172.84293494413
0.823324687628245,8082.67651228756
0.823444602905711,3515.32078095085
0.824351753126814,3320.96897250097
0.825182589503293,2558.71117647839
0.825460122756052,4354.22075653891
0.825666391445367,1845.48163913128
0.825673570257324,2781.5257627847
0.826256288162911,3908.69937261268
0.827016535618283,1945.90946976576
0.828026605324857,7330.50865652125
0.828388502108806,7712.58955771682
0.828413508136292,3394.21442500043
0.828768299979505,4073.22944389845
0.829236713532499,6443.49984833497
0.82930599597854,1180.5962066501
0.829833961134959,482.843554146029
0.83015898929513,1130.48938932755
0.830181445532912,947.289111926461
0.831389145731984,5487.77044386237
0.832178856403161,8942.4704859422
0.832391091717003,556.808144980397
0.833400296542745,341.01977827307
0.833408778717543,2449.44670994888
0.833721807635176,8758.35408207074
0.833952080469595,9175.27993960604
0.834331421078618,1552.01515399115
0.834952824840105,7727.99096901255
0.835592260249428,8907.74059641917
0.836096596079688,5794.77794726424
0.837295567351499,650.010829030457
0.837846502953173,1625.86799322133
0.83976235846445,3722.02662493302
0.840676762488834,3999.47598980315
0.841282815767325,6275.17000275629
0.842554235302399,6774.46310686839
0.842731942187683,8477.40784596632
0.843367114558597,9936.80608092856
0.843743227436966,7379.9392463262
0.844844973888581,4367.06500594405
0.845981469778005,5451.74556161499
0.849145148775335,4819.69036097211
0.850086832437723,2817.3518593813
0.85076300295211,4851.45486549768
0.851472959137058,1880.00657614338
0.852523948540077,4057.46273944835
0.852827536176535,1083.41962799084
0.853285536118251,196.807858864882
0.854024871733998,2296.88383900103
0.85489207296772,6924.02680628265
0.85506228982218,1438.89989184159
0.855422104834906,4476.32327430317
0.855657763282618,3101.70172679906
0.857891767625173,3347.40096158459
0.859157259794282,7825.2395811913
0.860641909700802,77.236826120093
0.862090506613598,7173.27833446698
0.862253759228983,575.912548757675
0.862665176480518,8587.68833116254
0.862701752194119,1067.32891486877
0.863304566217191,3491.91338300716
0.864900969090231,7918.2964561896
0.865825109681485,1164.63477212222
0.867412132163359,1348.14416797972
0.870316443837835,466.549393604057
0.871375554957843,2371.87482575562
0.872977235902639,5716.24636803108
0.874470027858255,1500.35056222257
0.87813511880284,1267.03585218481
0.879560141760012,4573.85239664838
0.880382127340419,1906.65347640407
0.882648003115434,5658.39767129411
0.885809982509016,821.597588867954
0.887585772770976,5265.06158115192
0.887844597423305,2181.17762627242
0.888091103796912,3378.81995938085
0.88852009657178,6727.77405596909
0.890000263473918,899.93357784403
0.890069356847024,9484.17072716653
0.892204422672504,5826.44501352999
0.898734196596281,3656.3610106899
0.899968767165936,2445.75367274466
0.900122178212936,3210.81515439086
0.901113319536384,368.978242109438
0.9114347994767,6505.28052968532
0.918554237286472,2032.40114834536
0.921744307360707,1380.25998206429
0.925707816225132,357.084146819691
0.933664452938333,1919.2908306481
0.946866013217692,2598.02682908394
0.965407772148974,2668.73218047958
