Sigma, Rak1 Index Zero
-12.7489999999297,1.00000041666627
-12.7489999999297,1.00009489444931
-12.7489999999297,1.00019489444931
-12.7489999999297,1.00029489444931
-12.7489999999297,1.00039489444931
-12.7489999999297,1.00049489444931
-12.7489999999297,1.00059489444931
-12.7489999999297,1.00069489444931
-12.7489999999297,1.00079489444931
-12.7489999999297,1.00089489444931
-12.7489999999297,1.00099489444931
-12.7489999999297,1.00109489444931
-12.7489999999297,1.00119489444931
-12.7489999999297,1.00129489444931
-12.7489999999297,1.00139489444931
-12.7489999999297,1.00149489444931
-12.7489999999297,1.00159489444931
-12.7489999999297,1.00169489444931
-12.7489999999297,1.00179489444931
-12.7489999999297,1.00189489444931
-12.7489999999297,1.00199489444931
-12.7489999999297,1.00209489444931
-12.7489999999297,1.00219489444931
-12.7489999999297,1.00229489444931
-12.7489999999297,1.00239489444931
-12.7489999999297,1.00249489444931
-12.7489999999297,1.00259489444931
-12.7489999999297,1.00269489444931
-12.7489999999297,1.00279489444931
-12.7489999999297,1.00289489444931
-12.7489999999297,1.00299489444931
-12.7489999999297,1.00309489444931
-12.7489999999297,1.00319489444931
-12.7489999999297,1.00329489444931
-12.7489999999297,1.00339489444931
-12.7489999999297,1.00349489444931
-12.7489999999297,1.00359489444931
-12.7489999999297,1.00369489444931
-12.7489999999297,1.00379489444931
-12.7489999999297,1.00389489444931
-12.7489999999297,1.00399489444931
-12.7489999999297,1.00409489444931
-12.7489999999297,1.00419489444931
-12.7489999999297,1.00429489444931
-12.7489999999297,1.00439489444931
-12.7489999999297,1.00449489444931
-12.7489999999297,1.00459489444931
-12.7489999999297,1.00469489444931
-12.7489999999297,1.00479489444931
-12.7489999999297,1.00489489444931
-12.7489999999297,1.00499489444931
-12.7489999999297,1.00509489444931
-12.7489999999297,1.00519489444931
-12.7489999999297,1.00529489444931
-12.7489999999297,1.00539489444931
-12.7489999999297,1.00549489444931
-12.7489999999297,1.00559489444931
-12.7489999999297,1.00569489444931
-12.7489999999297,1.00579489444931
-12.7489999999297,1.00589489444931
-12.7489999999297,1.00599489444931
-12.7489999999297,1.00609489444931
-12.7489999999297,1.00619489444931
-12.7489999999297,1.00629489444931
-12.7489999999297,1.00639489444931
-12.7489999999297,1.00649489444931
-12.7489999999297,1.00659489444931
-12.7489999999297,1.00669489444931
-12.7489999999297,1.00679489444931
-12.7489999999297,1.00689489444931
-12.7489999999297,1.00699489444931
-12.7489999999297,1.00709489444931
-12.7489999999297,1.00719489444931
-12.7489999999297,1.00729489444931
-12.7489999999297,1.00739489444931
-12.7489999999297,1.00749489444931
-12.7489999999297,1.00759489444931
-12.7489999999297,1.00769489444931
-12.7489999999297,1.00779489444931
-12.7489999999297,1.00789489444931
-12.7489999999297,1.00799489444931
-12.7489999999297,1.00809489444931
-12.7489999999297,1.00819489444931
-12.7489999999297,1.00829489444931
-12.7489999999297,1.00839489444931
-12.7489999999297,1.00849489444931
-12.7489999999297,1.00859489444931
-12.7489999999297,1.00869489444931
-12.7489999999297,1.00879489444931
-12.7489999999297,1.00889489444931
-12.7489999999297,1.00899489444931
-12.7489999999297,1.00909489444931
-12.7489999999297,1.00919489444931
-12.7489999999297,1.00929489444931
-12.7489999999297,1.00939489444931
-12.7489999999297,1.00949489444931
-12.7489999999297,1.00959489444931
-12.7489999999297,1.00969489444931
-12.7489999999297,1.00979489444931
-12.7489999999297,1.00989489444931
-12.7489999999297,1.00999489444931
-12.7489999999297,1.01009489444931
-12.7489999999297,1.01019489444931
-12.7489999999297,1.01029489444931
-12.7489999999297,1.01039489444931
-12.7489999999297,1.01049489444931
-12.7489999999297,1.01059489444931
-12.7489999999297,1.01069489444931
-12.7489999999297,1.01079489444931
-12.7489999999297,1.01089489444931
-12.7489999999297,1.01099489444931
-12.7489999999297,1.01109489444931
-11.5405000000703,1.01119489444931
-11.5405000000703,1.01129489444931
-11.5405000000703,1.01139489444931
-11.5405000000703,1.01149489444931
-11.5405000000703,1.01159489444931
-11.5405000000703,1.01169489444931
-11.5405000000703,1.01179489444931
-11.5405000000703,1.01189489444931
-11.5405000000703,1.01199489444931
-11.5405000000703,1.01209489444931
-11.5405000000703,1.01219489444931
-11.5405000000703,1.01229489444931
-11.5405000000703,1.01239489444931
-11.5405000000703,1.01249489444931
-11.5405000000703,1.01259489444931
-11.5405000000703,1.01269489444931
-11.5405000000703,1.01279489444931
-11.5405000000703,1.01289489444931
-11.5405000000703,1.01299489444931
-11.5405000000703,1.01309489444931
-11.5405000000703,1.01319489444931
-11.5405000000703,1.01329489444931
-11.5405000000703,1.01339489444931
-11.5405000000703,1.01349489444931
-11.5405000000703,1.01359489444931
-11.5405000000703,1.01369489444931
-11.5405000000703,1.01379489444931
-11.5405000000703,1.01389489444931
-11.5405000000703,1.01399489444931
-11.5405000000703,1.01409489444931
-11.5405000000703,1.01419489444931
-11.5405000000703,1.01429489444931
-11.5405000000703,1.01439489444931
-11.5405000000703,1.01449489444931
-11.5405000000703,1.01459489444931
-11.5405000000703,1.01469489444931
-11.5405000000703,1.01479489444931
-11.5405000000703,1.01489489444931
-11.5405000000703,1.01499489444931
-11.5405000000703,1.01509489444931
-11.5405000000703,1.01519489444931
-11.5405000000703,1.01529489444931
-11.5405000000703,1.01539489444931
-11.5405000000703,1.01549489444931
-11.5405000000703,1.01559489444931
-11.5405000000703,1.01569489444931
-11.5405000000703,1.01579489444931
-11.5405000000703,1.01589489444931
-11.5405000000703,1.01599489444931
-11.5405000000703,1.01609489444931
-11.5405000000703,1.01619489444931
-11.5405000000703,1.01629489444931
-11.5405000000703,1.01639489444931
-11.5405000000703,1.01649489444931
-11.5405000000703,1.01659489444931
-11.5405000000703,1.01669489444931
-11.5405000000703,1.01679489444931
-11.5405000000703,1.01689489444931
-11.5405000000703,1.01699489444931
-11.5405000000703,1.01709489444931
-11.5405000000703,1.01719489444931
-11.5405000000703,1.01729489444931
-11.5405000000703,1.01739489444931
-11.5405000000703,1.01749489444931
-11.5405000000703,1.01759489444931
-11.5405000000703,1.01769489444931
-11.5405000000703,1.01779489444931
-11.5405000000703,1.01789489444931
-11.5405000000703,1.01799489444931
-11.5405000000703,1.01809489444931
-11.5405000000703,1.01819489444931
-11.5405000000703,1.01829489444931
-11.5405000000703,1.01839489444931
-11.5405000000703,1.01849489444931
-11.5405000000703,1.01859489444931
-11.5405000000703,1.01869489444931
-11.5405000000703,1.01879489444931
-11.5405000000703,1.01889489444931
-11.5405000000703,1.01899489444931
-11.5405000000703,1.01909489444931
-11.5405000000703,1.01919489444931
-11.5405000000703,1.01929489444931
-11.5405000000703,1.01939489444931
-11.5405000000703,1.01949489444931
-11.5405000000703,1.01959489444931
-11.5405000000703,1.01969489444931
-11.5405000000703,1.01979489444931
-11.5405000000703,1.01989489444931
-11.5405000000703,1.01999489444931
-11.5405000000703,1.02009489444931
-11.5405000000703,1.02019489444931
-11.5405000000703,1.02029489444931
-11.5405000000703,1.02039489444931
-11.5405000000703,1.02049489444931
-11.5405000000703,1.02059489444931
-11.5405000000703,1.02069489444931
-11.5405000000703,1.02079489444931
-11.5405000000703,1.02089489444931
-11.5405000000703,1.02099489444931
-11.5405000000703,1.02109489444931
-11.5405000000703,1.02119489444931
-11.5405000000703,1.02129489444931
-11.5405000000703,1.02139489444931
-11.5405000000703,1.02149489444931
-11.5405000000703,1.02159489444931
-11.5405000000703,1.02169489444931
-11.5405000000703,1.02179489444931
-11.5405000000703,1.02189489444931
-11.5405000000703,1.02199489444931
-11.5405000000703,1.02209489444931
-11.5405000000703,1.02219489444931
-11.5405000000703,1.02229489444931
-11.5405000000703,1.02239489444931
-11.5405000000703,1.02249489444931
-11.5405000000703,1.02259489444931
-11.5405000000703,1.02269489444931
-11.5405000000703,1.02279489444931
-11.5405000000703,1.02289489444931
-11.5405000000703,1.02299489444931
-11.5405000000703,1.02309489444931
-11.5405000000703,1.02319489444931
-11.5405000000703,1.02329489444931
-11.5405000000703,1.02339489444931
-11.5405000000703,1.02349489444931
-11.5405000000703,1.02359489444931
-11.5405000000703,1.02369489444931
-11.5405000000703,1.02379489444931
-11.5405000000703,1.02389489444931
-11.5405000000703,1.02399489444931
-11.5405000000703,1.02409489444931
-13.9574999999297,1.02419489444931
-13.9574999999297,1.02429489444931
-13.9574999999297,1.02439489444931
-13.9574999999297,1.02449489444931
-13.9574999999297,1.02459489444931
-13.9574999999297,1.02469489444931
-13.9574999999297,1.02479489444931
-13.9574999999297,1.02489489444931
-13.9574999999297,1.02499489444931
-13.9574999999297,1.02509489444931
-13.9574999999297,1.02519489444931
-13.9574999999297,1.02529489444931
-13.9574999999297,1.02539489444931
-13.9574999999297,1.02549489444931
-13.9574999999297,1.02559489444931
-13.9574999999297,1.02569489444931
-13.9574999999297,1.02579489444931
-13.9574999999297,1.02589489444931
-13.9574999999297,1.02599489444931
-13.9574999999297,1.02609489444931
-13.9574999999297,1.02619489444931
-13.9574999999297,1.02629489444931
-13.9574999999297,1.02639489444931
-13.9574999999297,1.02649489444931
-13.9574999999297,1.02659489444931
-13.9574999999297,1.02669489444931
-13.9574999999297,1.02679489444931
-13.9574999999297,1.02689489444931
-13.9574999999297,1.02699489444931
-13.9574999999297,1.02709489444931
-13.9574999999297,1.02719489444931
-13.9574999999297,1.02729489444931
-13.9574999999297,1.02739489444931
-13.9574999999297,1.02749489444931
-13.9574999999297,1.02759489444931
-13.9574999999297,1.02769489444931
-13.9574999999297,1.02779489444931
-13.9574999999297,1.02789489444931
-13.9574999999297,1.02799489444931
-13.9574999999297,1.02809489444931
-13.9574999999297,1.02819489444931
-13.9574999999297,1.02829489444931
-13.9574999999297,1.02839489444931
-13.9574999999297,1.02849489444931
-0.70649999991752,1.0381
-0.70649999991752,1.03809489444444
-0.70649999991752,1.0382
-0.70649999991752,1.03819489444444
-0.70649999991752,1.0383
-0.70649999991752,1.03829489444444
-0.70649999991752,1.0384
-0.70649999991752,1.03839489444444
-0.70649999991752,1.0385
-0.70649999991752,1.03849489444444
-0.70649999991752,1.0386
-0.70649999991752,1.03859489444444
-0.70649999991752,1.0387
-0.70649999991752,1.03869489444444
-0.70649999991752,1.0388
-0.70649999991752,1.03879489444444
-0.70649999991752,1.0389
-0.70649999991752,1.03889489444444
-0.70649999991752,1.039
-0.70649999991752,1.03899489444444
-0.70649999991752,1.0391
-0.70649999991752,1.03909489444444
-0.70649999991752,1.0392
-0.70649999991752,1.03919489444444
-0.70649999991752,1.0393
-0.70649999991752,1.03929489444444
-0.70649999991752,1.0394
-0.70649999991752,1.03939489444444
-0.70649999991752,1.0395
-0.70649999991752,1.03949489444444
-0.70649999991752,1.0396
-0.70649999991752,1.03959489444444
-0.70649999991752,1.0397
-0.70649999991752,1.03969489444444
-0.70649999991752,1.0398
-0.70649999991752,1.03979489444444
-0.70649999991752,1.0399
-0.70649999991752,1.03989489444444
-0.70649999991752,1.04
-0.70649999991752,1.03999489444444
-0.70649999991752,1.0401
-0.70649999991752,1.04009489444444
-0.70649999991752,1.0402
-0.70649999991752,1.04019489444444
-0.70649999991752,1.0403
-0.70649999991752,1.04029489444444
-0.70649999991752,1.0404
-0.70649999991752,1.04039489444444
-0.70649999991752,1.0405
-0.70649999991752,1.04049489444444
-0.70649999991752,1.0406
-0.70649999991752,1.04059489444444
-0.70649999991752,1.0407
-0.70649999991752,1.04069489444444
-0.70649999991752,1.0408
-0.70649999991752,1.04079489444444
-0.70649999991752,1.0409
-0.70649999991752,1.04089489444444
-0.70649999991752,1.041
-0.70649999991752,1.04099489444444
-0.70649999991752,1.0411
-0.70649999991752,1.04109489444444
-0.70649999991752,1.0412
-0.70649999991752,1.04119489444444
-0.70649999991752,1.0413
-0.70649999991752,1.04129489444444
-0.70649999991752,1.0414
-0.70649999991752,1.04139489444444
-0.70649999991752,1.0415
-0.70649999991752,1.04149489444444
-0.70649999991752,1.0416
-0.70649999991752,1.04159489444444
-0.70649999991752,1.0417
-0.70649999991752,1.04169489444444
-0.70649999991752,1.0418
-0.70649999991752,1.04179489444444
-0.70649999991752,1.0419
-0.70649999991752,1.04189489444444
-0.70649999991752,1.042
-0.70649999991752,1.04199489444444
-0.70649999991752,1.0421
-0.70649999991752,1.04209489444444
-0.70649999991752,1.0422
-0.70649999991752,1.04219489444444
-1.91499999991752,1.04709999999999
-1.91499999991752,1.04709489444444
-1.91499999991752,1.04719999999999
-1.91499999991752,1.04719489444444
-1.91499999991752,1.04729999999999
-1.91499999991752,1.04729489444444
-1.91499999991752,1.04739999999999
-1.91499999991752,1.04739489444444
-1.91499999991752,1.04749999999999
-1.91499999991752,1.04749489444444
-1.91499999991752,1.04759999999999
-1.91499999991752,1.04759489444444
-1.91499999991752,1.04769999999999
-1.91499999991752,1.04769489444444
-1.91499999991752,1.04779999999999
-1.91499999991752,1.04779489444444
-1.91499999991752,1.04789999999999
-1.91499999991752,1.04789489444444
-1.91499999991752,1.04799999999999
-1.91499999991752,1.04799489444444
-1.91499999991752,1.04809999999999
-1.91499999991752,1.04809489444444
-1.91499999991752,1.04819999999999
-1.91499999991752,1.04819489444444
-1.91499999991752,1.04829999999999
-1.91499999991752,1.04829489444444
-1.91499999991752,1.04839999999999
-1.91499999991752,1.04839489444444
-1.91499999991752,1.04849999999999
-1.91499999991752,1.04849489444444
-1.91499999991752,1.04859999999999
-1.91499999991752,1.04859489444444
-1.91499999991752,1.04869999999999
-1.91499999991752,1.04869489444444
-1.91499999991752,1.04879999999999
-1.91499999991752,1.04879489444444
-1.91499999991752,1.04889999999999
-1.91499999991752,1.04889489444444
-1.91499999991752,1.04899999999999
-1.91499999991752,1.04899489444444
-1.91499999991752,1.04909999999999
-1.91499999991752,1.04909489444444
-1.91499999991752,1.04919999999999
-1.91499999991752,1.04919489444444
-1.91499999991752,1.04929999999999
-1.91499999991752,1.04929489444444
-1.91499999991752,1.04939999999999
-1.91499999991752,1.04939489444444
-1.91499999991752,1.04949999999999
-1.91499999991752,1.04949489444444
-1.91499999991752,1.04959999999999
-1.91499999991752,1.04959489444444
-1.91499999991752,1.04969999999999
-1.49799999994179,1.04969489444444
-1.49799999994179,1.04979999999999
-1.49799999994179,1.04979489444444
-1.49799999994179,1.04989999999999
-1.49799999994179,1.04989489444444
-1.49799999994179,1.04999999999999
-1.49799999994179,1.04999489444444
-1.49799999994179,1.05009999999999
-1.49799999994179,1.05009489444444
-1.49799999994179,1.05019999999999
-1.49799999994179,1.05019489444444
-1.49799999994179,1.05029999999999
-1.49799999994179,1.05029489444444
-1.49799999994179,1.05039999999999
-1.49799999994179,1.05039489444444
-1.49799999994179,1.05049999999999
-1.49799999994179,1.05049489444444
-1.49799999994179,1.05059999999999
-1.49799999994179,1.05059489444444
-1.49799999994179,1.05069999999999
-1.49799999994179,1.05069489444444
-1.49799999994179,1.05079999999999
-1.49799999994179,1.05079489444444
-1.49799999994179,1.05089999999999
-1.49799999994179,1.05089489444444
-1.49799999994179,1.05099999999999
-1.49799999994179,1.05099489444444
-1.49799999994179,1.05109999999999
-1.49799999994179,1.05109489444444
-1.49799999994179,1.05119999999999
-1.49799999994179,1.05119489444444
-1.49799999994179,1.05129999999999
-1.49799999994179,1.05129489444444
-1.49799999994179,1.05139999999999
-1.49799999994179,1.05139489444444
-1.49799999994179,1.05149999999999
-1.49799999994179,1.05149489444444
-1.49799999994179,1.05159999999999
-1.49799999994179,1.05159489444444
-1.49799999994179,1.05169999999999
-1.49799999994179,1.05169489444444
-1.49799999994179,1.05179999999999
-1.49799999994179,1.05179489444444
-1.49799999994179,1.05189999999999
-1.49799999994179,1.05189489444444
-1.49799999994179,1.05199999999999
-1.49799999994179,1.05199489444444
-1.49799999994179,1.05209999999999
-1.49799999994179,1.05209489444444
-1.49799999994179,1.05219999999999
-1.49799999994179,1.05219489444444
-1.49799999994179,1.05229999999999
-1.49799999994179,1.05229489444444
-1.49799999994179,1.05239999999999
-1.49799999994179,1.05239489444444
-1.49799999994179,1.05249999999999
-1.49799999994179,1.05249489444444
-0.28950000008248,1.05259999999999
-0.28950000008248,1.05259489444444
-0.28950000008248,1.05269999999999
-0.28950000008248,1.05269489444444
-0.28950000008248,1.05279999999999
-0.28950000008248,1.05279489444444
-0.28950000008248,1.05289999999999
-0.28950000008248,1.05289489444444
-0.28950000008248,1.05299999999999
-0.28950000008248,1.05299489444444
-0.28950000008248,1.05309999999999
-0.28950000008248,1.05309489444444
-0.28950000008248,1.05319999999999
-0.28950000008248,1.05319489444444
-0.28950000008248,1.05329999999999
-0.28950000008248,1.05329489444444
-0.28950000008248,1.05339999999999
-0.28950000008248,1.05339489444444
-0.28950000008248,1.05349999999999
-0.28950000008248,1.05349489444444
-0.28950000008248,1.05359999999999
-0.28950000008248,1.05359489444444
-0.28950000008248,1.05369999999999
-0.28950000008248,1.05369489444444
-0.28950000008248,1.05379999999999
-0.28950000008248,1.05379489444444
-0.28950000008248,1.05389999999999
-0.28950000008248,1.05389489444444
-0.28950000008248,1.05399999999999
-0.28950000008248,1.05399489444444
-0.28950000008248,1.05409999999999
-0.28950000008248,1.05409489444444
-0.28950000008248,1.05419999999999
-0.28950000008248,1.05419489444444
-0.28950000008248,1.05429999999999
-0.28950000008248,1.05429489444444
-0.28950000008248,1.05439999999999
-0.28950000008248,1.05439489444444
-0.28950000008248,1.05449999999999
-0.28950000008248,1.05449489444444
-0.28950000008248,1.05459999999999
-0.28950000008248,1.05459489444444
-0.28950000008248,1.05469999999999
-0.28950000008248,1.05469489444444
-0.28950000008248,1.05479999999999
-0.28950000008248,1.05479489444444
-0.28950000008248,1.05489999999999
-0.28950000008248,1.05489489444444
-0.28950000008248,1.05499999999999
-0.28950000008248,1.05499489444444
-0.28950000008248,1.05509999999999
-0.28950000008248,1.05509489444444
-0.28950000008248,1.05519999999999
-0.28950000008248,1.05519489444444
-0.28950000008248,1.05529999999999
-0.28950000008248,1.05529489444444
-0.28950000008248,1.05539999999999
-0.28950000008248,1.05539489444444
-0.28950000008248,1.05549999999999
-0.28950000008248,1.05549489444444
-0.28950000008248,1.05559999999999
-0.28950000008248,1.05559489444444
-0.28950000008248,1.05569999999999
-0.28950000008248,1.05569489444444
-0.28950000008248,1.05579999999999
-0.28950000008248,1.05579489444444
-0.28950000008248,1.05589999999999
-0.28950000008248,1.05589489444444
-0.28950000008248,1.05599999999999
-0.28950000008248,1.05599489444444
-0.28950000008248,1.05609999999999
-0.28950000008248,1.05609489444444
-0.28950000008248,1.05619999999999
-0.28950000008248,1.05619489444444
-0.28950000008248,1.05629999999999
-0.28950000008248,1.05629489444444
-0.28950000008248,1.05639999999999
-0.28950000008248,1.05639489444444
-0.28950000008248,1.05649999999999
-0.28950000008248,1.05649489444444
-0.28950000008248,1.05659999999999
-0.28950000008248,1.05659489444444
-0.28950000008248,1.05669999999999
-0.28950000008248,1.05669489444444
-0.28950000008248,1.05679999999999
-0.28950000008248,1.05679489444444
-0.28950000008248,1.05689999999999
-0.28950000008248,1.05689489444444
-0.28950000008248,1.05699999999999
-0.28950000008248,1.05699489444444
-0.28950000008248,1.05709999999999
-0.28950000008248,1.05709489444444
-0.28950000008248,1.05719999999999
-0.28950000008248,1.05719489444444
-0.28950000008248,1.05729999999999
-0.28950000008248,1.05729489444444
-0.28950000008248,1.05739999999999
-0.28950000008248,1.05739489444444
-0.28950000008248,1.05749999999999
-0.28950000008248,1.05749489444444
-0.28950000008248,1.05759999999999
-0.28950000008248,1.05759489444444
-0.28950000008248,1.05769999999999
-0.28950000008248,1.05769489444444
-0.28950000008248,1.05779999999999
-0.28950000008248,1.05779489444444
-0.28950000008248,1.05789999999999
-0.28950000008248,1.05789489444444
-0.28950000008248,1.05799999999999
-0.28950000008248,1.05799489444444
-0.28950000008248,1.05809999999999
-0.28950000008248,1.05809489444444
-0.28950000008248,1.05819999999999
-0.28950000008248,1.05819489444444
-0.28950000008248,1.05829999999999
-0.28950000008248,1.05829489444444
-0.28950000008248,1.05839999999999
-0.28950000008248,1.05839489444444
-0.28950000008248,1.05849999999999
-0.28950000008248,1.05849489444444
-2.70649999994179,1.05859999999999
-2.70649999994179,1.05859489444444
-2.70649999994179,1.05869999999999
-2.70649999994179,1.05869489444444
-2.70649999994179,1.05879999999999
-2.70649999994179,1.05879489444444
-2.70649999994179,1.05889999999999
-2.70649999994179,1.05889489444444
-2.70649999994179,1.05899999999999
-2.70649999994179,1.05899489444444
-2.70649999994179,1.05909999999999
-2.70649999994179,1.05909489444444
-2.70649999994179,1.05919999999999
-2.70649999994179,1.05919489444444
-2.70649999994179,1.05929999999999
-2.70649999994179,1.05929489444444
-2.70649999994179,1.05939999999999
-2.70649999994179,1.05939489444444
-2.70649999994179,1.05949999999999
-2.70649999994179,1.05949489444444
-2.70649999994179,1.05959999999999
-2.70649999994179,1.05959489444444
-2.70649999994179,1.05969999999999
-2.70649999994179,1.05969489444444
-2.70649999994179,1.05979999999999
-2.70649999994179,1.05979489444444
-2.70649999994179,1.05989999999999
-2.70649999994179,1.05989489444444
-2.70649999994179,1.05999999999999
-2.70649999994179,1.05999489444444
-2.70649999994179,1.06009999999999
-2.70649999994179,1.06009489444444
-2.70649999994179,1.06019999999999
-2.70649999994179,1.06019489444444
-2.70649999994179,1.06029999999999
-2.70649999994179,1.06029489444444
-2.70649999994179,1.06039999999999
-2.70649999994179,1.06039489444444
-2.70649999994179,1.06049999999999
-2.70649999994179,1.06049489444444
-2.70649999994179,1.06059999999999
-2.70649999994179,1.06059489444444
-2.70649999994179,1.06069999999999
-2.70649999994179,1.06069489444444
-2.70649999994179,1.06079999999999
-2.70649999994179,1.06079489444444
-2.70649999994179,1.06089999999999
-2.70649999994179,1.06089489444444
-2.70649999994179,1.06099999999999
-2.70649999994179,1.06099489444444
-2.70649999994179,1.06109999999999
-2.70649999994179,1.06109489444444
-2.70649999994179,1.06119999999999
-2.70649999994179,1.06119489444444
-2.70649999994179,1.06129999999999
-2.70649999994179,1.06129489444444
-2.70649999994179,1.06139999999999
-2.70649999994179,1.06139489444444
-2.70649999994179,1.06149999999999
-2.70649999994179,1.06149489444444
-2.70649999994179,1.06159999999999
-2.70649999994179,1.06159489444444
-2.70649999994179,1.06169999999999
-2.70649999994179,1.06169489444444
-2.70649999994179,1.06179999999999
-2.70649999994179,1.06179489444444
-2.70649999994179,1.06189999999999
-2.70649999994179,1.06189489444444
-2.70649999994179,1.06199999999999
-2.70649999994179,1.06199489444444
-2.70649999994179,1.06209999999999
-2.70649999994179,1.06209489444444
-2.70649999994179,1.06219999999999
-2.91499999991752,1.06219489444444
-2.91499999991752,1.06229999999999
-2.91499999991752,1.06229489444444
-2.91499999991752,1.06239999999999
-2.91499999991752,1.06239489444444
-2.91499999991752,1.06249999999999
-2.91499999991752,1.06249489444444
-2.91499999991752,1.06259999999999
-2.91499999991752,1.06259489444444
-2.91499999991752,1.06269999999999
-2.91499999991752,1.06269489444444
-2.91499999991752,1.06279999999999
-2.91499999991752,1.06279489444444
-2.91499999991752,1.06289999999999
-2.91499999991752,1.06289489444444
-2.91499999991752,1.06299999999999
-2.91499999991752,1.06299489444444
-2.91499999991752,1.06309999999999
-2.91499999991752,1.06309489444444
-2.91499999991752,1.06319999999999
-2.91499999991752,1.06319489444444
-2.91499999991752,1.06329999999999
-2.91499999991752,1.06329489444444
-2.91499999991752,1.06339999999999
-2.91499999991752,1.06339489444444
-2.91499999991752,1.06349999999999
-2.91499999991752,1.06349489444444
-2.91499999991752,1.06359999999999
-2.91499999991752,1.06359489444444
-2.91499999991752,1.06369999999999
-2.91499999991752,1.06369489444444
-2.91499999991752,1.06379999999999
-2.91499999991752,1.06379489444444
-2.91499999991752,1.06389999999999
-2.91499999991752,1.06389489444444
-2.91499999991752,1.06399999999999
-2.91499999991752,1.06399489444444
-2.91499999991752,1.06409999999999
-2.91499999991752,1.06409489444444
-2.91499999991752,1.06419999999999
-2.91499999991752,1.06419489444444
-2.91499999991752,1.06429999999999
-2.91499999991752,1.06429489444444
-2.91499999991752,1.06439999999999
-2.91499999991752,1.06439489444444
-2.91499999991752,1.06449999999999
-2.91499999991752,1.06449489444444
-2.91499999991752,1.06459999999999
-2.91499999991752,1.06459489444444
-2.91499999991752,1.06469999999999
-2.91499999991752,1.06469489444444
-2.91499999991752,1.06479999999999
-2.91499999991752,1.06479489444444
-2.91499999991752,1.06489999999999
-2.91499999991752,1.06489489444444
-2.91499999991752,1.06499999999999
-2.91499999991752,1.06499489444444
-2.91499999991752,1.06509999999999
-2.91499999991752,1.06509489444444
-1.70650000005821,1.06519999999999
-1.70650000005821,1.06519489444444
-1.70650000005821,1.06529999999999
-1.70650000005821,1.06529489444444
-1.70650000005821,1.06539999999999
-1.70650000005821,1.06539489444444
-1.70650000005821,1.06549999999999
-1.70650000005821,1.06549489444444
-1.70650000005821,1.06559999999999
-1.70650000005821,1.06559489444444
-1.70650000005821,1.06569999999999
-1.70650000005821,1.06569489444444
-1.70650000005821,1.06579999999999
-1.70650000005821,1.06579489444444
-1.70650000005821,1.06589999999999
-1.70650000005821,1.06589489444444
-1.70650000005821,1.06599999999999
-1.70650000005821,1.06599489444444
-1.70650000005821,1.06609999999999
-1.70650000005821,1.06609489444444
-1.70650000005821,1.06619999999999
-1.70650000005821,1.06619489444444
-1.70650000005821,1.06629999999999
-1.70650000005821,1.06629489444444
-1.70650000005821,1.06639999999999
-1.70650000005821,1.06639489444444
-1.70650000005821,1.06649999999999
-1.70650000005821,1.06649489444444
-1.70650000005821,1.06659999999999
-1.70650000005821,1.06659489444444
-1.70650000005821,1.06669999999999
-1.70650000005821,1.06669489444444
-1.70650000005821,1.06679999999999
-1.70650000005821,1.06679489444444
-1.70650000005821,1.06689999999999
-1.70650000005821,1.06689489444444
-1.70650000005821,1.06699999999999
-1.70650000005821,1.06699489444444
-1.70650000005821,1.06709999999999
-1.70650000005821,1.06709489444444
-1.70650000005821,1.06719999999999
-1.70650000005821,1.06719489444444
-1.70650000005821,1.06729999999999
-1.70650000005821,1.06729489444444
-1.70650000005821,1.06739999999999
-1.70650000005821,1.06739489444444
-1.70650000005821,1.06749999999999
-1.70650000005821,1.06749489444444
-1.70650000005821,1.06759999999999
-1.70650000005821,1.06759489444444
-1.70650000005821,1.06769999999999
-1.70650000005821,1.06769489444444
-1.70650000005821,1.06779999999999
-1.70650000005821,1.06779489444444
-1.70650000005821,1.06789999999999
-1.70650000005821,1.06789489444444
-1.70650000005821,1.06799999999999
-1.70650000005821,1.06799489444444
-1.70650000005821,1.06809999999999
-1.70650000005821,1.06809489444444
-1.70650000005821,1.06819999999999
-1.70650000005821,1.06819489444444
-1.70650000005821,1.06829999999999
-1.70650000005821,1.06829489444444
-1.70650000005821,1.06839999999999
-1.70650000005821,1.06839489444444
-1.70650000005821,1.06849999999999
-1.70650000005821,1.06849489444444
-1.70650000005821,1.06859999999999
-1.70650000005821,1.06859489444444
-1.70650000005821,1.06869999999999
-1.70650000005821,1.06869489444444
-1.70650000005821,1.06879999999999
-1.70650000005821,1.06879489444444
-1.70650000005821,1.06889999999999
-1.70650000005821,1.06889489444444
-1.70650000005821,1.06899999999999
-1.70650000005821,1.06899489444444
-1.70650000005821,1.06909999999999
-1.70650000005821,1.06909489444444
-1.70650000005821,1.06919999999999
-1.70650000005821,1.06919489444444
-1.70650000005821,1.06929999999999
-1.70650000005821,1.06929489444444
-1.70650000005821,1.06939999999999
-1.70650000005821,1.06939489444444
-1.70650000005821,1.06949999999999
-1.70650000005821,1.06949489444444
-1.70650000005821,1.06959999999999
-1.70650000005821,1.06959489444444
-1.70650000005821,1.06969999999999
-1.70650000005821,1.06969489444444
-1.70650000005821,1.06979999999999
-1.70650000005821,1.06979489444444
-1.70650000005821,1.06989999999999
-1.70650000005821,1.06989489444444
-1.70650000005821,1.06999999999999
-1.70650000005821,1.06999489444444
-1.70650000005821,1.07009999999999
-1.70650000005821,1.07009489444444
-1.70650000005821,1.07019999999999
-1.70650000005821,1.07019489444444
-1.70650000005821,1.07029999999999
-1.70650000005821,1.07029489444444
-1.70650000005821,1.07039999999999
-1.70650000005821,1.07039489444444
-1.70650000005821,1.07049999999999
-1.70650000005821,1.07049489444444
-1.70650000005821,1.07059999999999
-1.70650000005821,1.07059489444444
-1.70650000005821,1.07069999999999
-1.70650000005821,1.07069489444444
-1.70650000005821,1.07079999999999
-1.70650000005821,1.07079489444444
-1.70650000005821,1.07089999999999
-1.70650000005821,1.07089489444444
-1.70650000005821,1.07099999999999
-1.70650000005821,1.07099489444444
-1.70650000005821,1.07109999999999
-1.70650000005821,1.07109489444444
-1.70650000005821,1.07119999999999
-1.70650000005821,1.07119489444444
-1.70650000005821,1.07129999999999
-1.70650000005821,1.07129489444444
-1.70650000005821,1.07139999999999
-1.70650000005821,1.07139489444444
-1.70650000005821,1.07149999999999
-1.70650000005821,1.07149489444444
-1.70650000005821,1.07159999999999
-1.70650000005821,1.07159489444444
-1.70650000005821,1.07169999999999
-1.70650000005821,1.07169489444444
-1.70650000005821,1.07179999999999
-1.70650000005821,1.07179489444444
-1.70650000005821,1.07189999999999
-1.70650000005821,1.07189489444444
-1.70650000005821,1.07199999999999
-1.70650000005821,1.07199489444444
-1.70650000005821,1.07209999999999
-1.70650000005821,1.07209489444444
-4.12349999991752,1.07219999999999
-4.12349999991752,1.07219489444444
-4.12349999991752,1.07229999999999
-4.12349999991752,1.07229489444444
-4.12349999991752,1.07239999999999
-4.12349999991752,1.07239489444444
-4.12349999991752,1.07249999999999
-4.12349999991752,1.07249489444444
-4.12349999991752,1.07259999999999
-4.12349999991752,1.07259489444444
-4.12349999991752,1.07269999999999
-4.12349999991752,1.07269489444444
-4.12349999991752,1.07279999999999
-4.12349999991752,1.07279489444444
-4.12349999991752,1.07289999999999
-4.12349999991752,1.07289489444444
-4.12349999991752,1.07299999999999
-4.12349999991752,1.07299489444444
-4.12349999991752,1.07309999999999
-4.12349999991752,1.07309489444444
-4.12349999991752,1.07319999999999
-4.12349999991752,1.07319489444444
-4.12349999991752,1.07329999999999
-4.12349999991752,1.07329489444444
-4.12349999991752,1.07339999999999
-4.12349999991752,1.07339489444444
-4.12349999991752,1.07349999999999
-4.12349999991752,1.07349489444444
-4.12349999991752,1.07359999999999
-4.12349999991752,1.07359489444444
-4.12349999991752,1.07369999999999
-4.12349999991752,1.07369489444444
-4.12349999991752,1.07379999999999
-4.12349999991752,1.07379489444444
-4.12349999991752,1.07389999999999
-4.12349999991752,1.07389489444444
-4.12349999991752,1.07399999999999
-4.12349999991752,1.07399489444444
-4.12349999991752,1.07409999999999
-4.12349999991752,1.07409489444444
-4.12349999991752,1.07419999999999
-4.12349999991752,1.07419489444444
-4.12349999991752,1.07429999999999
-4.12349999991752,1.07429489444444
-4.12349999991752,1.07439999999999
-4.12349999991752,1.07439489444444
-4.12349999991752,1.07449999999999
-4.12349999991752,1.07449489444444
-4.12349999991752,1.07459999999999
-3.70649999994179,1.07459489444444
-3.70649999994179,1.07469999999999
-3.70649999994179,1.07469489444444
-3.70649999994179,1.07479999999999
-3.70649999994179,1.07479489444444
-3.70649999994179,1.07489999999999
-3.70649999994179,1.07489489444444
-3.70649999994179,1.07499999999999
-3.70649999994179,1.07499489444444
-3.70649999994179,1.07509999999999
-3.70649999994179,1.07509489444444
-3.70649999994179,1.07519999999999
-3.70649999994179,1.07519489444444
-3.70649999994179,1.07529999999999
-3.70649999994179,1.07529489444444
-3.70649999994179,1.07539999999999
-3.70649999994179,1.07539489444444
-3.70649999994179,1.07549999999999
-3.70649999994179,1.07549489444444
-3.70649999994179,1.07559999999999
-3.70649999994179,1.07559489444444
-3.70649999994179,1.07569999999999
-3.70649999994179,1.07569489444444
-3.70649999994179,1.07579999999999
-3.70649999994179,1.07579489444444
-3.70649999994179,1.07589999999999
-3.70649999994179,1.07589489444444
-3.70649999994179,1.07599999999999
-3.70649999994179,1.07599489444444
-3.70649999994179,1.07609999999999
-3.70649999994179,1.07609489444444
-3.70649999994179,1.07619999999999
-3.70649999994179,1.07619489444444
-3.70649999994179,1.07629999999999
-3.70649999994179,1.07629489444444
-3.70649999994179,1.07639999999999
-3.70649999994179,1.07639489444444
-3.70649999994179,1.07649999999999
-3.70649999994179,1.07649489444444
-3.70649999994179,1.07659999999999
-3.70649999994179,1.07659489444444
-3.70649999994179,1.07669999999999
-3.70649999994179,1.07669489444444
-3.70649999994179,1.07679999999999
-3.70649999994179,1.07679489444444
-3.70649999994179,1.07689999999999
-3.70649999994179,1.07689489444444
-3.70649999994179,1.07699999999999
-3.70649999994179,1.07699489444444
-3.70649999994179,1.07709999999999
-3.70649999994179,1.07709489444444
-3.70649999994179,1.07719999999999
-3.70649999994179,1.07719489444444
-3.70649999994179,1.07729999999999
-3.70649999994179,1.07729489444444
-3.70649999994179,1.07739999999999
-3.70649999994179,1.07739489444444
-3.70649999994179,1.07749999999999
-3.70649999994179,1.07749489444444
-3.70649999994179,1.07759999999999
-3.70649999994179,1.07759489444444
-3.70649999994179,1.07769999999999
-3.70649999994179,1.07769489444444
-3.70649999994179,1.07779999999999
-3.70649999994179,1.07779489444444
-3.70649999994179,1.07789999999999
-3.70649999994179,1.07789489444444
-3.70649999994179,1.07799999999999
-3.70649999994179,1.07799489444444
-3.70649999994179,1.07809999999999
-3.70649999994179,1.07809489444444
-3.70649999994179,1.07819999999999
-3.70649999994179,1.07819489444444
-3.70649999994179,1.07829999999999
-3.70649999994179,1.07829489444444
-3.70649999994179,1.07839999999999
-3.70649999994179,1.07839489444444
-3.70649999994179,1.07849999999999
-3.70649999994179,1.07849489444444
-3.70649999994179,1.07859999999999
-3.70649999994179,1.07859489444444
-3.70649999994179,1.07869999999999
-3.70649999994179,1.07869489444444
-3.70649999994179,1.07879999999999
-3.70649999994179,1.07879489444444
-3.70649999994179,1.07889999999999
-3.70649999994179,1.07889489444444
-3.70649999994179,1.07899999999999
-3.70649999994179,1.07899489444444
-3.70649999994179,1.07909999999999
-3.70649999994179,1.07909489444444
-3.70649999994179,1.07919999999999
-3.70649999994179,1.07919489444444
-3.70649999994179,1.07929999999999
-3.70649999994179,1.07929489444444
-3.70649999994179,1.07939999999999
-3.70649999994179,1.07939489444444
-3.70649999994179,1.07949999999999
-3.70649999994179,1.07949489444444
-2.49800000008248,1.07959999999999
-2.49800000008248,1.07959489444444
-2.49800000008248,1.07969999999999
-2.49800000008248,1.07969489444444
-2.49800000008248,1.07979999999999
-2.49800000008248,1.07979489444444
-2.49800000008248,1.07989999999999
-2.49800000008248,1.07989489444444
-2.49800000008248,1.07999999999999
-2.49800000008248,1.07999489444444
-2.49800000008248,1.08009999999999
-2.49800000008248,1.08009489444444
-2.49800000008248,1.08019999999999
-2.49800000008248,1.08019489444444
-2.49800000008248,1.08029999999999
-2.49800000008248,1.08029489444444
-2.49800000008248,1.08039999999999
-2.49800000008248,1.08039489444444
-2.49800000008248,1.08049999999999
-2.49800000008248,1.08049489444444
-2.49800000008248,1.08059999999999
-2.49800000008248,1.08059489444444
-2.49800000008248,1.08069999999999
-2.49800000008248,1.08069489444444
-2.49800000008248,1.08079999999999
-2.49800000008248,1.08079489444444
-2.49800000008248,1.08089999999999
-2.49800000008248,1.08089489444444
-2.49800000008248,1.08099999999999
-2.49800000008248,1.08099489444444
-2.49800000008248,1.08109999999999
-2.49800000008248,1.08109489444444
-2.49800000008248,1.08119999999999
-2.49800000008248,1.08119489444444
-2.49800000008248,1.08129999999999
-2.49800000008248,1.08129489444444
-2.49800000008248,1.08139999999999
-2.49800000008248,1.08139489444444
-2.49800000008248,1.08149999999999
-2.49800000008248,1.08149489444444
-2.49800000008248,1.08159999999999
-2.49800000008248,1.08159489444444
-2.49800000008248,1.08169999999999
-2.49800000008248,1.08169489444444
-2.49800000008248,1.08179999999999
-2.49800000008248,1.08179489444444
-2.49800000008248,1.08189999999999
-2.49800000008248,1.08189489444444
-2.49800000008248,1.08199999999999
-2.49800000008248,1.08199489444444
-2.49800000008248,1.08209999999999
-2.49800000008248,1.08209489444444
-2.49800000008248,1.08219999999999
-2.49800000008248,1.08219489444444
-2.49800000008248,1.08229999999999
-2.49800000008248,1.08229489444444
-2.49800000008248,1.08239999999999
-2.49800000008248,1.08239489444444
-2.49800000008248,1.08249999999999
-2.49800000008248,1.08249489444444
-2.49800000008248,1.08259999999999
-2.49800000008248,1.08259489444444
-2.49800000008248,1.08269999999999
-2.49800000008248,1.08269489444444
-2.49800000008248,1.08279999999999
-2.49800000008248,1.08279489444444
-2.49800000008248,1.08289999999999
-2.49800000008248,1.08289489444444
-2.49800000008248,1.08299999999999
-2.49800000008248,1.08299489444443
-2.49800000008248,1.08309999999999
-2.49800000008248,1.08309489444444
-2.49800000008248,1.08319999999999
-2.49800000008248,1.08319489444444
-2.49800000008248,1.08329999999999
-2.49800000008248,1.08329489444444
-2.49800000008248,1.08339999999999
-2.49800000008248,1.08339489444443
-2.49800000008248,1.08349999999999
-2.49800000008248,1.08349489444444
-2.49800000008248,1.08359999999999
-2.49800000008248,1.08359489444444
-2.49800000008248,1.08369999999999
-2.49800000008248,1.08369489444444
-2.49800000008248,1.08379999999999
-2.49800000008248,1.08379489444443
-2.49800000008248,1.08389999999999
-2.49800000008248,1.08389489444444
-2.49800000008248,1.08399999999999
-2.49800000008248,1.08399489444444
-2.49800000008248,1.08409999999999
-2.49800000008248,1.08409489444444
-2.49800000008248,1.08419999999999
-2.49800000008248,1.08419489444443
-2.49800000008248,1.08429999999999
-2.49800000008248,1.08429489444444
-2.49800000008248,1.08439999999999
-2.49800000008248,1.08439489444444
-2.49800000008248,1.08449999999999
-2.49800000008248,1.08449489444444
-2.49800000008248,1.08459999999999
-2.49800000008248,1.08459489444443
-2.49800000008248,1.08469999999999
-2.49800000008248,1.08469489444444
-2.49800000008248,1.08479999999999
-2.49800000008248,1.08479489444444
-2.49800000008248,1.08489999999999
-2.49800000008248,1.08489489444443
-2.49800000008248,1.08499999999999
-2.49800000008248,1.08499489444443
-2.49800000008248,1.08509999999999
-2.49800000008248,1.08509489444443
-2.49800000008248,1.08519999999999
-2.49800000008248,1.08519489444444
-2.49800000008248,1.08529999999999
-2.49800000008248,1.08529489444443
-2.49800000008248,1.08539999999999
-2.49800000008248,1.08539489444443
-2.49800000008248,1.08549999999999
-2.49800000008248,1.08549489444443
-2.49800000008248,1.08559999999999
-2.49800000008248,1.08559489444444
-2.49800000008248,1.08569999999999
-2.49800000008248,1.08569489444443
-2.49800000008248,1.08579999999999
-2.49800000008248,1.08579489444443
-2.49800000008248,1.08589999999999
-2.49800000008248,1.08589489444443
-2.49800000008248,1.08599999999999
-2.49800000008248,1.08599489444444
-2.49800000008248,1.08609999999999
-2.49800000008248,1.08609489444443
-2.49800000008248,1.08619999999999
-2.49800000008248,1.08619489444443
-2.49800000008248,1.08629999999999
-2.49800000008248,1.08629489444443
-2.49800000008248,1.08639999999999
-2.49800000008248,1.08639489444444
-2.49800000008248,1.08649999999999
-2.49800000008248,1.08649489444443
-2.49800000008248,1.08659999999999
-2.49800000008248,1.08659489444443
-2.49800000008248,1.08669999999999
-2.49800000008248,1.08669489444443
-2.49800000008248,1.08679999999999
-2.49800000008248,1.08679489444444
-2.49800000008248,1.08689999999999
-2.70650000005821,1.08689489444443
-2.70650000005821,1.08699999999999
-2.70650000005821,1.08699489444443
-2.70650000005821,1.08709999999999
-2.70650000005821,1.08709489444443
-2.70650000005821,1.08719999999999
-2.70650000005821,1.08719489444443
-5.12349999991752,1.08729999999999
-5.12349999991752,1.08729489444443
-5.12349999991752,1.08739999999999
-5.12349999991752,1.08739489444443
-5.12349999991752,1.08749999999999
-5.12349999991752,1.08749489444443
-5.12349999991752,1.08759999999999
-5.12349999991752,1.08759489444443
-5.12349999991752,1.08769999999999
-5.12349999991752,1.08769489444443
-5.12349999991752,1.08779999999999
-5.12349999991752,1.08779489444443
-5.12349999991752,1.08789999999999
-5.12349999991752,1.08789489444443
-5.12349999991752,1.08799999999999
-5.12349999991752,1.08799489444443
-5.12349999991752,1.08809999999999
-5.12349999991752,1.08809489444443
-5.12349999991752,1.08819999999999
-5.12349999991752,1.08819489444443
-5.12349999991752,1.08829999999999
-5.12349999991752,1.08829489444443
-5.12349999991752,1.08839999999999
-5.12349999991752,1.08839489444443
-5.12349999991752,1.08849999999999
-5.12349999991752,1.08849489444443
-5.12349999991752,1.08859999999999
-5.12349999991752,1.08859489444443
-5.12349999991752,1.08869999999999
-5.12349999991752,1.08869489444443
-5.12349999991752,1.08879999999999
-5.12349999991752,1.08879489444443
-5.12349999991752,1.08889999999999
-5.12349999991752,1.08889489444443
-5.12349999991752,1.08899999999999
-5.12349999991752,1.08899489444443
-5.12349999991752,1.08909999999999
-5.12349999991752,1.08909489444443
-5.12349999991752,1.08919999999999
-5.12349999991752,1.08919489444443
-5.12349999991752,1.08929999999999
-5.12349999991752,1.08929489444443
-5.12349999991752,1.08939999999999
-5.12349999991752,1.08939489444443
-5.12349999991752,1.08949999999999
-5.12349999991752,1.08949489444443
-5.12349999991752,1.08959999999999
-5.12349999991752,1.08959489444443
-5.12349999991752,1.08969999999999
-5.12349999991752,1.08969489444443
-5.12349999991752,1.08979999999999
-5.12349999991752,1.08979489444443
-5.12349999991752,1.08989999999999
-5.12349999991752,1.08989489444443
-5.12349999991752,1.08999999999999
-5.12349999991752,1.08999489444443
-5.12349999991752,1.09009999999999
-5.12349999991752,1.09009489444443
-5.12349999991752,1.09019999999999
-5.12349999991752,1.09019489444443
-5.12349999991752,1.09029999999999
-5.12349999991752,1.09029489444443
-5.12349999991752,1.09039999999999
-5.12349999991752,1.09039489444443
-5.12349999991752,1.09049999999999
-5.12349999991752,1.09049489444443
-5.12349999991752,1.09059999999999
-5.12349999991752,1.09059489444443
-5.12349999991752,1.09069999999999
-5.12349999991752,1.09069489444443
-5.12349999991752,1.09079999999999
-5.12349999991752,1.09079489444443
-5.12349999991752,1.09089999999999
-5.12349999991752,1.09089489444443
-5.12349999991752,1.09099999999999
-5.12349999991752,1.09099489444443
-5.12349999991752,1.09109999999999
-5.12349999991752,1.09109489444443
-5.12349999991752,1.09119999999999
-5.12349999991752,1.09119489444443
-5.12349999991752,1.09129999999999
-5.12349999991752,1.09129489444443
-5.12349999991752,1.09139999999999
-5.12349999991752,1.09139489444443
-5.12349999991752,1.09149999999999
-5.12349999991752,1.09149489444443
-5.12349999991752,1.09159999999999
-5.12349999991752,1.09159489444443
-5.12349999991752,1.09169999999999
-5.12349999991752,1.09169489444443
-5.12349999991752,1.09179999999999
-5.12349999991752,1.09179489444443
-5.12349999991752,1.09189999999999
-5.12349999991752,1.09189489444443
-5.12349999991752,1.09199999999999
-5.12349999991752,1.09199489444443
-5.12349999991752,1.09209999999999
-5.12349999991752,1.09209489444443
-5.12349999991752,1.09219999999999
-5.12349999991752,1.09219489444443
-5.12349999991752,1.09229999999999
-5.12349999991752,1.09229489444443
-5.12349999991752,1.09239999999999
-5.12349999991752,1.09239489444443
-5.12349999991752,1.09249999999999
-5.12349999991752,1.09249489444443
-5.12349999991752,1.09259999999999
-5.12349999991752,1.09259489444443
-5.12349999991752,1.09269999999999
-5.12349999991752,1.09269489444443
-5.12349999991752,1.09279999999999
-5.12349999991752,1.09279489444443
-5.12349999991752,1.09289999999999
-5.12349999991752,1.09289489444443
-5.12349999991752,1.09299999999999
-5.12349999991752,1.09299489444443
-5.12349999991752,1.09309999999999
-5.12349999991752,1.09309489444443
-5.12349999991752,1.09319999999999
-5.12349999991752,1.09319489444443
-5.12349999991752,1.09329999999999
-5.12349999991752,1.09329489444443
-5.12349999991752,1.09339999999999
-5.12349999991752,1.09339489444443
-5.12349999991752,1.09349999999999
-5.12349999991752,1.09349489444443
-5.12349999991752,1.09359999999999
-5.12349999991752,1.09359489444443
-5.12349999991752,1.09369999999999
-5.12349999991752,1.09369489444443
-5.12349999991752,1.09379999999999
-5.12349999991752,1.09379489444443
-5.12349999991752,1.09389999999999
-5.12349999991752,1.09389489444443
-5.12349999991752,1.09399999999999
-5.12349999991752,1.09399489444443
-5.12349999991752,1.09409999999999
-5.12349999991752,1.09409489444443
-5.12349999991752,1.09419999999999
-5.12349999991752,1.09419489444443
-5.12349999991752,1.09429999999999
-5.12349999991752,1.09429489444443
-5.12349999991752,1.09439999999999
-5.12349999991752,1.09439489444443
-5.12349999991752,1.09449999999999
-5.12349999991752,1.09449489444443
-5.12349999991752,1.09459999999999
-5.12349999991752,1.09459489444443
-5.12349999991752,1.09469999999999
-5.12349999991752,1.09469489444443
-5.12349999991752,1.09479999999999
-5.12349999991752,1.09479489444443
-5.12349999991752,1.09489999999999
-5.12349999991752,1.09489489444443
-5.12349999991752,1.09499999999999
-5.12349999991752,1.09499489444443
-5.12349999991752,1.09509999999999
-5.12349999991752,1.09509489444443
-5.12349999991752,1.09519999999999
-5.12349999991752,1.09519489444443
-3.91500000005821,1.09529999999999
-3.91500000005821,1.09529489444443
-3.91500000005821,1.09539999999999
-3.91500000005821,1.09539489444443
-3.91500000005821,1.09549999999999
-3.91500000005821,1.09549489444443
-3.91500000005821,1.09559999999999
-3.91500000005821,1.09559489444443
-3.91500000005821,1.09569999999999
-3.91500000005821,1.09569489444443
-3.91500000005821,1.09579999999999
-3.91500000005821,1.09579489444443
-3.91500000005821,1.09589999999999
-3.91500000005821,1.09589489444443
-3.91500000005821,1.09599999999999
-3.91500000005821,1.09599489444443
-3.91500000005821,1.09609999999999
-3.91500000005821,1.09609489444443
-3.91500000005821,1.09619999999999
-3.91500000005821,1.09619489444443
-3.91500000005821,1.09629999999999
-3.91500000005821,1.09629489444443
-3.91500000005821,1.09639999999999
-3.91500000005821,1.09639489444443
-3.91500000005821,1.09649999999999
-3.91500000005821,1.09649489444443
-3.91500000005821,1.09659999999999
-3.91500000005821,1.09659489444443
-3.91500000005821,1.09669999999999
-3.91500000005821,1.09669489444443
-3.91500000005821,1.09679999999999
-3.91500000005821,1.09679489444443
-3.91500000005821,1.09689999999999
-3.91500000005821,1.09689489444443
-3.91500000005821,1.09699999999999
-3.91500000005821,1.09699489444443
-3.91500000005821,1.09709999999999
-3.91500000005821,1.09709489444443
-3.91500000005821,1.09719999999999
-3.91500000005821,1.09719489444443
-3.91500000005821,1.09729999999999
-3.91500000005821,1.09729489444443
-3.91500000005821,1.09739999999999
-3.91500000005821,1.09739489444443
-3.91500000005821,1.09749999999999
-3.91500000005821,1.09749489444443
-3.91500000005821,1.09759999999999
-3.91500000005821,1.09759489444443
-3.91500000005821,1.09769999999999
-3.91500000005821,1.09769489444443
-3.91500000005821,1.09779999999999
-3.91500000005821,1.09779489444443
-3.91500000005821,1.09789999999999
-3.91500000005821,1.09789489444443
-3.91500000005821,1.09799999999999
-3.91500000005821,1.09799489444443
-3.91500000005821,1.09809999999999
-3.91500000005821,1.09809489444443
-3.91500000005821,1.09819999999999
-3.91500000005821,1.09819489444443
-3.91500000005821,1.09829999999999
-3.91500000005821,1.09829489444443
-3.91500000005821,1.09839999999999
-3.91500000005821,1.09839489444443
-3.91500000005821,1.09849999999999
-3.91500000005821,1.09849489444443
-3.91500000005821,1.09859999999999
-3.91500000005821,1.09859489444443
-3.91500000005821,1.09869999999999
-3.91500000005821,1.09869489444443
-3.91500000005821,1.09879999999999
-3.91500000005821,1.09879489444443
-3.91500000005821,1.09889999999999
-3.91500000005821,1.09889489444443
-3.91500000005821,1.09899999999999
-3.49800000008248,1.09899489444443
-3.49800000008248,1.09909999999999
-3.49800000008248,1.09909489444443
-3.49800000008248,1.09919999999999
-3.49800000008248,1.09919489444443
-3.49800000008248,1.09929999999999
-3.49800000008248,1.09929489444443
-3.49800000008248,1.09939999999999
-3.49800000008248,1.09939489444443
-3.49800000008248,1.09949999999999
-3.49800000008248,1.09949489444443
-3.49800000008248,1.09959999999999
-3.49800000008248,1.09959489444443
-3.49800000008248,1.09969999999999
-3.49800000008248,1.09969489444443
-3.49800000008248,1.09979999999999
-3.49800000008248,1.09979489444443
-3.49800000008248,1.09989999999999
-3.49800000008248,1.09989489444443
-3.49800000008248,1.09999999999999
-3.49800000008248,1.09999489444443
-3.49800000008248,1.10009999999999
-3.49800000008248,1.10009489444443
-3.49800000008248,1.10019999999999
-3.49800000008248,1.10019489444443
-3.49800000008248,1.10029999999999
-3.49800000008248,1.10029489444443
-3.49800000008248,1.10039999999999
-3.49800000008248,1.10039489444443
-3.49800000008248,1.10049999999999
-3.49800000008248,1.10049489444443
-3.49800000008248,1.10059999999999
-3.49800000008248,1.10059489444443
-3.49800000008248,1.10069999999999
-3.49800000008248,1.10069489444443
-3.49800000008248,1.10079999999999
-3.49800000008248,1.10079489444443
-3.49800000008248,1.10089999999999
-3.49800000008248,1.10089489444443
-3.49800000008248,1.10099999999999
-3.49800000008248,1.10099489444443
-3.49800000008248,1.10109999999999
-3.49800000008248,1.10109489444443
-3.49800000008248,1.10119999999999
-3.49800000008248,1.10119489444443
-3.49800000008248,1.10129999999999
-3.49800000008248,1.10129489444443
-3.49800000008248,1.10139999999999
-3.49800000008248,1.10139489444443
-3.49800000008248,1.10149999999999
-3.49800000008248,1.10149489444443
-3.49800000008248,1.10159999999999
-3.49800000008248,1.10159489444443
-3.49800000008248,1.10169999999999
-3.49800000008248,1.10169489444443
-3.49800000008248,1.10179999999999
-3.49800000008248,1.10179489444443
-3.49800000008248,1.10189999999999
-3.49800000008248,1.10189489444443
-3.49800000008248,1.10199999999999
-3.49800000008248,1.10199489444443
-3.49800000008248,1.10209999999999
-3.49800000008248,1.10209489444443
-3.49800000008248,1.10219999999999
-3.49800000008248,1.10219489444443
-3.49800000008248,1.10229999999999
-3.49800000008248,1.10229489444443
-3.49800000008248,1.10239999999999
-3.49800000008248,1.10239489444443
-3.49800000008248,1.10249999999999
-3.49800000008248,1.10249489444443
-3.49800000008248,1.10259999999999
-3.49800000008248,1.10259489444443
-3.49800000008248,1.10269999999999
-3.49800000008248,1.10269489444443
-3.49800000008248,1.10279999999999
-3.49800000008248,1.10279489444443
-3.49800000008248,1.10289999999999
-3.49800000008248,1.10289489444443
-3.49800000008248,1.10299999999999
-3.49800000008248,1.10299489444443
-3.49800000008248,1.10309999999999
-3.49800000008248,1.10309489444443
-3.49800000008248,1.10319999999999
-3.49800000008248,1.10319489444443
-3.49800000008248,1.10329999999999
-3.49800000008248,1.10329489444443
-3.49800000008248,1.10339999999999
-3.49800000008248,1.10339489444443
-3.49800000008248,1.10349999999999
-3.49800000008248,1.10349489444443
-5.91499999994179,1.10359999999999
-5.91499999994179,1.10359489444443
-5.91499999994179,1.10369999999999
-5.91499999994179,1.10369489444443
-5.91499999994179,1.10379999999999
-5.91499999994179,1.10379489444443
-5.91499999994179,1.10389999999999
-5.91499999994179,1.10389489444443
-5.91499999994179,1.10399999999999
-5.91499999994179,1.10399489444443
-5.91499999994179,1.10409999999999
-5.91499999994179,1.10409489444443
-5.91499999994179,1.10419999999999
-5.91499999994179,1.10419489444443
-5.91499999994179,1.10429999999999
-5.91499999994179,1.10429489444443
-5.91499999994179,1.10439999999999
-5.91499999994179,1.10439489444443
-5.91499999994179,1.10449999999999
-5.91499999994179,1.10449489444443
-5.91499999994179,1.10459999999999
-5.91499999994179,1.10459489444443
-5.91499999994179,1.10469999999999
-5.91499999994179,1.10469489444443
-5.91499999994179,1.10479999999999
-5.91499999994179,1.10479489444443
-5.91499999994179,1.10489999999999
-5.91499999994179,1.10489489444443
-5.91499999994179,1.10499999999999
-5.91499999994179,1.10499489444443
-5.91499999994179,1.10509999999999
-5.91499999994179,1.10509489444443
-5.91499999994179,1.10519999999999
-5.91499999994179,1.10519489444443
-5.91499999994179,1.10529999999999
-5.91499999994179,1.10529489444443
-5.91499999994179,1.10539999999999
-5.91499999994179,1.10539489444443
-5.91499999994179,1.10549999999999
-5.91499999994179,1.10549489444443
-5.91499999994179,1.10559999999999
-5.91499999994179,1.10559489444443
-5.91499999994179,1.10569999999999
-5.91499999994179,1.10569489444443
-5.91499999994179,1.10579999999999
-5.91499999994179,1.10579489444443
-5.91499999994179,1.10589999999999
-5.91499999994179,1.10589489444443
-5.91499999994179,1.10599999999999
-5.91499999994179,1.10599489444443
-5.91499999994179,1.10609999999999
-5.91499999994179,1.10609489444443
-5.91499999994179,1.10619999999999
-5.91499999994179,1.10619489444443
-5.91499999994179,1.10629999999999
-5.91499999994179,1.10629489444443
-5.91499999994179,1.10639999999999
-5.91499999994179,1.10639489444443
-5.91499999994179,1.10649999999999
-5.91499999994179,1.10649489444443
-5.91499999994179,1.10659999999999
-5.91499999994179,1.10659489444443
-5.91499999994179,1.10669999999999
-5.91499999994179,1.10669489444443
-5.91499999994179,1.10679999999999
-5.91499999994179,1.10679489444443
-5.91499999994179,1.10689999999999
-5.91499999994179,1.10689489444443
-5.91499999994179,1.10699999999999
-5.91499999994179,1.10699489444443
-5.91499999994179,1.10709999999999
-5.91499999994179,1.10709489444443
-5.91499999994179,1.10719999999999
-5.91499999994179,1.10719489444443
-5.91499999994179,1.10729999999999
-5.91499999994179,1.10729489444443
-5.91499999994179,1.10739999999999
-5.91499999994179,1.10739489444443
-5.91499999994179,1.10749999999999
-5.91499999994179,1.10749489444443
-5.91499999994179,1.10759999999999
-5.91499999994179,1.10759489444443
-5.91499999994179,1.10769999999999
-5.91499999994179,1.10769489444443
-5.91499999994179,1.10779999999999
-5.91499999994179,1.10779489444443
-5.91499999994179,1.10789999999999
-5.91499999994179,1.10789489444443
-5.91499999994179,1.10799999999999
-5.91499999994179,1.10799489444443
-5.91499999994179,1.10809999999999
-5.91499999994179,1.10809489444443
-5.91499999994179,1.10819999999999
-5.91499999994179,1.10819489444443
-5.91499999994179,1.10829999999999
-5.91499999994179,1.10829489444443
-5.91499999994179,1.10839999999999
-5.91499999994179,1.10839489444443
-5.91499999994179,1.10849999999999
-5.91499999994179,1.10849489444443
-5.91499999994179,1.10859999999999
-5.91499999994179,1.10859489444443
-5.91499999994179,1.10869999999999
-5.91499999994179,1.10869489444443
-5.91499999994179,1.10879999999999
-5.91499999994179,1.10879489444443
-5.91499999994179,1.10889999999999
-5.91499999994179,1.10889489444443
-5.91499999994179,1.10899999999999
-5.91499999994179,1.10899489444443
-5.91499999994179,1.10909999999999
-5.91499999994179,1.10909489444443
-5.91499999994179,1.10919999999999
-5.91499999994179,1.10919489444443
-5.91499999994179,1.10929999999999
-5.91499999994179,1.10929489444443
-5.91499999994179,1.10939999999999
-5.91499999994179,1.10939489444443
-5.91499999994179,1.10949999999999
-5.91499999994179,1.10949489444443
-5.91499999994179,1.10959999999999
-5.91499999994179,1.10959489444443
-5.91499999994179,1.10969999999999
-5.91499999994179,1.10969489444443
-5.91499999994179,1.10979999999999
-5.91499999994179,1.10979489444443
-5.91499999994179,1.10989999999999
-5.91499999994179,1.10989489444443
-5.91499999994179,1.10999999999999
-5.91499999994179,1.10999489444443
-5.91499999994179,1.11009999999999
-5.91499999994179,1.11009489444443
-5.91499999994179,1.11019999999999
-5.91499999994179,1.11019489444443
-5.91499999994179,1.11029999999999
-5.91499999994179,1.11029489444443
-5.91499999994179,1.11039999999999
-5.91499999994179,1.11039489444443
-5.91499999994179,1.11049999999999
-5.91499999994179,1.11049489444443
-5.91499999994179,1.11059999999999
-5.91499999994179,1.11059489444443
-5.91499999994179,1.11069999999999
-5.91499999994179,1.11069489444443
-5.91499999994179,1.11079999999999
-5.91499999994179,1.11079489444443
-5.91499999994179,1.11089999999999
-6.12349999991752,1.11089489444443
-6.12349999991752,1.11099999999999
-6.12349999991752,1.11099489444443
-6.12349999991752,1.11109999999999
-6.12349999991752,1.11109489444443
-6.12349999991752,1.11119999999999
-6.12349999991752,1.11119489444443
-6.12349999991752,1.11129999999999
-6.12349999991752,1.11129489444443
-6.12349999991752,1.11139999999999
-6.12349999991752,1.11139489444443
-6.12349999991752,1.11149999999999
-6.12349999991752,1.11149489444443
-6.12349999991752,1.11159999999999
-6.12349999991752,1.11159489444443
-6.12349999991752,1.11169999999999
-6.12349999991752,1.11169489444443
-6.12349999991752,1.11179999999999
-6.12349999991752,1.11179489444443
-6.12349999991752,1.11189999999999
-6.12349999991752,1.11189489444443
-4.91500000005821,1.11199999999999
-4.91500000005821,1.11199489444443
-4.91500000005821,1.11209999999999
-4.91500000005821,1.11209489444443
-4.91500000005821,1.11219999999999
-4.91500000005821,1.11219489444443
-4.91500000005821,1.11229999999999
-4.91500000005821,1.11229489444443
-4.91500000005821,1.11239999999999
-4.91500000005821,1.11239489444443
-4.91500000005821,1.11249999999999
-4.91500000005821,1.11249489444443
-4.91500000005821,1.11259999999999
-4.91500000005821,1.11259489444443
-4.91500000005821,1.11269999999999
-4.91500000005821,1.11269489444443
-4.91500000005821,1.11279999999999
-4.91500000005821,1.11279489444443
-4.91500000005821,1.11289999999999
-4.91500000005821,1.11289489444443
-4.91500000005821,1.11299999999999
-4.91500000005821,1.11299489444443
-4.91500000005821,1.11309999999999
-4.91500000005821,1.11309489444443
-4.91500000005821,1.11319999999999
-4.91500000005821,1.11319489444443
-4.91500000005821,1.11329999999999
-4.91500000005821,1.11329489444443
-4.91500000005821,1.11339999999999
-4.91500000005821,1.11339489444443
-4.91500000005821,1.11349999999999
-4.91500000005821,1.11349489444443
-4.91500000005821,1.11359999999999
-4.91500000005821,1.11359489444443
-4.91500000005821,1.11369999999999
-4.91500000005821,1.11369489444443
-4.91500000005821,1.11379999999999
-4.91500000005821,1.11379489444443
-4.91500000005821,1.11389999999999
-4.91500000005821,1.11389489444443
-4.91500000005821,1.11399999999999
-4.91500000005821,1.11399489444443
-4.91500000005821,1.11409999999999
-4.91500000005821,1.11409489444443
-4.91500000005821,1.11419999999999
-4.91500000005821,1.11419489444443
-4.91500000005821,1.11429999999999
-4.91500000005821,1.11429489444443
-4.91500000005821,1.11439999999999
-4.91500000005821,1.11439489444443
-4.91500000005821,1.11449999999999
-4.91500000005821,1.11449489444443
-4.91500000005821,1.11459999999999
-4.91500000005821,1.11459489444443
-4.91500000005821,1.11469999999999
-4.91500000005821,1.11469489444443
-4.91500000005821,1.11479999999999
-4.91500000005821,1.11479489444443
-4.91500000005821,1.11489999999999
-4.91500000005821,1.11489489444443
-4.91500000005821,1.11499999999999
-4.91500000005821,1.11499489444443
-4.91500000005821,1.11509999999999
-4.91500000005821,1.11509489444443
-4.91500000005821,1.11519999999999
-4.91500000005821,1.11519489444443
-4.91500000005821,1.11529999999999
-4.91500000005821,1.11529489444443
-4.91500000005821,1.11539999999999
-4.91500000005821,1.11539489444443
-4.91500000005821,1.11549999999999
-4.91500000005821,1.11549489444443
-4.91500000005821,1.11559999999999
-4.91500000005821,1.11559489444443
-4.91500000005821,1.11569999999999
-4.91500000005821,1.11569489444443
-4.91500000005821,1.11579999999999
-4.91500000005821,1.11579489444443
-4.91500000005821,1.11589999999999
-4.91500000005821,1.11589489444443
-4.91500000005821,1.11599999999999
-4.91500000005821,1.11599489444443
-4.91500000005821,1.11609999999999
-4.91500000005821,1.11609489444443
-4.91500000005821,1.11619999999999
-4.91500000005821,1.11619489444443
-4.91500000005821,1.11629999999999
-4.91500000005821,1.11629489444443
-4.91500000005821,1.11639999999999
-4.91500000005821,1.11639489444443
-4.91500000005821,1.11649999999999
-4.91500000005821,1.11649489444443
-4.91500000005821,1.11659999999999
-4.91500000005821,1.11659489444443
-4.91500000005821,1.11669999999999
-4.91500000005821,1.11669489444443
-4.91500000005821,1.11679999999999
-4.91500000005821,1.11679489444443
-4.91500000005821,1.11689999999999
-4.91500000005821,1.11689489444443
-4.91500000005821,1.11699999999999
-4.91500000005821,1.11699489444443
-4.91500000005821,1.11709999999999
-4.91500000005821,1.11709489444443
-4.91500000005821,1.11719999999999
-4.91500000005821,1.11719489444443
-4.91500000005821,1.11729999999999
-4.91500000005821,1.11729489444443
-4.91500000005821,1.11739999999999
-4.91500000005821,1.11739489444443
-4.91500000005821,1.11749999999999
-4.91500000005821,1.11749489444443
-4.91500000005821,1.11759999999999
-4.91500000005821,1.11759489444443
-4.91500000005821,1.11769999999999
-4.91500000005821,1.11769489444443
-4.91500000005821,1.11779999999999
-4.91500000005821,1.11779489444443
-4.91500000005821,1.11789999999999
-4.91500000005821,1.11789489444443
-4.91500000005821,1.11799999999999
-4.91500000005821,1.11799489444443
-4.91500000005821,1.11809999999999
-4.91500000005821,1.11809489444443
-4.91500000005821,1.11819999999999
-4.91500000005821,1.11819489444443
-4.91500000005821,1.11829999999999
-4.91500000005821,1.11829489444443
-4.91500000005821,1.11839999999999
-4.91500000005821,1.11839489444443
-4.91500000005821,1.11849999999999
-4.91500000005821,1.11849489444443
-4.91500000005821,1.11859999999999
-4.91500000005821,1.11859489444443
-4.91500000005821,1.11869999999999
-4.91500000005821,1.11869489444443
-4.91500000005821,1.11879999999999
-4.91500000005821,1.11879489444443
-4.91500000005821,1.11889999999999
-4.91500000005821,1.11889489444443
-4.91500000005821,1.11899999999999
-4.91500000005821,1.11899489444443
-4.91500000005821,1.11909999999999
-4.91500000005821,1.11909489444443
-4.91500000005821,1.11919999999999
-4.91500000005821,1.11919489444443
-4.91500000005821,1.11929999999999
-4.91500000005821,1.11929489444443
-4.91500000005821,1.11939999999999
-4.91500000005821,1.11939489444443
-4.91500000005821,1.11949999999999
-4.91500000005821,1.11949489444443
-4.91500000005821,1.11959999999999
-4.91500000005821,1.11959489444443
-4.91500000005821,1.11969999999999
-4.91500000005821,1.11969489444443
-4.91500000005821,1.11979999999999
-4.91500000005821,1.11979489444443
-4.91500000005821,1.11989999999999
-4.91500000005821,1.11989489444443
-4.91500000005821,1.11999999999999
-4.91500000005821,1.11999489444443
-4.91500000005821,1.12009999999999
-4.91500000005821,1.12009489444443
-4.91500000005821,1.12019999999999
-4.91500000005821,1.12019489444443
-4.91500000005821,1.12029999999999
-4.91500000005821,1.12029489444443
-4.91500000005821,1.12039999999999
-4.91500000005821,1.12039489444443
-4.91500000005821,1.12049999999999
-4.91500000005821,1.12049489444443
-7.33199999991752,1.12059999999999
-7.33199999991752,1.12059489444443
-7.33199999991752,1.12069999999999
-7.33199999991752,1.12069489444443
-7.33199999991752,1.12079999999999
-7.33199999991752,1.12079489444443
-7.33199999991752,1.12089999999999
-7.33199999991752,1.12089489444443
-7.33199999991752,1.12099999999999
-7.33199999991752,1.12099489444443
-7.33199999991752,1.12109999999999
-7.33199999991752,1.12109489444443
-7.33199999991752,1.12119999999999
-7.33199999991752,1.12119489444443
-7.33199999991752,1.12129999999999
-7.33199999991752,1.12129489444443
-7.33199999991752,1.12139999999999
-7.33199999991752,1.12139489444443
-7.33199999991752,1.12149999999999
-7.33199999991752,1.12149489444443
-7.33199999991752,1.12159999999999
-7.33199999991752,1.12159489444443
-7.33199999991752,1.12169999999999
-7.33199999991752,1.12169489444443
-7.33199999991752,1.12179999999999
-7.33199999991752,1.12179489444443
-7.33199999991752,1.12189999999999
-7.33199999991752,1.12189489444443
-7.33199999991752,1.12199999999999
-7.33199999991752,1.12199489444443
-7.33199999991752,1.12209999999999
-7.33199999991752,1.12209489444443
-7.33199999991752,1.12219999999999
-7.33199999991752,1.12219489444443
-7.33199999991752,1.12229999999999
-7.33199999991752,1.12229489444443
-7.33199999991752,1.12239999999999
-7.33199999991752,1.12239489444443
-7.33199999991752,1.12249999999999
-7.33199999991752,1.12249489444443
-7.33199999991752,1.12259999999999
-7.33199999991752,1.12259489444443
-7.33199999991752,1.12269999999999
-7.33199999991752,1.12269489444443
-7.33199999991752,1.12279999999999
-6.91499999994179,1.12279489444443
-6.91499999994179,1.12289999999999
-6.91499999994179,1.12289489444443
-6.91499999994179,1.12299999999999
-6.91499999994179,1.12299489444443
-6.91499999994179,1.12309999999999
-6.91499999994179,1.12309489444443
-6.91499999994179,1.12319999999999
-6.91499999994179,1.12319489444443
-6.91499999994179,1.12329999999999
-6.91499999994179,1.12329489444443
-6.91499999994179,1.12339999999999
-6.91499999994179,1.12339489444443
-6.91499999994179,1.12349999999999
-6.91499999994179,1.12349489444443
-6.91499999994179,1.12359999999999
-6.91499999994179,1.12359489444443
-6.91499999994179,1.12369999999999
-6.91499999994179,1.12369489444443
-6.91499999994179,1.12379999999999
-6.91499999994179,1.12379489444443
-6.91499999994179,1.12389999999999
-6.91499999994179,1.12389489444443
-6.91499999994179,1.12399999999999
-6.91499999994179,1.12399489444443
-6.91499999994179,1.12409999999999
-6.91499999994179,1.12409489444443
-6.91499999994179,1.12419999999999
-6.91499999994179,1.12419489444443
-6.91499999994179,1.12429999999999
-6.91499999994179,1.12429489444443
-6.91499999994179,1.12439999999999
-6.91499999994179,1.12439489444443
-6.91499999994179,1.12449999999999
-6.91499999994179,1.12449489444443
-6.91499999994179,1.12459999999999
-6.91499999994179,1.12459489444443
-6.91499999994179,1.12469999999999
-6.91499999994179,1.12469489444443
-6.91499999994179,1.12479999999999
-6.91499999994179,1.12479489444443
-6.91499999994179,1.12489999999999
-6.91499999994179,1.12489489444443
-6.91499999994179,1.12499999999999
-6.91499999994179,1.12499489444443
-6.91499999994179,1.12509999999999
-6.91499999994179,1.12509489444443
-6.91499999994179,1.12519999999999
-6.91499999994179,1.12519489444443
-6.91499999994179,1.12529999999999
-6.91499999994179,1.12529489444443
-6.91499999994179,1.12539999999999
-6.91499999994179,1.12539489444443
-6.91499999994179,1.12549999999999
-6.91499999994179,1.12549489444443
-6.91499999994179,1.12559999999999
-6.91499999994179,1.12559489444443
-6.91499999994179,1.12569999999999
-6.91499999994179,1.12569489444443
-6.91499999994179,1.12579999999999
-6.91499999994179,1.12579489444443
-6.91499999994179,1.12589999999999
-6.91499999994179,1.12589489444443
-6.91499999994179,1.12599999999999
-6.91499999994179,1.12599489444443
-6.91499999994179,1.12609999999999
-6.91499999994179,1.12609489444443
-6.91499999994179,1.12619999999999
-6.91499999994179,1.12619489444443
-6.91499999994179,1.12629999999999
-6.91499999994179,1.12629489444443
-6.91499999994179,1.12639999999999
-6.91499999994179,1.12639489444443
-6.91499999994179,1.12649999999999
-6.91499999994179,1.12649489444443
-6.91499999994179,1.12659999999999
-6.91499999994179,1.12659489444443
-6.91499999994179,1.12669999999999
-6.91499999994179,1.12669489444443
-6.91499999994179,1.12679999999999
-6.91499999994179,1.12679489444443
-6.91499999994179,1.12689999999999
-6.91499999994179,1.12689489444443
-6.91499999994179,1.12699999999999
-6.91499999994179,1.12699489444443
-6.91499999994179,1.12709999999999
-6.91499999994179,1.12709489444443
-6.91499999994179,1.12719999999999
-6.91499999994179,1.12719489444443
-6.91499999994179,1.12729999999999
-6.91499999994179,1.12729489444443
-6.91499999994179,1.12739999999999
-6.91499999994179,1.12739489444443
-6.91499999994179,1.12749999999999
-6.91499999994179,1.12749489444443
-6.91499999994179,1.12759999999999
-6.91499999994179,1.12759489444443
-6.91499999994179,1.12769999999999
-6.91499999994179,1.12769489444443
-6.91499999994179,1.12779999999999
-6.91499999994179,1.12779489444443
-6.91499999994179,1.12789999999999
-6.91499999994179,1.12789489444443
-6.91499999994179,1.12799999999999
-6.91499999994179,1.12799489444443
-6.91499999994179,1.12809999999999
-6.91499999994179,1.12809489444443
-6.91499999994179,1.12819999999999
-6.91499999994179,1.12819489444443
-6.91499999994179,1.12829999999999
-6.91499999994179,1.12829489444443
-6.91499999994179,1.12839999999999
-6.91499999994179,1.12839489444443
-6.91499999994179,1.12849999999999
-6.91499999994179,1.12849489444443
-6.91499999994179,1.12859999999999
-6.91499999994179,1.12859489444443
-6.91499999994179,1.12869999999999
-6.91499999994179,1.12869489444443
-6.91499999994179,1.12879999999999
-6.91499999994179,1.12879489444443
-6.91499999994179,1.12889999999999
-6.91499999994179,1.12889489444443
-6.91499999994179,1.12899999999999
-6.91499999994179,1.12899489444443
-6.91499999994179,1.12909999999999
-6.91499999994179,1.12909489444443
-6.91499999994179,1.12919999999999
-6.91499999994179,1.12919489444443
-6.91499999994179,1.12929999999999
-6.91499999994179,1.12929489444443
-5.70650000008248,1.12939999999999
-5.70650000008248,1.12939489444443
-5.70650000008248,1.12949999999999
-5.70650000008248,1.12949489444443
-5.70650000008248,1.12959999999999
-5.70650000008248,1.12959489444443
-5.70650000008248,1.12969999999999
-5.70650000008248,1.12969489444443
-5.70650000008248,1.12979999999999
-5.70650000008248,1.12979489444443
-5.70650000008248,1.12989999999999
-5.70650000008248,1.12989489444443
-5.70650000008248,1.12999999999999
-5.70650000008248,1.12999489444443
-5.70650000008248,1.13009999999999
-5.70650000008248,1.13009489444443
-5.70650000008248,1.13019999999999
-5.70650000008248,1.13019489444443
-5.70650000008248,1.13029999999999
-5.70650000008248,1.13029489444443
-5.70650000008248,1.13039999999999
-5.70650000008248,1.13039489444443
-5.70650000008248,1.13049999999999
-5.70650000008248,1.13049489444443
-5.70650000008248,1.13059999999999
-5.70650000008248,1.13059489444443
-5.70650000008248,1.13069999999999
-5.70650000008248,1.13069489444443
-5.70650000008248,1.13079999999999
-5.70650000008248,1.13079489444443
-5.70650000008248,1.13089999999999
-5.70650000008248,1.13089489444443
-5.70650000008248,1.13099999999999
-5.70650000008248,1.13099489444443
-5.70650000008248,1.13109999999999
-5.70650000008248,1.13109489444443
-5.70650000008248,1.13119999999999
-5.70650000008248,1.13119489444443
-5.70650000008248,1.13129999999999
-5.70650000008248,1.13129489444443
-5.70650000008248,1.13139999999999
-5.70650000008248,1.13139489444443
-5.70650000008248,1.13149999999999
-5.70650000008248,1.13149489444443
-5.70650000008248,1.13159999999999
-5.70650000008248,1.13159489444443
-5.70650000008248,1.13169999999999
-5.70650000008248,1.13169489444443
-5.70650000008248,1.13179999999999
-5.70650000008248,1.13179489444443
-5.70650000008248,1.13189999999999
-5.70650000008248,1.13189489444443
-5.70650000008248,1.13199999999999
-5.70650000008248,1.13199489444443
-5.70650000008248,1.13209999999999
-5.70650000008248,1.13209489444443
-5.70650000008248,1.13219999999999
-5.70650000008248,1.13219489444443
-5.70650000008248,1.13229999999999
-5.70650000008248,1.13229489444443
-5.70650000008248,1.13239999999999
-5.70650000008248,1.13239489444443
-5.70650000008248,1.13249999999999
-5.70650000008248,1.13249489444443
-5.70650000008248,1.13259999999999
-5.70650000008248,1.13259489444443
-5.70650000008248,1.13269999999999
-5.70650000008248,1.13269489444443
-5.70650000008248,1.13279999999999
-5.70650000008248,1.13279489444443
-5.70650000008248,1.13289999999999
-5.70650000008248,1.13289489444443
-5.70650000008248,1.13299999999999
-5.70650000008248,1.13299489444443
-5.70650000008248,1.13309999999999
-5.70650000008248,1.13309489444443
-5.70650000008248,1.13319999999999
-5.70650000008248,1.13319489444443
-5.70650000008248,1.13329999999999
-5.70650000008248,1.13329489444443
-5.70650000008248,1.13339999999999
-5.70650000008248,1.13339489444443
-5.70650000008248,1.13349999999999
-5.70650000008248,1.13349489444443
-5.70650000008248,1.13359999999999
-5.70650000008248,1.13359489444443
-5.70650000008248,1.13369999999999
-5.70650000008248,1.13369489444443
-5.70650000008248,1.13379999999999
-5.70650000008248,1.13379489444443
-5.70650000008248,1.13389999999999
-5.70650000008248,1.13389489444443
-5.70650000008248,1.13399999999999
-5.70650000008248,1.13399489444443
-5.70650000008248,1.13409999999999
-5.70650000008248,1.13409489444443
-5.70650000008248,1.13419999999999
-5.70650000008248,1.13419489444443
-5.70650000008248,1.13429999999999
-5.70650000008248,1.13429489444443
-5.70650000008248,1.13439999999999
-5.91500000005821,1.13439489444443
-5.91500000005821,1.13449999999999
-5.91500000005821,1.13449489444443
-5.91500000005821,1.13459999999999
-5.91500000005821,1.13459489444443
-5.91500000005821,1.13469999999999
-5.91500000005821,1.13469489444443
-5.91500000005821,1.13479999999999
-5.91500000005821,1.13479489444443
-5.91500000005821,1.13489999999999
-5.91500000005821,1.13489489444443
-5.91500000005821,1.13499999999999
-5.91500000005821,1.13499489444443
-5.91500000005821,1.13509999999999
-5.91500000005821,1.13509489444443
-5.91500000005821,1.13519999999999
-5.91500000005821,1.13519489444443
-5.91500000005821,1.13529999999999
-5.91500000005821,1.13529489444443
-5.91500000005821,1.13539999999999
-5.91500000005821,1.13539489444443
-5.91500000005821,1.13549999999999
-5.91500000005821,1.13549489444443
-5.91500000005821,1.13559999999999
-5.91500000005821,1.13559489444443
-5.91500000005821,1.13569999999999
-5.91500000005821,1.13569489444443
-5.91500000005821,1.13579999999999
-5.91500000005821,1.13579489444443
-5.91500000005821,1.13589999999999
-5.91500000005821,1.13589489444443
-5.91500000005821,1.13599999999999
-5.91500000005821,1.13599489444443
-5.91500000005821,1.13609999999999
-5.91500000005821,1.13609489444443
-5.91500000005821,1.13619999999998
-5.91500000005821,1.13619489444443
-5.91500000005821,1.13629999999998
-5.91500000005821,1.13629489444443
-5.91500000005821,1.13639999999998
-5.91500000005821,1.13639489444443
-5.91500000005821,1.13649999999998
-5.91500000005821,1.13649489444443
-5.91500000005821,1.13659999999998
-5.91500000005821,1.13659489444443
-5.91500000005821,1.13669999999998
-5.91500000005821,1.13669489444443
-5.91500000005821,1.13679999999998
-5.91500000005821,1.13679489444443
-5.91500000005821,1.13689999999998
-5.91500000005821,1.13689489444443
-5.91500000005821,1.13699999999998
-5.91500000005821,1.13699489444443
-5.91500000005821,1.13709999999998
-5.91500000005821,1.13709489444443
-5.91500000005821,1.13719999999998
-5.91500000005821,1.13719489444443
-5.91500000005821,1.13729999999998
-5.91500000005821,1.13729489444443
-5.91500000005821,1.13739999999998
-5.91500000005821,1.13739489444443
-5.91500000005821,1.13749999999998
-5.91500000005821,1.13749489444443
-5.91500000005821,1.13759999999998
-5.91500000005821,1.13759489444443
-5.91500000005821,1.13769999999998
-5.91500000005821,1.13769489444443
-5.91500000005821,1.13779999999998
-5.91500000005821,1.13779489444443
-5.91500000005821,1.13789999999998
-5.91500000005821,1.13789489444443
-5.91500000005821,1.13799999999998
-5.91500000005821,1.13799489444443
-5.91500000005821,1.13809999999998
-5.91500000005821,1.13809489444443
-8.33199999991752,1.13819999999998
-8.33199999991752,1.13819489444443
-8.33199999991752,1.13829999999998
-8.33199999991752,1.13829489444443
-8.33199999991752,1.13839999999998
-8.33199999991752,1.13839489444443
-8.33199999991752,1.13849999999998
-8.33199999991752,1.13849489444443
-8.33199999991752,1.13859999999998
-8.33199999991752,1.13859489444443
-8.33199999991752,1.13869999999998
-8.33199999991752,1.13869489444443
-8.33199999991752,1.13879999999998
-8.33199999991752,1.13879489444443
-8.33199999991752,1.13889999999998
-8.33199999991752,1.13889489444443
-8.33199999991752,1.13899999999998
-8.33199999991752,1.13899489444443
-8.33199999991752,1.13909999999998
-8.33199999991752,1.13909489444443
-8.33199999991752,1.13919999999998
-8.33199999991752,1.13919489444443
-8.33199999991752,1.13929999999998
-8.33199999991752,1.13929489444443
-8.33199999991752,1.13939999999998
-8.33199999991752,1.13939489444443
-8.33199999991752,1.13949999999998
-8.33199999991752,1.13949489444443
-8.33199999991752,1.13959999999998
-8.33199999991752,1.13959489444443
-8.33199999991752,1.13969999999998
-8.33199999991752,1.13969489444443
-8.33199999991752,1.13979999999998
-8.33199999991752,1.13979489444443
-8.33199999991752,1.13989999999998
-8.33199999991752,1.13989489444443
-8.33199999991752,1.13999999999998
-8.33199999991752,1.13999489444443
-8.33199999991752,1.14009999999998
-8.33199999991752,1.14009489444443
-8.33199999991752,1.14019999999998
-8.33199999991752,1.14019489444443
-8.33199999991752,1.14029999999998
-8.33199999991752,1.14029489444443
-8.33199999991752,1.14039999999998
-8.33199999991752,1.14039489444443
-8.33199999991752,1.14049999999998
-8.33199999991752,1.14049489444443
-8.33199999991752,1.14059999999998
-8.33199999991752,1.14059489444443
-8.33199999991752,1.14069999999998
-8.33199999991752,1.14069489444443
-8.33199999991752,1.14079999999998
-8.33199999991752,1.14079489444443
-8.33199999991752,1.14089999999998
-8.33199999991752,1.14089489444443
-8.33199999991752,1.14099999999998
-8.33199999991752,1.14099489444443
-8.33199999991752,1.14109999999998
-8.33199999991752,1.14109489444443
-8.33199999991752,1.14119999999998
-8.33199999991752,1.14119489444443
-8.33199999991752,1.14129999999998
-8.33199999991752,1.14129489444443
-8.33199999991752,1.14139999999998
-8.33199999991752,1.14139489444443
-8.33199999991752,1.14149999999998
-8.33199999991752,1.14149489444443
-8.33199999991752,1.14159999999998
-8.33199999991752,1.14159489444443
-8.33199999991752,1.14169999999998
-8.33199999991752,1.14169489444443
-8.33199999991752,1.14179999999998
-8.33199999991752,1.14179489444443
-8.33199999991752,1.14189999999998
-8.33199999991752,1.14189489444443
-8.33199999991752,1.14199999999998
-8.33199999991752,1.14199489444443
-8.33199999991752,1.14209999999998
-8.33199999991752,1.14209489444443
-8.33199999991752,1.14219999999998
-8.33199999991752,1.14219489444443
-8.33199999991752,1.14229999999998
-8.33199999991752,1.14229489444443
-8.33199999991752,1.14239999999998
-8.33199999991752,1.14239489444443
-8.33199999991752,1.14249999999998
-8.33199999991752,1.14249489444443
-8.33199999991752,1.14259999999998
-8.33199999991752,1.14259489444443
-8.33199999991752,1.14269999999998
-8.33199999991752,1.14269489444443
-8.33199999991752,1.14279999999998
-8.33199999991752,1.14279489444443
-8.33199999991752,1.14289999999998
-8.33199999991752,1.14289489444443
-8.33199999991752,1.14299999999998
-8.33199999991752,1.14299489444443
-8.33199999991752,1.14309999999998
-8.33199999991752,1.14309489444443
-8.33199999991752,1.14319999999998
-8.33199999991752,1.14319489444443
-8.33199999991752,1.14329999999998
-8.33199999991752,1.14329489444443
-8.33199999991752,1.14339999999998
-8.33199999991752,1.14339489444443
-8.33199999991752,1.14349999999998
-8.33199999991752,1.14349489444443
-8.33199999991752,1.14359999999998
-8.33199999991752,1.14359489444443
-8.33199999991752,1.14369999999998
-8.33199999991752,1.14369489444443
-8.33199999991752,1.14379999999998
-8.33199999991752,1.14379489444443
-8.33199999991752,1.14389999999998
-8.33199999991752,1.14389489444443
-8.33199999991752,1.14399999999998
-8.33199999991752,1.14399489444443
-8.33199999991752,1.14409999999998
-8.33199999991752,1.14409489444443
-8.33199999991752,1.14419999999998
-8.33199999991752,1.14419489444443
-8.33199999991752,1.14429999999998
-8.33199999991752,1.14429489444443
-8.33199999991752,1.14439999999998
-8.33199999991752,1.14439489444443
-8.33199999991752,1.14449999999998
-8.33199999991752,1.14449489444443
-8.33199999991752,1.14459999999998
-8.33199999991752,1.14459489444443
-8.33199999991752,1.14469999999998
-8.33199999991752,1.14469489444443
-8.33199999991752,1.14479999999998
-8.33199999991752,1.14479489444443
-8.33199999991752,1.14489999999998
-8.33199999991752,1.14489489444443
-8.33199999991752,1.14499999999998
-8.33199999991752,1.14499489444443
-8.33199999991752,1.14509999999998
-8.33199999991752,1.14509489444443
-8.33199999991752,1.14519999999998
-8.33199999991752,1.14519489444443
-8.33199999991752,1.14529999999998
-8.33199999991752,1.14529489444443
-8.33199999991752,1.14539999999998
-8.33199999991752,1.14539489444443
-8.33199999991752,1.14549999999998
-8.33199999991752,1.14549489444443
-8.33199999991752,1.14559999999998
-8.33199999991752,1.14559489444443
-8.33199999991752,1.14569999999998
-8.33199999991752,1.14569489444443
-8.33199999991752,1.14579999999998
-8.33199999991752,1.14579489444443
-8.33199999991752,1.14589999999998
-8.33199999991752,1.14589489444443
-8.33199999991752,1.14599999999998
-7.91500000007034,1.16879489444929
-7.91500000007034,1.16889489444929
-7.91500000007034,1.16899489444929
-7.91500000007034,1.16909489444929
-7.91500000007034,1.16919489444929
-7.91500000007034,1.16929489444929
-7.91500000007034,1.16939489444929
-7.91500000007034,1.16949489444929
-7.91500000007034,1.16959489444929
-7.91500000007034,1.16969489444929
-7.91500000007034,1.16979489444929
-7.91500000007034,1.16989489444929
-7.91500000007034,1.16999489444929
-7.91500000007034,1.17009489444929
-7.91500000007034,1.17019489444929
-7.91500000007034,1.17029489444929
-7.91500000007034,1.17039489444929
-7.91500000007034,1.17049489444929
-7.91500000007034,1.17059489444929
-7.91500000007034,1.17069489444929
-7.91500000007034,1.17079489444929
-7.91500000007034,1.17089489444929
-7.91500000007034,1.17099489444929
-7.91500000007034,1.17109489444929
-7.91500000007034,1.17119489444929
-7.91500000007034,1.17129489444929
-7.91500000007034,1.17139489444929
-7.91500000007034,1.17149489444929
-7.91500000007034,1.17159489444929
-7.91500000007034,1.17169489444929
-7.91500000007034,1.17179489444929
-7.91500000007034,1.17189489444929
-7.91500000007034,1.17199489444929
-7.91500000007034,1.17209489444929
-7.91500000007034,1.17219489444929
-7.91500000007034,1.17229489444929
-7.91500000007034,1.17239489444929
-7.91500000007034,1.17249489444929
-7.91500000007034,1.17259489444929
-7.91500000007034,1.17269489444929
-7.91500000007034,1.17279489444929
-7.91500000007034,1.17289489444929
-7.91500000007034,1.17299489444929
-7.91500000007034,1.17309489444929
-7.91500000007034,1.17319489444929
-7.91500000007034,1.17329489444929
-7.91500000007034,1.17339489444929
-7.91500000007034,1.17349489444929
-7.91500000007034,1.17359489444929
-7.91500000007034,1.17369489444929
-7.91500000007034,1.17379489444929
-7.91500000007034,1.17389489444929
-7.91500000007034,1.17399489444929
-10.3319999999297,1.17409489444929
-10.3319999999297,1.17419489444929
-10.3319999999297,1.17429489444929
-10.3319999999297,1.17439489444929
-10.3319999999297,1.17449489444929
-10.3319999999297,1.17459489444929
-10.3319999999297,1.17469489444929
-10.3319999999297,1.17479489444929
-10.3319999999297,1.17489489444929
-10.3319999999297,1.17499489444929
-10.3319999999297,1.17509489444929
-10.3319999999297,1.17519489444929
-10.3319999999297,1.17529489444929
-10.3319999999297,1.17539489444929
-10.3319999999297,1.17549489444929
-10.3319999999297,1.17559489444929
-10.3319999999297,1.17569489444929
-10.3319999999297,1.17579489444929
-10.3319999999297,1.17589489444929
-10.3319999999297,1.17599489444929
-10.3319999999297,1.17609489444929
-10.3319999999297,1.17619489444929
-10.3319999999297,1.17629489444929
-10.3319999999297,1.17639489444929
-10.3319999999297,1.17649489444929
-10.3319999999297,1.17659489444929
-10.3319999999297,1.17669489444929
-10.3319999999297,1.17679489444929
-10.3319999999297,1.17689489444929
-10.3319999999297,1.17699489444929
-10.3319999999297,1.17709489444929
-10.3319999999297,1.17719489444929
-10.3319999999297,1.17729489444929
-10.3319999999297,1.17739489444929
-10.3319999999297,1.17749489444929
-10.3319999999297,1.17759489444929
-10.3319999999297,1.17769489444929
-10.3319999999297,1.17779489444929
-10.3319999999297,1.17789489444929
-10.3319999999297,1.17799489444929
-10.3319999999297,1.17809489444929
-10.3319999999297,1.17819489444929
-10.3319999999297,1.17829489444929
-10.3319999999297,1.17839489444929
-10.3319999999297,1.17849489444929
-10.3319999999297,1.17859489444929
-10.3319999999297,1.17869489444929
-10.3319999999297,1.17879489444929
-10.3319999999297,1.17889489444929
-10.3319999999297,1.17899489444929
-10.3319999999297,1.17909489444929
-10.3319999999297,1.17919489444929
-10.3319999999297,1.17929489444929
-10.3319999999297,1.17939489444929
-10.3319999999297,1.17949489444929
-10.3319999999297,1.17959489444929
-10.3319999999297,1.17969489444929
-10.3319999999297,1.17979489444929
-10.3319999999297,1.17989489444929
-10.3319999999297,1.17999489444929
-10.3319999999297,1.18009489444929
-10.3319999999297,1.18019489444929
-10.3319999999297,1.18029489444929
-10.3319999999297,1.18039489444929
-10.3319999999297,1.18049489444929
-10.3319999999297,1.18059489444929
-10.3319999999297,1.18069489444929
-10.3319999999297,1.18079489444929
-10.3319999999297,1.18089489444929
-10.3319999999297,1.18099489444929
-10.3319999999297,1.18109489444929
-10.3319999999297,1.18119489444929
-10.3319999999297,1.18129489444929
-10.3319999999297,1.18139489444929
-10.3319999999297,1.18149489444929
-10.3319999999297,1.18159489444929
-10.3319999999297,1.18169489444929
-10.3319999999297,1.18179489444929
-10.3319999999297,1.18189489444929
-10.3319999999297,1.18199489444929
-10.3319999999297,1.18209489444929
-10.3319999999297,1.18219489444929
-10.3319999999297,1.18229489444929
-10.3319999999297,1.18239489444929
-10.3319999999297,1.18249489444929
-10.3319999999297,1.18259489444929
-10.3319999999297,1.18269489444929
-10.3319999999297,1.18279489444929
-10.3319999999297,1.18289489444929
-10.3319999999297,1.18299489444929
-9.12350000007034,1.18309489444929
-9.12350000007034,1.18319489444929
-9.12350000007034,1.18329489444929
-9.12350000007034,1.18339489444929
-9.12350000007034,1.18349489444929
-9.12350000007034,1.18359489444929
-9.12350000007034,1.18369489444929
-9.12350000007034,1.18379489444929
-9.12350000007034,1.18389489444929
-9.12350000007034,1.18399489444929
-9.12350000007034,1.18409489444929
-9.12350000007034,1.18419489444929
-9.12350000007034,1.18429489444929
-9.12350000007034,1.18439489444929
-9.12350000007034,1.18449489444929
-9.12350000007034,1.18459489444929
-9.12350000007034,1.18469489444929
-9.12350000007034,1.18479489444929
-9.12350000007034,1.18489489444929
-9.12350000007034,1.18499489444929
-9.12350000007034,1.18509489444929
-9.12350000007034,1.18519489444929
-9.12350000007034,1.18529489444929
-9.12350000007034,1.18539489444929
-9.12350000007034,1.18549489444929
-9.12350000007034,1.18559489444929
-9.12350000007034,1.18569489444929
-9.12350000007034,1.18579489444929
-9.12350000007034,1.18589489444929
-9.12350000007034,1.18599489444929
-9.12350000007034,1.18609489444929
-9.12350000007034,1.18619489444929
-9.12350000007034,1.18629489444929
-9.12350000007034,1.18639489444929
-9.12350000007034,1.18649489444929
-9.12350000007034,1.18659489444929
-9.12350000007034,1.18669489444929
-9.12350000007034,1.18679489444929
-9.12350000007034,1.18689489444929
-9.12350000007034,1.18699489444929
-9.12350000007034,1.18709489444929
-9.12350000007034,1.18719489444929
-9.12350000007034,1.18729489444929
-9.12350000007034,1.18739489444929
-9.12350000007034,1.18749489444929
-9.12350000007034,1.18759489444929
-9.12350000007034,1.18769489444929
-9.12350000007034,1.18779489444929
-9.12350000007034,1.18789489444929
-9.12350000007034,1.18799489444929
-9.12350000007034,1.18809489444929
-9.12350000007034,1.18819489444929
-9.12350000007034,1.18829489444929
-9.12350000007034,1.18839489444929
-9.12350000007034,1.18849489444929
-9.12350000007034,1.18859489444929
-9.12350000007034,1.18869489444929
-9.12350000007034,1.18879489444929
-9.12350000007034,1.18889489444929
-9.12350000007034,1.18899489444929
-9.12350000007034,1.18909489444929
-9.12350000007034,1.18919489444929
-9.12350000007034,1.18929489444929
-9.12350000007034,1.18939489444929
-9.12350000007034,1.18949489444929
-9.12350000007034,1.18959489444929
-9.12350000007034,1.18969489444929
-9.12350000007034,1.18979489444929
-9.12350000007034,1.18989489444929
-9.12350000007034,1.18999489444929
-9.12350000007034,1.19009489444929
-9.12350000007034,1.19019489444929
-9.12350000007034,1.19029489444929
-9.12350000007034,1.19039489444929
-9.12350000007034,1.19049489444929
-9.12350000007034,1.19059489444929
-9.12350000007034,1.19069489444929
-9.12350000007034,1.19079489444929
-9.12350000007034,1.19089489444929
-9.12350000007034,1.19099489444929
-9.12350000007034,1.19109489444929
-9.12350000007034,1.19119489444929
-9.12350000007034,1.19129489444929
-9.12350000007034,1.19139489444929
-9.12350000007034,1.19149489444929
-9.12350000007034,1.19159489444929
-9.12350000007034,1.19169489444929
-9.12350000007034,1.19179489444929
-9.12350000007034,1.19189489444929
-9.12350000007034,1.19199489444929
-9.12350000007034,1.19209489444929
-11.5404999999297,1.19219489444929
-11.5404999999297,1.19229489444929
-11.5404999999297,1.19239489444929
-11.5404999999297,1.19249489444929
-11.5404999999297,1.19259489444929
-11.5404999999297,1.19269489444929
-11.5404999999297,1.19279489444929
-11.5404999999297,1.19289489444929
-11.5404999999297,1.19299489444929
-11.5404999999297,1.19309489444929
-11.5404999999297,1.19319489444929
-11.5404999999297,1.19329489444929
-11.5404999999297,1.19339489444929
-11.5404999999297,1.19349489444929
-11.5404999999297,1.19359489444929
-11.5404999999297,1.19369489444929
-11.5404999999297,1.19379489444929
-11.5404999999297,1.19389489444929
-11.5404999999297,1.19399489444929
-11.5404999999297,1.19409489444929
-11.5404999999297,1.19419489444929
-11.5404999999297,1.19429489444929
-11.5404999999297,1.19439489444929
-11.5404999999297,1.19449489444929
-11.5404999999297,1.19459489444929
-11.5404999999297,1.19469489444929
-11.5404999999297,1.19479489444929
-11.5404999999297,1.19489489444929
-11.5404999999297,1.19499489444929
-11.5404999999297,1.19509489444929
-11.5404999999297,1.19519489444929
-11.5404999999297,1.19529489444929
-11.5404999999297,1.19539489444929
-11.5404999999297,1.19549489444929
-11.5404999999297,1.19559489444929
-11.5404999999297,1.19569489444929
-11.5404999999297,1.19579489444929
-11.5404999999297,1.19589489444929
-11.5404999999297,1.19599489444929
-11.5404999999297,1.19609489444929
-11.5404999999297,1.19619489444929
-11.5404999999297,1.19629489444929
-11.5404999999297,1.19639489444929
-11.5404999999297,1.19649489444929
-11.5404999999297,1.19659489444929
-11.5404999999297,1.19669489444929
-11.5404999999297,1.19679489444929
-11.5404999999297,1.19689489444929
-11.5404999999297,1.19699489444929
-11.5404999999297,1.19709489444929
-11.5404999999297,1.19719489444929
-11.5404999999297,1.19729489444929
-11.5404999999297,1.19739489444929
-11.5404999999297,1.19749489444929
-11.5404999999297,1.19759489444929
-11.5404999999297,1.19769489444929
-11.5404999999297,1.19779489444929
-11.5404999999297,1.19789489444929
-11.5404999999297,1.19799489444929
-11.5404999999297,1.19809489444929
-11.5404999999297,1.19819489444929
-11.5404999999297,1.19829489444929
-11.5404999999297,1.19839489444929
-11.5404999999297,1.19849489444929
-11.5404999999297,1.19859489444929
-11.5404999999297,1.19869489444929
-11.5404999999297,1.19879489444929
-11.5404999999297,1.19889489444929
-11.5404999999297,1.19899489444929
-11.5404999999297,1.19909489444929
-11.5404999999297,1.19919489444929
-11.5404999999297,1.19929489444929
-11.5404999999297,1.19939489444929
-11.5404999999297,1.19949489444929
-11.5404999999297,1.19959489444929
-11.5404999999297,1.19969489444929
-11.5404999999297,1.19979489444929
-11.5404999999297,1.19989489444929
-11.5404999999297,1.19999489444929
-11.5404999999297,1.20009489444929
-11.5404999999297,1.20019489444929
-11.5404999999297,1.20029489444929
-11.5404999999297,1.20039489444929
-11.5404999999297,1.20049489444929
-11.5404999999297,1.20059489444929
-11.5404999999297,1.20069489444929
-11.5404999999297,1.20079489444929
-11.5404999999297,1.20089489444929
-11.5404999999297,1.20099489444929
-11.5404999999297,1.20109489444929
-10.3320000000703,1.20119489444929
-10.3320000000703,1.20129489444929
-10.3320000000703,1.20139489444929
-10.3320000000703,1.20149489444929
-10.3320000000703,1.20159489444929
-10.3320000000703,1.20169489444929
-10.3320000000703,1.20179489444929
-10.3320000000703,1.20189489444929
-10.3320000000703,1.20199489444929
-10.3320000000703,1.20209489444929
-10.3320000000703,1.20219489444929
-10.3320000000703,1.20229489444929
-10.3320000000703,1.20239489444929
-10.3320000000703,1.20249489444929
-10.3320000000703,1.20259489444929
-10.3320000000703,1.20269489444929
-10.3320000000703,1.20279489444929
-10.3320000000703,1.20289489444929
-10.3320000000703,1.20299489444929
-10.3320000000703,1.20309489444929
-10.3320000000703,1.20319489444929
-10.3320000000703,1.20329489444929
-10.3320000000703,1.20339489444929
-10.3320000000703,1.20349489444929
-10.3320000000703,1.20359489444929
-10.3320000000703,1.20369489444929
-10.3320000000703,1.20379489444929
-10.3320000000703,1.20389489444929
-10.3320000000703,1.20399489444929
-10.3320000000703,1.20409489444929
-10.3320000000703,1.20419489444929
-10.3320000000703,1.20429489444929
-10.3320000000703,1.20439489444929
-10.3320000000703,1.20449489444929
-10.3320000000703,1.20459489444929
-10.3320000000703,1.20469489444929
-10.3320000000703,1.20479489444929
-10.3320000000703,1.20489489444929
-10.3320000000703,1.20499489444929
-10.3320000000703,1.20509489444929
-10.3320000000703,1.20519489444929
-10.3320000000703,1.20529489444929
-10.3320000000703,1.20539489444929
-10.3320000000703,1.20549489444929
-10.3320000000703,1.20559489444929
-10.3320000000703,1.20569489444929
-10.3320000000703,1.20579489444929
-10.3320000000703,1.20589489444929
-10.3320000000703,1.20599489444929
-10.3320000000703,1.20609489444929
-10.3320000000703,1.20619489444929
-10.3320000000703,1.20629489444929
-10.3320000000703,1.20639489444929
-10.3320000000703,1.20649489444929
-10.3320000000703,1.20659489444929
-10.3320000000703,1.20669489444929
-10.3320000000703,1.20679489444929
-10.3320000000703,1.20689489444929
-10.3320000000703,1.20699489444929
-10.3320000000703,1.20709489444929
-10.3320000000703,1.20719489444929
-10.3320000000703,1.20729489444929
-10.3320000000703,1.20739489444929
-10.3320000000703,1.20749489444929
-10.3320000000703,1.20759489444929
-10.3320000000703,1.20769489444929
-10.3320000000703,1.20779489444929
-10.3320000000703,1.20789489444929
-10.3320000000703,1.20799489444929
-10.3320000000703,1.20809489444929
-10.3320000000703,1.20819489444929
-10.3320000000703,1.20829489444929
-10.3320000000703,1.20839489444929
-10.3320000000703,1.20849489444929
-10.3320000000703,1.20859489444929
-10.3320000000703,1.20869489444929
-10.3320000000703,1.20879489444929
-10.3320000000703,1.20889489444929
-10.3320000000703,1.20899489444929
-10.3320000000703,1.20909489444929
-10.3320000000703,1.20919489444929
-10.3320000000703,1.20929489444929
-10.3320000000703,1.20939489444929
-10.3320000000703,1.20949489444929
-10.3320000000703,1.20959489444929
-10.3320000000703,1.20969489444929
-10.3320000000703,1.20979489444929
-10.3320000000703,1.20989489444929
-10.3320000000703,1.20999489444929
-10.3320000000703,1.21009489444929
-10.3320000000703,1.21019489444929
-12.7489999999297,1.21029489444929
-12.7489999999297,1.21039489444929
-12.7489999999297,1.21049489444929
-12.7489999999297,1.21059489444929
-12.7489999999297,1.21069489444929
-12.7489999999297,1.21079489444929
-12.7489999999297,1.21089489444929
-12.7489999999297,1.21099489444929
-12.7489999999297,1.21109489444929
-12.7489999999297,1.21119489444929
-12.7489999999297,1.21129489444929
-12.7489999999297,1.21139489444929
-12.7489999999297,1.21149489444929
-12.7489999999297,1.21159489444929
-12.7489999999297,1.21169489444929
-12.7489999999297,1.21179489444929
-12.7489999999297,1.21189489444929
-12.7489999999297,1.21199489444929
-12.7489999999297,1.21209489444929
-12.7489999999297,1.21219489444929
-12.7489999999297,1.21229489444929
-12.7489999999297,1.21239489444929
-12.7489999999297,1.21249489444929
-12.7489999999297,1.21259489444929
-12.7489999999297,1.21269489444929
-12.7489999999297,1.21279489444929
-12.7489999999297,1.21289489444929
-12.7489999999297,1.21299489444929
-12.7489999999297,1.21309489444929
-12.7489999999297,1.21319489444929
-12.7489999999297,1.21329489444929
-12.7489999999297,1.21339489444929
-12.7489999999297,1.21349489444929
-12.7489999999297,1.21359489444929
-12.7489999999297,1.21369489444929
-12.7489999999297,1.21379489444929
-12.7489999999297,1.21389489444929
-12.7489999999297,1.21399489444929
-12.7489999999297,1.21409489444929
-12.7489999999297,1.21419489444929
-12.7489999999297,1.21429489444929
-12.7489999999297,1.21439489444929
-12.7489999999297,1.21449489444929
-12.7489999999297,1.21459489444929
-12.7489999999297,1.21469489444929
-12.7489999999297,1.21479489444929
-12.7489999999297,1.21489489444929
-12.7489999999297,1.21499489444929
-12.7489999999297,1.21509489444929
-12.7489999999297,1.21519489444929
-12.7489999999297,1.21529489444929
-12.7489999999297,1.21539489444929
-12.7489999999297,1.21549489444929
-12.7489999999297,1.21559489444929
-12.7489999999297,1.21569489444929
-12.7489999999297,1.21579489444929
-12.7489999999297,1.21589489444929
-12.7489999999297,1.21599489444929
-12.7489999999297,1.21609489444929
-12.7489999999297,1.21619489444929
-12.7489999999297,1.21629489444929
-12.7489999999297,1.21639489444929
-12.7489999999297,1.21649489444929
-12.7489999999297,1.21659489444929
-12.7489999999297,1.21669489444929
-12.7489999999297,1.21679489444929
-12.7489999999297,1.21689489444929
-12.7489999999297,1.21699489444929
-12.7489999999297,1.21709489444929
-12.7489999999297,1.21719489444929
-12.7489999999297,1.21729489444929
-12.7489999999297,1.21739489444929
-12.7489999999297,1.21749489444929
-12.7489999999297,1.21759489444929
-12.7489999999297,1.21769489444929
-12.7489999999297,1.21779489444929
-12.7489999999297,1.21789489444929
-12.7489999999297,1.21799489444929
-12.7489999999297,1.21809489444929
-12.7489999999297,1.21819489444929
-12.7489999999297,1.21829489444929
-12.7489999999297,1.21839489444929
-12.7489999999297,1.21849489444929
-12.7489999999297,1.21859489444929
-12.7489999999297,1.21869489444929
-12.7489999999297,1.21879489444929
-12.7489999999297,1.21889489444929
-12.7489999999297,1.21899489444929
-12.7489999999297,1.21909489444929
-12.7489999999297,1.21919489444929
-11.5405000000703,1.21929489444929
-11.5405000000703,1.21939489444929
-11.5405000000703,1.21949489444929
-11.5405000000703,1.21959489444929
-11.5405000000703,1.21969489444929
-11.5405000000703,1.21979489444929
-11.5405000000703,1.21989489444929
-11.5405000000703,1.21999489444929
-11.5405000000703,1.22009489444929
-11.5405000000703,1.22019489444929
-11.5405000000703,1.22029489444929
-11.5405000000703,1.22039489444929
-11.5405000000703,1.22049489444929
-11.5405000000703,1.22059489444929
-11.5405000000703,1.22069489444929
-11.5405000000703,1.22079489444929
-11.5405000000703,1.22089489444929
-11.5405000000703,1.22099489444929
-11.5405000000703,1.22109489444929
-11.5405000000703,1.22119489444929
-11.5405000000703,1.22129489444929
-11.5405000000703,1.22139489444929
-11.5405000000703,1.22149489444929
-11.5405000000703,1.22159489444929
-11.5405000000703,1.22169489444929
-11.5405000000703,1.22179489444929
-11.5405000000703,1.22189489444929
-11.5405000000703,1.22199489444929
-11.5405000000703,1.22209489444929
-11.5405000000703,1.22219489444929
-11.5405000000703,1.22229489444929
-11.5405000000703,1.22239489444929
-11.5405000000703,1.22249489444929
-11.5405000000703,1.22259489444929
-11.5405000000703,1.22269489444929
-11.5405000000703,1.22279489444929
-11.5405000000703,1.22289489444929
-11.5405000000703,1.22299489444929
-11.5405000000703,1.22309489444929
-11.5405000000703,1.22319489444929
-11.5405000000703,1.22329489444929
-11.5405000000703,1.22339489444929
-11.5405000000703,1.22349489444929
-11.5405000000703,1.22359489444929
-11.5405000000703,1.22369489444929
-11.5405000000703,1.22379489444929
-11.5405000000703,1.22389489444929
-11.5405000000703,1.22399489444929
-11.5405000000703,1.22409489444929
-11.5405000000703,1.22419489444929
-11.5405000000703,1.22429489444929
-11.5405000000703,1.22439489444929
-11.5405000000703,1.22449489444929
-11.5405000000703,1.22459489444929
-11.5405000000703,1.22469489444929
-11.5405000000703,1.22479489444929
-11.5405000000703,1.22489489444929
-11.5405000000703,1.22499489444929
-11.5405000000703,1.22509489444929
-11.5405000000703,1.22519489444929
-11.5405000000703,1.22529489444929
-11.5405000000703,1.22539489444929
-11.5405000000703,1.22549489444929
-11.5405000000703,1.22559489444929
-11.5405000000703,1.22569489444929
-11.5405000000703,1.22579489444929
-11.5405000000703,1.22589489444929
-11.5405000000703,1.22599489444929
-11.5405000000703,1.22609489444929
-11.5405000000703,1.22619489444929
-11.5405000000703,1.22629489444929
-11.5405000000703,1.22639489444929
-11.5405000000703,1.22649489444929
-11.5405000000703,1.22659489444929
-11.5405000000703,1.22669489444929
-11.5405000000703,1.22679489444929
-11.5405000000703,1.22689489444929
-11.5405000000703,1.22699489444929
-11.5405000000703,1.22709489444929
-11.5405000000703,1.22719489444929
-11.5405000000703,1.22729489444929
-11.5405000000703,1.22739489444929
-11.5405000000703,1.22749489444929
-11.5405000000703,1.22759489444929
-11.5405000000703,1.22769489444929
-11.5405000000703,1.22779489444929
-11.5405000000703,1.22789489444929
-11.5405000000703,1.22799489444929
-0.70649999991752,1.24239999999997
-0.70649999991752,1.24250510555553
-0.70649999991752,1.24249999999997
-0.70649999991752,1.24260510555553
-0.70649999991752,1.24259999999997
-0.70649999991752,1.24270510555553
-0.70649999991752,1.24269999999997
-0.70649999991752,1.24280510555553
-0.70649999991752,1.24279999999997
-0.70649999991752,1.24290510555553
-0.70649999991752,1.24289999999997
-0.70649999991752,1.24300510555553
-0.70649999991752,1.24299999999997
-0.70649999991752,1.24310510555553
-0.70649999991752,1.24309999999997
-0.70649999991752,1.24320510555553
-0.70649999991752,1.24319999999997
-0.70649999991752,1.24330510555553
-0.70649999991752,1.24329999999997
-0.70649999991752,1.24340510555553
-0.70649999991752,1.24339999999997
-0.70649999991752,1.24350510555553
-0.70649999991752,1.24349999999997
-0.70649999991752,1.24360510555553
-0.70649999991752,1.24359999999997
-0.70649999991752,1.24370510555553
-0.70649999991752,1.24369999999997
-0.70649999991752,1.24380510555553
-0.70649999991752,1.24379999999997
-0.70649999991752,1.24390510555553
-0.70649999991752,1.24389999999997
-0.70649999991752,1.24400510555553
-0.70649999991752,1.24399999999997
-0.70649999991752,1.24410510555553
-0.70649999991752,1.24409999999997
-0.70649999991752,1.24420510555553
-0.70649999991752,1.24419999999997
-0.70649999991752,1.24430510555553
-0.70649999991752,1.24429999999997
-0.70649999991752,1.24440510555553
-0.70649999991752,1.24439999999997
-0.70649999991752,1.24450510555553
-0.70649999991752,1.24449999999997
-0.70649999991752,1.24460510555553
-0.70649999991752,1.24459999999997
-0.70649999991752,1.24470510555553
-0.70649999991752,1.24469999999997
-0.70649999991752,1.24480510555553
-0.70649999991752,1.24479999999997
-0.70649999991752,1.24490510555553
-0.70649999991752,1.24489999999997
-0.70649999991752,1.24500510555553
-0.70649999991752,1.24499999999997
-0.70649999991752,1.24510510555553
-0.70649999991752,1.24509999999997
-0.70649999991752,1.24520510555553
-0.70649999991752,1.24519999999997
-0.70649999991752,1.24530510555553
-0.70649999991752,1.24529999999997
-0.70649999991752,1.24540510555553
-0.70649999991752,1.24539999999997
-0.70649999991752,1.24550510555553
-0.70649999991752,1.24549999999997
-0.70649999991752,1.24560510555553
-0.70649999991752,1.24559999999997
-0.70649999991752,1.24570510555553
-0.70649999991752,1.24569999999997
-0.70649999991752,1.24580510555553
-0.70649999991752,1.24579999999997
-0.70649999991752,1.24590510555553
-0.70649999991752,1.24589999999997
-0.70649999991752,1.24600510555553
-0.70649999991752,1.24599999999997
-0.70649999991752,1.24610510555553
-0.70649999991752,1.24609999999997
-0.70649999991752,1.24620510555553
-0.70649999991752,1.24619999999997
-0.70649999991752,1.24630510555553
-0.70649999991752,1.24629999999997
-0.289499999941792,1.24640510555553
-0.289499999941792,1.24639999999997
-0.289499999941792,1.24650510555553
-0.289499999941792,1.24649999999997
-0.289499999941792,1.24660510555553
-0.289499999941792,1.24659999999997
-0.289499999941792,1.24670510555553
-0.289499999941792,1.24669999999997
-0.289499999941792,1.24680510555553
-0.289499999941792,1.24679999999997
-0.289499999941792,1.24690510555553
-0.289499999941792,1.24689999999997
-0.289499999941792,1.24700510555553
-0.289499999941792,1.24699999999997
-0.289499999941792,1.24710510555553
-0.289499999941792,1.24709999999997
-0.289499999941792,1.24720510555553
-0.289499999941792,1.24719999999997
-0.289499999941792,1.24730510555553
-0.289499999941792,1.24729999999997
-0.289499999941792,1.24740510555553
-0.289499999941792,1.24739999999997
-0.289499999941792,1.24750510555553
-0.289499999941792,1.24749999999997
-0.289499999941792,1.24760510555553
-0.289499999941792,1.24759999999997
-0.289499999941792,1.24770510555553
-0.289499999941792,1.24769999999997
-0.289499999941792,1.24780510555553
-0.289499999941792,1.24779999999997
-0.289499999941792,1.24790510555553
-0.289499999941792,1.24789999999997
-0.289499999941792,1.24800510555553
-0.289499999941792,1.24799999999997
-0.289499999941792,1.24810510555553
-0.289499999941792,1.24809999999997
-0.289499999941792,1.24820510555553
-0.289499999941792,1.24819999999997
-0.289499999941792,1.24830510555553
-0.289499999941792,1.24829999999997
-0.289499999941792,1.24840510555553
-0.289499999941792,1.24839999999997
-0.289499999941792,1.24850510555553
-1.49799999994179,1.25529999999997
-1.70649999991752,1.25540510555553
-1.70649999991752,1.25539999999997
-1.70649999991752,1.25550510555553
-1.70649999991752,1.25549999999997
-1.70649999991752,1.25560510555553
-1.70649999991752,1.25559999999997
-1.70649999991752,1.25570510555553
-1.70649999991752,1.25569999999997
-1.70649999991752,1.25580510555553
-1.70649999991752,1.25579999999997
-1.70649999991752,1.25590510555553
-1.70649999991752,1.25589999999997
-1.70649999991752,1.25600510555553
-1.70649999991752,1.25599999999997
-1.70649999991752,1.25610510555553
-1.70649999991752,1.25609999999997
-1.70649999991752,1.25620510555553
-1.70649999991752,1.25619999999997
-1.70649999991752,1.25630510555553
-1.70649999991752,1.25629999999997
-1.70649999991752,1.25640510555553
-1.70649999991752,1.25639999999997
-1.70649999991752,1.25650510555553
-1.70649999991752,1.25649999999997
-1.70649999991752,1.25660510555553
-1.70649999991752,1.25659999999997
-1.70649999991752,1.25670510555553
-1.70649999991752,1.25669999999997
-1.70649999991752,1.25680510555553
-1.70649999991752,1.25679999999997
-1.70649999991752,1.25690510555553
-1.70649999991752,1.25689999999997
-1.70649999991752,1.25700510555553
-1.70649999991752,1.25699999999997
-1.70649999991752,1.25710510555553
-1.70649999991752,1.25709999999997
-1.70649999991752,1.25720510555553
-1.70649999991752,1.25719999999997
-1.70649999991752,1.25730510555553
-1.70649999991752,1.25729999999997
-1.70649999991752,1.25740510555553
-1.70649999991752,1.25739999999997
-1.70649999991752,1.25750510555553
-1.70649999991752,1.25749999999997
-1.70649999991752,1.25760510555553
-1.70649999991752,1.25759999999997
-1.70649999991752,1.25770510555553
-1.70649999991752,1.25769999999997
-1.70649999991752,1.25780510555553
-1.70649999991752,1.25779999999997
-1.70649999991752,1.25790510555553
-1.70649999991752,1.25789999999997
-1.70649999991752,1.25800510555553
-1.70649999991752,1.25799999999997
-1.70649999991752,1.25810510555553
-1.70649999991752,1.25809999999997
-1.70649999991752,1.25820510555553
-1.70649999991752,1.25819999999997
-1.70649999991752,1.25830510555553
-1.70649999991752,1.25829999999997
-1.70649999991752,1.25840510555553
-1.70649999991752,1.25839999999997
-1.70649999991752,1.25850510555553
-1.70649999991752,1.25849999999997
-1.70649999991752,1.25860510555553
-1.70649999991752,1.25859999999997
-1.70649999991752,1.25870510555553
-1.70649999991752,1.25869999999997
-1.70649999991752,1.25880510555553
-1.70649999991752,1.25879999999997
-1.70649999991752,1.25890510555553
-1.70649999991752,1.25889999999997
-1.70649999991752,1.25900510555553
-1.70649999991752,1.25899999999997
-1.70649999991752,1.25910510555553
-1.70649999991752,1.25909999999997
-1.70649999991752,1.25920510555553
-1.70649999991752,1.25919999999997
-1.70649999991752,1.25930510555553
-1.70649999991752,1.25929999999997
-1.70649999991752,1.25940510555553
-1.70649999991752,1.25939999999997
-1.70649999991752,1.25950510555553
-1.70649999991752,1.25949999999997
-1.70649999991752,1.25960510555553
-1.70649999991752,1.25959999999997
-1.70649999991752,1.25970510555553
-1.70649999991752,1.25969999999997
-1.70649999991752,1.25980510555553
-1.70649999991752,1.25979999999997
-1.70649999991752,1.25990510555553
-1.70649999991752,1.25989999999997
-1.70649999991752,1.26000510555553
-1.70649999991752,1.25999999999997
-1.70649999991752,1.26010510555553
-1.70649999991752,1.26009999999997
-1.70649999991752,1.26020510555553
-1.70649999991752,1.26019999999997
-1.70649999991752,1.26030510555553
-1.70649999991752,1.26029999999997
-1.70649999991752,1.26040510555553
-1.70649999991752,1.26039999999997
-1.70649999991752,1.26050510555553
-1.70649999991752,1.26049999999997
-1.70649999991752,1.26060510555553
-1.70649999991752,1.26059999999997
-1.70649999991752,1.26070510555553
-1.70649999991752,1.26069999999997
-1.70649999991752,1.26080510555553
-1.70649999991752,1.26079999999997
-1.70649999991752,1.26090510555553
-1.70649999991752,1.26089999999997
-1.70649999991752,1.26100510555553
-1.70649999991752,1.26099999999997
-1.70649999991752,1.26110510555553
-1.70649999991752,1.26109999999997
-1.70649999991752,1.26120510555553
-1.70649999991752,1.26119999999997
-1.70649999991752,1.26130510555553
-1.70649999991752,1.26129999999997
-1.70649999991752,1.26140510555553
-1.70649999991752,1.26139999999997
-1.70649999991752,1.26150510555553
-1.70649999991752,1.26149999999997
-1.70649999991752,1.26160510555553
-1.70649999991752,1.26159999999997
-1.70649999991752,1.26170510555553
-1.70649999991752,1.26169999999997
-1.70649999991752,1.26180510555553
-1.70649999991752,1.26179999999997
-1.70649999991752,1.26190510555553
-1.70649999991752,1.26189999999997
-1.70649999991752,1.26200510555553
-1.70649999991752,1.26199999999997
-1.70649999991752,1.26210510555553
-1.70649999991752,1.26209999999997
-1.70649999991752,1.26220510555553
-1.70649999991752,1.26219999999997
-1.70649999991752,1.26230510555553
-1.70649999991752,1.26229999999997
-1.70649999991752,1.26240510555553
-1.70649999991752,1.26239999999997
-1.70649999991752,1.26250510555553
-1.70649999991752,1.26249999999997
-1.70649999991752,1.26260510555553
-0.498000000058208,1.26259999999997
-0.498000000058208,1.26270510555553
-0.498000000058208,1.26269999999997
-0.498000000058208,1.26280510555553
-0.498000000058208,1.26279999999997
-0.498000000058208,1.26290510555553
-0.498000000058208,1.26289999999997
-0.498000000058208,1.26300510555553
-0.498000000058208,1.26299999999997
-0.498000000058208,1.26310510555553
-0.498000000058208,1.26309999999997
-0.498000000058208,1.26320510555553
-0.498000000058208,1.26319999999997
-0.498000000058208,1.26330510555553
-0.498000000058208,1.26329999999997
-0.498000000058208,1.26340510555553
-0.498000000058208,1.26339999999997
-0.498000000058208,1.26350510555553
-0.498000000058208,1.26349999999997
-0.498000000058208,1.26360510555553
-0.498000000058208,1.26359999999997
-0.498000000058208,1.26370510555553
-0.498000000058208,1.26369999999997
-0.498000000058208,1.26380510555553
-0.498000000058208,1.26379999999997
-0.498000000058208,1.26390510555553
-0.498000000058208,1.26389999999997
-0.498000000058208,1.26400510555553
-0.498000000058208,1.26399999999997
-0.498000000058208,1.26410510555553
-0.498000000058208,1.26409999999997
-0.498000000058208,1.26420510555553
-0.498000000058208,1.26419999999997
-0.0810000000824802,1.26430510555553
-0.0810000000824798,1.26429999999997
-0.0810000000824802,1.26440510555553
-0.0810000000824798,1.26439999999997
-0.0810000000824802,1.26450510555553
-0.0810000000824798,1.26449999999997
-0.0810000000824802,1.26460510555553
-0.0810000000824798,1.26459999999997
-0.0810000000824802,1.26470510555553
-0.0810000000824798,1.26469999999997
-0.0810000000824802,1.26480510555553
-0.0810000000824798,1.26479999999997
-0.0810000000824802,1.26490510555553
-0.0810000000824798,1.26489999999997
-0.0810000000824802,1.26500510555553
-0.0810000000824798,1.26499999999997
-0.0810000000824802,1.26510510555553
-0.0810000000824798,1.26509999999997
-0.0810000000824802,1.26520510555553
-0.0810000000824798,1.26519999999997
-0.0810000000824802,1.26530510555553
-0.0810000000824798,1.26529999999997
-0.0810000000824802,1.26540510555553
-0.0810000000824798,1.26539999999997
-0.0810000000824802,1.26550510555553
-0.0810000000824798,1.26549999999997
-0.0810000000824802,1.26560510555553
-0.0810000000824798,1.26559999999997
-0.0810000000824802,1.26570510555553
-0.0810000000824798,1.26569999999997
-0.0810000000824802,1.26580510555553
-0.0810000000824798,1.26579999999997
-0.0810000000824802,1.26590510555553
-0.0810000000824798,1.26589999999997
-0.0810000000824802,1.26600510555553
-0.0810000000824798,1.26599999999997
-0.0810000000824802,1.26610510555553
-0.0810000000824798,1.26609999999997
-0.0810000000824802,1.26620510555553
-0.0810000000824798,1.26619999999997
-0.0810000000824802,1.26630510555553
-0.0810000000824798,1.26629999999997
-0.0810000000824802,1.26640510555553
-0.0810000000824798,1.26639999999997
-0.0810000000824802,1.26650510555553
-0.0810000000824798,1.26649999999997
-0.0810000000824802,1.26660510555553
-0.0810000000824798,1.26659999999997
-0.0810000000824802,1.26670510555553
-0.0810000000824798,1.26669999999997
-0.0810000000824802,1.26680510555553
-0.0810000000824798,1.26679999999997
-0.0810000000824802,1.26690510555553
-0.0810000000824798,1.26689999999997
-0.0810000000824802,1.26700510555553
-0.0810000000824798,1.26699999999997
-0.0810000000824802,1.26710510555553
-0.0810000000824798,1.26709999999997
-0.0810000000824802,1.26720510555553
-0.0810000000824798,1.26719999999997
-0.0810000000824802,1.26730510555553
-0.0810000000824798,1.26729999999997
-0.0810000000824802,1.26740510555553
-0.0810000000824798,1.26739999999997
-0.0810000000824802,1.26750510555553
-0.0810000000824798,1.26749999999997
-0.0810000000824802,1.26760510555553
-0.0810000000824798,1.26759999999997
-0.0810000000824802,1.26770510555553
-0.0810000000824798,1.26769999999997
-0.0810000000824802,1.26780510555553
-0.0810000000824798,1.26779999999997
-0.0810000000824802,1.26790510555553
-0.0810000000824798,1.26789999999997
-0.0810000000824802,1.26800510555553
-0.0810000000824798,1.26799999999997
-0.0810000000824802,1.26810510555553
-0.0810000000824798,1.26809999999997
-0.0810000000824802,1.26820510555553
-0.0810000000824798,1.26819999999997
-0.0810000000824802,1.26830510555553
-0.0810000000824798,1.26829999999997
-0.0810000000824802,1.26840510555553
-0.0810000000824798,1.26839999999997
-0.0810000000824802,1.26850510555553
-0.0810000000824798,1.26849999999997
-0.0810000000824802,1.26860510555553
-0.0810000000824798,1.26859999999997
-0.0810000000824802,1.26870510555553
-0.0810000000824798,1.26869999999997
-0.0810000000824802,1.26880510555553
-0.0810000000824798,1.26879999999997
-0.0810000000824802,1.26890510555553
-0.0810000000824798,1.26889999999997
-0.0810000000824802,1.26900510555553
-0.0810000000824798,1.26899999999997
-0.0810000000824802,1.26910510555553
-0.0810000000824798,1.26909999999997
-0.0810000000824802,1.26920510555553
-0.0810000000824798,1.26919999999997
-0.0810000000824802,1.26930510555553
-0.0810000000824798,1.26929999999997
-0.0810000000824802,1.26940510555553
-0.0810000000824798,1.26939999999997
-0.0810000000824802,1.26950510555553
-0.0810000000824798,1.26949999999997
-0.0810000000824802,1.26960510555553
-0.0810000000824798,1.26959999999997
-0.0810000000824802,1.26970510555553
-0.0810000000824798,1.26969999999997
-0.0810000000824802,1.26980510555553
-0.0810000000824798,1.26979999999997
-0.0810000000824802,1.26990510555553
-0.0810000000824798,1.26989999999997
-0.0810000000824802,1.27000510555553
-2.49799999994179,1.26999999999997
-2.49799999994179,1.27002732777775
-2.49799999994179,1.27009999999997
-2.49799999994179,1.27012732777775
-2.49799999994179,1.27019999999997
-2.49799999994179,1.27022732777775
-2.49799999994179,1.27029999999997
-2.49799999994179,1.27032732777775
-2.49799999994179,1.27039999999997
-2.49799999994179,1.27042732777775
-2.49799999994179,1.27049999999997
-2.49799999994179,1.27052732777775
-2.49799999994179,1.27059999999997
-2.49799999994179,1.27062732777775
-2.49799999994179,1.27069999999997
-2.49799999994179,1.27072732777775
-2.49799999994179,1.27079999999997
-2.49799999994179,1.27082732777775
-2.49799999994179,1.27089999999997
-2.49799999994179,1.27092732777775
-2.49799999994179,1.27099999999997
-2.49799999994179,1.27102732777775
-2.49799999994179,1.27109999999997
-2.49799999994179,1.27112732777775
-2.49799999994179,1.27119999999997
-2.49799999994179,1.27122732777775
-2.49799999994179,1.27129999999997
-2.49799999994179,1.27132732777775
-2.49799999994179,1.27139999999997
-2.49799999994179,1.27142732777775
-2.49799999994179,1.27149999999997
-2.49799999994179,1.27152732777775
-2.49799999994179,1.27159999999997
-2.49799999994179,1.27162732777775
-2.49799999994179,1.27169999999997
-2.49799999994179,1.27172732777775
-2.49799999994179,1.27179999999997
-2.49799999994179,1.27182732777775
-2.49799999994179,1.27189999999997
-2.49799999994179,1.27192732777775
-2.49799999994179,1.27199999999997
-2.49799999994179,1.27202732777775
-2.49799999994179,1.27209999999997
-2.49799999994179,1.27212732777775
-2.49799999994179,1.27219999999997
-2.49799999994179,1.27222732777775
-2.49799999994179,1.27229999999997
-2.49799999994179,1.27232732777775
-2.49799999994179,1.27239999999997
-2.49799999994179,1.27242732777775
-2.49799999994179,1.27249999999997
-2.49799999994179,1.27252732777775
-2.49799999994179,1.27259999999997
-2.49799999994179,1.27262732777775
-2.49799999994179,1.27269999999997
-2.49799999994179,1.27272732777775
-2.49799999994179,1.27279999999997
-2.49799999994179,1.27282732777775
-2.49799999994179,1.27289999999997
-2.49799999994179,1.27292732777775
-2.49799999994179,1.27299999999997
-2.49799999994179,1.27302732777775
-2.49799999994179,1.27309999999997
-2.49799999994179,1.27312732777775
-2.49799999994179,1.27319999999997
-2.70649999991752,1.27322732777775
-2.70649999991752,1.27329999999997
-2.70649999991752,1.27332732777775
-2.70649999991752,1.27339999999997
-2.70649999991752,1.27342732777775
-2.70649999991752,1.27349999999997
-2.70649999991752,1.27352732777775
-2.70649999991752,1.27359999999997
-2.70649999991752,1.27362732777775
-2.70649999991752,1.27369999999997
-2.70649999991752,1.27372732777775
-2.70649999991752,1.27379999999997
-2.70649999991752,1.27382732777775
-2.70649999991752,1.27389999999997
-2.70649999991752,1.27392732777775
-2.70649999991752,1.27399999999997
-2.70649999991752,1.27402732777775
-2.70649999991752,1.27409999999997
-2.70649999991752,1.27412732777775
-2.70649999991752,1.27419999999997
-2.70649999991752,1.27422732777775
-2.70649999991752,1.27429999999997
-2.70649999991752,1.27432732777775
-2.70649999991752,1.27439999999997
-2.70649999991752,1.27442732777775
-2.70649999991752,1.27449999999997
-2.70649999991752,1.27452732777775
-2.70649999991752,1.27459999999997
-2.70649999991752,1.27462732777775
-2.70649999991752,1.27469999999997
-2.70649999991752,1.27472732777775
-2.70649999991752,1.27479999999997
-2.70649999991752,1.27482732777775
-2.70649999991752,1.27489999999997
-2.70649999991752,1.27492732777775
-2.70649999991752,1.27499999999997
-2.70649999991752,1.27502732777775
-2.70649999991752,1.27509999999997
-2.70649999991752,1.27512732777775
-2.70649999991752,1.27519999999997
-2.70649999991752,1.27522732777775
-2.70649999991752,1.27529999999997
-2.70649999991752,1.27532732777775
-2.70649999991752,1.27539999999997
-2.70649999991752,1.27542732777775
-2.70649999991752,1.27549999999997
-2.70649999991752,1.27552732777775
-2.70649999991752,1.27559999999997
-2.70649999991752,1.27562732777775
-2.70649999991752,1.27569999999997
-2.70649999991752,1.27572732777775
-2.70649999991752,1.27579999999997
-2.70649999991752,1.27582732777775
-2.70649999991752,1.27589999999997
-2.70649999991752,1.27592732777775
-2.70649999991752,1.27599999999997
-2.70649999991752,1.27602732777775
-2.70649999991752,1.27609999999997
-2.70649999991752,1.27612732777775
-2.70649999991752,1.27619999999997
-2.70649999991752,1.27622732777775
-2.70649999991752,1.27629999999997
-2.70649999991752,1.27632732777775
-2.70649999991752,1.27639999999997
-2.70649999991752,1.27642732777775
-2.70649999991752,1.27649999999997
-2.70649999991752,1.27652732777775
-2.70649999991752,1.27659999999997
-2.70649999991752,1.27662732777775
-2.70649999991752,1.27669999999997
-2.70649999991752,1.27672732777775
-2.70649999991752,1.27679999999997
-2.70649999991752,1.27682732777775
-2.70649999991752,1.27689999999997
-2.70649999991752,1.27692732777775
-2.70649999991752,1.27699999999997
-2.70649999991752,1.27702732777775
-2.70649999991752,1.27709999999997
-2.70649999991752,1.27712732777775
-2.70649999991752,1.27719999999997
-2.70649999991752,1.27722732777775
-2.70649999991752,1.27729999999997
-2.70649999991752,1.27732732777775
-2.70649999991752,1.27739999999997
-2.70649999991752,1.27742732777775
-1.49800000005821,1.27749999999997
-1.49800000005821,1.27760510555552
-1.49800000005821,1.27759999999997
-1.49800000005821,1.27770510555553
-1.49800000005821,1.27769999999997
-1.49800000005821,1.27780510555553
-1.49800000005821,1.27779999999997
-1.49800000005821,1.27790510555553
-1.49800000005821,1.27789999999997
-1.49800000005821,1.27800510555552
-1.49800000005821,1.27799999999997
-1.49800000005821,1.27810510555553
-1.49800000005821,1.27809999999997
-1.49800000005821,1.27820510555553
-1.49800000005821,1.27819999999997
-1.49800000005821,1.27830510555553
-1.49800000005821,1.27829999999997
-1.49800000005821,1.27840510555552
-1.49800000005821,1.27839999999997
-1.49800000005821,1.27850510555552
-1.49800000005821,1.27849999999997
-1.49800000005821,1.27860510555553
-1.49800000005821,1.27859999999997
-1.49800000005821,1.27870510555552
-1.49800000005821,1.27869999999997
-1.49800000005821,1.27880510555552
-1.49800000005821,1.27879999999997
-1.49800000005821,1.27890510555552
-1.49800000005821,1.27889999999997
-1.49800000005821,1.27900510555553
-1.49800000005821,1.27899999999997
-1.49800000005821,1.27910510555552
-1.49800000005821,1.27909999999997
-1.49800000005821,1.27920510555552
-1.49800000005821,1.27919999999997
-1.49800000005821,1.27930510555552
-1.49800000005821,1.27929999999997
-1.49800000005821,1.27940510555553
-1.49800000005821,1.27939999999997
-1.49800000005821,1.27950510555552
-1.49800000005821,1.27949999999997
-1.49800000005821,1.27960510555552
-1.49800000005821,1.27959999999997
-1.49800000005821,1.27970510555552
-1.49800000005821,1.27969999999997
-1.49800000005821,1.27980510555553
-1.49800000005821,1.27979999999997
-1.49800000005821,1.27990510555552
-1.49800000005821,1.27989999999997
-1.49800000005821,1.28000510555552
-1.49800000005821,1.27999999999997
-1.49800000005821,1.28010510555552
-1.49800000005821,1.28009999999997
-1.49800000005821,1.28020510555553
-1.49800000005821,1.28019999999997
-1.49800000005821,1.28030510555552
-1.49800000005821,1.28029999999997
-1.49800000005821,1.28040510555552
-1.49800000005821,1.28039999999997
-1.49800000005821,1.28050510555552
-1.49800000005821,1.28049999999997
-1.49800000005821,1.28060510555552
-1.49800000005821,1.28059999999997
-1.49800000005821,1.28070510555552
-1.49800000005821,1.28069999999997
-1.49800000005821,1.28080510555552
-1.49800000005821,1.28079999999997
-1.49800000005821,1.28090510555552
-1.49800000005821,1.28089999999997
-1.49800000005821,1.28100510555552
-1.49800000005821,1.28099999999997
-1.49800000005821,1.28110510555552
-1.49800000005821,1.28109999999997
-1.49800000005821,1.28120510555552
-1.49800000005821,1.28119999999997
-1.49800000005821,1.28130510555552
-1.49800000005821,1.28129999999997
-1.49800000005821,1.28140510555552
-1.49800000005821,1.28139999999997
-1.49800000005821,1.28150510555552
-1.49800000005821,1.28149999999997
-1.49800000005821,1.28160510555552
-1.49800000005821,1.28159999999997
-1.49800000005821,1.28170510555552
-1.49800000005821,1.28169999999997
-1.49800000005821,1.28180510555552
-1.49800000005821,1.28179999999997
-1.49800000005821,1.28190510555552
-1.49800000005821,1.28189999999997
-1.49800000005821,1.28200510555552
-1.49800000005821,1.28199999999997
-1.49800000005821,1.28210510555552
-1.49800000005821,1.28209999999997
-1.08100000008248,1.28220510555552
-1.08100000008248,1.28219999999997
-1.08100000008248,1.28230510555552
-1.08100000008248,1.28229999999997
-1.08100000008248,1.28240510555552
-1.08100000008248,1.28239999999997
-1.08100000008248,1.28250510555552
-1.08100000008248,1.28249999999997
-1.08100000008248,1.28260510555552
-1.08100000008248,1.28259999999997
-1.08100000008248,1.28270510555552
-1.08100000008248,1.28269999999997
-1.08100000008248,1.28280510555552
-1.08100000008248,1.28279999999997
-1.08100000008248,1.28290510555552
-1.08100000008248,1.28289999999997
-1.08100000008248,1.28300510555552
-1.08100000008248,1.28299999999997
-1.08100000008248,1.28310510555552
-1.08100000008248,1.28309999999997
-1.08100000008248,1.28320510555552
-1.08100000008248,1.28319999999997
-1.08100000008248,1.28330510555552
-1.08100000008248,1.28329999999997
-1.08100000008248,1.28340510555552
-1.08100000008248,1.28339999999997
-1.08100000008248,1.28350510555552
-1.08100000008248,1.28349999999997
-1.08100000008248,1.28360510555552
-1.08100000008248,1.28359999999997
-1.08100000008248,1.28370510555552
-1.08100000008248,1.28369999999997
-1.08100000008248,1.28380510555552
-1.08100000008248,1.28379999999997
-1.08100000008248,1.28390510555552
-1.08100000008248,1.28389999999997
-1.08100000008248,1.28400510555552
-1.08100000008248,1.28399999999997
-1.08100000008248,1.28410510555552
-1.08100000008248,1.28409999999997
-1.08100000008248,1.28420510555552
-1.08100000008248,1.28419999999997
-1.08100000008248,1.28430510555552
-1.08100000008248,1.28429999999997
-1.08100000008248,1.28440510555552
-1.08100000008248,1.28439999999997
-1.08100000008248,1.28450510555552
-1.08100000008248,1.28449999999997
-1.08100000008248,1.28460510555552
-1.08100000008248,1.28459999999997
-1.08100000008248,1.28470510555552
-3.49799999994179,1.28469999999997
-3.49799999994179,1.28472732777775
-3.49799999994179,1.28479999999997
-3.49799999994179,1.28482732777775
-3.49799999994179,1.28489999999997
-3.49799999994179,1.28492732777775
-3.49799999994179,1.28499999999997
-3.49799999994179,1.28502732777775
-3.49799999994179,1.28509999999997
-3.49799999994179,1.28512732777775
-3.49799999994179,1.28519999999997
-3.49799999994179,1.28522732777775
-3.49799999994179,1.28529999999997
-3.49799999994179,1.28532732777775
-3.49799999994179,1.28539999999997
-3.49799999994179,1.28542732777775
-3.49799999994179,1.28549999999997
-3.49799999994179,1.28552732777775
-3.49799999994179,1.28559999999997
-3.49799999994179,1.28562732777775
-3.49799999994179,1.28569999999997
-3.49799999994179,1.28572732777775
-3.49799999994179,1.28579999999997
-3.49799999994179,1.28582732777775
-3.49799999994179,1.28589999999997
-3.49799999994179,1.28592732777775
-3.49799999994179,1.28599999999997
-3.49799999994179,1.28602732777775
-3.49799999994179,1.28609999999997
-3.49799999994179,1.28612732777775
-3.49799999994179,1.28619999999997
-3.49799999994179,1.28622732777775
-3.49799999994179,1.28629999999997
-3.49799999994179,1.28632732777775
-3.49799999994179,1.28639999999997
-3.49799999994179,1.28642732777775
-3.49799999994179,1.28649999999997
-3.49799999994179,1.28652732777775
-3.49799999994179,1.28659999999997
-3.49799999994179,1.28662732777775
-3.49799999994179,1.28669999999997
-3.49799999994179,1.28672732777775
-3.49799999994179,1.28679999999997
-3.49799999994179,1.28682732777775
-3.49799999994179,1.28689999999997
-3.49799999994179,1.28692732777775
-3.49799999994179,1.28699999999997
-3.49799999994179,1.28702732777775
-3.49799999994179,1.28709999999997
-3.49799999994179,1.28712732777775
-3.49799999994179,1.28719999999997
-3.49799999994179,1.28722732777775
-3.49799999994179,1.28729999999997
-3.49799999994179,1.28732732777775
-3.49799999994179,1.28739999999997
-3.49799999994179,1.28742732777775
-3.49799999994179,1.28749999999997
-3.49799999994179,1.28752732777775
-3.49799999994179,1.28759999999997
-3.49799999994179,1.28762732777775
-3.49799999994179,1.28769999999997
-3.49799999994179,1.28772732777775
-3.49799999994179,1.28779999999997
-3.49799999994179,1.28782732777775
-3.49799999994179,1.28789999999997
-3.49799999994179,1.28792732777775
-3.49799999994179,1.28799999999997
-3.49799999994179,1.28802732777775
-3.49799999994179,1.28809999999997
-3.49799999994179,1.28812732777775
-3.49799999994179,1.28819999999997
-3.49799999994179,1.28822732777775
-3.49799999994179,1.28829999999997
-3.49799999994179,1.28832732777775
-3.49799999994179,1.28839999999997
-3.49799999994179,1.28842732777775
-3.49799999994179,1.28849999999997
-3.49799999994179,1.28852732777775
-3.49799999994179,1.28859999999997
-3.49799999994179,1.28862732777775
-3.49799999994179,1.28869999999997
-3.49799999994179,1.28872732777775
-3.49799999994179,1.28879999999997
-3.49799999994179,1.28882732777775
-3.49799999994179,1.28889999999997
-3.49799999994179,1.28892732777775
-3.49799999994179,1.28899999999997
-3.49799999994179,1.28902732777775
-3.49799999994179,1.28909999999997
-3.49799999994179,1.28912732777775
-3.49799999994179,1.28919999999997
-3.49799999994179,1.28922732777775
-3.49799999994179,1.28929999999997
-3.49799999994179,1.28932732777775
-3.49799999994179,1.28939999999997
-3.49799999994179,1.28942732777775
-3.49799999994179,1.28949999999997
-3.49799999994179,1.28952732777775
-3.49799999994179,1.28959999999997
-3.49799999994179,1.28962732777775
-3.49799999994179,1.28969999999997
-3.49799999994179,1.28972732777775
-3.49799999994179,1.28979999999997
-3.49799999994179,1.28982732777775
-3.49799999994179,1.28989999999997
-3.49799999994179,1.28992732777775
-3.49799999994179,1.28999999999997
-3.49799999994179,1.29002732777775
-3.49799999994179,1.29009999999997
-3.49799999994179,1.29012732777775
-3.49799999994179,1.29019999999997
-3.49799999994179,1.29022732777775
-3.49799999994179,1.29029999999997
-3.49799999994179,1.29032732777775
-3.49799999994179,1.29039999999997
-3.49799999994179,1.29042732777775
-3.49799999994179,1.29049999999997
-3.49799999994179,1.29052732777775
-3.49799999994179,1.29059999999997
-3.49799999994179,1.29062732777775
-3.49799999994179,1.29069999999997
-3.49799999994179,1.29072732777775
-3.49799999994179,1.29079999999997
-3.49799999994179,1.29082732777775
-3.49799999994179,1.29089999999997
-3.49799999994179,1.29092732777775
-3.49799999994179,1.29099999999997
-3.70649999991752,1.29102732777775
-3.70649999991752,1.29109999999997
-3.70649999991752,1.29112732777775
-3.70649999991752,1.29119999999997
-3.70649999991752,1.29122732777775
-3.70649999991752,1.29129999999997
-3.70649999991752,1.29132732777775
-3.70649999991752,1.29139999999997
-3.70649999991752,1.29142732777775
-3.70649999991752,1.29149999999997
-3.70649999991752,1.29152732777775
-2.49800000005821,1.29159999999997
-2.49800000005821,1.29162732777775
-2.49800000005821,1.29169999999997
-2.49800000005821,1.29172732777775
-2.49800000005821,1.29179999999997
-2.49800000005821,1.29182732777775
-2.49800000005821,1.29189999999997
-2.49800000005821,1.29192732777775
-2.49800000005821,1.29199999999997
-2.49800000005821,1.29202732777775
-2.49800000005821,1.29209999999997
-2.49800000005821,1.29212732777775
-2.49800000005821,1.29219999999997
-2.49800000005821,1.29222732777775
-2.49800000005821,1.29229999999997
-2.49800000005821,1.29232732777775
-2.49800000005821,1.29239999999997
-2.49800000005821,1.29242732777775
-2.49800000005821,1.29249999999997
-2.49800000005821,1.29252732777775
-2.49800000005821,1.29259999999997
-2.49800000005821,1.29262732777775
-2.49800000005821,1.29269999999997
-2.49800000005821,1.29272732777775
-2.49800000005821,1.29279999999997
-2.49800000005821,1.29282732777775
-2.49800000005821,1.29289999999997
-2.49800000005821,1.29292732777775
-2.49800000005821,1.29299999999997
-2.49800000005821,1.29302732777775
-2.49800000005821,1.29309999999997
-2.49800000005821,1.29312732777775
-2.49800000005821,1.29319999999997
-2.49800000005821,1.29322732777775
-2.49800000005821,1.29329999999997
-2.49800000005821,1.29332732777775
-2.49800000005821,1.29339999999997
-2.49800000005821,1.29342732777775
-2.49800000005821,1.29349999999997
-2.49800000005821,1.29352732777775
-2.49800000005821,1.29359999999997
-2.49800000005821,1.29362732777775
-2.49800000005821,1.29369999999997
-2.49800000005821,1.29372732777775
-2.49800000005821,1.29379999999997
-2.49800000005821,1.29382732777775
-2.49800000005821,1.29389999999997
-2.49800000005821,1.29392732777775
-2.49800000005821,1.29399999999997
-2.49800000005821,1.29402732777775
-2.49800000005821,1.29409999999997
-2.49800000005821,1.29412732777775
-2.49800000005821,1.29419999999997
-2.49800000005821,1.29422732777775
-2.49800000005821,1.29429999999997
-2.49800000005821,1.29432732777775
-2.49800000005821,1.29439999999997
-2.49800000005821,1.29442732777775
-2.49800000005821,1.29449999999997
-2.49800000005821,1.29452732777775
-2.49800000005821,1.29459999999997
-2.49800000005821,1.29462732777775
-2.49800000005821,1.29469999999997
-2.49800000005821,1.29472732777775
-2.49800000005821,1.29479999999997
-2.49800000005821,1.29482732777775
-2.49800000005821,1.29489999999997
-2.49800000005821,1.29492732777775
-2.49800000005821,1.29499999999997
-2.49800000005821,1.29502732777775
-2.49800000005821,1.29509999999997
-2.49800000005821,1.29512732777775
-2.49800000005821,1.29519999999997
-2.49800000005821,1.29522732777775
-2.49800000005821,1.29529999999997
-2.49800000005821,1.29532732777775
-2.49800000005821,1.29539999999997
-2.49800000005821,1.29542732777775
-2.49800000005821,1.29549999999997
-2.49800000005821,1.29552732777775
-2.49800000005821,1.29559999999997
-2.49800000005821,1.29562732777775
-2.49800000005821,1.29569999999997
-2.49800000005821,1.29572732777775
-2.49800000005821,1.29579999999997
-2.49800000005821,1.29582732777775
-2.49800000005821,1.29589999999997
-2.49800000005821,1.29592732777775
-2.49800000005821,1.29599999999997
-2.49800000005821,1.29602732777775
-2.49800000005821,1.29609999999997
-2.49800000005821,1.29612732777775
-2.49800000005821,1.29619999999997
-2.49800000005821,1.29622732777775
-2.49800000005821,1.29629999999997
-2.49800000005821,1.29632732777775
-2.49800000005821,1.29639999999997
-2.49800000005821,1.29642732777775
-2.49800000005821,1.29649999999997
-2.49800000005821,1.29652732777775
-2.49800000005821,1.29659999999997
-2.49800000005821,1.29662732777775
-2.49800000005821,1.29669999999997
-2.49800000005821,1.29672732777775
-2.49800000005821,1.29679999999997
-2.49800000005821,1.29682732777775
-2.49800000005821,1.29689999999997
-2.49800000005821,1.29692732777775
-2.49800000005821,1.29699999999997
-2.49800000005821,1.29702732777775
-2.49800000005821,1.29709999999997
-2.49800000005821,1.29712732777775
-2.49800000005821,1.29719999999997
-2.49800000005821,1.29722732777775
-2.49800000005821,1.29729999999997
-2.49800000005821,1.29732732777775
-2.49800000005821,1.29739999999997
-2.49800000005821,1.29742732777775
-2.49800000005821,1.29749999999997
-2.49800000005821,1.29752732777775
-2.49800000005821,1.29759999999997
-2.49800000005821,1.29762732777775
-2.49800000005821,1.29769999999997
-2.49800000005821,1.29772732777775
-2.49800000005821,1.29779999999997
-2.49800000005821,1.29782732777775
-2.49800000005821,1.29789999999997
-2.49800000005821,1.29792732777775
-2.49800000005821,1.29799999999997
-2.49800000005821,1.29802732777774
-2.49800000005821,1.29809999999997
-2.49800000005821,1.29812732777775
-2.49800000005821,1.29819999999997
-2.49800000005821,1.29822732777774
-4.91499999991752,1.29829999999997
-4.91499999991752,1.29829489444441
-4.91499999991752,1.29839999999997
-4.91499999991752,1.29839489444441
-4.91499999991752,1.29849999999997
-4.91499999991752,1.29849489444441
-4.91499999991752,1.29859999999997
-4.91499999991752,1.29859489444441
-4.91499999991752,1.29869999999997
-4.91499999991752,1.29869489444441
-4.91499999991752,1.29879999999997
-4.91499999991752,1.29879489444441
-4.91499999991752,1.29889999999997
-4.91499999991752,1.29889489444441
-4.91499999991752,1.29899999999997
-4.91499999991752,1.29899489444441
-4.91499999991752,1.29909999999997
-4.91499999991752,1.29909489444441
-4.91499999991752,1.29919999999997
-4.91499999991752,1.29919489444441
-4.91499999991752,1.29929999999997
-4.91499999991752,1.29929489444441
-4.91499999991752,1.29939999999997
-4.91499999991752,1.29939489444441
-4.91499999991752,1.29949999999997
-4.91499999991752,1.29949489444441
-4.91499999991752,1.29959999999997
-4.91499999991752,1.29959489444441
-4.91499999991752,1.29969999999997
-4.91499999991752,1.29969489444441
-4.91499999991752,1.29979999999997
-4.49799999994179,1.29979489444441
-4.49799999994179,1.29989999999997
-4.49799999994179,1.29989489444441
-4.49799999994179,1.29999999999997
-4.49799999994179,1.29999489444441
-4.49799999994179,1.30009999999997
-4.49799999994179,1.30009489444441
-4.49799999994179,1.30019999999997
-4.49799999994179,1.30019489444441
-4.49799999994179,1.30029999999997
-4.49799999994179,1.30029489444441
-4.49799999994179,1.30039999999997
-4.49799999994179,1.30039489444441
-4.49799999994179,1.30049999999997
-4.49799999994179,1.30049489444441
-4.49799999994179,1.30059999999997
-4.49799999994179,1.30059489444441
-4.49799999994179,1.30069999999997
-4.49799999994179,1.30069489444441
-4.49799999994179,1.30079999999997
-4.49799999994179,1.30079489444441
-4.49799999994179,1.30089999999997
-4.49799999994179,1.30089489444441
-4.49799999994179,1.30099999999997
-4.49799999994179,1.30099489444441
-4.49799999994179,1.30109999999997
-4.49799999994179,1.30109489444441
-4.49799999994179,1.30119999999997
-4.49799999994179,1.30119489444441
-4.49799999994179,1.30129999999997
-4.49799999994179,1.30129489444441
-4.49799999994179,1.30139999999997
-4.49799999994179,1.30139489444441
-4.49799999994179,1.30149999999997
-4.49799999994179,1.30149489444441
-4.49799999994179,1.30159999999997
-4.49799999994179,1.30159489444441
-4.49799999994179,1.30169999999997
-4.49799999994179,1.30169489444441
-4.49799999994179,1.30179999999997
-4.49799999994179,1.30179489444441
-4.49799999994179,1.30189999999997
-4.49799999994179,1.30189489444441
-4.49799999994179,1.30199999999997
-4.49799999994179,1.30199489444441
-4.49799999994179,1.30209999999997
-4.49799999994179,1.30209489444441
-4.49799999994179,1.30219999999997
-4.49799999994179,1.30219489444441
-4.49799999994179,1.30229999999997
-4.49799999994179,1.30229489444441
-4.49799999994179,1.30239999999997
-4.49799999994179,1.30239489444441
-4.49799999994179,1.30249999999997
-4.49799999994179,1.30249489444441
-4.49799999994179,1.30259999999997
-4.49799999994179,1.30259489444441
-4.49799999994179,1.30269999999997
-4.49799999994179,1.30269489444441
-4.49799999994179,1.30279999999997
-4.49799999994179,1.30279489444441
-4.49799999994179,1.30289999999997
-4.49799999994179,1.30289489444441
-4.49799999994179,1.30299999999997
-4.49799999994179,1.30299489444441
-4.49799999994179,1.30309999999997
-4.49799999994179,1.30309489444441
-4.49799999994179,1.30319999999997
-4.49799999994179,1.30319489444441
-4.49799999994179,1.30329999999997
-4.49799999994179,1.30329489444441
-4.49799999994179,1.30339999999997
-4.49799999994179,1.30339489444441
-4.49799999994179,1.30349999999997
-4.49799999994179,1.30349489444441
-4.49799999994179,1.30359999999997
-4.49799999994179,1.30359489444441
-4.49799999994179,1.30369999999997
-4.49799999994179,1.30369489444441
-4.49799999994179,1.30379999999997
-4.49799999994179,1.30379489444441
-4.49799999994179,1.30389999999997
-4.49799999994179,1.30389489444441
-4.49799999994179,1.30399999999997
-4.49799999994179,1.30399489444441
-4.49799999994179,1.30409999999997
-4.49799999994179,1.30409489444441
-4.49799999994179,1.30419999999997
-4.49799999994179,1.30419489444441
-4.49799999994179,1.30429999999997
-4.49799999994179,1.30429489444441
-4.49799999994179,1.30439999999997
-4.49799999994179,1.30439489444441
-4.49799999994179,1.30449999999997
-4.49799999994179,1.30449489444441
-4.49799999994179,1.30459999999997
-4.49799999994179,1.30459489444441
-3.28950000008248,1.30469999999997
-3.28950000008248,1.30472732777774
-3.28950000008248,1.30479999999997
-3.28950000008248,1.30482732777774
-3.28950000008248,1.30489999999997
-3.28950000008248,1.30492732777774
-3.28950000008248,1.30499999999997
-3.28950000008248,1.30502732777774
-3.28950000008248,1.30509999999997
-3.28950000008248,1.30512732777774
-3.28950000008248,1.30519999999997
-3.28950000008248,1.30522732777774
-3.28950000008248,1.30529999999997
-3.28950000008248,1.30532732777774
-3.28950000008248,1.30539999999997
-3.28950000008248,1.30542732777774
-3.28950000008248,1.30549999999997
-3.28950000008248,1.30552732777774
-3.28950000008248,1.30559999999997
-3.28950000008248,1.30562732777774
-3.28950000008248,1.30569999999997
-3.28950000008248,1.30572732777774
-3.28950000008248,1.30579999999997
-3.28950000008248,1.30582732777774
-3.28950000008248,1.30589999999997
-3.28950000008248,1.30592732777774
-3.28950000008248,1.30599999999997
-3.28950000008248,1.30602732777774
-3.28950000008248,1.30609999999997
-3.28950000008248,1.30612732777774
-3.28950000008248,1.30619999999997
-3.28950000008248,1.30622732777774
-3.28950000008248,1.30629999999997
-3.28950000008248,1.30632732777774
-3.28950000008248,1.30639999999997
-3.28950000008248,1.30642732777774
-3.28950000008248,1.30649999999997
-3.28950000008248,1.30652732777774
-3.28950000008248,1.30659999999997
-3.28950000008248,1.30662732777774
-3.28950000008248,1.30669999999997
-3.28950000008248,1.30672732777774
-3.28950000008248,1.30679999999997
-3.28950000008248,1.30682732777774
-3.28950000008248,1.30689999999997
-3.28950000008248,1.30692732777774
-3.28950000008248,1.30699999999997
-3.28950000008248,1.30702732777774
-3.28950000008248,1.30709999999997
-3.28950000008248,1.30712732777774
-3.28950000008248,1.30719999999997
-3.28950000008248,1.30722732777774
-3.28950000008248,1.30729999999997
-3.28950000008248,1.30732732777774
-3.28950000008248,1.30739999999997
-3.28950000008248,1.30742732777774
-3.28950000008248,1.30749999999997
-3.28950000008248,1.30752732777774
-3.28950000008248,1.30759999999997
-3.28950000008248,1.30762732777774
-3.28950000008248,1.30769999999997
-3.28950000008248,1.30772732777774
-3.28950000008248,1.30779999999997
-3.28950000008248,1.30782732777774
-3.28950000008248,1.30789999999997
-3.28950000008248,1.30792732777774
-3.28950000008248,1.30799999999997
-3.28950000008248,1.30802732777774
-3.28950000008248,1.30809999999997
-3.28950000008248,1.30812732777774
-3.28950000008248,1.30819999999997
-3.28950000008248,1.30822732777774
-3.28950000008248,1.30829999999997
-3.28950000008248,1.30832732777774
-3.28950000008248,1.30839999999997
-3.28950000008248,1.30842732777774
-3.28950000008248,1.30849999999997
-3.28950000008248,1.30852732777774
-3.28950000008248,1.30859999999997
-3.28950000008248,1.30862732777774
-3.28950000008248,1.30869999999997
-3.49800000005821,1.30872732777774
-3.49800000005821,1.30879999999997
-3.49800000005821,1.30882732777774
-3.49800000005821,1.30889999999997
-3.49800000005821,1.30892732777774
-3.49800000005821,1.30899999999997
-3.49800000005821,1.30902732777774
-3.49800000005821,1.30909999999997
-3.49800000005821,1.30912732777774
-3.49800000005821,1.30919999999997
-3.49800000005821,1.30922732777774
-3.49800000005821,1.30929999999997
-3.49800000005821,1.30932732777774
-3.49800000005821,1.30939999999997
-3.49800000005821,1.30942732777774
-3.49800000005821,1.30949999999997
-3.49800000005821,1.30952732777774
-3.49800000005821,1.30959999999997
-3.49800000005821,1.30962732777774
-3.49800000005821,1.30969999999997
-3.49800000005821,1.30972732777774
-3.49800000005821,1.30979999999997
-3.49800000005821,1.30982732777774
-3.49800000005821,1.30989999999997
-3.49800000005821,1.30992732777774
-3.49800000005821,1.30999999999997
-3.49800000005821,1.31002732777774
-3.49800000005821,1.31009999999997
-3.49800000005821,1.31012732777774
-3.49800000005821,1.31019999999997
-3.49800000005821,1.31022732777774
-3.49800000005821,1.31029999999997
-3.49800000005821,1.31032732777774
-3.49800000005821,1.31039999999997
-3.49800000005821,1.31042732777774
-3.49800000005821,1.31049999999997
-3.49800000005821,1.31052732777774
-3.49800000005821,1.31059999999997
-3.49800000005821,1.31062732777774
-3.49800000005821,1.31069999999997
-3.49800000005821,1.31072732777774
-3.49800000005821,1.31079999999997
-3.49800000005821,1.31082732777774
-3.49800000005821,1.31089999999997
-3.49800000005821,1.31092732777774
-5.91499999991752,1.31099999999997
-5.91499999991752,1.31099489444441
-5.91499999991752,1.31109999999997
-5.91499999991752,1.31109489444441
-5.91499999991752,1.31119999999997
-5.91499999991752,1.31119489444441
-5.91499999991752,1.31129999999997
-5.91499999991752,1.31129489444441
-5.91499999991752,1.31139999999997
-5.91499999991752,1.31139489444441
-5.91499999991752,1.31149999999997
-5.91499999991752,1.31149489444441
-5.91499999991752,1.31159999999997
-5.91499999991752,1.31159489444441
-5.91499999991752,1.31169999999997
-5.91499999991752,1.31169489444441
-5.91499999991752,1.31179999999997
-5.91499999991752,1.31179489444441
-5.91499999991752,1.31189999999997
-5.91499999991752,1.31189489444441
-5.91499999991752,1.31199999999997
-5.91499999991752,1.31199489444441
-5.91499999991752,1.31209999999997
-5.91499999991752,1.31209489444441
-5.91499999991752,1.31219999999997
-5.91499999991752,1.31219489444441
-5.91499999991752,1.31229999999997
-5.91499999991752,1.31229489444441
-5.91499999991752,1.31239999999997
-5.91499999991752,1.31239489444441
-5.91499999991752,1.31249999999997
-5.91499999991752,1.31249489444441
-5.91499999991752,1.31259999999997
-5.91499999991752,1.31259489444441
-5.91499999991752,1.31269999999997
-5.91499999991752,1.31269489444441
-5.91499999991752,1.31279999999997
-5.91499999991752,1.31279489444441
-5.91499999991752,1.31289999999997
-5.91499999991752,1.31289489444441
-5.91499999991752,1.31299999999997
-5.91499999991752,1.31299489444441
-5.91499999991752,1.31309999999997
-5.91499999991752,1.31309489444441
-5.91499999991752,1.31319999999997
-5.91499999991752,1.31319489444441
-5.91499999991752,1.31329999999997
-5.91499999991752,1.31329489444441
-5.91499999991752,1.31339999999997
-5.91499999991752,1.31339489444441
-5.91499999991752,1.31349999999997
-5.91499999991752,1.31349489444441
-5.91499999991752,1.31359999999997
-5.91499999991752,1.31359489444441
-5.91499999991752,1.31369999999997
-5.91499999991752,1.31369489444441
-5.91499999991752,1.31379999999997
-5.91499999991752,1.31379489444441
-5.91499999991752,1.31389999999997
-5.91499999991752,1.31389489444441
-5.91499999991752,1.31399999999997
-5.91499999991752,1.31399489444441
-5.91499999991752,1.31409999999997
-5.91499999991752,1.31409489444441
-5.91499999991752,1.31419999999997
-5.91499999991752,1.31419489444441
-5.91499999991752,1.31429999999997
-5.91499999991752,1.31429489444441
-5.91499999991752,1.31439999999997
-5.91499999991752,1.31439489444441
-5.91499999991752,1.31449999999997
-5.91499999991752,1.31449489444441
-5.91499999991752,1.31459999999997
-5.91499999991752,1.31459489444441
-5.91499999991752,1.31469999999997
-5.91499999991752,1.31469489444441
-5.91499999991752,1.31479999999997
-5.91499999991752,1.31479489444441
-5.91499999991752,1.31489999999997
-5.91499999991752,1.31489489444441
-5.91499999991752,1.31499999999997
-5.91499999991752,1.31499489444441
-5.91499999991752,1.31509999999997
-5.91499999991752,1.31509489444441
-5.91499999991752,1.31519999999997
-5.91499999991752,1.31519489444441
-5.91499999991752,1.31529999999997
-5.91499999991752,1.31529489444441
-5.91499999991752,1.31539999999997
-5.91499999991752,1.31539489444441
-5.91499999991752,1.31549999999997
-5.91499999991752,1.31549489444441
-5.91499999991752,1.31559999999997
-5.91499999991752,1.31559489444441
-5.91499999991752,1.31569999999997
-5.91499999991752,1.31569489444441
-5.91499999991752,1.31579999999997
-5.91499999991752,1.31579489444441
-5.91499999991752,1.31589999999997
-5.91499999991752,1.31589489444441
-5.91499999991752,1.31599999999997
-5.91499999991752,1.31599489444441
-5.91499999991752,1.31609999999997
-5.91499999991752,1.31609489444441
-5.91499999991752,1.31619999999997
-5.91499999991752,1.31619489444441
-5.91499999991752,1.31629999999997
-5.91499999991752,1.31629489444441
-5.91499999991752,1.31639999999997
-5.91499999991752,1.31639489444441
-5.91499999991752,1.31649999999997
-5.91499999991752,1.31649489444441
-5.91499999991752,1.31659999999997
-5.91499999991752,1.31659489444441
-5.91499999991752,1.31669999999997
-5.91499999991752,1.31669489444441
-5.91499999991752,1.31679999999997
-5.91499999991752,1.31679489444441
-5.91499999991752,1.31689999999997
-5.91499999991752,1.31689489444441
-5.91499999991752,1.31699999999997
-5.91499999991752,1.31699489444441
-5.91499999991752,1.31709999999997
-5.91499999991752,1.31709489444441
-4.70650000005821,1.31719999999997
-4.70650000005821,1.31719489444441
-4.70650000005821,1.31729999999997
-4.70650000005821,1.31729489444441
-4.70650000005821,1.31739999999997
-4.70650000005821,1.31739489444441
-4.70650000005821,1.31749999999997
-5.49800000007034,1.33509489444928
-5.49800000007034,1.33519489444928
-5.49800000007034,1.33529489444928
-5.49800000007034,1.33539489444928
-7.91499999992966,1.33549489444928
-7.91499999992966,1.33559489444928
-7.91499999992966,1.33569489444928
-7.91499999992966,1.33579489444928
-7.91499999992966,1.33589489444928
-7.91499999992966,1.33599489444928
-7.91499999992966,1.33609489444928
-7.91499999992966,1.33619489444928
-7.91499999992966,1.33629489444928
-7.91499999992966,1.33639489444928
-7.91499999992966,1.33649489444928
-7.91499999992966,1.33659489444928
-7.91499999992966,1.33669489444928
-7.91499999992966,1.33679489444928
-7.91499999992966,1.33689489444928
-7.91499999992966,1.33699489444928
-7.91499999992966,1.33709489444928
-7.91499999992966,1.33719489444928
-7.91499999992966,1.33729489444928
-7.91499999992966,1.33739489444928
-7.91499999992966,1.33749489444928
-7.91499999992966,1.33759489444928
-7.91499999992966,1.33769489444928
-7.91499999992966,1.33779489444928
-7.91499999992966,1.33789489444928
-7.91499999992966,1.33799489444928
-7.91499999992966,1.33809489444928
-7.91499999992966,1.33819489444928
-7.91499999992966,1.33829489444928
-7.91499999992966,1.33839489444928
-7.91499999992966,1.33849489444928
-7.91499999992966,1.33859489444928
-7.91499999992966,1.33869489444928
-7.91499999992966,1.33879489444928
-7.91499999992966,1.33889489444928
-7.91499999992966,1.33899489444928
-7.91499999992966,1.33909489444928
-7.91499999992966,1.33919489444928
-7.91499999992966,1.33929489444928
-7.91499999992966,1.33939489444928
-7.91499999992966,1.33949489444928
-7.91499999992966,1.33959489444928
-7.91499999992966,1.33969489444928
-7.91499999992966,1.33979489444928
-7.91499999992966,1.33989489444928
-7.91499999992966,1.33999489444928
-7.91499999992966,1.34009489444928
-7.91499999992966,1.34019489444928
-7.91499999992966,1.34029489444928
-7.91499999992966,1.34039489444928
-7.91499999992966,1.34049489444928
-7.91499999992966,1.34059489444928
-7.91499999992966,1.34069489444928
-7.91499999992966,1.34079489444928
-7.91499999992966,1.34089489444928
-7.91499999992966,1.34099489444928
-7.91499999992966,1.34109489444928
-7.91499999992966,1.34119489444928
-7.91499999992966,1.34129489444928
-7.91499999992966,1.34139489444928
-7.91499999992966,1.34149489444928
-7.91499999992966,1.34159489444928
-6.70650000007034,1.34169489444928
-6.70650000007034,1.34179489444928
-6.70650000007034,1.34189489444928
-6.70650000007034,1.34199489444928
-6.70650000007034,1.34209489444928
-6.70650000007034,1.34219489444928
-6.70650000007034,1.34229489444928
-6.70650000007034,1.34239489444928
-6.70650000007034,1.34249489444928
-6.70650000007034,1.34259489444928
-6.70650000007034,1.34269489444928
-6.70650000007034,1.34279489444928
-6.70650000007034,1.34289489444928
-6.70650000007034,1.34299489444928
-6.70650000007034,1.34309489444928
-6.70650000007034,1.34319489444928
-6.70650000007034,1.34329489444928
-6.70650000007034,1.34339489444928
-6.70650000007034,1.34349489444928
-6.70650000007034,1.34359489444928
-6.70650000007034,1.34369489444928
-6.70650000007034,1.34379489444928
-6.70650000007034,1.34389489444928
-6.70650000007034,1.34399489444928
-6.70650000007034,1.34409489444928
-6.70650000007034,1.34419489444928
-6.70650000007034,1.34429489444928
-6.70650000007034,1.34439489444928
-6.70650000007034,1.34449489444928
-6.70650000007034,1.34459489444928
-6.70650000007034,1.34469489444928
-6.70650000007034,1.34479489444928
-6.70650000007034,1.34489489444928
-6.70650000007034,1.34499489444928
-6.70650000007034,1.34509489444928
-6.70650000007034,1.34519489444928
-6.70650000007034,1.34529489444928
-6.70650000007034,1.34539489444928
-6.70650000007034,1.34549489444928
-6.70650000007034,1.34559489444928
-6.70650000007034,1.34569489444928
-6.70650000007034,1.34579489444928
-6.70650000007034,1.34589489444928
-6.70650000007034,1.34599489444928
-6.70650000007034,1.34609489444928
-6.70650000007034,1.34619489444928
-6.70650000007034,1.34629489444928
-6.70650000007034,1.34639489444928
-6.70650000007034,1.34649489444928
-6.70650000007034,1.34659489444928
-6.70650000007034,1.34669489444928
-6.70650000007034,1.34679489444928
-6.70650000007034,1.34689489444928
-6.70650000007034,1.34699489444928
-6.70650000007034,1.34709489444928
-6.70650000007034,1.34719489444928
-6.70650000007034,1.34729489444928
-6.70650000007034,1.34739489444928
-6.70650000007034,1.34749489444928
-6.70650000007034,1.34759489444928
-6.70650000007034,1.34769489444928
-9.12349999992966,1.34779489444928
-9.12349999992966,1.34789489444928
-9.12349999992966,1.34799489444928
-9.12349999992966,1.34809489444928
-9.12349999992966,1.34819489444927
-9.12349999992966,1.34829489444928
-9.12349999992966,1.34839489444928
-9.12349999992966,1.34849489444928
-9.12349999992966,1.34859489444928
-9.12349999992966,1.34869489444927
-9.12349999992966,1.34879489444928
-9.12349999992966,1.34889489444928
-9.12349999992966,1.34899489444927
-9.12349999992966,1.34909489444928
-9.12349999992966,1.34919489444928
-9.12349999992966,1.34929489444928
-9.12349999992966,1.34939489444928
-9.12349999992966,1.34949489444927
-9.12349999992966,1.34959489444928
-9.12349999992966,1.34969489444928
-9.12349999992966,1.34979489444927
-9.12349999992966,1.34989489444928
-9.12349999992966,1.34999489444928
-9.12349999992966,1.35009489444928
-9.12349999992966,1.35019489444927
-9.12349999992966,1.35029489444927
-9.12349999992966,1.35039489444928
-9.12349999992966,1.35049489444927
-9.12349999992966,1.35059489444927
-9.12349999992966,1.35069489444928
-9.12349999992966,1.35079489444927
-9.12349999992966,1.35089489444928
-9.12349999992966,1.35099489444927
-9.12349999992966,1.35109489444927
-9.12349999992966,1.35119489444928
-9.12349999992966,1.35129489444927
-9.12349999992966,1.35139489444927
-9.12349999992966,1.35149489444928
-9.12349999992966,1.35159489444927
-9.12349999992966,1.35169489444928
-9.12349999992966,1.35179489444927
-9.12349999992966,1.35189489444927
-9.12349999992966,1.35199489444928
-9.12349999992966,1.35209489444927
-9.12349999992966,1.35219489444927
-9.12349999992966,1.35229489444927
-9.12349999992966,1.35239489444927
-9.12349999992966,1.35249489444927
-9.12349999992966,1.35259489444927
-9.12349999992966,1.35269489444927
-9.12349999992966,1.35279489444927
-9.12349999992966,1.35289489444927
-9.12349999992966,1.35299489444927
-9.12349999992966,1.35309489444927
-9.12349999992966,1.35319489444927
-9.12349999992966,1.35329489444927
-1.23166666660846,1.36489999999996
-1.23166666660846,1.36500510555552
-1.23166666660846,1.36499999999996
-1.23166666660846,1.36510510555552
-1.23166666660846,1.36509999999996
-1.23166666660846,1.36520510555552
-1.23166666660846,1.36519999999996
-1.23166666660846,1.36530510555551
-1.23166666660846,1.36529999999996
-1.23166666660846,1.36540510555552
-1.23166666660846,1.36539999999996
-1.23166666660846,1.36550510555552
-1.23166666660846,1.36549999999996
-1.23166666660846,1.36560510555552
-1.23166666660846,1.36559999999996
-1.23166666660846,1.36570510555552
-1.23166666660846,1.36569999999996
-1.23166666660846,1.36580510555552
-1.23166666660846,1.36579999999996
-1.25166666660846,1.36590530555552
-1.26166666660846,1.36589999999996
-1.26166666660846,1.36600510555552
-1.26166666660846,1.36599999999996
-1.26166666660846,1.36610510555551
-1.26166666660846,1.36609999999996
-1.26166666660846,1.36620510555552
-1.26166666660846,1.36619999999996
-1.26166666660846,1.36630510555552
-1.26166666660846,1.36629999999996
-1.26166666660846,1.36640510555552
-1.26166666660846,1.36639999999996
-1.26166666660846,1.36650510555552
-1.26166666660846,1.36649999999996
-1.25449999993215,1.36660510555552
-1.25449999993215,1.36659999999996
-1.25449999993215,1.36670510555552
-1.25449999993215,1.36669999999996
-1.25449999993215,1.36680510555552
-1.25449999993215,1.36679999999996
-1.25449999993215,1.36690510555551
-1.25449999993215,1.36689999999996
-1.25449999993215,1.36700510555552
-1.25449999993215,1.36699999999996
-1.25449999993215,1.36710510555552
-1.25449999993215,1.36709999999996
-1.25449999993215,1.36720510555551
-1.25449999993215,1.36719999999996
-1.25449999993215,1.36730510555552
-1.25449999993215,1.36729999999996
-1.27249999993238,1.36740530555552
-1.2814999999325,1.36739999999996
-1.2814999999325,1.36750510555552
-1.2814999999325,1.36749999999996
-1.2814999999325,1.36760510555551
-1.2814999999325,1.36759999999996
-1.2814999999325,1.36770510555551
-1.2814999999325,1.36769999999996
-1.2814999999325,1.36780510555552
-1.2814999999325,1.36779999999996
-1.2814999999325,1.36790510555552
-1.2814999999325,1.36789999999996
-1.2814999999325,1.36800510555551
-1.2814999999325,1.36799999999996
-1.2814999999325,1.36810510555552
-1.2814999999325,1.36809999999996
-1.2814999999325,1.36820510555552
-1.2814999999325,1.36819999999996
-1.2814999999325,1.36830510555552
-1.2814999999325,1.36829999999996
-1.2814999999325,1.36840510555551
-1.2814999999325,1.36839999999996
-1.2814999999325,1.36850510555551
-1.2814999999325,1.36849999999996
-1.2814999999325,1.36860510555552
-1.2814999999325,1.36859999999996
-1.2814999999325,1.36870510555552
-1.2814999999325,1.36869999999996
-1.2814999999325,1.36880510555551
-1.2814999999325,1.36879999999996
-1.2814999999325,1.36890510555552
-1.2814999999325,1.36889999999996
-1.2814999999325,1.36900510555552
-1.2814999999325,1.36899999999996
-1.2814999999325,1.36910510555552
-1.2814999999325,1.36909999999996
-1.2814999999325,1.36920510555551
-1.2814999999325,1.36919999999996
-1.2814999999325,1.36930510555551
-1.2814999999325,1.36929999999996
-1.30849999993285,1.36940510555552
-1.30849999993285,1.36939999999996
-1.30849999993285,1.36950510555551
-1.30849999993285,1.36949999999996
-1.30849999993285,1.36960510555551
-1.30849999993285,1.36959999999996
-1.30849999993285,1.36970510555552
-1.30849999993285,1.36969999999996
-1.30849999993285,1.36980510555552
-1.30849999993285,1.36979999999996
-1.30849999993285,1.36990510555551
-1.30849999993285,1.36989999999996
-1.30849999993285,1.37000510555551
-1.30849999993285,1.36999999999996
-1.30849999993285,1.37010510555551
-1.30849999993285,1.37009999999996
-1.30849999993285,1.37020510555552
-1.30849999993285,1.37019999999996
-1.30849999993285,1.37030510555551
-1.30849999993285,1.37029999999996
-1.30849999993285,1.37040510555551
-1.30849999993285,1.37039999999996
-1.30849999993285,1.37050510555552
-1.30849999993285,1.37049999999996
-1.30849999993285,1.37060510555552
-1.30849999993285,1.37059999999996
-1.30849999993285,1.37070510555551
-1.30849999993285,1.37069999999996
-1.30849999993285,1.37080510555551
-1.30849999993285,1.37079999999996
-1.30849999993285,1.37090510555551
-1.30849999993285,1.37089999999996
-1.30849999993285,1.37100510555552
-1.30849999993285,1.37099999999996
-1.30849999993285,1.37110510555551
-1.30849999993285,1.37109999999996
-1.30849999993285,1.37120510555551
-1.30849999993285,1.37119999999996
-1.30849999993285,1.37130510555551
-1.30849999993285,1.37129999999996
-1.31749999993296,1.37140530555552
-1.30849999993285,1.37139999999996
-1.3354999999332,1.37150510555551
-1.3354999999332,1.37149999999996
-1.3354999999332,1.37160510555551
-1.3354999999332,1.37159999999996
-1.3354999999332,1.37170510555551
-1.3354999999332,1.37169999999996
-1.3354999999332,1.37180510555551
-1.3354999999332,1.37179999999996
-1.3354999999332,1.37190510555551
-1.3354999999332,1.37189999999996
-1.3354999999332,1.37200510555551
-1.3354999999332,1.37199999999996
-1.3354999999332,1.37210510555551
-1.3354999999332,1.37209999999996
-1.3354999999332,1.37220510555551
-1.3354999999332,1.37219999999996
-1.3354999999332,1.37230510555551
-1.3354999999332,1.37229999999996
-1.3354999999332,1.37240510555551
-1.3354999999332,1.37239999999996
-1.3354999999332,1.37250510555551
-1.3354999999332,1.37249999999996
-1.3354999999332,1.37260510555551
-1.3354999999332,1.37259999999996
-1.3354999999332,1.37270510555551
-1.3354999999332,1.37269999999996
-1.3354999999332,1.37280510555551
-1.3354999999332,1.37279999999996
-1.33849999993324,1.37290577222218
-1.3354999999332,1.37289999999996
-1.34549999994179,1.37300510555551
-1.34549999994179,1.37299999999996
-1.34549999994179,1.37310510555551
-1.34549999994179,1.37309999999996
-1.34549999994179,1.37320510555551
-1.34549999994179,1.37319999999996
-1.34549999994179,1.37330510555551
-1.34549999994179,1.37329999999996
-1.34549999994179,1.37340510555551
-1.34549999994179,1.37339999999996
-1.34549999994179,1.37350510555551
-1.34549999994179,1.37349999999996
-1.34549999994179,1.37360510555551
-1.34549999994179,1.37359999999996
-1.34549999994179,1.37370510555551
-1.34549999994179,1.37369999999996
-1.34549999994179,1.37380510555551
-1.34549999994179,1.37379999999996
-1.34549999994179,1.37390510555551
-1.34549999994179,1.37389999999996
-1.34549999994179,1.37400510555551
-1.34549999994179,1.37399999999996
-1.34549999994179,1.37410510555551
-1.34549999994179,1.37409999999996
-1.34549999994179,1.37420510555551
-1.34549999994179,1.37419999999996
-1.34549999994179,1.37430510555551
-1.34549999994179,1.37429999999996
-1.34549999994179,1.37440510555551
-1.34549999994179,1.37439999999996
-1.34549999994179,1.37450510555551
-1.34549999994179,1.37449999999996
-1.34549999994179,1.37460510555551
-1.34549999994179,1.37459999999996
-1.34549999994179,1.37470510555551
-1.34549999994179,1.37469999999996
-1.37849999994179,1.37480510555551
-1.37849999994179,1.37479999999996
-1.37849999994179,1.37490510555551
-1.37849999994179,1.37489999999996
-1.37849999994179,1.37500510555551
-1.37849999994179,1.37499999999996
-1.37849999994179,1.37510510555551
-1.37849999994179,1.37509999999996
-1.37849999994179,1.37520510555551
-1.37849999994179,1.37519999999996
-1.37849999994179,1.37530510555551
-1.37849999994179,1.37529999999996
-1.37849999994179,1.37540510555551
-1.37849999994179,1.37539999999996
-1.37849999994179,1.37550510555551
-1.37849999994179,1.37549999999996
-1.37849999994179,1.37560510555551
-1.37849999994179,1.37559999999996
-1.37849999994179,1.37570510555551
-1.37849999994179,1.37569999999996
-1.37849999994179,1.37580510555551
-1.37849999994179,1.37579999999996
-1.37849999994179,1.37590510555551
-1.37849999994179,1.37589999999996
-1.37849999994179,1.37600510555551
-1.37849999994179,1.37599999999996
-1.37849999994179,1.37610510555551
-1.37849999994179,1.37609999999996
-1.37849999994179,1.37620510555551
-1.37849999994179,1.37619999999996
-1.37849999994179,1.37630510555551
-1.37849999994179,1.37629999999996
-1.37849999994179,1.37640510555551
-1.37849999994179,1.37639999999996
-1.37849999994179,1.37650510555551
-1.37849999994179,1.37649999999996
-1.37849999994179,1.37660510555551
-1.37849999994179,1.37659999999996
-1.37849999994179,1.37670510555551
-1.37849999994179,1.37669999999996
-1.37849999994179,1.37680510555551
-1.37849999994179,1.37679999999996
-1.37849999994179,1.37690510555551
-1.37849999994179,1.37689999999996
-1.37849999994179,1.37700510555551
-1.37849999994179,1.37699999999996
-1.37849999994179,1.37710510555551
-1.37849999994179,1.37709999999996
-1.37849999994179,1.37720510555551
-1.37849999994179,1.37719999999996
-1.37849999994179,1.37730510555551
-1.37849999994179,1.37729999999996
-1.37849999994179,1.37740510555551
-1.37849999994179,1.37739999999996
-1.37849999994179,1.37750510555551
-1.37849999994179,1.37749999999996
-1.37849999994179,1.37760510555551
-1.37849999994179,1.37759999999996
-1.37849999994179,1.37770510555551
-1.37849999994179,1.37769999999996
-1.41149999994179,1.37780510555551
-1.41149999994179,1.37779999999996
-1.41149999994179,1.37790510555551
-1.41149999994179,1.37789999999996
-1.41149999994179,1.37800510555551
-1.41149999994179,1.37799999999996
-1.41149999994179,1.37810510555551
-1.41149999994179,1.37809999999996
-1.41149999994179,1.37820510555551
-1.41149999994179,1.37819999999996
-1.41149999994179,1.37830510555551
-1.41149999994179,1.37829999999996
-1.41149999994179,1.37840510555551
-1.41149999994179,1.37839999999996
-1.41149999994179,1.37850510555551
-1.41149999994179,1.37849999999996
-1.41149999994179,1.37860510555551
-1.41149999994179,1.37859999999996
-1.41149999994179,1.37870510555551
-1.41149999994179,1.37869999999996
-1.41149999994179,1.37880510555551
-1.41149999994179,1.37879999999996
-1.41149999994179,1.37890510555551
-1.41149999994179,1.37889999999996
-1.41149999994179,1.37900510555551
-1.41149999994179,1.37899999999996
-1.41149999994179,1.37910510555551
-1.41149999994179,1.37909999999996
-1.41149999994179,1.37920510555551
-1.41149999994179,1.37919999999996
-1.41149999994179,1.37930510555551
-1.41149999994179,1.37929999999996
-1.40499999993487,1.37940510555551
-1.40499999993487,1.37939999999996
-1.40499999993487,1.37950510555551
-1.40499999993487,1.37949999999996
-1.40499999993487,1.37960510555551
-1.40499999993487,1.37959999999996
-1.40499999993487,1.37970510555551
-1.40499999993487,1.37969999999996
-1.40499999993487,1.37980510555551
-1.40499999993487,1.37979999999996
-1.40499999993487,1.37990510555551
-1.40499999993487,1.37989999999996
-1.40499999993487,1.38000510555551
-1.57766666660846,1.41459999999995
-1.57766666660846,1.4145948944444
-1.57766666660846,1.41469999999995
-1.57766666660846,1.4146948944444
-1.57766666660846,1.41479999999995
-1.57766666660846,1.4147948944444
-1.57766666660846,1.41489999999995
-1.57766666660846,1.4148948944444
-1.57766666660846,1.41499999999995
-1.57766666660846,1.4149948944444
-1.57766666660846,1.41509999999995
-1.57766666660846,1.4150948944444
-1.57766666660846,1.41519999999995
-1.57766666660846,1.4151948944444
-1.57766666660846,1.41529999999995
-1.57766666660846,1.4152948944444
-1.57766666660846,1.41539999999995
-1.57766666660846,1.4153948944444
-1.57766666660846,1.41549999999995
-1.57766666660846,1.4154948944444
-1.57766666660846,1.41559999999995
-1.57766666660846,1.4155948944444
-1.57766666660846,1.41569999999995
-1.57766666660846,1.4156948944444
-1.57766666660846,1.41579999999995
-1.57766666660846,1.4157948944444
-1.57766666660846,1.41589999999995
-1.57766666660846,1.4158948944444
-1.57766666660846,1.41599999999995
-1.57766666660846,1.4159948944444
-1.57766666660846,1.41609999999995
-1.57766666660846,1.4160948944444
-1.57766666660846,1.41619999999995
-1.57766666660846,1.4161948944444
-1.57766666660846,1.41629999999995
-1.57766666660846,1.4162948944444
-1.57766666660846,1.41639999999995
-1.57766666660846,1.4163948944444
-1.57766666660846,1.41649999999995
-1.57766666660846,1.4164948944444
-1.57766666660846,1.41659999999995
-1.57766666660846,1.4165948944444
-1.57766666660846,1.41669999999995
-1.57766666660846,1.4166948944444
-1.57766666660846,1.41679999999995
-1.57766666660846,1.4167948944444
-1.57766666660846,1.41689999999995
-1.57766666660846,1.4168948944444
-1.57766666660846,1.41699999999995
-1.57766666660846,1.4169948944444
-1.57766666660846,1.41709999999995
-1.57766666660846,1.4170948944444
-1.57766666660846,1.41719999999995
-1.57766666660846,1.4171948944444
-1.57766666660846,1.41729999999995
-1.57766666660846,1.4172948944444
-1.57766666660846,1.41739999999995
-1.57766666660846,1.4173948944444
-1.57766666660846,1.41749999999995
-1.57766666660846,1.4174948944444
-1.57766666660846,1.41759999999995
-1.57766666660846,1.4175948944444
-1.57766666660846,1.41769999999995
-1.57766666660846,1.4176948944444
-1.57766666660846,1.41779999999995
-1.57766666660846,1.4177948944444
-1.57766666660846,1.41789999999995
-1.57766666660846,1.4178948944444
-1.57766666660846,1.41799999999995
-1.57766666660846,1.4179948944444
-1.57766666660846,1.41809999999995
-1.57766666660846,1.4180948944444
-1.57766666660846,1.41819999999995
-1.57766666660846,1.4181948944444
-1.57766666660846,1.41829999999995
-1.57766666660846,1.4182948944444
-1.57766666660846,1.41839999999995
-1.57766666660846,1.4183948944444
-1.57766666660846,1.41849999999995
-1.57766666660846,1.4184948944444
-1.57766666660846,1.41859999999995
-1.57766666660846,1.4185948944444
-1.57766666660846,1.41869999999995
-1.57766666660846,1.4186948944444
-1.57766666660846,1.41879999999995
-1.57766666660846,1.4187948944444
-1.57766666660846,1.41889999999995
-1.57766666660846,1.4188948944444
-1.57766666660846,1.41899999999995
-1.56449999993789,1.4189948944444
-1.56449999993789,1.41909999999995
-1.56449999993789,1.4190948944444
-1.56449999993789,1.41919999999995
-1.56449999993789,1.4191948944444
-1.56449999993789,1.41929999999995
-1.56449999993789,1.4192948944444
-1.56449999993789,1.41939999999995
-1.56449999993789,1.4193948944444
-1.56449999993789,1.41949999999995
-1.56449999993789,1.4194948944444
-1.56449999993789,1.41959999999995
-1.56449999993789,1.4195948944444
-1.56449999993789,1.41969999999995
-1.56449999993789,1.4196948944444
-1.56449999993789,1.41979999999995
-1.56449999993789,1.4197948944444
-1.56449999993789,1.41989999999995
-1.56449999993789,1.4198948944444
-1.56449999993789,1.41999999999995
-1.56449999993789,1.4199948944444
-1.56449999993789,1.42009999999995
-1.56449999993789,1.4200948944444
-1.56449999993789,1.42019999999995
-1.56449999993789,1.4201948944444
-1.56449999993789,1.42029999999995
-1.56449999993789,1.4202948944444
-1.56449999993789,1.42039999999995
-1.56449999993789,1.4203948944444
-1.56449999993789,1.42049999999995
-1.56449999993789,1.4204948944444
-1.56449999993789,1.42059999999995
-1.56449999993789,1.4205948944444
-1.56449999993789,1.42069999999995
-1.56449999993789,1.4206948944444
-1.56449999993789,1.42079999999995
-1.56449999993789,1.4207948944444
-1.56449999993789,1.42089999999995
-1.56449999993789,1.4208948944444
-1.56449999993789,1.42099999999995
-1.56449999993789,1.4209948944444
-1.56449999993789,1.42109999999995
-1.56449999993789,1.4210948944444
-1.56449999993789,1.42119999999995
-1.56449999993789,1.4211948944444
-1.56449999993789,1.42129999999995
-1.56449999993789,1.4212948944444
-1.56449999993789,1.42139999999995
-1.56449999993789,1.4213948944444
-1.56449999993789,1.42149999999995
-1.56449999993789,1.4214948944444
-1.56449999993789,1.42159999999995
-1.56449999993789,1.4215948944444
-1.56449999993789,1.42169999999995
-1.56449999993789,1.4216948944444
-1.56449999993789,1.42179999999995
-1.56449999993789,1.4217948944444
-1.56449999993789,1.42189999999995
-1.56449999993789,1.4218948944444
-1.56449999993789,1.42199999999995
-1.56449999993789,1.4219948944444
-1.56449999993789,1.42209999999995
-1.56449999993789,1.4220948944444
-1.56449999993789,1.42219999999995
-1.56449999993789,1.4221948944444
-1.56449999993789,1.42229999999995
-1.56449999993789,1.4222948944444
-1.56449999993789,1.42239999999995
-1.56449999993789,1.4223948944444
-1.56449999993789,1.42249999999995
-1.56449999993789,1.4224948944444
-1.56449999993789,1.42259999999995
-1.56449999993789,1.4225948944444
-1.56449999993789,1.42269999999995
-1.56449999993789,1.4226948944444
-1.56449999993789,1.42279999999995
-1.56449999993789,1.4227948944444
-1.56449999993789,1.42289999999995
-1.56449999993789,1.4228948944444
-1.56449999993789,1.42299999999995
-1.56449999993789,1.4229948944444
-1.56449999993789,1.42309999999995
-1.56449999993789,1.4230948944444
-1.56449999993789,1.42319999999995
-1.56449999993789,1.4231948944444
-1.56449999993789,1.42329999999995
-1.56449999993789,1.4232948944444
-1.56449999993789,1.42339999999995
-1.56449999993789,1.4233948944444
-1.56449999993789,1.42349999999995
-1.56449999993789,1.4234948944444
-1.56449999993789,1.42359999999995
-1.56449999993789,1.4235948944444
-1.56449999993789,1.42369999999995
-1.56449999993789,1.4236948944444
-1.56449999993789,1.42379999999995
-1.56449999993789,1.4237948944444
-1.56449999993789,1.42389999999995
-1.56449999993789,1.4238948944444
-1.56449999993789,1.42399999999995
-1.56449999993789,1.4239948944444
-1.56449999993789,1.42409999999995
-1.56449999993789,1.4240948944444
-1.56449999993789,1.42419999999995
-1.56449999993789,1.4241948944444
-1.56449999993789,1.42429999999995
-1.56449999993789,1.4242948944444
-1.52549999993754,1.42439999999995
-1.52549999993754,1.4243948944444
-1.52549999993754,1.42449999999995
-1.52549999993754,1.4244948944444
-1.52549999993754,1.42459999999995
-1.52549999993754,1.4245948944444
-1.52549999993754,1.42469999999995
-1.52549999993754,1.4246948944444
-1.87249999992966,1.48069999989971
-3.08099999992966,1.48069489444926
-1.87249999992966,1.48079999989971
-3.08099999992966,1.48079489444926
-1.87249999992966,1.48089999989971
-3.08099999992966,1.48089489444926
-1.87249999992966,1.48099999989971
-3.08099999992966,1.48099987791858
-1.87249999992966,1.48099740767337
-7.91500000007034,1.51569999989971
-7.91500000007034,1.51569489444926
-7.91500000007034,1.51579489444926
-7.91500000007034,1.51589489444926
-7.91500000007034,1.51599489444926
-7.91500000007034,1.51609489444926
-7.91500000007034,1.51619489444926
-7.91500000007034,1.51629489444926
-7.91500000007034,1.51639489444926
-7.91500000007034,1.51649489444926
-7.91500000007034,1.51659489444926
-7.91500000007034,1.51669489444926
-7.91500000007034,1.51679489444926
-7.91500000007034,1.51689489444926
-7.91500000007034,1.51699489444926
-7.91500000007034,1.51709489444926
-7.91500000007034,1.51719489444926
-7.91500000007034,1.51729489444926
-7.91500000007034,1.51739489444926
-7.91500000007034,1.51749489444926
-7.91500000007034,1.51759489444926
-7.91500000007034,1.51769489444926
-7.91500000007034,1.51779489444926
-7.91500000007034,1.51789489444926
-7.91500000007034,1.51799489444926
-10.3319999999297,1.51809489444926
-10.3319999999297,1.51819489444926
-10.3319999999297,1.51829489444926
-10.3319999999297,1.51839489444926
-10.3319999999297,1.51849489444926
-10.3319999999297,1.51859489444926
-10.3319999999297,1.51869489444926
-10.3319999999297,1.51879489444926
-10.3319999999297,1.51889489444926
-10.3319999999297,1.51899489444926
-10.3319999999297,1.51909489444926
-10.3319999999297,1.51919489444926
-10.3319999999297,1.51929489444926
-10.3319999999297,1.51939489444926
-10.3319999999297,1.51949489444926
-10.3319999999297,1.51959489444926
-10.3319999999297,1.51969489444926
-10.3319999999297,1.51979489444926
-10.3319999999297,1.51989489444926
-10.3319999999297,1.51999489444926
-10.3319999999297,1.52009489444926
-10.3319999999297,1.52019489444926
-10.3319999999297,1.52029489444926
-10.3319999999297,1.52039489444926
-10.3319999999297,1.52049489444926
-10.3319999999297,1.52059489444926
-10.3319999999297,1.52069489444926
-10.3319999999297,1.52079489444926
-10.3319999999297,1.52089489444926
-10.3319999999297,1.52099489444926
-10.3319999999297,1.52109489444926
-10.3319999999297,1.52119489444926
-10.3319999999297,1.52129489444926
-10.3319999999297,1.52139489444926
-10.3319999999297,1.52149489444926
-10.3319999999297,1.52159489444926
-10.3319999999297,1.52169489444926
-10.3319999999297,1.52179489444926
-10.3319999999297,1.52189489444926
-10.3319999999297,1.52199489444926
-10.3319999999297,1.52209489444926
-10.3319999999297,1.52219489444926
-10.3319999999297,1.52229489444926
-10.3319999999297,1.52239489444926
-10.3319999999297,1.52249489444926
-9.12350000007034,1.52259489444926
-9.12350000007034,1.52269489444926
-9.12350000007034,1.52279489444926
-9.12350000007034,1.52289489444926
-9.12350000007034,1.52299489444926
-9.12350000007034,1.52309489444926
-9.12350000007034,1.52319489444926
-9.12350000007034,1.52329489444926
-9.12350000007034,1.52339489444926
-9.12350000007034,1.52349489444926
-9.12350000007034,1.52359489444926
-9.12350000007034,1.52369489444926
-9.12350000007034,1.52379489444926
-9.12350000007034,1.52389489444926
-9.12350000007034,1.52399489444926
-9.12350000007034,1.52409489444926
-9.12350000007034,1.52419489444926
-9.12350000007034,1.52429489444926
-9.12350000007034,1.52439489444926
-9.12350000007034,1.52449489444926
-9.12350000007034,1.52459489444926
-9.12350000007034,1.52469489444926
-9.12350000007034,1.52479489444926
-9.12350000007034,1.52489489444926
-9.12350000007034,1.52499489444926
-9.12350000007034,1.52509489444926
-9.12350000007034,1.52519489444926
-9.12350000007034,1.52529489444926
-9.12350000007034,1.52539489444926
-9.12350000007034,1.52549489444926
-9.12350000007034,1.52559489444926
-9.12350000007034,1.52569489444926
-9.12350000007034,1.52579489444926
-9.12350000007034,1.52589489444926
-9.12350000007034,1.52599489444926
-9.12350000007034,1.52609489444926
-9.12350000007034,1.52619489444926
-9.12350000007034,1.52629489444926
-9.12350000007034,1.52639489444926
-9.12350000007034,1.52649489444926
-9.12350000007034,1.52659489444926
-9.12350000007034,1.52669489444926
-9.12350000007034,1.52679489444926
-9.12350000007034,1.52689489444926
-9.12350000007034,1.52699489444926
-11.5404999999297,1.52709489444926
-11.5404999999297,1.52719489444926
-11.5404999999297,1.52729489444926
-11.5404999999297,1.52739489444926
-11.5404999999297,1.52749489444926
-11.5404999999297,1.52759489444926
-11.5404999999297,1.52769489444926
-11.5404999999297,1.52779489444926
-11.5404999999297,1.52789489444926
-11.5404999999297,1.52799489444926
-11.5404999999297,1.52809489444926
-11.5404999999297,1.52819489444926
-11.5404999999297,1.52829489444926
-11.5404999999297,1.52839489444926
-11.5404999999297,1.52849489444926
-11.5404999999297,1.52859489444926
-11.5404999999297,1.52869489444926
-11.5404999999297,1.52879489444926
-11.5404999999297,1.52889489444926
-11.5404999999297,1.52899489444926
-11.5404999999297,1.52909489444926
-11.5404999999297,1.52919489444926
-11.5404999999297,1.52929489444926
-11.5404999999297,1.52939489444926
-11.5404999999297,1.52949489444926
-11.5404999999297,1.52959489444926
-11.5404999999297,1.52969489444926
-11.5404999999297,1.52979489444925
-11.5404999999297,1.52989489444926
-11.5404999999297,1.52999489444926
-11.5404999999297,1.53009489444926
-11.5404999999297,1.53019489444926
-11.5404999999297,1.53029489444925
-11.5404999999297,1.53039489444926
-11.5404999999297,1.53049489444926
-11.5404999999297,1.53059489444925
-11.5404999999297,1.53069489444926
-11.5404999999297,1.53079489444926
-11.5404999999297,1.53089489444926
-11.5404999999297,1.53099489444926
-11.5404999999297,1.53109489444925
-11.5404999999297,1.53119489444926
-11.5404999999297,1.53129489444926
-11.5404999999297,1.53139489444925
-11.5404999999297,1.53149489444926
-11.5404999999297,1.53159489444926
-11.5404999999297,1.53169489444926
-10.3320000000703,1.53179489444925
-10.3320000000703,1.53189489444925
-10.3320000000703,1.53199489444926
-10.3320000000703,1.53209489444925
-10.3320000000703,1.53219489444925
-10.3320000000703,1.53229489444926
-10.3320000000703,1.53239489444925
-10.3320000000703,1.53249489444926
-10.3320000000703,1.53259489444925
-10.3320000000703,1.53269489444925
-10.3320000000703,1.53279489444926
-10.3320000000703,1.53289489444925
-10.3320000000703,1.53299489444925
-10.3320000000703,1.53309489444926
-10.3320000000703,1.53319489444925
-10.3320000000703,1.53329489444926
-10.3320000000703,1.53339489444925
-10.3320000000703,1.53349489444925
-10.3320000000703,1.53359489444926
-10.3320000000703,1.53369489444925
-10.3320000000703,1.53379489444925
-10.3320000000703,1.53389489444925
-10.3320000000703,1.53399489444925
-10.3320000000703,1.53409489444925
-10.3320000000703,1.53419489444925
-10.3320000000703,1.53429489444925
-10.3320000000703,1.53439489444925
-10.3320000000703,1.53449489444925
-10.3320000000703,1.53459489444925
-10.3320000000703,1.53469489444925
-10.3320000000703,1.53479489444925
-10.3320000000703,1.53489489444925
-10.3320000000703,1.53499489444925
-10.3320000000703,1.53509489444925
-10.3320000000703,1.53519489444925
-10.3320000000703,1.53529489444925
-10.3320000000703,1.53539489444925
-10.3320000000703,1.53549489444925
-10.3320000000703,1.53559489444925
-10.3320000000703,1.53569489444925
-10.3320000000703,1.53579489444925
-10.3320000000703,1.53589489444925
-10.3320000000703,1.53599489444925
-10.3320000000703,1.53609489444925
-10.3320000000703,1.53619489444925
-10.3320000000703,1.53629489444925
-10.3320000000703,1.53639489444925
-10.3320000000703,1.53649489444925
-12.7489999999297,1.53659489444925
-12.7489999999297,1.53669489444925
-12.7489999999297,1.53679489444925
-12.7489999999297,1.53689489444925
-12.7489999999297,1.53699489444925
-12.7489999999297,1.53709489444925
-12.7489999999297,1.53719489444925
-12.7489999999297,1.53729489444925
-12.7489999999297,1.53739489444925
-12.7489999999297,1.53749489444925
-12.7489999999297,1.53759489444925
-12.7489999999297,1.53769489444925
-12.7489999999297,1.53779489444925
-12.7489999999297,1.53789489444925
-12.7489999999297,1.53799489444925
-12.7489999999297,1.53809489444925
-12.7489999999297,1.53819489444925
-12.7489999999297,1.53829489444925
-12.7489999999297,1.53839489444925
-12.7489999999297,1.53849489444925
-12.7489999999297,1.53859489444925
-12.7489999999297,1.53869489444925
-12.7489999999297,1.53879489444925
-12.7489999999297,1.53889489444925
-12.7489999999297,1.53899489444925
-12.7489999999297,1.53909489444925
-12.7489999999297,1.53919489444925
-12.7489999999297,1.53929489444925
-12.7489999999297,1.53939489444925
-12.7489999999297,1.53949489444925
-12.7489999999297,1.53959489444925
-12.7489999999297,1.53969489444925
-12.7489999999297,1.53979489444925
-12.7489999999297,1.53989489444925
-12.7489999999297,1.53999489444925
-12.7489999999297,1.54009489444925
-12.7489999999297,1.54019489444925
-12.7489999999297,1.54029489444925
-12.7489999999297,1.54039489444925
-12.7489999999297,1.54049489444925
-12.7489999999297,1.54059489444925
-12.7489999999297,1.54069489444925
-12.7489999999297,1.54079489444925
-12.7489999999297,1.54089489444925
-12.7489999999297,1.54099489444925
-12.7489999999297,1.54109489444925
-12.7489999999297,1.54119489444925
-12.7489999999297,1.54129489444925
-12.7489999999297,1.54139489444925
-11.5405000000703,1.54149489444925
-11.5405000000703,1.54159489444925
-11.5405000000703,1.54169489444925
-11.5405000000703,1.54179489444925
-11.5405000000703,1.54189489444925
-11.5405000000703,1.54199489444925
-11.5405000000703,1.54209489444925
-11.5405000000703,1.54219489444925
-11.5405000000703,1.54229489444925
-11.5405000000703,1.54239489444925
-11.5405000000703,1.54249489444925
-11.5405000000703,1.54259489444925
-11.5405000000703,1.54269489444925
-11.5405000000703,1.54279489444925
-11.5405000000703,1.54289489444925
-11.5405000000703,1.54299489444925
-11.5405000000703,1.54309489444925
-11.5405000000703,1.54319489444925
-11.5405000000703,1.54329489444925
-11.5405000000703,1.54339489444925
-11.5405000000703,1.54349489444925
-11.5405000000703,1.54359489444925
-11.5405000000703,1.54369489444925
-11.5405000000703,1.54379489444925
-11.5405000000703,1.54389489444925
-11.5405000000703,1.54399489444925
-11.5405000000703,1.54409489444925
-11.5405000000703,1.54419489444925
-11.5405000000703,1.54429489444925
-11.5405000000703,1.54439489444925
-11.5405000000703,1.54449489444925
-11.5405000000703,1.54459489444925
-11.5405000000703,1.54469489444925
-11.5405000000703,1.54479489444925
-11.5405000000703,1.54489489444925
-11.5405000000703,1.54499489444925
-11.5405000000703,1.54509489444925
-11.5405000000703,1.54519489444925
-11.5405000000703,1.54529489444925
-11.5405000000703,1.54539489444925
-11.5405000000703,1.54549489444925
-11.5405000000703,1.54559489444925
-11.5405000000703,1.54569489444925
-11.5405000000703,1.54579489444925
-11.5405000000703,1.54589489444925
-11.5405000000703,1.54599489444925
-11.5405000000703,1.54609489444925
-11.5405000000703,1.54619489444925
-11.5405000000703,1.54629489444925
-11.5405000000703,1.54639489444925
-13.9574999999297,1.54649489444925
-13.9574999999297,1.54659489444925
-13.9574999999297,1.54669489444925
-13.9574999999297,1.54679489444925
-13.9574999999297,1.54689489444925
-13.9574999999297,1.54699489444925
-13.9574999999297,1.54709489444925
-13.9574999999297,1.54719489444925
-13.9574999999297,1.54729489444925
-13.9574999999297,1.54739489444925
-13.9574999999297,1.54749489444925
-13.9574999999297,1.54759489444925
-13.9574999999297,1.54769489444925
-13.9574999999297,1.54779489444925
-0.663999999929656,1.62379489444924
-0.663999999929656,1.62389489444924
-0.663999999929656,1.62399489444925
-0.663999999929656,1.62409489444924
-0.663999999929656,1.62419489444924
-1.87249999992966,1.62489489444924
-1.87249999992966,1.62499489444924
-1.87249999992966,1.62509489444924
-1.87249999992966,1.62519489444924
-1.87249999992966,1.62529489444924
-1.87249999992966,1.62539489444924
-1.87249999992966,1.62549489444924
-1.87249999992966,1.62559489444924
-0.664000000070344,1.62569489444924
-0.664000000070344,1.62579489444924
-0.664000000070344,1.62589489444924
-0.664000000070344,1.62599489444924
-0.664000000070344,1.62609489444924
-0.664000000070344,1.62619489444924
-0.664000000070344,1.62629489444924
-0.664000000070344,1.62639489444924
-0.664000000070344,1.62649489444924
-0.664000000070344,1.62659489444924
-3.08099999992966,1.62669489444924
-3.08099999992966,1.62679489444924
-3.08099999992966,1.62689489444924
-3.08099999992966,1.62699489444924
-3.08099999992966,1.62709489444924
-3.08099999992966,1.62719489444924
-3.08099999992966,1.62729489444924
-3.08099999992966,1.62739489444924
-3.08099999992966,1.62749489444924
-3.08099999992966,1.62759489444924
-3.08099999992966,1.62769489444924
-3.08099999992966,1.62779489444924
-3.08099999992966,1.62789489444924
-1.87250000007034,1.62799489444924
-1.87250000007034,1.62809489444924
-1.87250000007034,1.62819489444924
-1.87250000007034,1.62829489444924
-1.87250000007034,1.62839489444924
-1.87250000007034,1.62849489444924
-1.87250000007034,1.62859489444924
-1.87250000007034,1.62869489444924
-1.87250000007034,1.62879489444924
-1.87250000007034,1.62889489444924
-1.87250000007034,1.62899489444924
-1.87250000007034,1.62909489444924
-1.87250000007034,1.62919489444924
-1.87250000007034,1.62929489444924
-4.28949999992966,1.62939489444924
-4.28949999992966,1.62949489444924
-4.28949999992966,1.62959489444924
-4.28949999992966,1.62969489444924
-4.28949999992966,1.62979489444924
-4.28949999992966,1.62989489444924
-4.28949999992966,1.62999489444924
-4.28949999992966,1.63009489444924
-4.28949999992966,1.63019489444924
-4.28949999992966,1.63029489444924
-4.28949999992966,1.63039489444924
-4.28949999992966,1.63049489444924
-4.28949999992966,1.63059489444924
-4.28949999992966,1.63069489444924
-4.28949999992966,1.63079489444924
-4.28949999992966,1.63089489444924
-4.28949999992966,1.63099489444924
-3.08100000007034,1.63109489444924
-3.08100000007034,1.63119489444924
-3.08100000007034,1.63129489444924
-3.08100000007034,1.63139489444924
-3.08100000007034,1.63149489444924
-3.08100000007034,1.63159489444924
-3.08100000007034,1.63169489444924
-3.08100000007034,1.63179489444924
-3.08100000007034,1.63189489444924
-3.08100000007034,1.63199489444924
-3.08100000007034,1.63209489444924
-3.08100000007034,1.63219489444924
-3.08100000007034,1.63229489444924
-3.08100000007034,1.63239489444924
-3.08100000007034,1.63249489444924
-3.08100000007034,1.63259489444924
-3.08100000007034,1.63269489444924
-3.08100000007034,1.63279489444924
-3.08100000007034,1.63289489444924
-5.49799999992965,1.63299489444924
-5.49799999992965,1.63309489444924
-5.49799999992965,1.63319489444924
-5.49799999992965,1.63329489444924
-5.49799999992965,1.63339489444924
-5.49799999992965,1.63349489444924
-5.49799999992965,1.63359489444924
-5.49799999992965,1.63369489444924
-5.49799999992965,1.63379489444924
-5.49799999992965,1.63389489444924
-5.49799999992965,1.63399489444924
-5.49799999992965,1.63409489444924
-5.49799999992965,1.63419489444924
-5.49799999992965,1.63429489444924
-5.49799999992965,1.63439489444924
-5.49799999992965,1.63449489444924
-5.49799999992965,1.63459489444924
-5.49799999992965,1.63469489444924
-5.49799999992965,1.63479489444924
-5.49799999992965,1.63489489444924
-4.28950000007034,1.63499489444924
-4.28950000007034,1.63509489444924
-4.28950000007034,1.63519489444924
-4.28950000007034,1.63529489444924
-4.28950000007034,1.63539489444924
-4.28950000007034,1.63549489444924
-4.28950000007034,1.63559489444924
-4.28950000007034,1.63569489444924
-4.28950000007034,1.63579489444924
-4.28950000007034,1.63589489444924
-4.28950000007034,1.63599489444924
-4.28950000007034,1.63609489444924
-4.28950000007034,1.63619489444924
-4.28950000007034,1.63629489444924
-4.28950000007034,1.63639489444924
-4.28950000007034,1.63649489444924
-4.28950000007034,1.63659489444924
-4.28950000007034,1.63669489444924
-4.28950000007034,1.63679489444924
-4.28950000007034,1.63689489444924
-4.28950000007034,1.63699489444924
-4.28950000007034,1.63709489444924
-4.28950000007034,1.63719489444924
-6.70649999992966,1.63729489444924
-6.70649999992966,1.63739489444924
-6.70649999992966,1.63749489444924
-6.70649999992966,1.63759489444924
-6.70649999992966,1.63769489444924
-6.70649999992966,1.63779489444924
-6.70649999992966,1.63789489444924
-6.70649999992966,1.63799489444924
-6.70649999992966,1.63809489444924
-6.70649999992966,1.63819489444924
-6.70649999992966,1.63829489444924
-6.70649999992966,1.63839489444924
-6.70649999992966,1.63849489444924
-6.70649999992966,1.63859489444924
-6.70649999992966,1.63869489444924
-6.70649999992966,1.63879489444924
-6.70649999992966,1.63889489444924
-6.70649999992966,1.63899489444924
-6.70649999992966,1.63909489444924
-6.70649999992966,1.63919489444924
-6.70649999992966,1.63929489444924
-6.70649999992966,1.63939489444924
-6.70649999992966,1.63949489444924
-6.70649999992966,1.63959489444924
-6.70649999992966,1.63969489444924
-5.49800000007034,1.63979489444924
-5.49800000007034,1.63989489444924
-5.49800000007034,1.63999489444924
-5.49800000007034,1.64009489444924
-5.49800000007034,1.64019489444924
-5.49800000007034,1.64029489444924
-5.49800000007034,1.64039489444924
-5.49800000007034,1.64049489444924
-5.49800000007034,1.64059489444924
-5.49800000007034,1.64069489444924
-5.49800000007034,1.64079489444924
-5.49800000007034,1.64089489444924
-5.49800000007034,1.64099489444924
-5.49800000007034,1.64109489444924
-5.49800000007034,1.64119489444924
-5.49800000007034,1.64129489444924
-5.49800000007034,1.64139489444924
-5.49800000007034,1.64149489444924
-5.49800000007034,1.64159489444924
-5.49800000007034,1.64169489444924
-5.49800000007034,1.64179489444924
-5.49800000007034,1.64189489444924
-5.49800000007034,1.64199489444924
-5.49800000007034,1.64209489444924
-5.49800000007034,1.64219489444924
-5.49800000007034,1.64229489444924
-7.91499999992966,1.64239489444924
-7.91499999992966,1.64249489444924
-7.91499999992966,1.64259489444924
-7.91499999992966,1.64269489444924
-7.91499999992966,1.64279489444924
-7.91499999992966,1.64289489444924
-7.91499999992966,1.64299489444924
-7.91499999992966,1.64309489444924
-7.91499999992966,1.64319489444924
-7.91499999992966,1.64329489444924
-7.91499999992966,1.64339489444924
-7.91499999992966,1.64349489444924
-7.91499999992966,1.64359489444924
-7.91499999992966,1.64369489444924
-7.91499999992966,1.64379489444924
-7.91499999992966,1.64389489444924
-7.91499999992966,1.64399489444924
-7.91499999992966,1.64409489444924
-7.91499999992966,1.64419489444924
-7.91499999992966,1.64429489444924
-7.91499999992966,1.64439489444924
-7.91499999992966,1.64449489444924
-7.91499999992966,1.64459489444924
-7.91499999992966,1.64469489444924
-7.91499999992966,1.64479489444924
-7.91499999992966,1.64489489444924
-7.91499999992966,1.64499489444924
-7.91499999992966,1.64509489444924
-6.70650000007034,1.64519489444924
-6.70650000007034,1.64529489444924
-6.70650000007034,1.64539489444924
-6.70650000007034,1.64549489444924
-6.70650000007034,1.64559489444924
-6.70650000007034,1.64569489444924
-6.70650000007034,1.64579489444924
-6.70650000007034,1.64589489444924
-6.70650000007034,1.64599489444924
-6.70650000007034,1.64609489444924
-6.70650000007034,1.64619489444924
-6.70650000007034,1.64629489444924
-6.70650000007034,1.64639489444924
-6.70650000007034,1.64649489444924
-6.70650000007034,1.64659489444924
-6.70650000007034,1.64669489444924
-6.70650000007034,1.64679489444924
-6.70650000007034,1.64689489444924
-6.70650000007034,1.64699489444924
-6.70650000007034,1.64709489444924
-6.70650000007034,1.64719489444924
-6.70650000007034,1.64729489444924
-6.70650000007034,1.64739489444924
-6.70650000007034,1.64749489444924
-6.70650000007034,1.64759489444924
-6.70650000007034,1.64769489444924
-6.70650000007034,1.64779489444924
-6.70650000007034,1.64789489444924
-6.70650000007034,1.64799489444924
-6.70650000007034,1.64809489444924
-9.12349999992966,1.64819489444924
-9.12349999992966,1.64829489444924
-9.12349999992966,1.64839489444924
-9.12349999992966,1.64849489444924
-9.12349999992966,1.64859489444924
-9.12349999992966,1.64869489444924
-9.12349999992966,1.64879489444924
-9.12349999992966,1.64889489444924
-9.12349999992966,1.64899489444924
-9.12349999992966,1.64909489444924
-9.12349999992966,1.64919489444924
-9.12349999992966,1.64929489444924
-9.12349999992966,1.64939489444924
-9.12349999992966,1.64949489444924
-9.12349999992966,1.64959489444924
-9.12349999992966,1.64969489444924
-9.12349999992966,1.64979489444924
-9.12349999992966,1.64989489444924
-9.12349999992966,1.64999489444924
-9.12349999992966,1.65009489444924
-9.12349999992966,1.65019489444924
-9.12349999992966,1.65029489444924
-9.12349999992966,1.65039489444924
-9.12349999992966,1.65049489444924
-9.12349999992966,1.65059489444924
-9.12349999992966,1.65069489444924
-9.12349999992966,1.65079489444924
-9.12349999992966,1.65089489444924
-9.12349999992966,1.65099489444924
-9.12349999992966,1.65109489444924
-9.12349999992966,1.65119489444924
-7.91500000007034,1.65129489444924
-7.91500000007034,1.65139489444924
-7.91500000007034,1.65149489444924
-7.91500000007034,1.65159489444924
-7.91500000007034,1.65169489444924
-7.91500000007034,1.65179489444924
-7.91500000007034,1.65189489444924
-7.91500000007034,1.65199489444924
-7.91500000007034,1.65209489444924
-7.91500000007034,1.65219489444924
-7.91500000007034,1.65229489444924
-7.91500000007034,1.65239489444924
-7.91500000007034,1.65249489444924
-7.91500000007034,1.65259489444924
-7.91500000007034,1.65269489444924
-7.91500000007034,1.65279489444924
-7.91500000007034,1.65289489444924
-7.91500000007034,1.65299489444924
-7.91500000007034,1.65309489444924
-7.91500000007034,1.65319489444924
-7.91500000007034,1.65329489444924
-7.91500000007034,1.65339489444924
-7.91500000007034,1.65349489444924
-7.91500000007034,1.65359489444924
-7.91500000007034,1.65369489444924
-7.91500000007034,1.65379489444924
-7.91500000007034,1.65389489444924
-7.91500000007034,1.65399489444924
-7.91500000007034,1.65409489444924
-7.91500000007034,1.65419489444924
-7.91500000007034,1.65429489444924
-7.91500000007034,1.65439489444924
-10.3319999999297,1.65449489444924
-10.3319999999297,1.65459489444924
-10.3319999999297,1.65469489444924
-10.3319999999297,1.65479489444924
-10.3319999999297,1.65489489444924
-10.3319999999297,1.65499489444924
-10.3319999999297,1.65509489444924
-10.3319999999297,1.65519489444924
-10.3319999999297,1.65529489444924
-10.3319999999297,1.65539489444924
-10.3319999999297,1.65549489444924
-10.3319999999297,1.65559489444924
-10.3319999999297,1.65569489444924
-10.3319999999297,1.65579489444924
-10.3319999999297,1.65589489444924
-10.3319999999297,1.65599489444924
-10.3319999999297,1.65609489444924
-10.3319999999297,1.65619489444924
-10.3319999999297,1.65629489444924
-10.3319999999297,1.65639489444924
-10.3319999999297,1.65649489444924
-10.3319999999297,1.65659489444924
-10.3319999999297,1.65669489444924
-10.3319999999297,1.65679489444924
-10.3319999999297,1.65689489444924
-10.3319999999297,1.65699489444924
-10.3319999999297,1.65709489444924
-10.3319999999297,1.65719489444924
-10.3319999999297,1.65729489444924
-10.3319999999297,1.65739489444924
-10.3319999999297,1.65749489444924
-10.3319999999297,1.65759489444924
-10.3319999999297,1.65769489444924
-10.3319999999297,1.65779489444924
-9.12350000007034,1.65789489444924
-9.12350000007034,1.65799489444924
-9.12350000007034,1.65809489444924
-9.12350000007034,1.65819489444924
-9.12350000007034,1.65829489444924
-9.12350000007034,1.65839489444924
-9.12350000007034,1.65849489444924
-9.12350000007034,1.65859489444924
-9.12350000007034,1.65869489444924
-9.12350000007034,1.65879489444924
-9.12350000007034,1.65889489444924
-9.12350000007034,1.65899489444924
-9.12350000007034,1.65909489444924
-9.12350000007034,1.65919489444924
-9.12350000007034,1.65929489444924
-9.12350000007034,1.65939489444924
-9.12350000007034,1.65949489444924
-9.12350000007034,1.65959489444924
-9.12350000007034,1.65969489444924
-9.12350000007034,1.65979489444924
-9.12350000007034,1.65989489444924
-9.12350000007034,1.65999489444924
-9.12350000007034,1.66009489444924
-9.12350000007034,1.66019489444924
-9.12350000007034,1.66029489444924
-9.12350000007034,1.66039489444924
-9.12350000007034,1.66049489444924
-9.12350000007034,1.66059489444924
-9.12350000007034,1.66069489444924
-9.12350000007034,1.66079489444924
-9.12350000007034,1.66089489444924
-9.12350000007034,1.66099489444924
-9.12350000007034,1.66109489444924
-9.12350000007034,1.66119489444924
-9.12350000007034,1.66129489444924
-11.5404999999297,1.66139489444924
-11.5404999999297,1.66149489444924
-11.5404999999297,1.66159489444924
-11.5404999999297,1.66169489444924
-11.5404999999297,1.66179489444924
-11.5404999999297,1.66189489444924
-11.5404999999297,1.66199489444924
-11.5404999999297,1.66209489444924
-11.5404999999297,1.66219489444924
-11.5404999999297,1.66229489444924
-11.5404999999297,1.66239489444924
-11.5404999999297,1.66249489444924
-11.5404999999297,1.66259489444924
-11.5404999999297,1.66269489444924
-11.5404999999297,1.66279489444924
-11.5404999999297,1.66289489444924
-11.5404999999297,1.66299489444924
-11.5404999999297,1.66309489444924
-11.5404999999297,1.66319489444924
-11.5404999999297,1.66329489444924
-11.5404999999297,1.66339489444924
-11.5404999999297,1.66349489444924
-11.5404999999297,1.66359489444924
-11.5404999999297,1.66369489444924
-11.5404999999297,1.66379489444924
-11.5404999999297,1.66389489444924
-11.5404999999297,1.66399489444924
-11.5404999999297,1.66409489444924
-11.5404999999297,1.66419489444924
-11.5404999999297,1.66429489444924
-11.5404999999297,1.66439489444924
-11.5404999999297,1.66449489444924
-11.5404999999297,1.66459489444924
-11.5404999999297,1.66469489444924
-11.5404999999297,1.66479489444924
-11.5404999999297,1.66489489444924
-11.5404999999297,1.66499489444924
-10.3320000000703,1.66509489444924
-10.3320000000703,1.66519489444924
-10.3320000000703,1.66529489444924
-10.3320000000703,1.66539489444924
-10.3320000000703,1.66549489444924
-10.3320000000703,1.66559489444924
-10.3320000000703,1.66569489444924
-10.3320000000703,1.66579489444924
-10.3320000000703,1.66589489444924
-10.3320000000703,1.66599489444924
-10.3320000000703,1.66609489444924
-10.3320000000703,1.66619489444924
-10.3320000000703,1.66629489444924
-10.3320000000703,1.66639489444924
-10.3320000000703,1.66649489444924
-10.3320000000703,1.66659489444924
-10.3320000000703,1.66669489444924
-10.3320000000703,1.66679489444924
-10.3320000000703,1.66689489444924
-10.3320000000703,1.66699489444924
-10.3320000000703,1.66709489444924
-10.3320000000703,1.66719489444924
-10.3320000000703,1.66729489444924
-10.3320000000703,1.66739489444924
-10.3320000000703,1.66749489444924
-10.3320000000703,1.66759489444924
-10.3320000000703,1.66769489444924
-10.3320000000703,1.66779489444924
-10.3320000000703,1.66789489444924
-10.3320000000703,1.66799489444924
-10.3320000000703,1.66809489444924
-10.3320000000703,1.66819489444924
-10.3320000000703,1.66829489444924
-10.3320000000703,1.66839489444924
-10.3320000000703,1.66849489444924
-10.3320000000703,1.66859489444924
-10.3320000000703,1.66869489444924
-12.7489999999297,1.66879489444924
-12.7489999999297,1.66889489444924
-12.7489999999297,1.66899489444924
-12.7489999999297,1.66909489444924
-12.7489999999297,1.66919489444924
-12.7489999999297,1.66929489444924
-12.7489999999297,1.66939489444924
-12.7489999999297,1.66949489444924
-12.7489999999297,1.66959489444924
-12.7489999999297,1.66969489444924
-12.7489999999297,1.66979489444924
-12.7489999999297,1.66989489444924
-12.7489999999297,1.66999489444924
-12.7489999999297,1.67009489444924
-12.7489999999297,1.67019489444924
-12.7489999999297,1.67029489444924
-12.7489999999297,1.67039489444924
-12.7489999999297,1.67049489444924
-12.7489999999297,1.67059489444924
-12.7489999999297,1.67069489444924
-12.7489999999297,1.67079489444924
-12.7489999999297,1.67089489444924
-12.7489999999297,1.67099489444924
-12.7489999999297,1.67109489444924
-12.7489999999297,1.67119489444924
-12.7489999999297,1.67129489444924
-12.7489999999297,1.67139489444924
-12.7489999999297,1.67149489444924
-12.7489999999297,1.67159489444924
-12.7489999999297,1.67169489444924
-12.7489999999297,1.67179489444924
-12.7489999999297,1.67189489444924
-12.7489999999297,1.67199489444924
-0.663999999929656,1.74562732775163
-0.663999999929656,1.74572732775163
-0.663999999929656,1.74582732775163
-0.663999999929656,1.74592732775163
-0.663999999929656,1.74602732775163
-0.663999999929656,1.74612732775163
-0.663999999929656,1.74622732775163
-0.663999999929656,1.74632732775163
-0.663999999929656,1.74642732775163
-0.663999999929656,1.74652732775163
-0.663999999929656,1.74662732775163
-0.663999999929656,1.74672732775163
-0.663999999929656,1.74682732775163
-0.663999999929656,1.74692732775163
-0.663999999929656,1.74702732775163
-0.663999999929656,1.74712732775163
-0.663999999929656,1.74722732775163
-1.87249999992966,1.74882732775163
-1.87249999992966,1.74892732775163
-1.87249999992966,1.74902732775163
-1.87249999992966,1.74912732775163
-1.87249999992966,1.74922732775163
-1.87249999992966,1.74932732775163
-1.87249999992966,1.74942732775163
-1.87249999992966,1.74952732775163
-1.87249999992966,1.74962732775163
-1.87249999992966,1.74972732775163
-1.87249999992966,1.74982732775163
-1.87249999992966,1.74992732775163
-1.87249999992966,1.75002732775163
-1.87249999992966,1.75012732775163
-0.664000000070344,1.75022732775163
-0.664000000070344,1.75032732775163
-0.664000000070344,1.75042732775163
-0.664000000070344,1.75052732775163
-0.664000000070344,1.75062732775163
-0.664000000070344,1.75072732775163
-0.664000000070344,1.75082732775163
-0.664000000070344,1.75092732775163
-0.664000000070344,1.75102732775163
-0.664000000070344,1.75112732775163
-0.664000000070344,1.75122732775163
-0.664000000070344,1.75132732775163
-0.664000000070344,1.75142732775163
-3.08099999992966,1.75149489444923
-3.08099999992966,1.75159489444923
-3.08099999992966,1.75169489444923
-3.08099999992966,1.75179489444923
-3.08099999992966,1.75189489444923
-3.08099999992966,1.75199489444923
-3.08099999992966,1.75209489444923
-3.08099999992966,1.75219489444923
-3.08099999992966,1.75229489444923
-3.08099999992966,1.75239489444923
-3.08099999992966,1.75249489444923
-3.08099999992966,1.75259489444923
-3.08099999992966,1.75269489444923
-3.08099999992966,1.75279489444923
-1.87250000007034,1.75292732775163
-1.87250000007034,1.75302732775163
-1.87250000007034,1.75312732775163
-1.87250000007034,1.75322732775163
-1.87250000007034,1.75332732775163
-1.87250000007034,1.75342732775163
-1.87250000007034,1.75352732775163
-1.87250000007034,1.75362732775163
-1.87250000007034,1.75372732775163
-1.87250000007034,1.75382732775163
-1.87250000007034,1.75392732775163
-1.87250000007034,1.75402732775163
-1.87250000007034,1.75412732775163
-1.87250000007034,1.75422732775163
-1.87250000007034,1.75432732775163
-4.28949999992966,1.75439489444923
-4.28949999992966,1.75449489444923
-4.28949999992966,1.75459489444923
-4.28949999992966,1.75469489444923
-4.28949999992966,1.75479489444923
-4.28949999992966,1.75489489444923
-4.28949999992966,1.75499489444923
-4.28949999992966,1.75509489444923
-4.28949999992966,1.75519489444923
-4.28949999992966,1.75529489444923
-4.28949999992966,1.75539489444923
-4.28949999992966,1.75549489444923
-4.28949999992966,1.75559489444923
-4.28949999992966,1.75569489444923
-4.28949999992966,1.75579489444923
-3.08100000007034,1.75589489444923
-3.08100000007034,1.75599489444923
-3.08100000007034,1.75609489444923
-3.08100000007034,1.75619489444923
-3.08100000007034,1.75629489444923
-3.08100000007034,1.75639489444923
-3.08100000007034,1.75649489444923
-3.08100000007034,1.75659489444923
-3.08100000007034,1.75669489444923
-3.08100000007034,1.75679489444923
-3.08100000007034,1.75689489444923
-3.08100000007034,1.75699489444923
-3.08100000007034,1.75709489444923
-3.08100000007034,1.75719489444923
-3.08100000007034,1.75729489444923
-3.08100000007034,1.75739489444923
-3.08100000007034,1.75749489444923
-5.49799999992965,1.75759489444923
-5.49799999992965,1.75769489444923
-5.49799999992965,1.75779489444923
-5.49799999992965,1.75789489444923
-5.49799999992965,1.75799489444923
-5.49799999992965,1.75809489444923
-5.49799999992965,1.75819489444923
-5.49799999992965,1.75829489444923
-5.49799999992965,1.75839489444923
-5.49799999992965,1.75849489444923
-5.49799999992965,1.75859489444923
-5.49799999992965,1.75869489444923
-5.49799999992965,1.75879489444923
-5.49799999992965,1.75889489444923
-5.49799999992965,1.75899489444923
-5.49799999992965,1.75909489444923
-5.49799999992965,1.75919489444923
-5.49799999992965,1.75929489444923
-4.28950000007034,1.75939489444923
-4.28950000007034,1.75949489444923
-4.28950000007034,1.75959489444923
-4.28950000007034,1.75969489444923
-4.28950000007034,1.75979489444923
-4.28950000007034,1.75989489444923
-4.28950000007034,1.75999489444923
-4.28950000007034,1.76009489444923
-4.28950000007034,1.76019489444923
-4.28950000007034,1.76029489444923
-4.28950000007034,1.76039489444923
-4.28950000007034,1.76049489444923
-4.28950000007034,1.76059489444923
-4.28950000007034,1.76069489444923
-4.28950000007034,1.76079489444923
-4.28950000007034,1.76089489444923
-4.28950000007034,1.76099489444923
-4.28950000007034,1.76109489444923
-4.28950000007034,1.76119489444923
-6.70649999992966,1.76129489444923
-6.70649999992966,1.76139489444923
-6.70649999992966,1.76149489444923
-6.70649999992966,1.76159489444923
-6.70649999992966,1.76169489444923
-6.70649999992966,1.76179489444923
-6.70649999992966,1.76189489444923
-6.70649999992966,1.76199489444923
-6.70649999992966,1.76209489444923
-6.70649999992966,1.76219489444923
-6.70649999992966,1.76229489444923
-6.70649999992966,1.76239489444923
-6.70649999992966,1.76249489444923
-6.70649999992966,1.76259489444923
-6.70649999992966,1.76269489444923
-6.70649999992966,1.76279489444923
-6.70649999992966,1.76289489444923
-6.70649999992966,1.76299489444923
-6.70649999992966,1.76309489444923
-6.70649999992966,1.76319489444923
-5.49800000007034,1.76329489444923
-5.49800000007034,1.76339489444923
-5.49800000007034,1.76349489444923
-5.49800000007034,1.76359489444923
-5.49800000007034,1.76369489444923
-5.49800000007034,1.76379489444923
-5.49800000007034,1.76389489444923
-5.49800000007034,1.76399489444923
-5.49800000007034,1.76409489444923
-5.49800000007034,1.76419489444923
-5.49800000007034,1.76429489444923
-5.49800000007034,1.76439489444923
-5.49800000007034,1.76449489444923
-5.49800000007034,1.76459489444923
-5.49800000007034,1.76469489444923
-5.49800000007034,1.76479489444923
-5.49800000007034,1.76489489444923
-5.49800000007034,1.76499489444923
-5.49800000007034,1.76509489444923
-5.49800000007034,1.76519489444923
-5.49800000007034,1.76529489444923
-5.49800000007034,1.76539489444923
-7.91499999992966,1.76549489444923
-7.91499999992966,1.76559489444923
-7.91499999992966,1.76569489444923
-7.91499999992966,1.76579489444923
-7.91499999992966,1.76589489444923
-7.91499999992966,1.76599489444923
-7.91499999992966,1.76609489444923
-7.91499999992966,1.76619489444923
-7.91499999992966,1.76629489444923
-7.91499999992966,1.76639489444923
-7.91499999992966,1.76649489444923
-7.91499999992966,1.76659489444923
-7.91499999992966,1.76669489444923
-7.91499999992966,1.76679489444923
-7.91499999992966,1.76689489444923
-7.91499999992966,1.76699489444923
-7.91499999992966,1.76709489444923
-7.91499999992966,1.76719489444923
-7.91499999992966,1.76729489444923
-7.91499999992966,1.76739489444923
-7.91499999992966,1.76749489444923
-7.91499999992966,1.76759489444923
-7.91499999992966,1.76769489444923
-6.70650000007034,1.76779489444923
-6.70650000007034,1.76789489444923
-6.70650000007034,1.76799489444923
-6.70650000007034,1.76809489444923
-6.70650000007034,1.76819489444923
-6.70650000007034,1.76829489444923
-6.70650000007034,1.76839489444923
-6.70650000007034,1.76849489444923
-6.70650000007034,1.76859489444923
-6.70650000007034,1.76869489444923
-6.70650000007034,1.76879489444923
-6.70650000007034,1.76889489444923
-6.70650000007034,1.76899489444923
-6.70650000007034,1.76909489444923
-6.70650000007034,1.76919489444923
-6.70650000007034,1.76929489444923
-6.70650000007034,1.76939489444923
-6.70650000007034,1.76949489444923
-6.70650000007034,1.76959489444923
-6.70650000007034,1.76969489444923
-6.70650000007034,1.76979489444923
-6.70650000007034,1.76989489444923
-6.70650000007034,1.76999489444923
-6.70650000007034,1.77009489444923
-9.12349999992966,1.77019489444923
-9.12349999992966,1.77029489444923
-9.12349999992966,1.77039489444923
-9.12349999992966,1.77049489444923
-9.12349999992966,1.77059489444923
-9.12349999992966,1.77069489444923
-9.12349999992966,1.77079489444923
-9.12349999992966,1.77089489444923
-9.12349999992966,1.77099489444923
-9.12349999992966,1.77109489444923
-9.12349999992966,1.77119489444923
-9.12349999992966,1.77129489444923
-9.12349999992966,1.77139489444923
-9.12349999992966,1.77149489444923
-9.12349999992966,1.77159489444923
-9.12349999992966,1.77169489444923
-9.12349999992966,1.77179489444923
-9.12349999992966,1.77189489444923
-9.12349999992966,1.77199489444923
-9.12349999992966,1.77209489444923
-9.12349999992966,1.77219489444923
-9.12349999992966,1.77229489444923
-9.12349999992966,1.77239489444923
-9.12349999992966,1.77249489444923
-9.12349999992966,1.77259489444923
-7.91500000007034,1.77269489444923
-7.91500000007034,1.77279489444923
-7.91500000007034,1.77289489444923
-7.91500000007034,1.77299489444923
-7.91500000007034,1.77309489444923
-7.91500000007034,1.77319489444923
-7.91500000007034,1.77329489444923
-7.91500000007034,1.77339489444923
-7.91500000007034,1.77349489444923
-7.91500000007034,1.77359489444923
-7.91500000007034,1.77369489444923
-7.91500000007034,1.77379489444923
-7.91500000007034,1.77389489444923
-7.91500000007034,1.77399489444923
-7.91500000007034,1.77409489444923
-7.91500000007034,1.77419489444923
-7.91500000007034,1.77429489444923
-7.91500000007034,1.77439489444923
-7.91500000007034,1.77449489444923
-7.91500000007034,1.77459489444923
-7.91500000007034,1.77469489444923
-7.91500000007034,1.77479489444923
-7.91500000007034,1.77489489444923
-7.91500000007034,1.77499489444923
-7.91500000007034,1.77509489444923
-7.91500000007034,1.77519489444923
-7.91500000007034,1.77529489444923
-10.3319999999297,1.77539489444923
-10.3319999999297,1.77549489444923
-10.3319999999297,1.77559489444923
-10.3319999999297,1.77569489444923
-10.3319999999297,1.77579489444923
-10.3319999999297,1.77589489444923
-10.3319999999297,1.77599489444923
-10.3319999999297,1.77609489444923
-10.3319999999297,1.77619489444923
-10.3319999999297,1.77629489444923
-0.275722222206173,1.77650138257764
-6.70649999992966,1.87419999989967
-6.70649999992966,1.87419489444922
-6.70649999992966,1.87429489444922
-5.49800000007034,1.87439489444922
-5.49800000007034,1.87449489444922
-5.49800000007034,1.87459489444922
-5.49800000007034,1.87469489444922
-5.49800000007034,1.87479489444922
-5.49800000007034,1.87489489444922
-5.49800000007034,1.87499489444922
-5.49800000007034,1.87509489444922
-5.49800000007034,1.87519489444922
-5.49800000007034,1.87529489444922
-5.49800000007034,1.87539489444922
-5.49800000007034,1.87549489444922
-5.49800000007034,1.87559489444922
-5.49800000007034,1.87569489444922
-5.49800000007034,1.87579489444922
-5.49800000007034,1.87589489444922
-5.49800000007034,1.87599489444922
-5.49800000007034,1.87609489444922
-5.49800000007034,1.87619489444922
-7.91499999992966,1.87629489444922
-7.91499999992966,1.87639489444922
-7.91499999992966,1.87649489444922
-7.91499999992966,1.87659489444922
-7.91499999992966,1.87669489444922
-7.91499999992966,1.87679489444922
-7.91499999992966,1.87689489444922
-7.91499999992966,1.87699489444922
-7.91499999992966,1.87709489444922
-7.91499999992966,1.87719489444922
-7.91499999992966,1.87729489444922
-7.91499999992966,1.87739489444922
-7.91499999992966,1.87749489444922
-7.91499999992966,1.87759489444922
-7.91499999992966,1.87769489444922
-7.91499999992966,1.87779489444922
-7.91499999992966,1.87789489444922
-7.91499999992966,1.87799489444922
-7.91499999992966,1.87809489444922
-6.70650000007034,1.87819489444922
-6.70650000007034,1.87829489444922
-6.70650000007034,1.87839489444922
-6.70650000007034,1.87849489444922
-6.70650000007034,1.87859489444922
-6.70650000007034,1.87869489444922
-6.70650000007034,1.87879489444922
-6.70650000007034,1.87889489444922
-6.70650000007034,1.87899489444922
-6.70650000007034,1.87909489444922
-6.70650000007034,1.87919489444922
-6.70650000007034,1.87929489444922
-6.70650000007034,1.87939489444922
-6.70650000007034,1.87949489444922
-6.70650000007034,1.87959489444922
-6.70650000007034,1.87969489444922
-6.70650000007034,1.87979489444922
-6.70650000007034,1.87989489444922
-6.70650000007034,1.87999489444922
-6.70650000007034,1.88009489444922
-9.12349999992966,1.88019489444922
-9.12349999992966,1.88029489444922
-9.12349999992966,1.88039489444922
-9.12349999992966,1.88049489444922
-9.12349999992966,1.88059489444922
-9.12349999992966,1.88069489444922
-9.12349999992966,1.88079489444922
-9.12349999992966,1.88089489444922
-9.12349999992966,1.88099489444922
-9.12349999992966,1.88109489444922
-9.12349999992966,1.88119489444922
-9.12349999992966,1.88129489444922
-9.12349999992966,1.88139489444922
-9.12349999992966,1.88149489444922
-9.12349999992966,1.88159489444922
-9.12349999992966,1.88169489444922
-9.12349999992966,1.88179489444922
-9.12349999992966,1.88189489444922
-9.12349999992966,1.88199489444922
-9.12349999992966,1.88209489444922
-9.12349999992966,1.88219489444922
-9.12349999992966,1.88229489444922
-7.91500000007034,1.88239489444922
-7.91500000007034,1.88249489444922
-7.91500000007034,1.88259489444922
-7.91500000007034,1.88269489444922
-7.91500000007034,1.88279489444922
-7.91500000007034,1.88289489444922
-7.91500000007034,1.88299489444922
-7.91500000007034,1.88309489444922
-7.91500000007034,1.88319489444922
-7.91500000007034,1.88329489444922
-7.91500000007034,1.88339489444922
-7.91500000007034,1.88349489444922
-7.91500000007034,1.88359489444922
-7.91500000007034,1.88369489444922
-7.91500000007034,1.88379489444922
-7.91500000007034,1.88389489444922
-7.91500000007034,1.88399489444922
-7.91500000007034,1.88409489444922
-7.91500000007034,1.88419489444922
-7.91500000007034,1.88429489444922
-7.91500000007034,1.88439489444922
-7.91500000007034,1.88449489444922
-7.91500000007034,1.88459489444922
-10.3319999999297,1.88469489444922
-10.3319999999297,1.88479489444922
-10.3319999999297,1.88489489444922
-10.3319999999297,1.88499489444922
-10.3319999999297,1.88509489444922
-10.3319999999297,1.88519489444922
-10.3319999999297,1.88529489444922
-10.3319999999297,1.88539489444922
-10.3319999999297,1.88549489444922
-10.3319999999297,1.88559489444922
-10.3319999999297,1.88569489444922
-10.3319999999297,1.88579489444922
-10.3319999999297,1.88589489444922
-10.3319999999297,1.88599489444922
-10.3319999999297,1.88609489444922
-10.3319999999297,1.88619489444922
-10.3319999999297,1.88629489444922
-10.3319999999297,1.88639489444922
-10.3319999999297,1.88649489444922
-10.3319999999297,1.88659489444922
-10.3319999999297,1.88669489444922
-10.3319999999297,1.88679489444922
-10.3319999999297,1.88689489444922
-10.3319999999297,1.88699489444922
-9.12350000007034,1.88709489444922
-9.12350000007034,1.88719489444922
-9.12350000007034,1.88729489444922
-9.12350000007034,1.88739489444922
-9.12350000007034,1.88749489444922
-9.12350000007034,1.88759489444922
-9.12350000007034,1.88769489444922
-9.12350000007034,1.88779489444922
-9.12350000007034,1.88789489444922
-9.12350000007034,1.88799489444922
-9.12350000007034,1.88809489444922
-9.12350000007034,1.88819489444922
-9.12350000007034,1.88829489444922
-9.12350000007034,1.88839489444922
-9.12350000007034,1.88849489444922
-9.12350000007034,1.88859489444922
-9.12350000007034,1.88869489444922
-9.12350000007034,1.88879489444922
-9.12350000007034,1.88889489444922
-9.12350000007034,1.88899489444922
-9.12350000007034,1.88909489444922
-9.12350000007034,1.88919489444922
-9.12350000007034,1.88929489444922
-9.12350000007034,1.88939489444922
-11.5404999999297,1.88949489444922
-11.5404999999297,1.88959489444922
-11.5404999999297,1.88969489444922
-11.5404999999297,1.88979489444922
-11.5404999999297,1.88989489444922
-11.5404999999297,1.88999489444922
-11.5404999999297,1.89009489444922
-0.663999999929656,1.96452732775161
-0.663999999929656,1.96462732775161
-0.663999999929656,1.96472732775161
-0.663999999929656,1.96482732775161
-0.663999999929656,1.96492732775161
-1.87249999992966,1.96550399444053
-1.87249999992966,1.96560399444053
-1.87249999992966,1.96570399444053
-1.87249999992966,1.96580399444053
-1.87249999992966,1.96590399444053
-1.87249999992966,1.96600399444053
-1.87249999992966,1.96610399444053
-0.664000000070344,1.96622732775161
-0.664000000070344,1.96632732775161
-0.664000000070344,1.96642732775161
-0.664000000070344,1.96652732775161
-0.664000000070344,1.96662732775161
-0.664000000070344,1.96672732775161
-0.664000000070344,1.96682732775161
-0.664000000070344,1.96692732775161
-3.08099999992966,1.96699489444921
-3.08099999992966,1.96709489444921
-3.08099999992966,1.96719489444921
-3.08099999992966,1.96729489444921
-3.08099999992966,1.96739489444921
-3.08099999992966,1.96749489444921
-3.08099999992966,1.96759489444921
-3.08099999992966,1.96769489444921
-3.08099999992966,1.96779489444921
-1.87250000007034,1.96790399444053
-1.87250000007034,1.96800399444053
-1.87250000007034,1.96810399444053
-1.87250000007034,1.96820399444053
-1.87250000007034,1.96830399444053
-1.87250000007034,1.96840399444053
-1.87250000007034,1.96850399444053
-1.87250000007034,1.96860399444053
-1.87250000007034,1.96870399444053
-1.87250000007034,1.96880399444053
-4.28949999992966,1.96889489444921
-4.28949999992966,1.96899489444921
-4.28949999992966,1.96909489444921
-4.28949999992966,1.96919489444921
-4.28949999992966,1.96929489444921
-4.28949999992966,1.96939489444921
-4.28949999992966,1.96949489444921
-4.28949999992966,1.96959489444921
-4.28949999992966,1.96969489444921
-4.28949999992966,1.96979489444921
-4.28949999992966,1.96989489444921
-3.08100000007034,1.96999489444921
-3.08100000007034,1.97009489444921
-3.08100000007034,1.97019489444921
-3.08100000007034,1.97029489444921
-3.08100000007034,1.97039489444921
-3.08100000007034,1.97049489444921
-3.08100000007034,1.97059489444921
-3.08100000007034,1.97069489444921
-3.08100000007034,1.97079489444921
-3.08100000007034,1.97089489444921
-3.08100000007034,1.97099489444921
-3.08100000007034,1.97109489444921
-5.49799999992965,1.97119489444921
-5.49799999992965,1.97129489444921
-5.49799999992965,1.97139489444921
-5.49799999992965,1.97149489444921
-5.49799999992965,1.97159489444921
-5.49799999992965,1.97169489444921
-5.49799999992965,1.97179489444921
-5.49799999992965,1.97189489444921
-5.49799999992965,1.97199489444921
-5.49799999992965,1.97209489444921
-5.49799999992965,1.97219489444921
-5.49799999992965,1.97229489444921
-5.49799999992965,1.97239489444921
-5.49799999992965,1.97249489444921
-4.28950000007034,1.97259489444921
-4.28950000007034,1.97269489444921
-4.28950000007034,1.97279489444921
-4.28950000007034,1.97289489444921
-4.28950000007034,1.97299489444921
-4.28950000007034,1.97309489444921
-4.28950000007034,1.97319489444921
-4.28950000007034,1.97329489444921
-4.28950000007034,1.97339489444921
-4.28950000007034,1.97349489444921
-4.28950000007034,1.97359489444921
-4.28950000007034,1.97369489444921
-4.28950000007034,1.97379489444921
-4.28950000007034,1.97389489444921
-4.28950000007034,1.97399489444921
-6.70649999992966,1.97409489444921
-6.70649999992966,1.97419489444921
-6.70649999992966,1.97429489444921
-6.70649999992966,1.97439489444921
-6.70649999992966,1.97449489444921
-6.70649999992966,1.97459489444921
-6.70649999992966,1.97469489444921
-6.70649999992966,1.97479489444921
-6.70649999992966,1.97489489444921
-6.70649999992966,1.97499489444921
-6.70649999992966,1.97509489444921
-6.70649999992966,1.97519489444921
-6.70649999992966,1.97529489444921
-6.70649999992966,1.97539489444921
-6.70649999992966,1.97549489444921
-6.70649999992966,1.97559489444921
-5.49800000007034,1.97569489444921
-5.49800000007034,1.97579489444921
-5.49800000007034,1.97589489444921
-5.49800000007034,1.97599489444921
-5.49800000007034,1.97609489444921
-5.49800000007034,1.97619489444921
-5.49800000007034,1.97629489444921
-5.49800000007034,1.97639489444921
-5.49800000007034,1.97649489444921
-5.49800000007034,1.97659489444921
-5.49800000007034,1.97669489444921
-5.49800000007034,1.97679489444921
-5.49800000007034,1.97689489444921
-5.49800000007034,1.97699489444921
-5.49800000007034,1.97709489444921
-5.49800000007034,1.97719489444921
-7.91499999992966,1.97729489444921
-7.91499999992966,1.97739489444921
-7.91499999992966,1.97749489444921
-7.91499999992966,1.97759489444921
-7.91499999992966,1.97769489444921
-7.91499999992966,1.97779489444921
-7.91499999992966,1.97789489444921
-7.91499999992966,1.97799489444921
-7.91499999992966,1.97809489444921
-7.91499999992966,1.97819489444921
-7.91499999992966,1.97829489444921
-7.91499999992966,1.97839489444921
-7.91499999992966,1.97849489444921
-7.91499999992966,1.97859489444921
-7.91499999992966,1.97869489444921
-7.91499999992966,1.97879489444921
-7.91499999992966,1.97889489444921
-7.91499999992966,1.97899489444921
-6.70650000007034,1.97909489444921
-6.70650000007034,1.97919489444921
-6.70650000007034,1.97929489444921
-6.70650000007034,1.97939489444921
-6.70650000007034,1.97949489444921
-6.70650000007034,1.97959489444921
-6.70650000007034,1.97969489444921
-6.70650000007034,1.97979489444921
-6.70650000007034,1.97989489444921
-6.70650000007034,1.97999489444921
-6.70650000007034,1.98009489444921
-6.70650000007034,1.98019489444921
-6.70650000007034,1.98029489444921
-6.70650000007034,1.98039489444921
-6.70650000007034,1.98049489444921
-6.70650000007034,1.98059489444921
-6.70650000007034,1.98069489444921
-6.70650000007034,1.98079489444921
-6.70650000007034,1.98089489444921
-9.12349999992966,1.98099489444921
-9.12349999992966,1.98109489444921
-9.12349999992966,1.98119489444921
-9.12349999992966,1.98129489444921
-9.12349999992966,1.98139489444921
-9.12349999992966,1.98149489444921
-9.12349999992966,1.98159489444921
-9.12349999992966,1.98169489444921
-9.12349999992966,1.98179489444921
-9.12349999992966,1.98189489444921
-9.12349999992966,1.98199489444921
-9.12349999992966,1.98209489444921
-9.12349999992966,1.98219489444921
-9.12349999992966,1.98229489444921
-9.12349999992966,1.98239489444921
-9.12349999992966,1.98249489444921
-9.12349999992966,1.98259489444921
-9.12349999992966,1.98269489444921
-9.12349999992966,1.98279489444921
-9.12349999992966,1.98289489444921
-7.91500000007034,1.98299489444921
-7.91500000007034,1.98309489444921
-7.91500000007034,1.98319489444921
-7.91500000007034,1.98329489444921
-7.91500000007034,1.98339489444921
-7.91500000007034,1.98349489444921
-7.91500000007034,1.98359489444921
-7.91500000007034,1.98369489444921
-7.91500000007034,1.98379489444921
-7.91500000007034,1.9838948944492
-7.91500000007034,1.98399489444921
-7.91500000007034,1.98409489444921
-7.91500000007034,1.9841948944492
-7.91500000007034,1.98429489444921
-7.91500000007034,1.98439489444921
-7.91500000007034,1.98449489444921
-7.91500000007034,1.98459489444921
-7.91500000007034,1.9846948944492
-7.91500000007034,1.98479489444921
-7.91500000007034,1.98489489444921
-10.3319999999297,1.9849948944492
-10.3319999999297,1.98509489444921
-10.3319999999297,1.98519489444921
-10.3319999999297,1.98529489444921
-10.3319999999297,1.98539489444921
-10.3319999999297,1.9854948944492
-10.3319999999297,1.98559489444921
-10.3319999999297,1.9856948944492
-10.3319999999297,1.9857948944492
-10.3319999999297,1.98589489444921
-10.3319999999297,1.9859948944492
-10.3319999999297,1.98609489444921
-10.3319999999297,1.9861948944492
-10.3319999999297,1.9862948944492
-10.3319999999297,1.98639489444921
-10.3319999999297,1.9864948944492
-10.3319999999297,1.9865948944492
-10.3319999999297,1.98669489444921
-10.3319999999297,1.9867948944492
-10.3319999999297,1.98689489444921
-10.3319999999297,1.9869948944492
-10.3319999999297,1.9870948944492
-9.12350000007034,1.98719489444921
-9.12350000007034,1.9872948944492
-9.12350000007034,1.9873948944492
-9.12350000007034,1.98749489444921
-9.12350000007034,1.9875948944492
-0.663999999929656,2.05652732775173
-0.663999999929656,2.05662732775173
-0.663999999929656,2.05672732775173
-0.663999999929656,2.05682732775173
-0.663999999929656,2.05692732775173
-0.663999999929656,2.05702732775173
-0.663999999929656,2.05712732775173
-0.663999999929656,2.05722732775173
-1.87249999992966,2.05810399444065
-1.87249999992966,2.05820399444065
-1.87249999992966,2.05830399444065
-1.87249999992966,2.05840399444065
-1.87249999992966,2.05850399444065
-1.87249999992966,2.05860399444065
-1.87249999992966,2.05870399444065
-1.87249999992966,2.05880399444065
-1.87249999992966,2.05890399444065
-0.664000000070344,2.05902732775173
-0.664000000070344,2.05912732775173
-0.664000000070344,2.05922732775173
-0.664000000070344,2.05932732775173
-0.664000000070344,2.05942732775173
-0.664000000070344,2.05952732775173
-0.664000000070344,2.05962732775173
-0.664000000070344,2.05972732775173
-0.664000000070344,2.05982732775173
-0.664000000070344,2.05992732775173
-3.08099999992966,2.05999489444933
-3.08099999992966,2.06009489444933
-3.08099999992966,2.06019489444933
-3.08099999992966,2.06029489444933
-3.08099999992966,2.06039489444933
-3.08099999992966,2.06049489444933
-3.08099999992966,2.06059489444933
-3.08099999992966,2.06069489444933
-3.08099999992966,2.06079489444933
-3.08099999992966,2.06089489444933
-1.87250000007034,2.06100399444065
-1.87250000007034,2.06110399444065
-1.87250000007034,2.06120399444065
-1.87250000007034,2.06130399444065
-1.87250000007034,2.06140399444065
-1.87250000007034,2.06150399444065
-1.87250000007034,2.06160399444065
-1.87250000007034,2.06170399444066
-1.87250000007034,2.06179699444733
-1.87250000007034,2.06189699444733
-1.87250000007034,2.06199699444733
-1.87250000007034,2.06209699444733
-4.28949999992966,2.06219489444933
-4.28949999992966,2.06229489444934
-4.28949999992966,2.06239489444933
-4.28949999992966,2.06249489444934
-4.28949999992966,2.06259489444934
-4.28949999992966,2.06269489444934
-4.28949999992966,2.06279489444934
-4.28949999992966,2.06289489444934
-4.28949999992966,2.06299489444934
-4.28949999992966,2.06309489444934
-4.28949999992966,2.06319489444934
-4.28949999992966,2.06329489444934
-3.08100000007034,2.06339489444934
-3.08100000007034,2.06349489444934
-3.08100000007034,2.06359489444934
-3.08100000007034,2.06369489444934
-3.08100000007034,2.06379489444934
-3.08100000007034,2.06389489444934
-3.08100000007034,2.06399489444934
-3.08100000007034,2.06409489444934
-3.08100000007034,2.06419489444934
-3.08100000007034,2.06429489444934
-3.08100000007034,2.06439489444934
-3.08100000007034,2.06449489444934
-3.08100000007034,2.06459489444934
-3.08100000007034,2.06469489444934
-5.49799999992965,2.06479489444934
-5.49799999992965,2.06489489444934
-5.49799999992965,2.06499489444934
-5.49799999992965,2.06509489444934
-5.49799999992965,2.06519489444934
-5.49799999992965,2.06529489444934
-5.49799999992965,2.06539489444934
-5.49799999992965,2.06549489444934
-5.49799999992965,2.06559489444934
-5.49799999992965,2.06569489444934
-5.49799999992965,2.06579489444934
-5.49799999992965,2.06589489444934
-5.49799999992965,2.06599489444934
-5.49799999992965,2.06609489444934
-4.28950000007034,2.06619489444934
-4.28950000007034,2.06629489444934
-4.28950000007034,2.06639489444934
-4.28950000007034,2.06649489444934
-4.28950000007034,2.06659489444934
-4.28950000007034,2.06669489444934
-4.28950000007034,2.06679489444934
-4.28950000007034,2.06689489444935
-4.28950000007034,2.06699489444935
-4.28950000007034,2.06709489444935
-4.28950000007034,2.06719489444935
-4.28950000007034,2.06729489444935
-4.28950000007034,2.06739489444935
-4.28950000007034,2.06749489444935
-4.28950000007034,2.06759489444935
-6.70649999992966,2.06769489444935
-6.70649999992966,2.06779489444935
-6.70649999992966,2.06789489444935
-6.70649999992966,2.06799489444935
-6.70649999992966,2.06809489444935
-6.70649999992966,2.06819489444935
-6.70649999992966,2.06829489444935
-6.70649999992966,2.06839489444935
-6.70649999992966,2.06849489444935
-6.70649999992966,2.06859489444935
-6.70649999992966,2.06869489444935
-6.70649999992966,2.06879489444935
-6.70649999992966,2.06889489444935
-6.70649999992966,2.06899489444935
-6.70649999992966,2.06909489444935
-6.70649999992966,2.06919489444935
0.323333333333333,2.06929999990467
-5.49800000007034,2.06929489444935
0.323333333333333,2.06939999990467
-5.49800000007034,2.06939489444935
0.323333333333333,2.06949999990467
-5.49800000007034,2.06949489444935
0.323333333333333,2.06959999990467
-5.49800000007034,2.06959489444935
0.323333333333333,2.06969999990467
-5.49800000007034,2.06969489444935
0.323333333333333,2.06979999990467
-5.49800000007034,2.06979489444935
0.323333333333333,2.06989999990467
-5.49800000007034,2.06989489444935
0.323333333333333,2.06999999990467
-5.49800000007034,2.06999489444935
0.323333333333333,2.07009999990467
-5.49800000007034,2.07009489444935
0.323333333333333,2.07019999990467
-5.49800000007034,2.07019489444935
-5.49800000007034,2.07029489444935
-5.49800000007034,2.07039489444935
-5.49800000007034,2.07049489444935
-5.49800000007034,2.07059489444935
-5.49800000007034,2.07069489444935
-5.49800000007034,2.07079489444935
-7.91499999992966,2.07089489444935
-7.91499999992966,2.07099489444935
-7.91499999992966,2.07109489444935
-7.91499999992966,2.07119489444935
-7.91499999992966,2.07129489444935
-7.91499999992966,2.07139489444935
-7.91499999992966,2.07149489444935
-7.91499999992966,2.07159489444935
-7.91499999992966,2.07169489444936
-7.91499999992966,2.07179489444936
-7.91499999992966,2.07189489444936
-7.91499999992966,2.07199489444936
-7.91499999992966,2.07209489444936
-7.91499999992966,2.07219489444936
-7.91499999992966,2.07229489444936
-7.91499999992966,2.07239489444936
-7.91499999992966,2.07249489444936
-7.91499999992966,2.07259489444936
-6.70650000007034,2.07269489444936
-6.70650000007034,2.07279489444936
-6.70650000007034,2.07289489444936
-6.70650000007034,2.07299489444936
-6.70650000007034,2.07309489444936
-6.70650000007034,2.07319489444936
-6.70650000007034,2.07329489444936
-6.70650000007034,2.07339489444936
-6.70650000007034,2.07349489444936
-6.70650000007034,2.07359489444936
-6.70650000007034,2.07369489444936
-6.70650000007034,2.07379489444936
-6.70650000007034,2.07389489444936
-6.70650000007034,2.07399489444936
-6.70650000007034,2.07409489444936
-6.70650000007034,2.07419489444936
-6.70650000007034,2.07429489444936
-6.70650000007034,2.07439489444936
-9.12349999992966,2.07449489444936
-9.12349999992966,2.07459489444936
-9.12349999992966,2.07469489444936
-9.12349999992966,2.07479489444936
-9.12349999992966,2.07489489444936
-9.12349999992966,2.07499489444936
-9.12349999992966,2.07509489444936
-9.12349999992966,2.07519489444936
-9.12349999992966,2.07529489444936
-9.12349999992966,2.07539489444936
-9.12349999992966,2.07549489444936
-9.12349999992966,2.07559489444936
-9.12349999992966,2.07569489444936
-9.12349999992966,2.07579489444936
-9.12349999992966,2.07589489444936
-9.12349999992966,2.07599489444936
-9.12349999992966,2.07609489444936
-9.12349999992966,2.07619489444936
-7.91500000007034,2.07629489444936
-7.91500000007034,2.07639489444936
-7.91500000007034,2.07649489444937
-7.91500000007034,2.07659489444937
-7.91500000007034,2.07669489444937
-7.91500000007034,2.07679489444937
-7.91500000007034,2.07689489444937
-7.91500000007034,2.07699489444937
-7.91500000007034,2.07709489444937
-7.91500000007034,2.07719489444937
-7.91500000007034,2.07729489444937
-7.91500000007034,2.07739489444937
-7.91500000007034,2.07749489444937
-7.91500000007034,2.07759489444937
-7.91500000007034,2.07769489444937
-7.91500000007034,2.07779489444937
-7.91500000007034,2.07789489444937
-7.91500000007034,2.07799489444937
-7.91500000007034,2.07809489444937
-7.91500000007034,2.07819489444937
-10.3319999999297,2.07829489444937
-10.3319999999297,2.07839489444937
-10.3319999999297,2.07849489444937
-10.3319999999297,2.07859489444937
-10.3319999999297,2.07869489444937
-10.3319999999297,2.07879489444937
-10.3319999999297,2.07889489444937
-10.3319999999297,2.07899489444937
-10.3319999999297,2.07909489444937
-0.663999999929656,2.14299489444951
-0.663999999929656,2.14309489444951
-0.663999999929656,2.14319489444951
-0.663999999929656,2.14329489444951
-0.663999999929656,2.14339489444951
-0.663999999929656,2.14349489444951
-0.663999999929656,2.14359489444951
-0.663999999929656,2.14369489444951
-1.87249999992966,2.14469489444951
-1.87249999992966,2.14479489444951
-1.87249999992966,2.14489489444951
-1.87249999992966,2.14499489444951
-1.87249999992966,2.14509489444951
-1.87249999992966,2.14519489444951
-1.87249999992966,2.14529489444951
-1.87249999992966,2.14539489444951
-1.87249999992966,2.14549489444951
-1.87249999992966,2.14559489444951
-1.87249999992966,2.14569489444951
-0.664000000070344,2.14579489444951
-0.664000000070344,2.14589489444951
-0.664000000070344,2.14599489444951
-0.664000000070344,2.14609489444951
-0.664000000070344,2.14619489444951
-0.664000000070344,2.14629489444951
-0.664000000070344,2.14639489444951
-0.664000000070344,2.14649489444951
-0.664000000070344,2.14659489444951
-0.664000000070344,2.14669489444951
-0.664000000070344,2.14679489444951
-3.08099999992966,2.14689489444951
-3.08099999992966,2.14699489444951
-3.08099999992966,2.14709489444951
-3.08099999992966,2.14719489444951
-3.08099999992966,2.14729489444951
-3.08099999992966,2.14739489444951
-3.08099999992966,2.14749489444951
-3.08099999992966,2.14759489444951
-3.08099999992966,2.14769489444952
-3.08099999992966,2.14779489444952
-3.08099999992966,2.14789489444952
-3.08099999992966,2.14799489444952
-3.08099999992966,2.14809489444952
-1.87250000007034,2.14819489444952
-1.87250000007034,2.14829489444952
-1.87250000007034,2.14839489444952
-1.87250000007034,2.14849489444952
-1.87250000007034,2.14859489444952
-1.87250000007034,2.14869489444952
-1.87250000007034,2.14879489444952
-1.87250000007034,2.14889489444952
-1.87250000007034,2.14899489444952
-1.87250000007034,2.14909489444952
-1.87250000007034,2.14919489444952
-1.87250000007034,2.14929489444952
-1.87250000007034,2.14939489444952
-4.28949999992966,2.14949489444952
-4.28949999992966,2.14959489444952
-4.28949999992966,2.14969489444952
-4.28949999992966,2.14979489444952
-4.28949999992966,2.14989489444952
-4.28949999992966,2.14999489444952
-4.28949999992966,2.15009489444952
-4.28949999992966,2.15019489444952
-4.28949999992966,2.15029489444952
-4.28949999992966,2.15039489444952
-4.28949999992966,2.15049489444952
-4.28949999992966,2.15059489444952
-4.28949999992966,2.15069489444952
-4.28949999992966,2.15079489444952
-3.08100000007034,2.15089489444952
-3.08100000007034,2.15099489444952
-3.08100000007034,2.15109489444952
-3.08100000007034,2.15119489444952
-3.08100000007034,2.15129489444952
-3.08100000007034,2.15139489444952
-3.08100000007034,2.15149489444952
-3.08100000007034,2.15159489444952
-3.08100000007034,2.15169489444952
-3.08100000007034,2.15179489444952
-3.08100000007034,2.15189489444952
-3.08100000007034,2.15199489444952
-3.08100000007034,2.15209489444953
-3.08100000007034,2.15219489444952
-5.49799999992965,2.15229489444953
-5.49799999992965,2.15239489444952
-5.49799999992965,2.15249489444953
-5.49799999992965,2.15259489444953
-5.49799999992965,2.15269489444953
-5.49799999992965,2.15279489444953
-5.49799999992965,2.15289489444953
-5.49799999992965,2.15299489444953
-5.49799999992965,2.15309489444953
-5.49799999992965,2.15319489444953
-5.49799999992965,2.15329489444953
-5.49799999992965,2.15339489444953
-5.49799999992965,2.15349489444953
-5.49799999992965,2.15359489444953
-5.49799999992965,2.15369489444953
-5.49799999992965,2.15379489444953
-4.28950000007034,2.15389489444953
-4.28950000007034,2.15399489444953
-4.28950000007034,2.15409489444953
-4.28950000007034,2.15419489444953
-4.28950000007034,2.15429489444953
-4.28950000007034,2.15439489444953
-4.28950000007034,2.15449489444953
-4.28950000007034,2.15459489444953
-4.28950000007034,2.15469489444953
-4.28950000007034,2.15479489444953
-4.28950000007034,2.15489489444953
-4.28950000007034,2.15499489444953
-4.28950000007034,2.15509489444953
-4.28950000007034,2.15519489444953
-4.28950000007034,2.15529489444953
-4.28950000007034,2.15539489444953
-6.70649999992966,2.15549489444953
-6.70649999992966,2.15559489444953
-6.70649999992966,2.15569489444953
-6.70649999992966,2.15579489444953
-6.70649999992966,2.15589489444953
-6.70649999992966,2.15599489444953
-6.70649999992966,2.15609489444953
-6.70649999992966,2.15619489444953
-6.70649999992966,2.15629489444953
-6.70649999992966,2.15639489444953
-6.70649999992966,2.15649489444953
-6.70649999992966,2.15659489444953
-6.70649999992966,2.15669489444953
-6.70649999992966,2.15679489444953
-6.70649999992966,2.15689489444954
-6.70649999992966,2.15699489444953
-5.49800000007034,2.15709489444954
-5.49800000007034,2.15719489444953
-5.49800000007034,2.15729489444954
-5.49800000007034,2.15739489444954
-5.49800000007034,2.15749489444954
-5.49800000007034,2.15759489444954
-5.49800000007034,2.15769489444954
-5.49800000007034,2.15779489444954
-5.49800000007034,2.15789489444954
-5.49800000007034,2.15799489444954
-5.49800000007034,2.15809489444954
-5.49800000007034,2.15819489444954
-5.49800000007034,2.15829489444954
-5.49800000007034,2.15839489444954
-5.49800000007034,2.15849489444954
-5.49800000007034,2.15859489444954
-5.49800000007034,2.15869489444954
-7.91499999992966,2.15879489444954
-7.91499999992966,2.15889489444954
-7.91499999992966,2.15899489444954
-7.91499999992966,2.15909489444954
-7.91499999992966,2.15919489444954
-7.91499999992966,2.15929489444954
-7.91499999992966,2.15939489444954
-7.91499999992966,2.15949489444954
-7.91499999992966,2.15959489444954
-7.91499999992966,2.15969489444954
-7.91499999992966,2.15979489444954
-7.91499999992966,2.15989489444954
-7.91499999992966,2.15999489444954
-7.91499999992966,2.16009489444954
-7.91499999992966,2.16019489444954
-7.91499999992966,2.16029489444954
-7.91499999992966,2.16039489444954
-6.70650000007034,2.16049489444954
-6.70650000007034,2.16059489444954
-6.70650000007034,2.16069489444954
-6.70650000007034,2.16079489444954
-6.70650000007034,2.16089489444954
-6.70650000007034,2.16099489444954
-6.70650000007034,2.16109489444954
-6.70650000007034,2.16119489444954
-6.70650000007034,2.16129489444954
-6.70650000007034,2.16139489444954
-6.70650000007034,2.16149489444954
-6.70650000007034,2.16159489444954
-6.70650000007034,2.16169489444955
-6.70650000007034,2.16179489444955
-6.70650000007034,2.16189489444955
-6.70650000007034,2.16199489444955
-6.70650000007034,2.16209489444955
-6.70650000007034,2.16219489444955
-9.12349999992966,2.16229489444955
-9.12349999992966,2.16239489444955
-9.12349999992966,2.16249489444955
-9.12349999992966,2.16259489444955
-9.12349999992966,2.16269489444955
-9.12349999992966,2.16279489444955
-9.12349999992966,2.16289489444955
-9.12349999992966,2.16299489444955
-9.12349999992966,2.16309489444955
-9.12349999992966,2.16319489444955
-9.12349999992966,2.16329489444955
-9.12349999992966,2.16339489444955
-9.12349999992966,2.16349489444955
-9.12349999992966,2.16359489444955
-9.12349999992966,2.16369489444955
-9.12349999992966,2.16379489444955
-9.12349999992966,2.16389489444955
-9.12349999992966,2.16399489444955
-9.12349999992966,2.16409489444955
-7.91500000007034,2.16419489444955
-7.91500000007034,2.16429489444955
-7.91500000007034,2.16439489444955
-7.91500000007034,2.16449489444955
-7.91500000007034,2.16459489444955
-7.91500000007034,2.16469489444955
-7.91500000007034,2.16479489444955
-7.91500000007034,2.16489489444955
-7.91500000007034,2.16499489444955
-7.91500000007034,2.16509489444955
-7.91500000007034,2.16519489444955
-7.91500000007034,2.16529489444955
-7.91500000007034,2.16539489444955
-7.91500000007034,2.16549489444955
-0.663999999929656,2.22290510545568
-0.663999999929656,2.22300510545568
-0.663999999929656,2.22310510545568
-0.663999999929656,2.22320510545568
-0.663999999929656,2.22330510545568
-0.663999999929656,2.22340510545568
-0.663999999929656,2.22350510545568
-0.663999999929656,2.22360510545568
-0.663999999929656,2.22370510545568
-0.663999999929656,2.22380510545568
-0.663999999929656,2.22390510545568
-0.663999999929656,2.22400510545568
-0.663999999929656,2.22410510545568
-0.663999999929656,2.22420510545568
-1.87249999992966,2.22580510545569
-1.87249999992966,2.22590510545569
-1.87249999992966,2.22600510545569
-1.87249999992966,2.22610510545569
-1.87249999992966,2.22620510545569
-1.87249999992966,2.22630510545569
-1.87249999992966,2.22640510545569
-1.87249999992966,2.22650510545569
-1.87249999992966,2.22660510545569
-1.87249999992966,2.22670510545569
-1.87249999992966,2.22680510545569
-1.87249999992966,2.22690510545569
-1.87249999992966,2.22700510545569
-1.87249999992966,2.22710510545569
-1.87249999992966,2.22720510545569
-0.664000000070344,2.22730510545569
-0.664000000070344,2.22740510545569
-0.664000000070344,2.22750510545569
-0.664000000070344,2.22760510545569
-0.664000000070344,2.22770510545569
-0.664000000070344,2.22780510545569
-0.664000000070344,2.22790510545569
-0.664000000070344,2.22800510545569
-0.664000000070344,2.22810510545569
-0.664000000070344,2.22820510545569
-0.664000000070344,2.22830510545569
-0.664000000070344,2.22840510545569
-0.664000000070344,2.22850510545569
-0.664000000070344,2.22860510545569
-0.664000000070344,2.22870510545569
-0.664000000070344,2.22880510545569
-3.08099999992966,2.22882732775209
-3.08099999992966,2.22892732775209
-3.08099999992966,2.22902732775209
-3.08099999992966,2.22912732775209
-3.08099999992966,2.22922732775209
-3.08099999992966,2.22932732775209
-3.08099999992966,2.22942732775209
-3.08099999992966,2.22952732775209
-3.08099999992966,2.22962732775209
-3.08099999992966,2.22972732775209
-3.08099999992966,2.22982732775209
-3.08099999992966,2.22992732775209
-3.08099999992966,2.23002732775209
-3.08099999992966,2.23012732775209
-3.08099999992966,2.23022732775209
-3.08099999992966,2.23032732775209
-1.87250000007034,2.2305051054557
-1.87250000007034,2.2306051054557
-1.87250000007034,2.2307051054557
-1.87250000007034,2.2308051054557
-1.87250000007034,2.2309051054557
-1.87250000007034,2.2310051054557
-1.87250000007034,2.2311051054557
-1.87250000007034,2.2312051054557
-1.87250000007034,2.2313051054557
-1.87250000007034,2.2314051054557
-1.87250000007034,2.2315051054557
-1.87250000007034,2.2316051054557
-1.87250000007034,2.2317051054557
-1.87250000007034,2.2318051054557
-1.87250000007034,2.2319051054557
-1.87250000007034,2.2320051054557
-4.28949999992966,2.2320273277521
-4.28949999992966,2.2321273277521
-4.28949999992966,2.2322273277521
-4.28949999992966,2.2323273277521
-4.28949999992966,2.2324273277521
-4.28949999992966,2.2325273277521
-4.28949999992966,2.2326273277521
-4.28949999992966,2.2327273277521
-4.28949999992966,2.2328273277521
-4.28949999992966,2.2329273277521
-4.28949999992966,2.2330273277521
-4.28949999992966,2.2331273277521
-4.28949999992966,2.2332273277521
-4.28949999992966,2.2333273277521
-4.28949999992966,2.2334273277521
-4.28949999992966,2.2335273277521
-4.28949999992966,2.2336273277521
-3.08100000007034,2.2337273277521
-3.08100000007034,2.2338273277521
-3.08100000007034,2.2339273277521
-3.08100000007034,2.2340273277521
-3.08100000007034,2.2341273277521
-3.08100000007034,2.2342273277521
-3.08100000007034,2.2343273277521
-3.08100000007034,2.2344273277521
-3.08100000007034,2.2345273277521
-3.08100000007034,2.2346273277521
-3.08100000007034,2.2347273277521
-3.08100000007034,2.2348273277521
-3.08100000007034,2.2349273277521
-3.08100000007034,2.2350273277521
-3.08100000007034,2.2351273277521
-3.08100000007034,2.2352273277521
-3.08100000007034,2.2353273277521
-5.49799999992965,2.23540399444102
-5.49799999992965,2.23550399444102
-5.49799999992965,2.23560399444102
-5.49799999992965,2.23570399444102
-5.49799999992965,2.23580399444102
-5.49799999992965,2.23590399444102
-5.49799999992965,2.23600399444102
-5.49799999992965,2.23610399444102
-5.49799999992965,2.23620399444102
-5.49799999992965,2.23630399444102
-5.49799999992965,2.23640399444102
-5.49799999992965,2.23650399444102
-5.49799999992965,2.23660399444102
-5.49799999992965,2.23670399444102
-5.49799999992965,2.23680399444102
-5.49799999992965,2.23690399444103
-5.49799999992965,2.23700399444103
-4.28950000007034,2.23712732775211
-4.28950000007034,2.23722732775211
-4.28950000007034,2.23732732775211
-4.28950000007034,2.23742732775211
-4.28950000007034,2.23752732775211
-4.28950000007034,2.23762732775211
-4.28950000007034,2.23772732775211
-4.28950000007034,2.23782732775211
-4.28950000007034,2.23792732775211
-4.28950000007034,2.23802732775211
-4.28950000007034,2.23812732775211
-4.28950000007034,2.23822732775211
-4.28950000007034,2.23832732775211
-4.28950000007034,2.23842732775211
-4.28950000007034,2.23852732775211
-4.28950000007034,2.23862732775211
-4.28950000007034,2.23872732775211
-6.70649999992966,2.23879489444971
-6.70649999992966,2.23889489444971
-6.70649999992966,2.23899489444971
-6.70649999992966,2.23909489444971
-6.70649999992966,2.23919489444971
-6.70649999992966,2.23929489444971
-6.70649999992966,2.23939489444971
-6.70649999992966,2.23949489444971
-6.70649999992966,2.23959489444971
-6.70649999992966,2.23969489444971
-6.70649999992966,2.23979489444971
-6.70649999992966,2.23989489444971
-6.70649999992966,2.23999489444971
-6.70649999992966,2.24009489444971
-6.70649999992966,2.24019489444971
-6.70649999992966,2.24029489444971
-6.70649999992966,2.24039489444971
-6.70649999992966,2.24049489444971
-5.49800000007034,2.24060399444103
-5.49800000007034,2.24070399444103
-5.49800000007034,2.24080399444103
-5.49800000007034,2.24090399444103
-5.49800000007034,2.24100399444103
-5.49800000007034,2.24110399444103
-5.49800000007034,2.24120399444103
-5.49800000007034,2.24130399444103
-5.49800000007034,2.24140399444103
-5.49800000007034,2.24150399444103
-5.49800000007034,2.24160399444103
-5.49800000007034,2.24170399444104
-5.49800000007034,2.24180399444104
-5.49800000007034,2.24190399444104
-5.49800000007034,2.24200399444104
-5.49800000007034,2.24210399444104
-5.49800000007034,2.24220399444104
-5.49800000007034,2.24230399444104
-7.91499999992966,2.24239489444971
-7.91499999992966,2.24249489444972
-7.91499999992966,2.24259489444972
-7.91499999992966,2.24269489444972
-7.91499999992966,2.24279489444972
-7.91499999992966,2.24289489444972
-7.91499999992966,2.24299489444972
-7.91499999992966,2.24309489444972
-7.91499999992966,2.24319489444972
-7.91499999992966,2.24329489444972
-7.91499999992966,2.24339489444972
-7.91499999992966,2.24349489444972
-7.91499999992966,2.24359489444972
-7.91499999992966,2.24369489444972
-7.91499999992966,2.24379489444972
-7.91499999992966,2.24389489444972
-7.91499999992966,2.24399489444972
-6.70650000007034,2.24409489444972
-6.70650000007034,2.24419489444972
-6.70650000007034,2.24429489444972
-6.70650000007034,2.24439489444972
-6.70650000007034,2.24449489444972
-6.70650000007034,2.24459489444972
-6.70650000007034,2.24469489444972
-6.70650000007034,2.24479489444972
-6.70650000007034,2.24489489444972
-6.70650000007034,2.24499489444972
-6.70650000007034,2.24509489444972
-6.70650000007034,2.24519489444972
-6.70650000007034,2.24529489444972
-6.70650000007034,2.24539489444972
-6.70650000007034,2.24549489444972
-6.70650000007034,2.24559489444972
-6.70650000007034,2.24569489444972
-6.70650000007034,2.24579489444972
-9.12349999992966,2.24589489444972
-9.12349999992966,2.24599489444972
-9.12349999992966,2.24609489444972
-9.12349999992966,2.24619489444972
-9.12349999992966,2.24629489444972
-9.12349999992966,2.24639489444972
-9.12349999992966,2.24649489444972
-9.12349999992966,2.24659489444972
-9.12349999992966,2.24669489444972
-9.12349999992966,2.24679489444972
-9.12349999992966,2.24689489444973
-9.12349999992966,2.24699489444972
-9.12349999992966,2.24709489444973
-9.12349999992966,2.24719489444972
-9.12349999992966,2.24729489444973
-9.12349999992966,2.24739489444973
-9.12349999992966,2.24749489444973
-9.12349999992966,2.24759489444973
-9.12349999992966,2.24769489444973
-0.663999999929656,2.29980510545584
-0.663999999929656,2.29990510545584
-0.663999999929656,2.30000510545584
-0.663999999929656,2.30010510545584
-0.663999999929656,2.30020510545584
-0.663999999929656,2.30030510545584
-0.663999999929656,2.30040510545584
-0.663999999929656,2.30050510545584
-0.663999999929656,2.30060510545584
-0.663999999929656,2.30070510545584
-0.663999999929656,2.30080510545584
-0.663999999929656,2.30090510545584
-0.663999999929656,2.30100510545584
-0.663999999929656,2.30110510545584
-0.663999999929656,2.30120510545584
-0.663999999929656,2.30130510545584
-0.663999999929656,2.30140510545584
-0.663999999929656,2.30150510545584
-0.663999999929656,2.30160510545585
-0.663999999929656,2.30170510545585
0.119499999931111,2.30180510545585
0.119499999931111,2.30190510545585
0.119499999931111,2.30200510545585
0.119499999931111,2.30210510545585
0.119499999931111,2.30220510545585
0.119499999931111,2.30230510545585
0.119499999931111,2.30240510545585
0.119499999931111,2.30250510545585
0.119499999931111,2.30260510545585
0.119499999931111,2.30270510545585
0.119499999931111,2.30280510545585
0.119499999931111,2.30290510545585
0.119499999931111,2.30300510545585
0.119499999931111,2.30310510545585
0.119499999931111,2.30320510545585
0.119499999931111,2.30330510545585
0.119499999931111,2.30340510545585
0.119499999931111,2.30350510545585
0.119499999931111,2.30360510545585
0.119499999931111,2.30370510545585
-1.87249999992966,2.30380510545585
-1.87249999992966,2.30390510545585
-1.87249999992966,2.30400510545585
-1.87249999992966,2.30410510545585
-1.87249999992966,2.30420510545585
-1.87249999992966,2.30430510545585
-1.87249999992966,2.30440510545585
-1.87249999992966,2.30450510545585
-1.87249999992966,2.30460510545585
-1.87249999992966,2.30470510545585
-1.87249999992966,2.30480510545585
-1.87249999992966,2.30490510545585
-1.87249999992966,2.30500510545585
-1.87249999992966,2.30510510545585
-1.87249999992966,2.30520510545585
-1.87249999992966,2.30530510545585
-1.87249999992966,2.30540510545585
-1.87249999992966,2.30550510545585
-1.87249999992966,2.30560510545585
-1.87249999992966,2.30570510545585
-0.664000000070344,2.30580510545585
-0.664000000070344,2.30590510545585
-0.664000000070344,2.30600510545586
-0.664000000070344,2.30610510545585
-0.664000000070344,2.30620510545585
-0.664000000070344,2.30630510545585
-0.664000000070344,2.30640510545586
-0.664000000070344,2.30650510545586
-0.664000000070344,2.30660510545586
-0.664000000070344,2.30670510545586
-0.664000000070344,2.30680510545586
-0.664000000070344,2.30690510545586
-0.664000000070344,2.30700510545586
-0.664000000070344,2.30710510545586
-0.664000000070344,2.30720510545586
-0.664000000070344,2.30730510545586
-0.664000000070344,2.30740510545586
-0.664000000070344,2.30750510545586
-0.664000000070344,2.30760510545586
-0.664000000070344,2.30770510545586
-0.664000000070344,2.30780510545586
-3.08099999992966,2.30790510545586
-3.08099999992966,2.30800510545586
-3.08099999992966,2.30810510545586
-3.08099999992966,2.30820510545586
-3.08099999992966,2.30830510545586
-3.08099999992966,2.30840510545586
-3.08099999992966,2.30850510545586
-3.08099999992966,2.30860510545586
-3.08099999992966,2.30870510545586
-3.08099999992966,2.30880510545586
-3.08099999992966,2.30890510545586
-3.08099999992966,2.30900510545586
-3.08099999992966,2.30910510545586
-3.08099999992966,2.30920510545586
-3.08099999992966,2.30930510545586
-3.08099999992966,2.30940510545586
-3.08099999992966,2.30950510545586
-3.08099999992966,2.30960510545586
-3.08099999992966,2.30970510545586
-3.08099999992966,2.30980510545586
-1.87250000007034,2.30990510545586
-1.87250000007034,2.31000510545586
-1.87250000007034,2.31010510545586
-1.87250000007034,2.31020510545586
-1.87250000007034,2.31030510545586
-1.87250000007034,2.31040510545586
-1.87250000007034,2.31050510545586
-1.87250000007034,2.31060510545586
-1.87250000007034,2.31070510545586
-1.87250000007034,2.31080510545587
-1.87250000007034,2.31090510545586
-1.87250000007034,2.31100510545587
-1.87250000007034,2.31110510545586
-1.87250000007034,2.31120510545587
-1.87250000007034,2.31130510545587
-1.87250000007034,2.31140510545587
-1.87250000007034,2.31150510545587
-1.87250000007034,2.31160510545587
-1.87250000007034,2.31170510545587
-1.87250000007034,2.31180510545587
-4.28949999992966,2.31182732775226
-4.28949999992966,2.31192732775226
-4.28949999992966,2.31202732775226
-4.28949999992966,2.31212732775227
-4.28949999992966,2.31222732775226
-4.28949999992966,2.31232732775226
-4.28949999992966,2.31242732775226
-4.28949999992966,2.31252732775227
-4.28949999992966,2.31262732775227
-4.28949999992966,2.31272732775227
-4.28949999992966,2.31282732775227
-4.28949999992966,2.31292732775227
-4.28949999992966,2.31302732775227
-4.28949999992966,2.31312732775227
-4.28949999992966,2.31322732775227
-4.28949999992966,2.31332732775227
-4.28949999992966,2.31342732775227
-4.28949999992966,2.31352732775227
-4.28949999992966,2.31362732775227
-4.28949999992966,2.31372732775227
-3.08100000007034,2.31390510545587
-3.08100000007034,2.31400510545587
-3.08100000007034,2.31410510545587
-3.08100000007034,2.31420510545587
-3.08100000007034,2.31430510545587
-3.08100000007034,2.31440510545587
-3.08100000007034,2.31450510545587
-3.08100000007034,2.31460510545587
-3.08100000007034,2.31470510545587
-3.08100000007034,2.31480510545587
-3.08100000007034,2.31490510545587
-3.08100000007034,2.31500510545587
-3.08100000007034,2.31510510545587
-3.08100000007034,2.31520510545587
-3.08100000007034,2.31530510545587
-3.08100000007034,2.31540510545587
-3.08100000007034,2.31550510545587
-3.08100000007034,2.31560510545588
-3.08100000007034,2.31570510545588
-5.49799999992965,2.31572732775227
-5.49799999992965,2.31582732775227
-5.49799999992965,2.31592732775227
-5.49799999992965,2.31602732775227
-5.49799999992965,2.31612732775227
-5.49799999992965,2.31622732775227
-5.49799999992965,2.31632732775227
-5.49799999992965,2.31642732775227
-5.49799999992965,2.31652732775227
-5.49799999992965,2.31662732775227
-5.49799999992965,2.31672732775227
-5.49799999992965,2.31682732775227
-5.49799999992965,2.31692732775228
-5.49799999992965,2.31702732775228
-5.49799999992965,2.31712732775227
-5.49799999992965,2.31722732775228
-5.49799999992965,2.31732732775228
-5.49799999992965,2.31742732775228
-5.49799999992965,2.31752732775228
-4.28950000007034,2.31770510545588
-5.49800000007034,2.32239999993126
-5.49800000007034,2.32242732775229
-5.49800000007034,2.32252732775229
-5.49800000007034,2.32262732775229
-5.49800000007034,2.32272732775229
-5.49800000007034,2.32282732775229
-5.49800000007034,2.32292732775229
-7.91499999992966,2.32299489444989
-7.91499999992966,2.32309489444989
-7.91499999992966,2.32319489444989
-7.91499999992966,2.32329489444989
-7.91499999992966,2.32339489444989
-7.91499999992966,2.32349489444989
-7.91499999992966,2.32359489444989
-7.91499999992966,2.32369489444989
-7.91499999992966,2.32379489444989
-7.91499999992966,2.32389489444989
-7.91499999992966,2.32399489444989
-7.91499999992966,2.32409489444989
-7.91499999992966,2.32419489444989
-7.91499999992966,2.32429489444989
-7.91499999992966,2.32439489444989
-7.91499999992966,2.32449489444989
-7.91499999992966,2.32459489444989
-7.91499999992966,2.32469489444989
-6.70650000007034,2.32480399444121
-6.70650000007034,2.32490399444121
-6.70650000007034,2.32500399444121
-6.70650000007034,2.32510399444121
-6.70650000007034,2.32520399444121
-6.70650000007034,2.32530399444121
-6.70650000007034,2.32540399444121
-6.70650000007034,2.32550399444121
-6.70650000007034,2.32560399444121
-6.70650000007034,2.32570399444121
-6.70650000007034,2.32580399444121
-6.70650000007034,2.32590399444121
-6.70650000007034,2.32600399444121
-0.663999999929656,2.37337267215359
-0.663999999929656,2.37347267215359
-0.663999999929656,2.3735726721536
-0.663999999929656,2.3736726721536
-0.663999999929656,2.3737726721536
-0.663999999929656,2.37387267215359
-0.663999999929656,2.3739726721536
-0.663999999929656,2.3740726721536
-0.663999999929656,2.3741726721536
-0.663999999929656,2.3742726721536
-0.663999999929656,2.3743726721536
-0.663999999929656,2.3744726721536
-0.663999999929656,2.3745726721536
-0.663999999929656,2.3746726721536
-0.663999999929656,2.3747726721536
-0.663999999929656,2.3748726721536
-0.663999999929656,2.3749726721536
-0.663999999929656,2.3750726721536
-0.663999999929656,2.3751726721536
-0.663999999929656,2.3752726721536
-0.663999999929656,2.3753726721536
-0.663999999929656,2.3754726721536
-0.663999999929656,2.3755726721536
-0.663999999929656,2.3756726721536
-0.663999999929656,2.3757726721536
-0.663999999929656,2.3758726721536
-0.663999999929656,2.3759726721536
-0.663999999929656,2.3760726721536
-0.663999999929656,2.3761726721536
-0.663999999929656,2.3762726721536
-0.663999999929656,2.3763726721536
-0.663999999929656,2.3764726721536
-1.87249999992966,2.38000510545601
-1.87249999992966,2.38010510545601
-1.87249999992966,2.38020510545601
-1.87249999992966,2.38030510545601
-1.87249999992966,2.38040510545601
-1.87249999992966,2.38050510545601
-1.87249999992966,2.38060510545601
-1.87249999992966,2.38070510545601
-1.87249999992966,2.38080510545601
-1.87249999992966,2.38090510545601
-1.87249999992966,2.38100510545601
-1.87249999992966,2.38110510545601
-1.87249999992966,2.38120510545601
-1.87249999992966,2.38130510545601
-1.87249999992966,2.38140510545601
-1.87249999992966,2.38150510545601
-1.87249999992966,2.38160510545601
-1.87249999992966,2.38170510545601
-1.87249999992966,2.38180510545601
-1.87249999992966,2.38190510545601
-1.87249999992966,2.38200510545602
-1.87249999992966,2.38210510545602
-1.87249999992966,2.38220510545602
-1.87249999992966,2.38230510545602
-1.87249999992966,2.38240510545602
-1.87249999992966,2.38250510545602
-1.87249999992966,2.38260510545602
-1.87249999992966,2.38270510545602
-1.87249999992966,2.38280510545602
-1.87249999992966,2.38290510545602
-1.87249999992966,2.38300510545602
-1.87249999992966,2.38310510545602
-1.87249999992966,2.38320510545602
-1.87249999992966,2.38330510545602
-1.87249999992966,2.38340510545602
-0.664000000070344,2.3834960054647
-0.664000000070344,2.3835960054647
-0.664000000070344,2.3836960054647
-0.664000000070344,2.3837960054647
-0.664000000070344,2.3838960054647
-0.664000000070344,2.3839960054647
-0.664000000070344,2.3840960054647
-0.664000000070344,2.3841960054647
-0.664000000070344,2.3842960054647
-0.664000000070344,2.3843960054647
-0.664000000070344,2.3844960054647
-0.664000000070344,2.3845960054647
-0.664000000070344,2.3846960054647
-0.664000000070344,2.3847960054647
-0.664000000070344,2.3848960054647
-0.664000000070344,2.3849960054647
-0.664000000070344,2.3850960054647
-0.664000000070344,2.3851960054647
-0.664000000070344,2.3852960054647
-0.664000000070344,2.3853960054647
-0.664000000070344,2.3854960054647
-0.664000000070344,2.3855960054647
-0.664000000070344,2.3856960054647
-0.664000000070344,2.3857960054647
-0.664000000070344,2.3858960054647
-0.664000000070344,2.3859960054647
-0.664000000070344,2.3860960054647
-0.664000000070344,2.3861960054647
-0.664000000070344,2.3862960054647
-0.664000000070344,2.3863960054647
-0.664000000070344,2.3864960054647
-3.08099999992966,2.38660510545602
-3.08099999992966,2.38670510545602
-3.08099999992966,2.38680510545603
-3.08099999992966,2.38690510545603
-3.08099999992966,2.38700510545603
-3.08099999992966,2.38710510545603
-3.08099999992966,2.38720510545603
-3.08099999992966,2.38730510545603
-3.08099999992966,2.38740510545603
-3.08099999992966,2.38750510545603
-3.08099999992966,2.38760510545603
-3.08099999992966,2.38770510545603
-3.08099999992966,2.38780510545603
-3.08099999992966,2.38790510545603
-3.08099999992966,2.38800510545603
-3.08099999992966,2.38810510545603
-3.08099999992966,2.38820510545603
-3.08099999992966,2.38830510545603
-3.08099999992966,2.38840510545603
-3.08099999992966,2.38850510545603
-3.08099999992966,2.38860510545603
-3.08099999992966,2.38870510545603
-3.08099999992966,2.38880510545603
-3.08099999992966,2.38890510545603
-3.08099999992966,2.38900510545603
-3.08099999992966,2.38910510545603
-3.08099999992966,2.38920510545603
-3.08099999992966,2.38930510545603
-1.87250000007034,2.38940510545603
-1.87250000007034,2.38950510545603
-1.87250000007034,2.38960510545603
-1.87250000007034,2.38970510545603
-1.87250000007034,2.38980510545603
-1.87250000007034,2.38990510545603
-1.87250000007034,2.39000510545603
-1.87250000007034,2.39010510545603
-1.87250000007034,2.39020510545603
-1.87250000007034,2.39030510545603
-1.87250000007034,2.39040510545603
-1.87250000007034,2.39050510545603
-1.87250000007034,2.39060510545603
-1.87250000007034,2.39070510545603
-1.87250000007034,2.39080510545603
-1.87250000007034,2.39090510545603
-1.87250000007034,2.39100510545603
-1.87250000007034,2.39110510545603
-1.87250000007034,2.39120510545603
-1.87250000007034,2.39130510545603
-1.87250000007034,2.39140510545603
-1.87250000007034,2.39150510545603
-1.87250000007034,2.39160510545604
-1.87250000007034,2.39170510545604
-4.28949999992966,2.39172732775243
-4.28949999992966,2.39182732775243
-4.28949999992966,2.39192732775243
-4.28949999992966,2.39202732775243
-4.28949999992966,2.39212732775243
-4.28949999992966,2.39222732775243
-4.28949999992966,2.39232732775243
-4.28949999992966,2.39242732775243
-4.28949999992966,2.39252732775243
-4.28949999992966,2.39262732775243
-4.28949999992966,2.39272732775243
-4.28949999992966,2.39282732775243
-4.28949999992966,2.39292732775244
-4.28949999992966,2.39302732775244
-4.28949999992966,2.39312732775244
-4.28949999992966,2.39322732775244
-4.28949999992966,2.39332732775244
-4.28949999992966,2.39342732775244
-4.28949999992966,2.39352732775244
-4.28949999992966,2.39362732775244
-4.28949999992966,2.39372732775244
-4.28949999992966,2.39382732775244
-3.08100000007034,2.39400510545604
-3.08100000007034,2.39410510545604
-3.08100000007034,2.39420510545604
-3.08100000007034,2.39430510545604
-3.08100000007034,2.39440510545604
-3.08100000007034,2.39450510545604
-3.08100000007034,2.39460510545604
-3.08100000007034,2.39470510545604
-3.08100000007034,2.39480510545604
-3.08100000007034,2.39490510545604
-3.08100000007034,2.39500510545604
-3.08100000007034,2.39510510545604
-3.08100000007034,2.39520510545604
-3.08100000007034,2.39530510545604
-3.08100000007034,2.39540510545604
-3.08100000007034,2.39550510545604
-3.08100000007034,2.39560510545604
-3.08100000007034,2.39570510545604
-5.49799999992965,2.39572732775244
-5.49799999992965,2.39582732775244
-5.49799999992965,2.39592732775244
-5.49799999992965,2.39602732775244
-5.49799999992965,2.39612732775244
-5.49799999992965,2.39622732775244
-5.49799999992965,2.39632732775244
-5.49799999992965,2.39642732775244
-5.49799999992965,2.39652732775244
-5.49799999992965,2.39662732775244
-5.49799999992965,2.39672732775244
-5.49799999992965,2.39682732775244
-5.49799999992965,2.39692732775244
-5.49799999992965,2.39702732775244
-5.49799999992965,2.39712732775244
-5.49799999992965,2.39722732775244
-5.49799999992965,2.39732732775244
-5.49799999992965,2.39742732775244
-4.28950000007034,2.39752732775244
-4.28950000007034,2.39762732775244
-4.28950000007034,2.39772732775245
-4.28950000007034,2.39782732775245
-4.28950000007034,2.39792732775245
-4.28950000007034,2.39802732775245
-4.28950000007034,2.39812732775245
-4.28950000007034,2.39822732775245
-4.28950000007034,2.39832732775245
-4.28950000007034,2.39842732775245
-4.28950000007034,2.39852732775245
-4.28950000007034,2.39862732775245
-4.28950000007034,2.39872732775245
-4.28950000007034,2.39882732775245
-4.28950000007034,2.39892732775245
-6.70649999992966,2.39899699444804
-6.70649999992966,2.39909699444804
-6.70649999992966,2.39919699444804
-6.70649999992966,2.39929699444804
-6.70649999992966,2.39939699444804
-6.70649999992966,2.39949699444804
-6.70649999992966,2.39959699444804
-6.70649999992966,2.39969699444804
-6.70649999992966,2.39979699444804
-6.70649999992966,2.39989699444804
-6.70649999992966,2.39999699444804
-6.70649999992966,2.40009699444805
-6.70649999992966,2.40019699444805
-6.70649999992966,2.40029699444805
-6.70649999992966,2.40039699444804
-5.49800000007034,2.40052732775245
-5.49800000007034,2.40062732775245
-5.49800000007034,2.40072732775245
-5.49800000007034,2.40082732775245
-5.49800000007034,2.40092732775245
-5.49800000007034,2.40102732775245
-0.28949999991752,2.42460000000079
-0.28949999991752,2.42470300555634
-0.28949999991752,2.42470000000079
-0.28949999991752,2.42480300555634
-0.28949999991752,2.42480000000079
-0.28949999991752,2.42490300555634
-0.28949999991752,2.42490000000079
-0.28949999991752,2.42500300555634
-0.28949999991752,2.42500000000079
-0.28949999991752,2.42510300555634
-0.28949999991752,2.42510000000079
-0.28949999991752,2.42520300555634
-0.28949999991752,2.42520000000079
-0.28949999991752,2.42530300555634
-0.28949999991752,2.42530000000079
-0.28949999991752,2.42540300555634
-0.28949999991752,2.42540000000079
-0.28949999991752,2.42550300555634
-0.28949999991752,2.42550000000079
-0.28949999991752,2.42560300555634
-0.28949999991752,2.42560000000079
-0.28949999991752,2.42570300555634
-0.28949999991752,2.42570000000079
-0.28949999991752,2.42580300555634
-0.28949999991752,2.42580000000079
-0.28949999991752,2.42590300555634
-0.28949999991752,2.42590000000079
-0.28949999991752,2.42600300555634
-0.28949999991752,2.42600000000079
-0.28949999991752,2.42610300555634
-0.28949999991752,2.42610000000079
-0.28949999991752,2.42620300555635
-0.28949999991752,2.42620000000079
-0.28949999991752,2.42630300555635
-0.28949999991752,2.42630000000079
0.127500000058208,2.42639600555634
0.127500000058207,2.42640000000079
0.127500000058208,2.42649600555635
0.127500000058207,2.42650000000079
0.127500000058208,2.42659600555635
0.127500000058207,2.42660000000079
0.127500000058208,2.42669600555635
0.127500000058207,2.42670000000079
0.127500000058208,2.42679600555635
0.127500000058207,2.42680000000079
0.127500000058208,2.42689600555635
0.127500000058207,2.42690000000079
0.127500000058208,2.42699600555635
0.127500000058207,2.42700000000079
0.127500000058208,2.42709600555635
0.127500000058207,2.42710000000079
0.127500000058208,2.42719600555635
0.127500000058207,2.42720000000079
0.127500000058208,2.42729600555635
0.127500000058207,2.42730000000079
0.127500000058208,2.42739600555635
0.127500000058207,2.42740000000079
0.127500000058208,2.42749600555635
0.127500000058207,2.42750000000079
0.127500000058208,2.42759600555635
0.127500000058207,2.42760000000079
0.127500000058208,2.42769600555635
0.127500000058207,2.42770000000079
0.127500000058208,2.42779600555635
0.127500000058207,2.42780000000079
0.127500000058208,2.42789600555635
0.127500000058207,2.42790000000079
0.127500000058208,2.42799600555635
0.127500000058207,2.42800000000079
-0.08099999991752,2.42809600555635
-0.08099999991752,2.42810000000079
-0.08099999991752,2.42819600555635
-0.08099999991752,2.42820000000079
-0.08099999991752,2.42829600555635
-0.08099999991752,2.42830000000079
-0.08099999991752,2.42839600555635
-0.08099999991752,2.42840000000079
-0.08099999991752,2.42849600555635
-0.08099999991752,2.42850000000079
-0.08099999991752,2.42859600555635
-0.08099999991752,2.42860000000079
-0.08099999991752,2.42869600555635
-0.08099999991752,2.42870000000079
-0.08099999991752,2.42879600555635
-0.08099999991752,2.42880000000079
-0.08099999991752,2.42889600555635
-0.08099999991752,2.42890000000079
-0.08099999991752,2.42899600555635
-0.08099999991752,2.4290000000008
-0.08099999991752,2.42909600555635
-0.08099999991752,2.4291000000008
-0.08099999991752,2.42919600555635
-0.08099999991752,2.4292000000008
-0.08099999991752,2.42929600555635
-0.08099999991752,2.4293000000008
-0.08099999991752,2.42939600555635
-0.08099999991752,2.4294000000008
-0.08099999991752,2.42949600555635
-0.08099999991752,2.4295000000008
-0.08099999991752,2.42959600555635
-0.08099999991752,2.4296000000008
-0.08099999991752,2.42969600555635
-0.08099999991752,2.4297000000008
-0.08099999991752,2.42979600555635
-0.08099999991752,2.4298000000008
0.336000000058208,2.42989600555635
0.336000000058208,2.4299000000008
0.336000000058208,2.42999600555635
0.336000000058208,2.4300000000008
0.336000000058208,2.43009600555635
0.336000000058208,2.4301000000008
0.336000000058208,2.43019600555635
0.417000000012136,2.44149999990058
0.417000000012136,2.44159999990059
0.417000000012136,2.44169999990059
0.417000000012136,2.44179999990059
0.417000000012136,2.44189999990059
0.417000000012136,2.44199999990059
0.417000000012136,2.44209999990059
0.417000000012136,2.44219999990059
0.417000000012136,2.44229999990059
0.417000000012136,2.44239999990059
0.417000000012136,2.44249999990059
0.417000000012136,2.44259999990059
0.417000000012136,2.44269999990059
0.417000000012136,2.44279999990059
0.417000000012136,2.44289999990059
0.417000000012136,2.44299999990059
0.417000000012136,2.44309999990059
0.417000000012136,2.44319999990059
0.417000000012136,2.44329999990059
0.417000000012136,2.44339999990059
0.417000000012136,2.44349999990059
0.417000000012136,2.44359999990059
0.417000000012136,2.44369999990059
0.417000000012136,2.44379999990059
0.417000000012136,2.44389999990059
0.417000000012136,2.44399999990059
0.417000000012136,2.44409999990059
0.417000000012136,2.44419999990059
0.417000000012136,2.44429999990059
0.417000000012136,2.44439999990059
0.417000000012136,2.44449999990059
0.417000000012136,2.44459999990059
-2.79716666661239,2.45809999990062
-2.77616666660769,2.45809489445017
-2.79716666661239,2.45819999990062
-2.77616666660769,2.45819489445017
-2.79716666661239,2.45829999990062
-2.77616666660769,2.45829489445017
-2.78816666661257,2.45839999990062
-2.77616666660769,2.45839489445017
-2.78816666661257,2.45849999990062
-2.77616666660769,2.45849489445017
-2.78816666661257,2.45859999990062
-2.77616666660769,2.45859489445017
-2.78816666661257,2.45869999990062
-2.77616666660769,2.45869489445017
-2.78816666661257,2.45879999990062
-2.77616666660769,2.45879489445017
-2.78516666661263,2.45889999990062
-2.77616666660769,2.45889489445017
-2.78516666661263,2.45899999990062
-2.77616666660769,2.45899489445017
-2.78516666661263,2.45909999990062
-2.77616666660769,2.45909489445017
-2.78516666661263,2.45919999990062
-2.77616666660769,2.45919489445017
-2.78516666661263,2.45929999990062
-2.77616666660769,2.45929489445017
-2.7761666666128,2.45939999990062
-2.77616666660769,2.45939489445017
-2.7761666666128,2.45949999990062
-2.77616666660769,2.45949489445017
-2.7761666666128,2.45959999990062
-2.77616666660769,2.45959489445017
-2.7761666666128,2.45969999990062
-2.77616666660769,2.45969489445017
-2.7761666666128,2.45979999990062
-2.77616666660769,2.45979489445017
-2.7761666666128,2.45989999990062
-2.77616666660769,2.45989489445017
-2.76716666661298,2.45999999990062
-2.77616666660769,2.45999489445017
-2.76716666661298,2.46009999990062
-2.77616666660769,2.46009489445018
-2.766166666613,2.46019999990062
-2.77616666660769,2.46019489445017
-2.766166666613,2.46029999990062
-2.77616666660769,2.46029489445018
-2.766166666613,2.46039999990063
-2.77616666660769,2.46039489445017
-2.766166666613,2.46049999990062
-2.77616666660769,2.46049489445018
-2.766166666613,2.46059999990063
-2.77616666660769,2.46059489445018
-2.75716666661317,2.46069999990063
-2.77616666660769,2.46069489445018
-2.75716666661317,2.46079999990063
-2.77616666660769,2.46079489445018
-2.75716666661317,2.46089999990063
-2.77616666660769,2.46089489445018
-2.75716666661317,2.46099999990063
-2.77616666660769,2.46099489445018
-2.75716666661317,2.46109999990063
-2.77616666660769,2.46109489445018
-0.185722222211412,3.1557000000072
-0.185722222211412,3.1558000000072
-0.188722222211237,3.1559000000072
-0.188722222211237,3.1560000000072
-0.188722222211237,3.1561000000072
-0.189055555544551,3.1562000000072
-0.189055555544551,3.1563000000072
-0.192055555544376,3.1564000000072
-0.192055555544376,3.1565000000072
-0.192055555544376,3.1566000000072
-0.192055555544376,3.1567000000072
-0.192055555544376,3.1568000000072
-0.195055555544202,3.1569000000072
-0.195055555544202,3.1570000000072
-0.195055555544202,3.1571000000072
-0.195055555544202,3.1572000000072
-0.195055555544202,3.1573000000072
-0.196055555544144,3.1574000000072
-0.196055555544144,3.1575000000072
-0.196055555544144,3.1576000000072
-0.196055555544144,3.1577000000072
-0.196055555544144,3.1578000000072
-0.196055555544144,3.1579000000072
-0.196055555544144,3.1580000000072
-0.196055555544144,3.1581000000072
-0.196055555544144,3.1582000000072
-0.196055555544144,3.1583000000072
-0.199055555543969,3.1584000000072
-0.199055555543969,3.1585000000072
-0.199055555543969,3.1586000000072
-0.199055555543969,3.1586999999021
-0.199055555543969,3.1587999999021
-0.196055555544144,3.1588999999021
-0.196055555544144,3.1589999999021
-0.196055555544144,3.1590999999021
-0.196055555544144,3.1591999999021
-0.196055555544144,3.1592999999021
-0.196055555544144,3.1593999999021
-0.196055555544144,3.1594999999021
-0.196055555544144,3.1595999999021
-0.196055555544144,3.1596999999021
-0.196055555544144,3.1597999999021
-0.195055555544202,3.1598999999021
-0.195055555544202,3.1599999999021
-0.195055555544202,3.1600999999021
-0.195055555544202,3.1601999999021
-0.195055555544202,3.1602999999021
-0.192055555544376,3.1603999999021
-0.192055555544376,3.1604999999021
-0.192055555544376,3.1605999999021
-0.192055555544377,3.16059938067541
-0.663999999929656,3.30987267215557
-0.663999999929656,3.30997267215557
-0.663999999929656,3.31007267215557
-0.663999999929656,3.31017267215557
-0.663999999929656,3.31027267215557
-0.663999999929656,3.31037267215557
-1.87249999992966,3.31110300545998
-1.87249999992966,3.31120300545998
-1.87249999992966,3.31130300545998
-1.87249999992966,3.31140300545998
-1.87249999992966,3.31150300545998
-1.87249999992966,3.31160300545998
-1.87249999992966,3.31170300545998
-0.664000000070344,3.31177267215557
-0.664000000070344,3.31187267215557
-0.664000000070344,3.31197267215558
-0.664000000070344,3.31207267215558
-0.664000000070344,3.31217267215558
-0.664000000070344,3.31227267215558
-0.664000000070344,3.31237267215558
-0.664000000070344,3.31247267215558
-3.08099999992966,3.31260510545798
-3.08099999992966,3.31270510545798
-3.08099999992966,3.31280510545798
-3.08099999992966,3.31290510545798
-3.08099999992966,3.31300510545798
-3.08099999992966,3.31310510545798
-0.663999999929656,3.35140510545806
-0.663999999929656,3.35150510545806
-0.663999999929656,3.35160510545806
-0.663999999929656,3.35170510545806
-0.663999999929656,3.35180510545806
-0.663999999929656,3.35190510545806
-0.663999999929656,3.35200510545806
-0.663999999929656,3.35210510545806
-0.663999999929656,3.35220510545806
-0.663999999929656,3.35230510545806
-0.663999999929656,3.35240510545806
-0.663999999929656,3.35250510545806
-1.87249999992966,3.35380510545807
-1.87249999992966,3.35390510545807
-1.87249999992966,3.35400510545807
-1.87249999992966,3.35410510545807
-1.87249999992966,3.35420510545807
-1.87249999992966,3.35430510545807
-1.87249999992966,3.35440510545807
-1.87249999992966,3.35450510545807
-1.87249999992966,3.35460510545807
-1.87249999992966,3.35470510545807
-1.87249999992966,3.35480510545807
-1.87249999992966,3.35490510545807
-1.87249999992966,3.35500510545807
-1.87249999992966,3.35510510545807
-0.664000000070344,3.35520510545807
-0.664000000070344,3.35530510545807
-0.664000000070344,3.35540510545807
-0.664000000070344,3.35550510545807
-0.664000000070344,3.35560510545807
-0.664000000070344,3.35570510545807
-0.664000000070344,3.35580510545807
-0.664000000070344,3.35590510545807
-0.664000000070344,3.35600510545807
-0.664000000070344,3.35610510545807
-0.664000000070344,3.35620510545807
-0.664000000070344,3.35630510545807
-0.664000000070344,3.35640510545807
-3.08099999992966,3.35650510545807
-3.08099999992966,3.35660510545807
-3.08099999992966,3.35670510545807
-3.08099999992966,3.35680510545807
-3.08099999992966,3.35690510545807
-3.08099999992966,3.35700510545807
-3.08099999992966,3.35710510545807
-3.08099999992966,3.35720510545807
-3.08099999992966,3.35730510545807
-3.08099999992966,3.35740510545807
-3.08099999992966,3.35750510545807
-3.08099999992966,3.35760510545807
-3.08099999992966,3.35770510545807
-3.08099999992966,3.35780510545807
-1.87250000007034,3.35790510545807
-1.87250000007034,3.35800510545808
-1.87250000007034,3.35810510545807
-1.87250000007034,3.35820510545807
-1.87250000007034,3.35830510545807
-1.87250000007034,3.35840510545808
-1.87250000007034,3.35850510545808
-1.87250000007034,3.35860510545808
-1.87250000007034,3.35870510545808
-1.87250000007034,3.35880510545808
-1.87250000007034,3.35890510545808
-1.87250000007034,3.35900510545808
-1.87250000007034,3.35910510545808
-4.28949999992966,3.35920510545808
-4.28949999992966,3.35930510545808
0.544500000070344,3.38860510545814
0.544500000070344,3.38870510545814
0.544500000070344,3.38880510545814
0.544500000070344,3.38890510545814
0.528999999933614,3.39030510545814
0.528999999933614,3.39040510545814
0.528999999933614,3.39050510545814
0.528999999933614,3.39060510545814
0.528999999933614,3.39070510545814
0.528999999933614,3.39080510545814
0.528999999933614,3.39090510545814
-0.663999999929656,3.39100510545814
-0.663999999929656,3.39110510545814
-0.663999999929656,3.39120510545815
-0.663999999929656,3.39130510545814
-0.663999999929656,3.39140510545815
-0.663999999929656,3.39150510545815
-0.663999999929656,3.39160510545815
-0.663999999929656,3.39170510545815
-0.663999999929656,3.39180510545815
-0.663999999929656,3.39190510545815
-0.663999999929656,3.39200510545815
-0.663999999929656,3.39210510545815
-0.663999999929656,3.39220510545815
-0.663999999929656,3.39230510545815
-0.663999999929656,3.39240510545815
-0.663999999929656,3.39250510545815
-0.663999999929656,3.39260510545815
-0.663999999929656,3.39270510545815
-0.663999999929656,3.39280510545815
-0.663999999929656,3.39290510545815
-0.663999999929656,3.39300510545815
-0.663999999929656,3.39310510545815
-0.663999999929656,3.39320510545815
-1.87249999992966,3.39590510545815
-1.87249999992966,3.39600510545816
-1.87249999992966,3.39610510545816
-1.87249999992966,3.39620510545816
-1.87249999992966,3.39630510545816
-1.87249999992966,3.39640510545816
-1.87249999992966,3.39650510545816
-1.87249999992966,3.39660510545816
-1.87249999992966,3.39670510545816
-1.87249999992966,3.39680510545816
-1.87249999992966,3.39690510545816
-1.87249999992966,3.39700510545816
-1.87249999992966,3.39710510545816
-1.87249999992966,3.39720510545816
-1.87249999992966,3.39730510545816
-1.87249999992966,3.39740510545816
-1.87249999992966,3.39750510545816
-1.87249999992966,3.39760510545816
-1.87249999992966,3.39770510545816
-1.87249999992966,3.39780510545816
-1.87249999992966,3.39790510545816
-1.87249999992966,3.39800510545816
-1.87249999992966,3.39810510545816
-1.87249999992966,3.39820510545816
-1.87249999992966,3.39830510545816
-1.87249999992966,3.39840510545816
-1.87249999992966,3.39850510545816
-0.664000000070344,3.39860300546016
-0.664000000070344,3.39870300546016
-0.664000000070344,3.39880300546016
-0.664000000070344,3.39890300546016
-0.664000000070344,3.39900300546016
-0.664000000070344,3.39910300546016
-0.664000000070344,3.39920300546017
-0.664000000070344,3.39930300546016
-0.664000000070344,3.39940300546017
-0.664000000070344,3.39950300546016
-0.664000000070344,3.39960300546017
-0.664000000070344,3.39970300546017
-0.664000000070344,3.39980300546017
-0.664000000070344,3.39990300546017
-0.664000000070344,3.40000300546017
-0.664000000070344,3.40010300546017
-0.664000000070344,3.40020300546017
-0.664000000070344,3.40030300546017
-0.664000000070344,3.40040300546017
-0.664000000070344,3.40050300546017
-0.664000000070344,3.40060300546017
-0.664000000070344,3.40070300546017
-0.664000000070344,3.40080300546017
-0.664000000070344,3.40089600546684
-0.664000000070344,3.40099600546684
-0.664000000070344,3.40109600546684
-0.664000000070344,3.40119600546684
-3.08099999992966,3.40130510545817
-3.08099999992966,3.40140510545817
-3.08099999992966,3.40150510545817
-3.08099999992966,3.40160510545817
-3.08099999992966,3.40170510545817
-3.08099999992966,3.40180510545817
-3.08099999992966,3.40190510545817
-3.08099999992966,3.40200510545817
-3.08099999992966,3.40210510545817
-3.08099999992966,3.40220510545817
-3.08099999992966,3.40230510545817
-3.08099999992966,3.40240510545817
-3.08099999992966,3.40250510545817
-3.08099999992966,3.40260510545817
-3.08099999992966,3.40270510545817
-3.08099999992966,3.40280510545817
-3.08099999992966,3.40290510545817
-3.08099999992966,3.40300510545817
-3.08099999992966,3.40310510545817
-3.08099999992966,3.40320510545817
-3.08099999992966,3.40330510545817
-3.08099999992966,3.40340510545817
-3.08099999992966,3.40350510545817
-1.87250000007034,3.40360510545817
-1.87250000007034,3.40370510545817
-1.87250000007034,3.40380510545817
-1.87250000007034,3.40390510545817
-1.87250000007034,3.40400510545817
-1.87250000007034,3.40410510545817
-1.87250000007034,3.40420510545817
-1.87250000007034,3.40430510545817
-1.87250000007034,3.40440510545817
-1.87250000007034,3.40450510545817
-1.87250000007034,3.40460510545817
-1.87250000007034,3.40470510545817
0.29350000008248,3.41847267222511
0.29350000008248,3.41850000000288
0.29350000008248,3.41857267222511
0.29350000008248,3.41860000000288
0.29350000008248,3.41867267222511
0.29350000008248,3.41870000000288
0.29350000008248,3.41877267222511
0.29350000008248,3.41880000000288
0.29350000008248,3.41887267222511
0.29350000008248,3.41890000000288
0.29350000008248,3.41897267222511
0.29350000008248,3.41900000000288
-0.49799999991752,3.42110000000289
-0.49799999991752,3.42119600555844
-0.49799999991752,3.42120000000289
-0.49799999991752,3.42129600555844
-0.49799999991752,3.42130000000289
-0.49799999991752,3.42139600555845
-0.49799999991752,3.42140000000289
-0.49799999991752,3.42149600555845
-0.49799999991752,3.42150000000289
-0.49799999991752,3.42159600555845
-0.49799999991752,3.42160000000289
-0.0809999999417924,3.42167267222511
-0.0809999999417929,3.42170000000289
-0.0809999999417924,3.42177267222511
-0.0809999999417929,3.42180000000289
-0.0809999999417924,3.42187267222511
-0.0809999999417929,3.42190000000289
-0.0809999999417924,3.42197267222511
-0.0809999999417929,3.42200000000289
-0.0809999999417924,3.42207267222511
-0.0809999999417929,3.42210000000289
-0.0809999999417924,3.42217267222511
-0.0809999999417929,3.42220000000289
-0.28949999991752,3.42227267222511
-0.28949999991752,3.42230000000289
-0.28949999991752,3.42237267222511
-0.28949999991752,3.42240000000289
-0.28949999991752,3.42247267222511
-0.28949999991752,3.42250000000289
-0.28949999991752,3.42257267222511
-0.28949999991752,3.42260000000289
-0.28949999991752,3.42267267222511
-0.28949999991752,3.42270000000289
-0.28949999991752,3.42277267222512
-0.28949999991752,3.42280000000289
-0.28949999991752,3.42287267222512
-0.28949999991752,3.42290000000289
0.127500000058208,3.42297267222511
0.127500000058207,3.42300000000289
0.127500000058208,3.42307267222512
0.127500000058207,3.42310000000289
0.127500000058208,3.42317267222512
0.127500000058207,3.42320000000289
0.127500000058208,3.42327267222512
-0.663999999929656,3.4271960054669
-0.663999999929656,3.4272960054669
-0.663999999929656,3.4273960054669
-0.663999999929656,3.4274960054669
-0.663999999929656,3.4275960054669
-0.663999999929656,3.4276960054669
-0.663999999929656,3.4277960054669
-0.663999999929656,3.4278960054669
-0.663999999929656,3.4279960054669
-0.663999999929656,3.4280960054669
-0.663999999929656,3.4281960054669
-0.663999999929656,3.4282960054669
-0.663999999929656,3.4283960054669
-0.663999999929656,3.4284960054669
-0.663999999929656,3.4285960054669
-0.663999999929656,3.4286960054669
-0.663999999929656,3.4287960054669
-0.663999999929656,3.4288960054669
-0.663999999929656,3.4289960054669
-0.663999999929656,3.4290960054669
-0.663999999929656,3.4291960054669
-0.663999999929656,3.4292960054669
-0.663999999929656,3.4293960054669
-0.663999999929656,3.4294960054669
-0.663999999929656,3.4295960054669
-0.663999999929656,3.4296960054669
-0.663999999929656,3.4297960054669
-0.663999999929656,3.4298960054669
-0.663999999929656,3.42999600546691
-0.663999999929656,3.43009600546691
-0.663999999929656,3.43019600546691
-0.663999999929656,3.43029600546691
-0.663999999929656,3.43039600546691
-0.663999999929656,3.43049600546691
-0.663999999929656,3.43059600546691
-0.663999999929656,3.43069600546691
-0.663999999929656,3.43079600546691
-0.663999999929656,3.43089600546691
-0.663999999929656,3.43099600546691
-0.663999999929656,3.43109600546691
-0.663999999929656,3.43119600546691
-0.663999999929656,3.43129600546691
-0.663999999929656,3.43139600546691
-0.663999999929656,3.43149600546691
-0.663999999929656,3.43159600546691
-0.663999999929656,3.43169600546691
-0.663999999929656,3.43179600546691
-0.663999999929656,3.43189600546691
-0.663999999929656,3.43199600546691
-0.663999999929656,3.43209600546691
-0.663999999929656,3.43219600546691
-0.663999999929656,3.43229600546691
-0.663999999929656,3.43239600546691
-0.663999999929656,3.43249600546691
-0.663999999929656,3.43259600546691
-0.663999999929656,3.43269600546691
-0.663999999929656,3.43279600546691
-0.663999999929656,3.43289600546691
-0.663999999929656,3.43299600546691
-0.663999999929656,3.43309600546691
-0.663999999929656,3.43319600546691
-3.47488888883832,3.44690000000781
-3.46399999993984,3.44700510545826
-3.47488888883832,3.44700000000781
-3.46399999993984,3.44710510545826
-3.47488888883832,3.44710000000781
-3.46399999993984,3.44717267215586
-3.47488888883832,3.44719999990271
-3.46399999993984,3.44727267215586
-3.47488888883832,3.44729999990271
-3.46399999993984,3.44730600555277
-3.47488888883832,3.44739999990271
-3.46399999993984,3.44739489445226
-3.47488888883832,3.44749999990271
-3.46399999993984,3.44749489445226
-3.47488888883832,3.44759999990271
-3.46399999993984,3.44759489445226
-3.47488888883832,3.44769999990271
-3.47488888883832,3.44769791730636
-3.47283333327512,3.44780000000294
-3.47283333327512,3.44790000000295
-3.47283333327512,3.44789489444739
-3.46288888884631,3.44800000000295
-3.46288888884631,3.44799489444739
-3.46288888884631,3.44809489444739
-3.46855555549735,3.44840000000295
-3.46855555549735,3.44839489444739
-3.46255555549735,3.44850000000295
-3.46455555549735,3.44849469444739
-3.46255555549735,3.44860000000295
-3.46255555549735,3.44859489444739
-3.46255555549735,3.44870000000295
-3.46255555549735,3.44869489444739
-3.46383333329593,3.44880000000295
-3.46383333329593,3.44879489444739
-3.46383333329593,3.44890000000295
-3.46383333329593,3.44889489444739
-3.46383333329593,3.44900000000295
-1.10477777774562,3.53000000000799
-1.10477777774562,3.53010000000799
-1.10477777774562,3.53020000000799
-1.10477777774562,3.53030000000799
-1.11077777774545,3.53040000000799
-1.11077777774545,3.53050000000799
-1.11077777774545,3.53060000000799
-1.11077777774545,3.53070000000799
-1.11077777774545,3.53080000000799
-1.11077777774545,3.53090000000799
-1.11077777774545,3.53100000000799
-1.11077777774545,3.53110000000799
-1.11077777774545,3.53120000000799
-1.1114444444121,3.53130000000799
-1.1114444444121,3.53140000000799
-1.1114444444121,3.53150000000799
-1.1114444444121,3.53160000000799
-1.1114444444121,3.53170000000799
-1.1114444444121,3.53180000000799
-1.1114444444121,3.53190000000799
-1.1114444444121,3.53199999990289
-1.1114444444121,3.53209999990289
-1.1114444444121,3.53219999990289
-1.1114444444121,3.53229999990289
-1.1114444444121,3.53239999990289
-1.1114444444121,3.53249999990289
-1.1114444444121,3.53259999990289
-1.11077777774545,3.53269999990289
-1.11077777774545,3.53279999990289
-1.11077777774545,3.53289999990289
-1.11077777774545,3.53299999990289
-1.11077777774545,3.53309999990289
-1.11077777774545,3.53319999990289
-1.11077777774545,3.53329999990289
-1.11077777774545,3.53339999990289
-1.11077777774545,3.53349999990289
-1.10477777774562,3.53359999990289
-1.10477777774562,3.53369999990289
-1.10477777774562,3.53379999990289
-1.10477777774562,3.53389999990289
-1.10477777774562,3.53399999990289
-1.10477777774562,3.53409999990289
-1.10477777774562,3.53419999990289
-1.10477777774562,3.53429999990289
-1.0987777777458,3.53439999990289
-1.0987777777458,3.53449999990289
-1.0987777777458,3.53459999990289
-1.0987777777458,3.53469999990289
-1.09677777774586,3.53479999990289
-1.09677777774586,3.53489999990289
-1.09677777774586,3.53499999990289
-1.09077777774603,3.53509999990289
-1.09077777774603,3.53519999990289
-1.09077777774603,3.53529999990289
-1.09077777774603,3.53539999990289
-1.09077777774603,3.53549999990289
-1.08477777774621,3.53559999990289
-1.08477777774621,3.53569999990289
-1.08477777774621,3.53579999990289
-1.08477777774621,3.53589999990289
-1.07877777774638,3.5359999999029
-1.07877777774638,3.53609999990289
-1.07677777774644,3.5361999999029
-0.137277777769787,3.79920000000856
-0.138277777769729,3.79930000000856
-0.141277777769554,3.79940000000856
-0.14427777776938,3.79950000000856
-0.147611111102519,3.79960000000856
-0.147611111102519,3.79970000000856
-0.150611111102344,3.79980000000856
-0.154611111102112,3.79990000000856
-0.154611111102112,3.80000000000856
-0.157611111101937,3.80010000000856
-0.160611111101762,3.80020000000856
-0.161611111101704,3.80030000000856
-0.164611111101529,3.80040000000856
-0.164611111101529,3.80050000000856
-0.167611111101355,3.80060000000856
-0.168722222212401,3.80070000000856
-0.171722222212227,3.80080000000856
-0.172722222212168,3.80090000000856
-0.175722222211994,3.80100000000856
-0.175722222211994,3.80110000000856
-0.178722222211819,3.80120000000856
-0.178722222211819,3.80130000000856
-0.181722222211645,3.80140000000856
-0.181722222211645,3.80150000000856
-0.182722222211586,3.80160000000856
-0.185722222211412,3.80170000000856
-0.185722222211412,3.80180000000856
-0.188722222211237,3.80190000000856
-0.202055555543794,3.80430000000857
-0.20505555554362,3.80440000000857
-0.20505555554362,3.80450000000857
-0.20505555554362,3.80460000000857
-0.20505555554362,3.80469999990346
-0.20505555554362,3.80479999990346
-0.20505555554362,3.80489999990346
-0.202055555543794,3.80499999990346
-0.202055555543794,3.80509999990346
-0.202055555543794,3.80519999990346
-0.202055555543794,3.80529999990346
-0.202055555543794,3.80539999990346
-0.202055555543794,3.80549999990346
-0.202055555543794,3.80559999990346
-0.202055555543794,3.80569999990346
-0.202055555543794,3.80579999990346
-0.199055555543969,3.80589999990346
-0.199055555543969,3.80599999990346
-0.199055555543969,3.80609999990346
-0.199055555543969,3.80619999990346
-0.199055555543969,3.80629999990346
-0.196055555544144,3.80639999990347
-0.196055555544144,3.80649999990347
-0.195055555544202,3.80659999990347
-0.195055555544202,3.80669999990347
-0.195055555544202,3.80679999990347
-0.192055555544376,3.80689999990347
-0.192055555544376,3.80699999990347
-0.192055555544376,3.80709999990347
-0.189055555544551,3.80719999990347
-0.188722222211237,3.80729999990347
-0.188722222211237,3.80739999990347
-0.185722222211412,3.80749999990347
-0.185722222211412,3.80759999990347
-0.182722222211586,3.80769999990347
-0.181722222211645,3.80779999990347
-0.181722222211645,3.80789999990347
-0.178722222211819,3.80799999990347
-0.178722222211819,3.80809999990347
-0.175722222211994,3.80819999990347
-0.175722222211994,3.80829999990347
-0.172722222212168,3.80839999990347
-0.171722222212227,3.80849999990347
-0.168722222212401,3.80859999990347
-0.167611111101355,3.80869999990347
-0.164611111101529,3.80879999990347
-0.165611111101471,3.80879629012317
0.208500000012136,3.89580000000876
0.208500000012136,3.89590000000876
0.208500000012136,3.89600000000876
0.208500000012136,3.89610000000876
0.208500000012136,3.89620000000876
0.208500000012136,3.89630000000876
0.417000000012136,3.89860000000877
0.417000000012136,3.89870000000877
0.417000000012136,3.89880000000877
0.417000000012136,3.89890000000877
0.417000000012136,3.89900000000877
0.387000000011263,3.89910000000877
0.341000000009924,3.89920000000877
0.293000000008527,3.89930000000877
0.246333333340503,3.89940000000877
0.187666666672128,3.89950000000877
0.133666666670557,3.89960000000877
-0.734611111068351,3.90520558450886
-0.409944444420583,4.2483029189911
-1.87249999992966,4.39530510545851
-1.87249999992966,4.39540510545851
-1.87249999992966,4.39550510545851
-1.87249999992966,4.39560510545851
-1.87249999992966,4.39570510545851
-1.87249999992966,4.39580510545851
-0.664000000070344,4.39590510545851
-0.664000000070344,4.39600510545851
-0.664000000070344,4.39610510545851
-0.664000000070344,4.39620510545851
-0.664000000070344,4.39630510545851
-0.664000000070344,4.39640510545851
-0.664000000070344,4.39650510545851
-0.663999999929656,4.42097267215605
-0.663999999929656,4.42107267215605
-0.663999999929656,4.42117267215605
-0.663999999929656,4.42127267215605
-0.663999999929656,4.42137267215605
-0.663999999929656,4.42147267215605
-0.663999999929656,4.42157267215605
-1.87249999992966,4.42269600546712
-1.87249999992966,4.42279600546712
-1.87249999992966,4.42289600546712
-1.87249999992966,4.42299600546712
-1.87249999992966,4.42309600546712
-1.87249999992966,4.42319600546712
-1.87249999992966,4.42329600546712
-1.87249999992966,4.42339600546712
-1.87249999992966,4.42349600546712
-1.87249999992966,4.42359600546712
-1.87249999992966,4.42369600546712
-0.664000000070344,4.42377267215604
-0.664000000070344,4.42387267215604
-0.664000000070344,4.42397267215604
-0.664000000070344,4.42407267215604
-0.664000000070344,4.42417267215604
-0.664000000070344,4.42427267215604
-0.664000000070344,4.42437267215604
-0.664000000070344,4.42447267215604
-0.664000000070344,4.42457267215604
-0.664000000070344,4.42467267215604
-0.664000000070344,4.42477267215604
-0.664000000070344,4.42487267215604
-0.664000000070344,4.42497267215604
-3.08099999992966,4.42510510545844
-3.08099999992966,4.42520510545844
-3.08099999992966,4.42530510545844
-3.08099999992966,4.42540510545844
-3.08099999992966,4.42550510545844
-3.08099999992966,4.42560510545844
-3.08099999992966,4.42570510545844
-3.08099999992966,4.42580510545844
-3.08099999992966,4.42590510545844
-3.08099999992966,4.42600510545844
-3.08099999992966,4.42610510545844
-3.08099999992966,4.42620510545844
-3.08099999992966,4.42630510545844
-3.08099999992966,4.42640510545844
-3.08099999992966,4.42650510545844
-1.87250000007034,4.42659600546711
-1.87250000007034,4.42669600546711
-1.87250000007034,4.42679600546711
-1.87250000007034,4.42689600546711
-1.87250000007034,4.42699600546711
-1.87250000007034,4.42709600546711
-1.87250000007034,4.42719600546711
-1.87250000007034,4.42729600546711
-1.87250000007034,4.42739600546711
-1.87250000007034,4.42749600546711
-1.87250000007034,4.42759600546711
-1.87250000007034,4.42769600546711
-1.87250000007034,4.42779600546711
-0.663999999929656,4.44587267215599
-0.663999999929656,4.44597267215599
-0.663999999929656,4.44607267215599
-0.663999999929656,4.44617267215599
-0.663999999929656,4.44627267215599
-0.663999999929656,4.44637267215599
-0.663999999929656,4.44647267215599
-0.663999999929656,4.44657267215599
-0.663999999929656,4.44667267215599
-1.87249999992966,4.44800300546039
-1.87249999992966,4.44810300546039
-1.87249999992966,4.44820300546039
-1.87249999992966,4.44830300546039
-1.87249999992966,4.44840300546039
-1.87249999992966,4.44850300546039
-1.87249999992966,4.44860300546039
-1.87249999992966,4.44870300546039
-1.87249999992966,4.44880300546039
-1.87249999992966,4.44890300546039
-1.87249999992966,4.44900300546039
-1.87249999992966,4.44910300546039
-1.87249999992966,4.44920300546038
-1.87249999992966,4.44930300546038
-1.87249999992966,4.44940300546038
-1.87249999992966,4.44950300546038
-1.87249999992966,4.44960300546038
-0.664000000070344,4.44967267215598
-0.664000000070344,4.44977267215598
-0.664000000070344,4.44987267215598
-0.664000000070344,4.44997267215598
-0.664000000070344,4.45007267215598
-0.664000000070344,4.45017267215598
-0.664000000070344,4.45027267215598
-0.664000000070344,4.45037267215598
-0.664000000070344,4.45047267215598
-0.664000000070344,4.45057267215598
-0.664000000070344,4.45067267215598
-0.664000000070344,4.45077267215598
-0.664000000070344,4.45087267215598
-0.664000000070344,4.45097267215598
-0.664000000070344,4.45107267215598
-0.664000000070344,4.45117267215598
-0.664000000070344,4.45127267215598
-0.664000000070344,4.45137267215598
-0.664000000070344,4.45147267215598
-0.664000000070344,4.45157267215598
-0.664000000070344,4.45167267215598
-0.664000000070344,4.45177267215598
-0.664000000070344,4.45187267215598
-0.664000000070344,4.45197267215597
-0.664000000070344,4.45207267215597
-0.664000000070344,4.45217267215597
-0.664000000070344,4.45227267215597
-3.08099999992966,4.45240510545838
-3.08099999992966,4.45250510545837
-3.08099999992966,4.45260510545837
-3.08099999992966,4.45270510545837
-3.08099999992966,4.45280510545837
-3.08099999992966,4.45290510545837
-3.08099999992966,4.45300510545837
-3.08099999992966,4.45310510545837
-3.08099999992966,4.45320510545837
-3.08099999992966,4.45330510545837
-3.08099999992966,4.45340510545837
-3.08099999992966,4.45350510545837
-3.08099999992966,4.45360510545837
-3.08099999992966,4.45370510545837
-3.08099999992966,4.45380510545837
-3.08099999992966,4.45390510545837
-3.08099999992966,4.45400510545837
-3.08099999992966,4.45410510545837
-3.08099999992966,4.45420510545837
-3.08099999992966,4.45430510545837
-3.08099999992966,4.45440510545837
-3.08099999992966,4.45450510545837
-3.08099999992966,4.45460510545837
-3.08099999992966,4.45470510545837
-3.08099999992966,4.45480510545837
-3.08099999992966,4.45490510545837
-3.08099999992966,4.45500510545837
-3.08099999992966,4.45510510545837
-3.08099999992966,4.45520510545837
-3.08099999992966,4.45530510545837
-3.08099999992966,4.45540510545837
-3.08099999992966,4.45550510545837
-3.08099999992966,4.45560510545837
-3.08099999992966,4.45570510545837
-3.08099999992966,4.45580510545837
-3.08099999992966,4.45590510545837
-3.08099999992966,4.45600510545837
-3.08099999992966,4.45610510545837
-3.08099999992966,4.45620510545837
-3.08099999992966,4.45630510545837
-3.08099999992966,4.45640510545837
-3.08099999992966,4.45650510545837
-1.87250000007034,4.45660510545837
-1.87250000007034,4.45670510545837
-1.87250000007034,4.45680510545836
-1.87250000007034,4.45690510545836
-1.87250000007034,4.45700510545836
-1.87250000007034,4.45710510545836
-1.87250000007034,4.45720510545836
-1.87250000007034,4.45730510545836
-1.87250000007034,4.45740510545836
-1.87250000007034,4.45750510545836
-1.87250000007034,4.45760510545836
-1.87250000007034,4.45770510545836
-1.87250000007034,4.45780510545836
-1.87250000007034,4.45790510545836
-1.87250000007034,4.45800510545836
-1.87250000007034,4.45810510545836
-1.87250000007034,4.45820510545836
-1.87250000007034,4.45830510545836
-1.87250000007034,4.45840510545836
-1.87250000007034,4.45850510545836
-1.87250000007034,4.45860510545836
-1.87250000007034,4.45870510545836
-1.74899999994179,4.46840000000302
-1.95749999991752,4.46850510555857
-0.749000000058208,4.46850000000302
-0.749000000058208,4.46860510555857
-3.16599999991752,4.46860000000302
-2.74899999994179,4.46870510555857
-2.74899999994179,4.46870000000302
-5.21233333327513,4.46880510555857
-1.54050000008248,4.46880000000302
-1.54050000008248,4.46890510555857
-1.54050000008248,4.46890000000302
-1.74900000005821,4.46900510555857
-1.74900000005821,4.46900000000302
-1.74900000005821,4.46910510555857
-5.21399999994802,4.46910000000302
-5.21899999994179,4.46920510555857
-5.21899999994179,4.46920000000302
-5.21899999994179,4.46930510555857
-5.21899999994179,4.46930000000302
-5.23249999994721,4.46940510555857
-5.23249999994721,4.46940000000302
-5.23249999994721,4.46950510555857
-5.23249999994721,4.46950000000302
-5.23216666660846,4.46960510555857
-2.33200000008248,4.46960000000302
-2.33200000008248,4.46970510555857
-2.33200000008248,4.46970000000302
-2.33200000008248,4.46980510555857
-2.33200000008248,4.46980000000302
-2.54050000005821,4.46990510555857
-2.54050000005821,4.46990000000302
-2.54050000005821,4.47000510555857
-2.54050000005821,4.47000000000302
-5.23550000004223,4.47010510555857
-5.23550000004223,4.47010000000301
-5.24450000004211,4.47020510555857
-5.24450000004211,4.47020000000301
-2.33200000005821,4.47030510555857
-2.33200000005821,4.47030000000301
-2.33200000005821,4.47040510555857
-2.33200000005821,4.47040000000301
-5.24277777782152,4.47050510555857
-5.24277777782152,4.47050000000301
-5.24277777782152,4.47060510555857
-0.663999999929656,4.49032732775468
-0.663999999929656,4.49042732775468
-0.663999999929656,4.49052732775468
-0.663999999929656,4.49062732775468
-0.663999999929656,4.49072732775468
-0.663999999929656,4.49082732775468
-0.320166666648031,4.57420000000764
-0.323166666647856,4.57430000000764
-0.326166666647681,4.57440000000764
-0.327166666647623,4.57450000000764
-0.330166666647448,4.57460000000764
-0.330166666647448,4.57470000000764
-0.333166666647274,4.57480000000764
-0.333499999980588,4.57490000000764
-0.336499999980413,4.57500000000764
-0.336499999980413,4.57510000000764
-0.339499999980238,4.57520000000764
-0.34049999998018,4.57530000000764
-0.34049999998018,4.57540000000764
-0.343499999980006,4.57550000000764
-0.343499999980006,4.57560000000764
-0.346499999979831,4.57570000000764
-0.346499999979831,4.57580000000764
-0.346499999979831,4.57590000000764
-0.349499999979656,4.57600000000764
-0.349499999979656,4.57610000000764
-0.350499999979598,4.57620000000764
-0.350499999979598,4.57630000000764
-0.350499999979598,4.57640000000764
-0.353499999979424,4.57650000000764
-0.353499999979424,4.57660000000764
-0.353499999979424,4.57670000000764
-0.353499999979424,4.57680000000764
-0.353499999979424,4.57690000000763
-0.353499999979424,4.57700000000763
-0.353499999979424,4.57710000000763
-0.353499999979424,4.57720000000763
-0.353499999979424,4.57730000000763
-0.353499999979424,4.57739999990253
-0.353499999979424,4.57749999990253
-0.353499999979424,4.57759999990253
-0.353499999979424,4.57769999990253
-0.353499999979424,4.57779999990253
-0.353499999979424,4.57789999990253
-0.353499999979424,4.57799999990253
-0.353499999979424,4.57809999990253
-0.353499999979424,4.57819999990253
-0.350499999979598,4.57829999990253
-0.350499999979598,4.57839999990253
-0.349499999979656,4.57849999990253
-0.349499999979656,4.57859999990252
-0.349499999979656,4.57869999990252
-0.228388888875595,4.64860000000747
-0.229388888875537,4.64870000000747
-0.232388888875362,4.64880000000747
-0.235388888875187,4.64890000000747
-0.238388888875013,4.64900000000747
-0.239388888874955,4.64910000000747
-0.24238888887478,4.64920000000747
-0.24238888887478,4.64930000000747
-0.245388888874605,4.64940000000747
-0.248388888874431,4.64950000000747
-0.249388888874373,4.64960000000747
-0.252388888874198,4.64970000000747
-0.252388888874198,4.64980000000747
-0.255388888874023,4.64990000000746
-0.255388888874023,4.65000000000746
-0.255722222207337,4.65010000000746
-0.258722222207163,4.65020000000746
-0.258722222207163,4.65030000000746
-0.261722222206988,4.65040000000746
-0.261722222206988,4.65050000000746
-0.26272222220693,4.65060000000746
-0.26272222220693,4.65070000000746
-0.26272222220693,4.65080000000746
-0.265722222206755,4.65090000000746
-0.265722222206755,4.65100000000746
-0.265722222206755,4.65110000000746
-0.265722222206755,4.65120000000746
-0.265722222206755,4.65130000000746
-0.268722222206581,4.65140000000746
-0.268722222206581,4.65150000000746
-0.268722222206581,4.65160000000746
-0.268722222206581,4.65170000000746
-0.268722222206581,4.65180000000746
-0.268722222206581,4.65189999990235
-0.263833333338452,4.65279999990235
-0.263833333338452,4.65289999990235
-0.265999999996129,4.65299999990235
-0.265999999996129,4.65309999990235
-0.265999999996129,4.65319999990235
-0.265999999996129,4.65329999990235
-0.256555555563022,4.65339999990235
-0.256555555563022,4.65349999990235
-0.256555555563022,4.65359999990235
-0.254833333328389,4.65369999990235
-0.254833333328389,4.65379999990235
-0.251833333328447,4.65389999990235
-0.251833333328447,4.65399999990235
-0.251833333328447,4.65409999990235
-0.248388888903347,4.65419999990235
-0.245388888903172,4.65429999990235
-0.242388888902998,4.65439999990235
-0.242388888902998,4.65449999990235
-0.238388888902765,4.65459999990235
-0.23538888890259,4.65469999990235
-0.234555555548729,4.65479999990235
-0.234555555548729,4.65489999990235
-0.228555555548904,4.65499999990235
-0.228555555548904,4.65509999990235
-0.222555555549078,4.65519999990235
-0.221888888882431,4.65529999990235
-0.215888888882606,4.65539999990235
-0.215888888882606,4.65549999990235
-0.20988888888278,4.65559999990235
-0.207888888882839,4.65569999990235
-0.207888888882839,4.65579999990234
-0.201888888883013,4.65589999990234
-0.195888888883188,4.65599999990234
-0.195888888883188,4.65609999990234
-0.189888888883362,4.65619999990234
-0.187888888883421,4.65629999990234
-0.181888888883595,4.65639999990234
-0.181888888883595,4.65649999990234
-1.4063333332924,4.88480000000692
-1.4063333332924,4.88490000000692
-1.41233333329223,4.88500000000692
-1.41233333329223,4.88510000000692
-1.41433333329217,4.88520000000692
-1.420333333292,4.88530000000692
-1.420333333292,4.88540000000692
-1.420333333292,4.88550000000692
-1.42633333329182,4.88560000000692
-1.42633333329182,4.88570000000692
-1.42633333329182,4.88580000000692
-1.43233333329165,4.88590000000691
-1.43233333329165,4.88600000000691
-1.43433333329159,4.88610000000691
-1.43433333329159,4.88620000000691
-1.43433333329159,4.88630000000691
-1.44033333329141,4.88640000000691
-1.44033333329141,4.88650000000691
-1.44033333329141,4.88660000000691
-1.44033333329141,4.88670000000691
-1.44033333329141,4.88680000000691
-1.44033333329141,4.88690000000691
-1.44033333329141,4.88700000000691
-1.44633333329124,4.88710000000691
-1.44633333329124,4.88720000000691
-1.44633333329124,4.88730000000691
-1.44633333329124,4.88740000000691
-1.44633333329124,4.8874999999018
-1.44633333329124,4.8875999999018
-1.44633333329124,4.8876999999018
-1.44633333329124,4.8877999999018
-1.44633333329124,4.8878999999018
-1.44033333329141,4.8879999999018
-1.44033333329141,4.8880999999018
-1.44033333329141,4.8881999999018
-1.44033333329141,4.8882999999018
-1.44033333329141,4.8883999999018
-1.44033333329141,4.8884999999018
-1.44033333329141,4.8885999999018
-1.43433333329159,4.8886999999018
-1.43433333329159,4.8887999999018
-1.43433333329159,4.8888999999018
-1.43233333329165,4.8889999999018
-1.43233333329165,4.8890999999018
-1.42633333329182,4.8891999999018
-1.42633333329182,4.8892999999018
-1.42633333329182,4.8893999999018
-1.420333333292,4.8894999999018
-1.420333333292,4.8895999999018
-1.420333333292,4.8896999999018
-1.41433333329217,4.8897999999018
-1.41233333329223,4.8898999999018
-1.41233333329223,4.8899999999018
-1.4063333332924,4.8900999999018
-1.4063333332924,4.8901999999018
-1.39966666662593,4.8902999999018
-1.39966666662593,4.8903999999018
-1.39366666662611,4.8904999999018
-1.38766666662628,4.8905999999018
-1.38566666662634,4.8906999999018
-1.37966666662651,4.8907999999018
-1.37966666662651,4.8908999999018
-1.37366666662669,4.8909999999018
0.417000000012136,4.97619999997577
0.417000000012136,5.00509999990153
0.417000000012136,5.00509489445108
0.417000000012136,5.00519999990153
0.417000000012136,5.00519489445108
0.417000000012136,5.00529999990153
0.417000000012136,5.00539999990153
0.417000000012136,5.00549999990153
0.417000000012136,5.00559999990153
-0.0203333333327416,5.26720000000603
-0.0343333333323341,5.26730000000603
-0.0505000000029395,5.26740000000603
-0.064611111114872,5.26750000000603
-0.0779444444489814,5.26760000000603
-0.0909444444497381,5.26770000000603
-0.103944444450495,5.26780000000602
-0.117277777784604,5.26790000000602
-0.127277777785186,5.26800000000602
-0.138277777785827,5.26810000000602
-0.147611111119703,5.26820000000602
-0.16061111112046,5.26830000000602
-0.167611111120867,5.26840000000602
-0.23655555556244,5.26920000000602
-0.242555555562615,5.26930000000602
-0.254555555562964,5.26940000000602
-0.256555555563022,5.26950000000602
-0.262555555563197,5.26960000000602
-0.393240740717851,5.2726122446251
-0.346833333313145,5.32500396800473
-0.393870370347444,5.32571347952243
-0.390944444421688,5.32570000000589
-0.397574074050932,5.32581347952243
-0.397944444421281,5.32580000000589
-0.404277777754246,5.32590607212208
-0.403944444420932,5.32590000000589
-0.408722222198432,5.32600829434219
-0.407944444420699,5.32600000000589
-0.413499999975931,5.32610829434219
-0.414277777753664,5.32610000000589
-0.417944444420117,5.32620607212208
-0.418277777753431,5.32620000000589
-0.424277777753081,5.32630000000589
-0.428277777752849,5.32640000000589
-0.434277777752499,5.32650000000589
-0.437277777752325,5.32660000000589
-0.441277777752092,5.32670000000589
-0.444611111085231,5.32680000000589
-0.450611111084882,5.32690000000589
-0.454611111084649,5.32700000000589
-0.457611111084475,5.32710000000589
-0.4606111110843,5.32720000000589
-0.464611111084067,5.32730000000589
-0.467611111083893,5.32740000000589
-0.470611111083718,5.32750000000589
-0.474611111083485,5.32760000000589
-0.477611111083311,5.32770000000589
-0.48094444441645,5.32780000000588
-0.483944444416275,5.32790000000588
-0.484944444416217,5.32800000000588
-0.487944444416042,5.32810000000588
-0.490944444415868,5.32820000000588
-0.490944444415868,5.32830000000588
-0.493944444415693,5.32840000000588
-0.494944444415635,5.32850000000588
-0.49794444441546,5.32860000000588
-0.500944444415286,5.32870000000588
-0.500944444415286,5.32880000000588
-0.503944444415111,5.32890000000588
-0.509055555525925,5.33089999990077
-0.506055555526099,5.33099999990077
-0.506055555526099,5.33109999990077
-0.505055555526158,5.33119999990077
-0.503944444415111,5.33129999990077
-0.500944444415286,5.33139999990077
-0.500944444415286,5.33149999990077
-0.49794444441546,5.33159999990077
-0.494944444415635,5.33169999990077
-0.493944444415693,5.33179999990077
-0.490944444415868,5.33189999990077
-0.487944444416042,5.33199999990077
-0.487944444416042,5.33209999990077
-0.483944444416275,5.33219999990077
-0.48094444441645,5.33229999990077
-0.477944444416624,5.33239999990077
-0.474611111083485,5.33249999990077
-0.47161111108366,5.33259999990077
-0.467611111083893,5.33269999990077
-0.464611111084067,5.33279999990077
-0.4606111110843,5.33289999990077
-0.457611111084475,5.33299999990077
-0.451611111084824,5.33309999990077
-0.447611111085057,5.33319999990077
-0.444277777751917,5.33329999990077
-0.438277777752267,5.33339999990077
-0.434277777752499,5.33349999990077
-0.428277777752849,5.33359999990077
-0.424277777753081,5.33369999990077
-0.417277777753489,5.33379999990076
-0.410944444420524,5.33389999990076
-0.404944444420874,5.33399999990076
-0.405611111087501,5.33399407596887
-1.87249999992966,5.43080000000564
-1.87249999992966,5.4309051054561
-1.87249999992966,5.43100510545609
-1.87249999992966,5.4311051054561
-0.664000000070344,5.43120510545609
-0.664000000070344,5.4313051054561
-0.664000000070344,5.43140510545609
-0.664000000070344,5.4315051054561
-0.664000000070344,5.43160510545609
-0.664000000070344,5.4317051054561
-3.08099999992966,5.43180510545609
-3.08099999992966,5.43190510545609
-3.08099999992966,5.43200510545609
-3.08099999992966,5.43210510545609
-3.08099999992966,5.43220510545609
-3.08099999992966,5.43230510545609
-0.663999999929656,5.44930510545605
-0.663999999929656,5.44940510545605
-0.663999999929656,5.44950510545605
-0.663999999929656,5.44960510545605
-0.663999999929656,5.44970510545605
-1.87249999992966,5.45050510545605
-1.87249999992966,5.45060510545605
-1.87249999992966,5.45070510545605
-1.87249999992966,5.45080510545605
-1.87249999992966,5.45090510545605
-1.87249999992966,5.45100510545605
-1.87249999992966,5.45110510545605
-0.664000000070344,5.45120510545605
-0.664000000070344,5.45130510545605
-0.664000000070344,5.45140510545605
-0.664000000070344,5.45150510545605
-0.664000000070344,5.45160510545605
-0.664000000070344,5.45170510545605
-0.664000000070344,5.45180510545605
-0.664000000070344,5.45190510545605
-0.664000000070344,5.45200510545605
-3.08099999992966,5.45210510545605
-3.08099999992966,5.45220510545604
-3.08099999992966,5.45230510545605
-3.08099999992966,5.45240510545604
-3.08099999992966,5.45250510545605
-3.08099999992966,5.45260510545604
-3.08099999992966,5.45270510545605
-3.08099999992966,5.45280510545604
-3.08099999992966,5.45290510545605
-3.08099999992966,5.45300510545604
-3.08099999992966,5.45310510545605
-1.87250000007034,5.45320510545604
-1.87250000007034,5.45330510545605
-1.87250000007034,5.45340510545604
-1.87250000007034,5.45350510545604
-1.87250000007034,5.45360510545604
-1.87250000007034,5.45370510545604
-1.87250000007034,5.45380510545604
-1.87250000007034,5.45390510545604
-1.87250000007034,5.45400510545604
-1.87250000007034,5.45410510545604
-1.87250000007034,5.45420510545604
-1.87250000007034,5.45430510545604
-4.28949999992966,5.45440510545604
-4.28949999992966,5.45450510545604
-4.28949999992966,5.45460510545604
-4.28949999992966,5.45470510545604
-4.28949999992966,5.45480510545604
-4.28949999992966,5.45490510545604
-4.28949999992966,5.45500510545604
-4.28949999992966,5.45510510545604
-4.28949999992966,5.45520510545604
-4.28949999992966,5.45530510545604
-4.28949999992966,5.45540510545604
-4.28949999992966,5.45550510545604
-4.28949999992966,5.45560510545604
-4.28949999992966,5.45570510545604
-0.663999999929656,5.46820510545601
-0.663999999929656,5.46830510545601
-0.663999999929656,5.46840510545601
-0.663999999929656,5.46850510545601
-0.663999999929656,5.46860510545601
-0.663999999929656,5.46870510545601
-1.87249999992966,5.46930510545601
-1.87249999992966,5.469405105456
-1.87249999992966,5.46950510545601
-1.87249999992966,5.469605105456
-1.87249999992966,5.46970510545601
-1.87249999992966,5.469805105456
-1.87249999992966,5.46990510545601
-1.87249999992966,5.470005105456
-0.664000000070344,5.47010510545601
-0.664000000070344,5.470205105456
-0.664000000070344,5.47030510545601
-0.664000000070344,5.470405105456
-0.664000000070344,5.470505105456
-0.664000000070344,5.470605105456
-0.664000000070344,5.470705105456
-0.664000000070344,5.470805105456
-0.664000000070344,5.470905105456
-3.08099999992966,5.471005105456
-3.08099999992966,5.471105105456
-3.08099999992966,5.471205105456
-3.08099999992966,5.471305105456
-3.08099999992966,5.471405105456
-3.08099999992966,5.471505105456
-3.08099999992966,5.471605105456
-3.08099999992966,5.471705105456
-3.08099999992966,5.471805105456
-3.08099999992966,5.471905105456
-3.08099999992966,5.472005105456
-3.08099999992966,5.472105105456
-3.08099999992966,5.472205105456
-3.08099999992966,5.472305105456
-1.87250000007034,5.472405105456
-1.87250000007034,5.472505105456
-1.87250000007034,5.472605105456
-1.87250000007034,5.472705105456
-1.87250000007034,5.472805105456
-1.87250000007034,5.472905105456
-1.87250000007034,5.473005105456
-1.87250000007034,5.473105105456
-1.87250000007034,5.473205105456
-1.87250000007034,5.473305105456
-1.87250000007034,5.473405105456
-1.87250000007034,5.473505105456
-1.87250000007034,5.473605105456
-1.87250000007034,5.473705105456
-1.87250000007034,5.47380510545599
-1.87250000007034,5.473905105456
-1.87250000007034,5.47400510545599
-1.87250000007034,5.474105105456
-1.87250000007034,5.47420510545599
-1.87250000007034,5.474305105456
-1.87250000007034,5.47440510545599
-1.87250000007034,5.474505105456
-1.87250000007034,5.47460510545599
-4.28949999992966,5.474705105456
-4.28949999992966,5.47480510545599
-4.28949999992966,5.47490510545599
-4.28949999992966,5.47500510545599
-4.28949999992966,5.47510510545599
-4.28949999992966,5.47520510545599
-4.28949999992966,5.47530510545599
-4.28949999992966,5.47540510545599
-4.28949999992966,5.47550510545599
-4.28949999992966,5.47560510545599
-4.28949999992966,5.47570510545599
-4.28949999992966,5.47580510545599
-4.28949999992966,5.47590510545599
-4.28949999992966,5.47600510545599
-4.28949999992966,5.47610510545599
-4.28949999992966,5.47620510545599
-4.28949999992966,5.47630510545599
-4.28949999992966,5.47640510545599
-4.28949999992966,5.47650510545599
-4.28949999992966,5.47660510545599
-4.28949999992966,5.47670510545599
-4.28949999992966,5.47680510545599
-4.28949999992966,5.47690510545599
-4.28949999992966,5.47700510545599
-4.28949999992966,5.47710510545599
-4.28949999992966,5.47720510545599
-4.28949999992966,5.47730510545599
-4.28949999992966,5.47740510545599
-4.28949999992966,5.47750510545599
-4.28949999992966,5.47760510545599
-4.28949999992966,5.47770510545599
-4.28949999992966,5.47780510545599
-4.28949999992966,5.47790510545599
-4.28949999992966,5.47800510545598
-4.28949999992966,5.47810510545599
-4.28949999992966,5.47820510545598
-4.28949999992966,5.47830510545599
-4.28949999992966,5.47840510545598
-4.28949999992966,5.47850510545599
-4.28949999992966,5.47860510545598
-4.28949999992966,5.47870510545599
-4.28949999992966,5.47880510545598
-4.28949999992966,5.47890510545599
-3.08100000007034,5.48250510545598
-3.08100000007034,5.48260510545597
-3.08100000007034,5.48270510545598
-3.08100000007034,5.48280510545597
-3.08100000007034,5.48290510545598
-3.08100000007034,5.48300510545597
-3.08100000007034,5.48310510545598
-3.08100000007034,5.48320510545597
-3.08100000007034,5.48330510545598
-3.08100000007034,5.48340510545597
-3.08100000007034,5.48350510545597
-3.08100000007034,5.48360510545597
-3.08100000007034,5.48370510545597
-3.08100000007034,5.48380510545597
-3.08100000007034,5.48390510545597
-3.08100000007034,5.48400510545597
-3.08100000007034,5.48410510545597
-3.08100000007034,5.48420510545597
-3.08100000007034,5.48430510545597
-3.08100000007034,5.48440510545597
-3.08100000007034,5.48450510545597
-3.08100000007034,5.48460510545597
-3.08100000007034,5.48470510545597
-3.08100000007034,5.48480510545597
-3.08100000007034,5.48490510545597
-3.08100000007034,5.48500510545597
-3.08100000007034,5.48510510545597
-3.08100000007034,5.48520510545597
-3.08100000007034,5.48530510545597
-3.08100000007034,5.48540510545597
-3.08100000007034,5.48550510545597
-3.08100000007034,5.48560510545597
-3.08100000007034,5.48570510545597
-3.08100000007034,5.48580510545597
-3.08100000007034,5.48590510545597
-3.08100000007034,5.48600510545597
-3.08100000007034,5.48610510545597
-3.08100000007034,5.48620510545597
0.25099999991752,5.48640000000065
-2.16599999994179,5.48650000000065
-0.957500000082481,5.48660000000065
-0.957500000082481,5.48670000000065
-6.30283333327513,5.48680000000065
-2.16600000008248,5.48690000000065
-6.30099999994179,5.48700000000064
-1.87250000007034,5.48709489444996
0.25100000008248,5.48830000000064
0.25100000008248,5.48840000000064
0.354500000058208,5.48850000000064
0.375500000058208,5.48860000000064
0.375500000058208,5.48870000000064
0.375500000058208,5.48880000000064
0.396500000058208,5.48890000000064
0.396500000058208,5.48900000000064
0.396500000058208,5.48910000000064
0.396500000058208,5.48920000000064
-3.28950000008248,5.49000000000064
-3.49800000005821,5.48999489444508
-3.49800000005821,5.49010000000064
-3.08100000007034,5.49049489444995
-3.08100000007034,5.49059489444995
-3.08100000007034,5.49069489444995
-3.08100000007034,5.49079489444995
-3.08100000007034,5.49089489444995
-3.08100000007034,5.49099489444995
-3.08100000007034,5.49109489444995
-3.08100000007034,5.49119489444995
-3.08100000007034,5.49129489444995
-3.08100000007034,5.49139489444995
-3.08100000007034,5.49149489444995
-3.08100000007034,5.49159489444995
-3.08100000007034,5.49169489444995
-3.08100000007034,5.49179489444995
-3.08100000007034,5.49189489444995
-1.87250000007034,5.50199489444992
-1.87250000007034,5.50209489444992
-1.87250000007034,5.50219489444992
-3.08099999992966,5.50229489444992
-3.08099999992966,5.50239489444992
-3.08099999992966,5.50249489444992
-3.08099999992966,5.50259489444992
-3.08099999992966,5.50269489444992
-3.08099999992966,5.50279489444992
-3.08099999992966,5.50289489444992
-3.08099999992966,5.50299489444992
-3.08099999992966,5.50309489444992
-3.08099999992966,5.50319489444992
-3.08099999992966,5.50329489444992
-3.08099999992966,5.50339489444992
-3.08099999992966,5.50349489444992
-0.664000000070344,5.50359489444992
-0.664000000070344,5.50369489444992
-0.664000000070344,5.50379489444992
-0.664000000070344,5.50389489444992
-0.664000000070344,5.50399489444992
-0.664000000070344,5.50409489444992
-0.664000000070344,5.50419489444992
-1.87249999992966,5.50429489444992
-1.87249999992966,5.50439489444992
-1.87249999992966,5.50449489444992
-1.87249999992966,5.50459489444992
-1.87249999992966,5.50469489444992
-1.87249999992966,5.50479489444992
-0.663999999929656,5.50519489444992
-0.663999999929656,5.50529489444992
-0.229388888875537,5.54890000000537
-0.232388888875362,5.54900000000537
-0.232388888875362,5.54910000000537
-0.232388888875362,5.54920000000537
-0.232388888875362,5.54930000000537
-0.232388888875362,5.54940000000537
-0.232388888875362,5.54950000000537
-0.232388888875362,5.54959999990026
-0.232388888875362,5.54969999990026
-0.232388888875362,5.54979999990026
-0.232388888875362,5.54989999990026
-0.232388888875362,5.54999999990026
-0.232388888875362,5.55009999990026
-0.229388888875537,5.55019999990026
-0.229388888875537,5.55029999990026
-0.229388888875537,5.55039999990026
-0.228388888875595,5.55049999990026
-0.228388888875595,5.55059999990026
-0.22538888887577,5.55069999990026
-0.22538888887577,5.55079999990026
-0.222388888875944,5.55089999990026
-0.22205555554263,5.55099999990026
-0.219055555542805,5.55109999990026
-0.219055555542805,5.55119999990026
-0.216055555542979,5.55129999990026
-0.215055555543038,5.55139999990026
-0.212055555543212,5.55149999990026
-0.209055555543387,5.55159999990026
-0.206055555543562,5.55169999990026
-0.20505555554362,5.55179999990026
-0.216055555542979,5.68730000000505
-0.219055555542805,5.68740000000505
-0.222388888875944,5.68750000000505
-0.228388888875595,5.68760000000505
-0.229388888875537,5.68770000000505
-0.232388888875362,5.68780000000505
-0.235388888875187,5.68790000000505
-0.238388888875013,5.68800000000504
-0.24238888887478,5.68810000000505
-0.245388888874605,5.68820000000504
-0.245388888874605,5.68830000000505
-0.248388888874431,5.68840000000504
-0.249388888874373,5.68850000000505
-0.252388888874198,5.68860000000504
-0.255388888874023,5.68870000000504
-0.255722222207337,5.68880000000504
-0.258722222207163,5.68890000000504
-0.258722222207163,5.68900000000504
-0.258722222207163,5.68910000000504
-0.261722222206988,5.68920000000504
-0.26272222220693,5.68930000000504
-0.26272222220693,5.68940000000504
-0.26272222220693,5.68950000000504
-0.265722222206755,5.68960000000504
-0.265722222206755,5.68970000000504
-0.265722222206755,5.68980000000504
-0.265722222206755,5.68990000000504
-0.265722222206755,5.69000000000504
-0.265722222206755,5.69009999989993
-0.265722222206755,5.69019999989993
-0.265722222206755,5.69029999989993
-0.265722222206755,5.69039999989993
-0.265722222206755,5.69049999989993
-0.265722222206755,5.69049682649319
-0.254555555562964,5.69149999989993
-0.251833333328447,5.69159999989993
-0.249388888903405,5.69169999989993
-0.248388888903347,5.69179999989993
-0.245388888903172,5.69189999989993
-0.242555555548496,5.69199999989993
-0.242555555548496,5.69209999989993
-0.236555555548671,5.69219999989993
-0.234555555548729,5.69229999989993
-0.234555555548729,5.69239999989993
-0.228555555548904,5.69249999989993
-0.222555555549078,5.69259999989993
-0.221888888882431,5.69269999989993
0.417000000012136,5.91480000000452
0.417000000012136,5.91490000000452
0.417000000012136,5.91500000000452
0.417000000012136,5.91510000000452
0.417000000012136,5.91520000000452
0.417000000012136,5.91530000000452
0.417000000012136,5.91540000000451
0.417000000012136,5.91550000000452
0.417000000012136,5.91560000000451
0.417000000012136,5.91570000000452
0.417000000012136,5.91580000000451
0.417000000012136,5.91590000000452
0.417000000012136,5.91600000000451
0.417000000012136,5.91610000000451
0.417000000012136,5.91620000000451
0.417000000012136,5.91630000000451
0.417000000012136,5.91640000000451
0.417000000012136,5.91650000000451
0.417000000012136,5.91660000000451
0.417000000012136,5.91670000000451
0.417000000012136,5.91680000000451
0.417000000012136,5.91690000000451
0.417000000012136,5.91700000000451
0.417000000012136,5.91710000000451
0.417000000012136,5.91720000000451
0.417000000012136,5.91730000000451
0.417000000012136,5.91740000000451
0.417000000012136,5.91750000000451
0.417000000012136,5.91760000000451
-2.2041111110529,5.92169999999963
-2.2041111110529,5.92179999999963
